Date,ARGENTINA SMALL CAP
2010-11-30,1000.0
2010-12-01,1010.1010101010102
2010-12-02,1009.0377458798513
2010-12-03,1010.1010101010103
2010-12-06,1010.1010101010103
2010-12-07,1005.3163211057949
2010-12-08,991.4938862307283
2010-12-09,997.873471557682
2010-12-10,1008.5061137692717
2010-12-13,1009.5693779904306
2010-12-14,1001.5948963317385
2010-12-15,995.2153110047848
2010-12-16,1007.9744816586924
2010-12-17,1010.6326422115898
2010-12-20,976.0765550239234
2010-12-21,1005.3163211057948
2010-12-22,1008.5061137692717
2010-12-23,1006.9112174375334
2010-12-24,1006.9112174375334
2010-12-27,980.8612440191388
2010-12-28,962.2541201488572
2010-12-29,972.3551302498671
2010-12-30,985.6459330143541
2010-12-31,1009.0377458798513
2011-01-03,995.2153110047848
2011-01-04,960.6592238171188
2011-01-05,984.5826687931954
2011-01-06,995.1903242955877
2011-01-07,1000.6078002035658
2011-01-10,994.1068291139921
2011-01-11,1003.8582857483527
2011-01-12,1028.778674925052
2011-01-13,1027.6951797434565
2011-01-14,1025.5281893802653
2011-01-17,1025.5281893802653
2011-01-18,1038.530131559413
2011-01-19,1021.7359562446804
2011-01-20,1029.3204225158497
2011-01-21,1020.6524610630846
2011-01-24,1023.9029466078714
2011-01-25,1029.3204225158497
2011-01-26,1033.1126556514344
2011-01-27,1030.9456652882432
2011-01-28,969.1864399372922
2011-01-31,991.9398387508003
2011-02-01,1021.1942086538824
2011-02-02,1027.1534321526583
2011-02-03,1029.8621701066472
2011-02-04,1000.607800203565
2011-02-07,997.3573146587783
2011-02-08,1010.9010044287236
2011-02-09,996.2738194771827
2011-02-10,987.6058580244176
2011-02-11,988.6893532060132
2011-02-14,987.6058580244176
2011-02-15,964.3107116201115
2011-02-16,957.26799293974
2011-02-17,980.0213917532483
2011-02-18,961.6019736661225
2011-02-21,961.6019736661225
2011-02-22,930.722360990647
2011-02-23,924.2213899010732
2011-02-24,911.7611953127234
2011-02-25,924.2213899010732
2011-02-28,943.1825555789967
2011-03-01,930.722360990647
2011-03-02,937.2233320802208
2011-03-03,939.390322443412
2011-03-04,935.5980893078272
2011-03-07,935.0563417170295
2011-03-08,959.9767308937287
2011-03-09,954.0175073949528
2011-03-10,935.0563417170293
2011-03-11,930.180613399849
2011-03-14,912.8446904943189
2011-03-15,913.3864380851165
2011-03-16,919.3456615838926
2011-03-17,926.3883802642644
2011-03-18,932.8893513538379
2011-03-21,951.3087694409637
2011-03-22,953.4757598041551
2011-03-23,943.7243031697944
2011-03-24,943.1825555789966
2011-03-25,975.1456634360677
2011-03-28,988.1476056152152
2011-03-29,995.190324295587
2011-03-30,985.980615252024
2011-03-31,980.563139344046
2011-04-01,988.689353206013
2011-04-04,990.3145959784065
2011-04-05,989.7728483876085
2011-04-06,981.1048869348434
2011-04-07,974.6039158452696
2011-04-08,972.4369254820783
2011-04-11,963.2272164385156
2011-04-12,951.8505170317613
2011-04-13,925.3048850826683
2011-04-14,915.5534284483076
2011-04-15,915.5534284483076
2011-04-18,919.8874091746902
2011-04-19,925.8466326734663
2011-04-20,945.8912935329854
2011-04-21,956.7262453489417
2011-04-22,956.7262453489417
2011-04-25,951.8505170317613
2011-04-26,944.266050760592
2011-04-27,938.8485748526136
2011-04-28,942.0990603974006
2011-04-29,943.1825555789964
2011-05-02,941.5573128066028
2011-05-03,925.3048850826683
2011-05-04,890.6330392716083
2011-05-05,890.6330392716083
2011-05-06,907.4272145863405
2011-05-09,911.2194477219252
2011-05-10,925.8466326734662
2011-05-11,926.9301278550619
2011-05-12,922.5961471286794
2011-05-13,920.429156765488
2011-05-16,918.2621664022968
2011-05-17,918.8039139930946
2011-05-18,922.8670209240782
2011-05-19,929.6388658090509
2011-05-20,922.0543995378815
2011-05-23,897.6757579519799
2011-05-24,880.3398350464498
2011-05-25,907.4272145863405
2011-05-26,932.8893513538377
2011-05-27,946.974788714581
2011-05-30,946.974788714581
2011-05-31,945.3495459421874
2011-06-01,898.2175055427774
2011-06-02,896.5922627703841
2011-06-03,915.5534284483075
2011-06-06,898.2175055427774
2011-06-07,885.7573109544279
2011-06-08,831.5825518746462
2011-06-09,813.1631337875206
2011-06-10,795.2854632911926
2011-06-13,805.5786675163511
2011-06-14,828.8738139206573
2011-06-15,837.0000277826246
2011-06-16,834.8330374194334
2011-06-17,848.3767271893787
2011-06-20,839.7087657366136
2011-06-21,861.9204169593239
2011-06-22,871.6718735936845
2011-06-23,876.005854320067
2011-06-24,882.5068254096407
2011-06-27,897.1340103611817
2011-06-28,891.1747868624058
2011-06-29,892.8000296347992
2011-06-30,879.7980874556515
2011-07-01,892.2582820440014
2011-07-04,892.2582820440014
2011-07-05,887.382553726821
2011-07-06,880.8815826372473
2011-07-07,868.9631356396952
2011-07-08,893.8835248163948
2011-07-11,860.2951741869304
2011-07-12,874.9223591384713
2011-07-13,900.3844959059688
2011-07-14,885.2155633636299
2011-07-15,886.8408061360234
2011-07-18,861.3786693685261
2011-07-19,866.7961452765043
2011-07-20,864.0874073225151
2011-07-21,850.0019699617719
2011-07-22,845.1262416445916
2011-07-25,837.5417753734222
2011-07-26,844.0427464629959
2011-07-27,835.3747850102308
2011-07-28,838.0835229642198
2011-07-29,822.9145904218809
2011-08-01,817.4971145139028
2011-08-02,820.205852467892
2011-08-03,828.873813920657
2011-08-04,822.9145904218809
2011-08-05,809.9126482427333
2011-08-08,743.2776945746022
2011-08-09,742.7359469838043
2011-08-10,742.1941993930064
2011-08-11,764.4058506157169
2011-08-12,780.6582783396515
2011-08-15,771.9903168868865
2011-08-16,757.3631319353455
2011-08-17,777.4077927948647
2011-08-18,740.0272090298155
2011-08-19,737.8602186666242
2011-08-22,739.4854614390177
2011-08-23,748.1534228917827
2011-08-24,741.3815780068101
2011-08-25,732.4427427586461
2011-08-26,731.3592475770505
2011-08-29,790.4097349740124
2011-08-30,775.2408024316736
2011-08-31,765.4893457973129
2011-09-01,758.4466271169413
2011-09-02,758.988374707739
2011-09-05,758.988374707739
2011-09-06,752.4874036181652
2011-09-07,777.4077927948646
2011-09-08,773.6155596592798
2011-09-09,746.528180119389
2011-09-12,742.7359469838044
2011-09-13,714.565072262318
2011-09-14,725.9417716690722
2011-09-15,737.3184710758263
2011-09-16,747.069927710187
2011-09-19,703.7301204463619
2011-09-20,684.7689547684383
2011-09-21,673.9340029524819
2011-09-22,632.761186051848
2011-09-23,617.0505059187113
2011-09-26,633.8446812334435
2011-09-27,630.5941956886567
2011-09-28,608.9242920567441
2011-09-29,611.6330300107331
2011-09-30,586.1708932432359
2011-10-03,556.374775749356
2011-10-04,557.4582709309516
2011-10-05,558.0000185217496
2011-10-06,569.3767179285036
2011-10-07,568.8349703377057
2011-10-10,599.1728354223834
2011-10-11,612.7165251923287
2011-10-12,628.9689529162631
2011-10-13,629.5107005070608
2011-10-14,614.8835155555199
2011-10-17,604.0485637395636
2011-10-18,605.6738065119571
2011-10-19,595.3806022867986
2011-10-20,591.046621560416
2011-10-21,602.4233209671701
2011-10-24,614.8835155555198
2011-10-25,632.7611860518477
2011-10-26,635.4699240058369
2011-10-27,656.5980800469515
2011-10-28,667.4330318629079
2011-10-31,628.968952916263
2011-11-01,598.6310878315854
2011-11-02,610.0077872383395
2011-11-03,623.5514770082848
2011-11-04,608.9242920567439
2011-11-07,607.8407968751483
2011-11-08,607.8407968751483
2011-11-09,611.091282419935
2011-11-10,606.7573016935526
2011-11-11,607.2990492843504
2011-11-14,646.8466234125908
2011-11-15,661.4738083641319
2011-11-16,654.9728372745581
2011-11-17,624.6349721898804
2011-11-18,643.596137867804
2011-11-21,623.5514770082848
2011-11-22,625.7976708692507
2011-11-23,603.5470870161218
2011-11-24,603.5470870161218
2011-11-25,594.6468534748703
2011-11-28,603.547087016122
2011-11-29,594.0905888785422
2011-11-30,611.8910559610454
2011-12-01,611.8910559610454
2011-12-02,622.4600832912816
2011-12-05,641.9293441627693
2011-12-06,631.9165814288614
2011-12-07,632.4925934183592
2011-12-08,626.3734918109697
2011-12-09,628.5986196682023
2011-12-12,631.101888507589
2011-12-13,631.9363114540512
2011-12-14,630.2674655611268
2011-12-15,631.9363114540511
2011-12-16,649.1810523476036
2011-12-19,639.7242589543652
2011-12-20,640.5586819008274
2011-12-21,636.3865671685163
2011-12-22,639.167976990057
2011-12-23,641.3931048472895
2011-12-26,641.3931048472895
2011-12-27,642.5056687759059
2011-12-28,631.9363114540511
2011-12-29,626.3734918109697
2011-12-30,633.6051573469755
2012-01-02,633.6051573469755
2012-01-03,645.8433605617546
2012-01-04,643.061950740214
2012-01-05,636.9428491328243
2012-01-06,631.3800294897429
2012-01-09,630.2674655611266
2012-01-10,639.724258954365
2012-01-11,640.2805409186732
2012-01-12,640.8368228829813
2012-01-13,646.955924490371
2012-01-16,646.955924490371
2012-01-17,649.1810523476036
2012-01-18,679.7765603845515
2012-01-19,675.8825866343946
2012-01-20,713.7097602073484
2012-01-23,714.8223241359647
2012-01-24,716.4911700288891
2012-01-25,712.040914314424
2012-01-26,723.7228355648949
2012-01-27,724.8353994935112
2012-01-30,711.4846323501157
2012-01-31,704.2529668141099
2012-02-01,721.4977077076622
2012-02-02,731.5107830652089
2012-02-03,742.0801403870636
2012-02-06,742.0801403870636
2012-02-07,735.961038779674
2012-02-08,739.2987305655228
2012-02-09,730.9545011009006
2012-02-10,710.9283503858074
2012-02-13,732.0670650295169
2012-02-14,713.1534782430401
2012-02-15,704.2529668141098
2012-02-16,733.7359109224412
2012-02-17,741.5238584227553
2012-02-20,741.5238584227553
2012-02-21,752.6494977089181
2012-02-22,749.8680878873774
2012-02-23,742.0801403870634
2012-02-24,738.1861666369064
2012-02-27,723.7228355648947
2012-02-28,714.8223241359643
2012-02-29,709.815786457191
2012-03-01,710.3720684214992
2012-03-02,703.1404028854934
2012-03-05,695.9087373494874
2012-03-06,668.6509210983884
2012-03-07,674.7700227057779
2012-03-08,675.326304670086
2012-03-09,679.220278420243
2012-03-12,668.6509210983882
2012-03-13,691.458481635022
2012-03-14,674.7700227057778
2012-03-15,661.4192555623824
2012-03-16,651.962462169144
2012-03-19,723.7228355648945
2012-03-20,725.3916814578188
2012-03-21,723.1665536005862
2012-03-22,719.2725798504292
2012-03-23,704.5311077962634
2012-03-26,717.6037339575048
2012-03-27,735.9610387796736
2012-03-28,711.4846323501152
2012-03-29,697.5775832424117
2012-03-30,685.3393800276326
2012-04-02,678.6639964559348
2012-04-03,678.6639964559348
2012-04-04,666.4257932411557
2012-04-05,668.0946391340801
2012-04-06,668.0946391340801
2012-04-09,656.4127178836092
2012-04-10,642.5056687759056
2012-04-11,624.7046459180451
2012-04-12,628.5986196682021
2012-04-13,613.5790066318822
2012-04-16,601.8970853814112
2012-04-17,604.1222132386437
2012-04-18,568.5201675229226
2012-04-19,545.1563250219806
2012-04-20,570.1890134158471
2012-04-23,516.2296628779571
2012-04-24,525.6864562711955
2012-04-25,534.0306857358177
2012-04-26,537.3683775216666
2012-04-27,533.4744037715096
2012-04-30,527.3553021641201
2012-05-01,537.9246594859749
2012-05-02,533.4744037715097
2012-05-03,523.4613284139632
2012-05-04,517.3422268065736
2012-05-07,487.3030007339338
2012-05-08,502.32261377025367
2012-05-09,526.242738235504
2012-05-10,544.6000430576727
2012-05-11,533.4744037715099
2012-05-14,487.85928269824205
2012-05-15,461.1577484114511
2012-05-16,448.919545196672
2012-05-17,437.7939059105091
2012-05-18,427.7808305529626
2012-05-21,436.12506001758476
2012-05-22,421.66172894557303
2012-05-23,434.45621412466033
2012-05-24,422.7742928741893
2012-05-25,433.3436501960441
2012-05-28,433.3436501960441
2012-05-29,431.6748043031197
2012-05-30,409.9798076951021
2012-05-31,394.40391269447406
2012-06-01,394.2072215435586
2012-06-04,394.590781095452
2012-06-05,394.8579079796136
2012-06-06,409.65647310777706
2012-06-07,396.9115477545214
2012-06-08,391.9748596339264
2012-06-11,385.14672518847505
2012-06-12,383.68148238262967
2012-06-13,382.1014833927365
2012-06-14,392.78126973746316
2012-06-15,403.8117944169029
2012-06-18,398.16045390957635
2012-06-19,410.2137253433432
2012-06-20,403.14960874722647
2012-06-21,389.16559998885333
2012-06-22,408.85006300424044
2012-06-25,402.3137303938774
2012-06-26,394.06299710969836
2012-06-27,391.8929246670589
2012-06-28,394.9611649300401
2012-06-29,402.6251777288407
2012-07-02,409.63682760790215
2012-07-03,413.0033394885415
2012-07-04,413.0033394885415
2012-07-05,394.2416011683398
2012-07-06,398.18992215938886
2012-07-09,392.7058045531653
2012-07-10,394.7709435616945
2012-07-11,404.71643201981453
2012-07-12,403.47734861469706
2012-07-13,413.8358648745229
2012-07-16,408.54843841921473
2012-07-17,416.9335733873165
2012-07-18,432.97289840428135
2012-07-19,423.10934491302896
2012-07-20,417.7596289907282
2012-07-23,416.7368822364011
2012-07-24,414.4127626099638
2012-07-25,412.4295585683023
2012-07-26,423.0995221630915
2012-07-27,432.9925439041563
2012-07-30,432.2287777677373
2012-07-31,428.7180414532378
2012-08-01,423.7813533326429
2012-08-02,432.2091322678624
2012-08-03,438.5389509773725
2012-08-06,441.0695845046626
2012-08-07,453.53588374013526
2012-08-08,455.0339477631608
2012-08-09,460.79669148716744
2012-08-10,455.85018061663504
2012-08-13,456.81063790396945
2012-08-14,445.0261698380482
2012-08-15,432.39600066884026
2012-08-16,455.49944228192186
2012-08-17,450.07761414269095
2012-08-20,440.8237796040598
2012-08-21,440.44357301953426
2012-08-22,436.40505271928106
2012-08-23,441.49578802367375
2012-08-24,444.4590948525447
2012-08-27,445.48184160687174
2012-08-28,440.60744295326947
2012-08-29,437.375332756553
2012-08-30,433.17294252256465
2012-08-31,431.04551404704284
2012-09-03,431.04551404704284
2012-09-04,427.76093713327117
2012-09-05,425.508929723764
2012-09-06,441.61054420772155
2012-09-07,438.8733967795785
2012-09-10,444.8524771543755
2012-09-11,453.48676999044784
2012-09-12,457.4433553238335
2012-09-13,480.8385987720033
2012-09-14,496.63858867093495
2012-09-17,483.20200939819046
2012-09-18,488.8008831884619
2012-09-19,485.7343194091646
2012-09-20,483.6905023841943
2012-09-21,497.90067054329546
2012-09-24,523.0103146652813
2012-09-25,500.2051446698577
2012-09-26,480.3338132534926
2012-09-27,489.37131114133336
2012-09-28,485.68352917579335
2012-10-01,481.9957472102534
2012-10-02,481.313916040702
2012-10-03,480.848421521941
2012-10-04,497.7564461094353
2012-10-05,496.104334902612
2012-10-08,491.652786800653
2012-10-09,477.7310675092725
2012-10-10,468.9099062722221
2012-10-11,479.6618048338788
2012-10-12,475.1807884821074
2012-10-15,475.31519016603016
2012-10-16,491.1578240320795
2012-10-17,495.4946159499907
2012-10-18,482.26455057809903
2012-10-19,477.7605357590848
2012-10-22,478.83574923046706
2012-10-23,462.7964242135022
2012-10-24,459.9969873183665
2012-10-25,463.22909751508297
2012-10-26,456.1748036689037
2012-10-29,456.1748036689037
2012-10-30,456.1748036689037
2012-10-31,441.86952482562975
2012-11-01,443.26265541454495
2012-11-02,438.25385507701986
2012-11-05,433.4613913902852
2012-11-06,438.047341176167
2012-11-07,430.31121616043635
2012-11-08,434.8971659463182
2012-11-09,437.51955719041337
2012-11-12,434.23498027664175
2012-11-13,428.88526435434096
2012-11-14,421.90308272509185
2012-11-15,420.6017098529817
2012-11-16,424.79427733703255
2012-11-19,437.3655100066155
2012-11-20,433.94653140892115
2012-11-21,431.96332736725964
2012-11-22,431.96332736725964
2012-11-23,424.0928006676062
2012-11-26,436.1853631011229
2012-11-27,452.51532847040494
2012-11-28,468.5092073108371
2012-11-29,478.8799103468825
2012-11-30,481.1211376181198
2012-12-03,473.59561576383646
2012-12-04,503.28182329458247
2012-12-05,507.92194871451625
2012-12-06,504.6876172456791
2012-12-07,515.1321288138809
2012-12-10,563.3084613323336
2012-12-11,536.433841703781
2012-12-12,546.6468738623671
2012-12-13,534.8703768752249
2012-12-14,542.0168022555803
2012-12-17,540.6110083044837
2012-12-18,542.355683476921
2012-12-19,544.8820910636363
2012-12-20,549.5759173894326
2012-12-21,519.5743681037678
2012-12-24,535.1505302841298
2012-12-25,535.1505302841298
2012-12-26,544.9558995957925
2012-12-27,549.8610977049107
2012-12-28,537.9570912797498
2012-12-31,546.7844371135329
2013-01-01,546.7844371135329
2013-01-02,580.7382955633033
2013-01-03,578.0206238195599
2013-01-04,575.5780785781478
2013-01-07,570.8204975333422
2013-01-08,553.3906633023727
2013-01-09,563.8552824968681
2013-01-10,569.8173395225954
2013-01-11,561.3489825364466
2013-01-14,555.3181438851364
2013-01-15,543.3990567402552
2013-01-16,545.5564216661894
2013-01-17,553.6321965251352
2013-01-18,557.7421765667003
2013-01-21,557.7421765667003
2013-01-22,586.1567215573871
2013-01-23,569.0858761740518
2013-01-24,556.8966894334128
2013-01-25,557.6583142213971
2013-01-28,554.6353545358819
2013-01-29,553.1758596789226
2013-01-30,566.492282028199
2013-01-31,573.9037800977387
2013-02-01,569.9916861862205
2013-02-04,535.8666712057156
2013-02-05,562.3050616143496
2013-02-06,549.8206407450856
2013-02-07,528.8377014502322
2013-02-08,522.3690385125581
2013-02-11,521.4497428471144
2013-02-12,521.4296352208206
2013-02-13,519.0206832589772
2013-02-14,519.728607141099
2013-02-15,509.6967853263941
2013-02-18,509.6967853263941
2013-02-19,497.1888249907083
2013-02-20,499.52740026052356
2013-02-21,484.61048796299434
2013-02-22,506.6201247350163
2013-02-25,487.8247118055376
2013-02-26,493.2264620134556
2013-02-27,502.6879231972043
2013-02-28,470.7303269557806
2013-03-01,492.60240047663694
2013-03-04,498.2155224678768
2013-03-05,513.4041294276092
2013-03-06,526.6266356184356
2013-03-07,521.966402572208
2013-03-08,519.8627385521364
2013-03-11,507.29445533756933
2013-03-12,517.1149053689523
2013-03-13,520.4230453699456
2013-03-14,528.1498851944041
2013-03-15,535.7828088604124
2013-03-18,524.0063118732702
2013-03-19,519.3124855474739
2013-03-20,516.447196739418
2013-03-21,518.0543086606897
2013-03-22,519.8090376462739
2013-03-25,515.2628283847902
2013-03-26,504.25800999877913
2013-03-27,505.38867744754464
2013-03-28,506.64685433432885
2013-03-29,506.64685433432885
2013-04-01,498.8964750434486
2013-04-02,495.93727007694275
2013-04-03,504.24795618563223
2013-04-04,500.3895631799765
2013-04-05,502.409364854745
2013-04-08,532.3672670476941
2013-04-09,534.7561113832438
2013-04-10,537.1550095319404
2013-04-11,522.9058058639455
2013-04-12,507.76746796994746
2013-04-15,498.70864272654865
2013-04-16,500.0104667060485
2013-04-17,483.94277933345995
2013-04-18,480.4433751754385
2013-04-19,481.966624751407
2013-04-22,488.6366056592561
2013-04-23,495.9843490097863
2013-04-24,505.51961872569126
2013-04-25,507.8296276225112
2013-04-26,499.061009601164
2013-04-29,498.279277186886
2013-04-30,501.03716418321693
2013-05-01,493.16270729444614
2013-05-02,503.7447821138134
2013-05-03,494.68595687041466
2013-05-06,497.8565336202423
2013-05-07,504.37889746377886
2013-05-08,500.03400617247013
2013-05-09,492.5923466634899
2013-05-10,488.4789347817966
2013-05-13,494.7060644967083
2013-05-14,488.8916245352935
2013-05-15,491.1921637079646
2013-05-16,490.8316266438117
2013-05-17,491.1079396882831
2013-05-20,490.82152947143607
2013-05-21,496.3847324096922
2013-05-22,489.3355458846459
2013-05-23,486.7982426225243
2013-05-24,487.9877188200915
2013-05-27,487.9877188200915
2013-05-28,487.35086871146723
2013-05-29,484.8876922966513
2013-05-30,481.28897218682243
2013-05-31,482.92320946822394
2013-06-03,487.23822683682243
2013-06-04,494.5103700791913
2013-06-05,488.524607912173
2013-06-06,489.4613569249447
2013-06-07,492.72580281957494
2013-06-10,488.18181818561385
2013-06-11,475.85972454797536
2013-06-12,465.6819462672912
2013-06-13,474.74343871711795
2013-06-14,465.26332614908375
2013-06-17,462.9683598631523
2013-06-18,464.19981313315543
2013-06-19,455.3580288975191
2013-06-20,447.97510990684214
2013-06-21,448.05560120432665
2013-06-24,441.46836522399167
2013-06-25,439.54514533460235
2013-06-26,442.77533612717025
2013-06-27,449.3277837290207
2013-06-28,450.51493119574883
2013-07-01,462.9204007529974
2013-07-02,463.89771606099987
2013-07-03,466.06217883573044
2013-07-04,466.06217883573044
2013-07-05,459.76025860920225
2013-07-08,459.6599745597292
2013-07-09,462.9839192591074
2013-07-10,466.5630950162693
2013-07-11,474.88454625115355
2013-07-12,462.7347505422154
2013-07-15,467.3255330379306
2013-07-16,470.77545905622947
2013-07-17,467.62917910729914
2013-07-18,470.9170511900663
2013-07-19,471.488546336572
2013-07-22,475.4672624565379
2013-07-23,482.96244871787343
2013-07-24,483.5366610355624
2013-07-25,480.22327728970873
2013-07-26,481.72356413142643
2013-07-29,468.5948891308373
2013-07-30,465.90758674056093
2013-07-31,467.3987095892288
2013-08-01,477.67802826401004
2013-08-02,481.2558070606973
2013-08-05,477.87176506011497
2013-08-06,474.7401601963671
2013-08-07,483.66563515004583
2013-08-08,490.8253068750783
2013-08-09,495.8163665887179
2013-08-12,511.94421831226776
2013-08-13,533.2416402116204
2013-08-14,560.8222724094227
2013-08-15,566.2248303998655
2013-08-16,550.0168808041575
2013-08-19,554.6381348063325
2013-08-20,562.5049082205819
2013-08-21,562.1422861861042
2013-08-22,571.5487963352198
2013-08-23,567.824926792063
2013-08-26,556.2603655850791
2013-08-27,542.5836500352417
2013-08-28,544.785066243303
2013-08-29,549.6778989732986
2013-08-30,551.6149201305263
2013-09-02,551.6149201305263
2013-09-03,563.6895893043925
2013-09-04,557.2415618751211
2013-09-05,567.0458175454519
2013-09-06,588.9705298715892
2013-09-09,623.2145703568457
2013-09-10,647.0787363660055
2013-09-11,649.957465895869
2013-09-12,621.0404158102688
2013-09-13,635.2087305821874
2013-09-16,649.7967288501501
2013-09-17,658.7188430222668
2013-09-18,675.3444604333127
2013-09-19,685.8546798319179
2013-09-20,693.2242088535745
2013-09-23,721.2519821747281
2013-09-24,725.6882616994594
2013-09-25,722.5826474387987
2013-09-26,731.0095340107545
2013-09-27,731.046752115984
2013-09-30,722.1121378180325
2013-10-01,741.9658982794904
2013-10-02,719.8968344171021
2013-10-03,720.017221217912
2013-10-04,708.2568455037607
2013-10-07,726.1411148086898
2013-10-08,733.9266334840511
2013-10-09,754.9659544293751
2013-10-10,796.6496308033736
2013-10-11,823.6426225646813
2013-10-14,851.2649998548629
2013-10-15,827.8745933490687
2013-10-16,822.5375270847941
2013-10-17,836.6734539203637
2013-10-18,862.4175603681933
2013-10-21,891.1593944017086
2013-10-22,885.8810427723423
2013-10-23,855.0496854311923
2013-10-24,888.9995118085418
2013-10-25,855.3362465147525
2013-10-28,824.907714767555
2013-10-29,769.3021260015828
2013-10-30,766.6355213448204
2013-10-31,767.3793386793585
2013-11-01,752.7221783295578
2013-11-04,758.6372422953242
2013-11-05,804.6038048884684
2013-11-06,776.198204804087
2013-11-07,759.1271957668641
2013-11-08,766.6925379505276
2013-11-11,771.4150977074892
2013-11-12,752.4624048369046
2013-11-13,761.0561011926445
2013-11-14,795.979008531055
2013-11-15,808.0664133165952
2013-11-18,799.2838730886201
2013-11-19,766.6699280719513
2013-11-20,806.6573661379684
2013-11-21,812.530630876827
2013-11-22,860.0053417365245
2013-11-25,873.6339578736072
2013-11-26,949.6263687603398
2013-11-27,978.3288640225588
2013-11-28,978.3288640225588
2013-11-29,995.6323032968651
2013-12-02,975.0179156238536
2013-12-03,952.6554146190208
2013-12-04,949.3132546657841
2013-12-05,928.9509153920083
2013-12-06,933.0264672359014
2013-12-09,924.2462208075576
2013-12-10,930.5287070223008
2013-12-11,920.9933223103137
2013-12-12,912.6153991383476
2013-12-13,903.4553535789829
2013-12-16,917.6169889758218
2013-12-17,923.0940526184045
2013-12-18,921.4834973147704
2013-12-19,910.5561216057376
2013-12-20,888.8024233104601
2013-12-23,898.5695214095737
2013-12-24,884.1126313222828
2013-12-25,884.1126313222828
2013-12-26,889.292110423234
2013-12-27,886.6274782265111
2013-12-30,885.1869008165843
2013-12-31,883.3559392468649
2014-01-01,883.3559392468649
2014-01-02,872.6803237693454
2014-01-03,884.5917873734206
2014-01-06,861.7703768857976
2014-01-07,842.2353506610302
2014-01-08,838.0809226659552
2014-01-09,846.3426019511377
2014-01-10,837.8990613157624
2014-01-13,837.665307918143
2014-01-14,841.011351514334
2014-01-15,844.9557585481346
2014-01-16,838.680895535439
2014-01-17,831.082042807422
2014-01-20,831.082042807422
2014-01-21,828.8824434708973
2014-01-22,828.1078886454467
2014-01-23,788.3426470862906
2014-01-24,750.3746799343171
2014-01-27,728.3300984832249
2014-01-28,739.3352304762128
2014-01-29,724.989780489485
2014-01-30,735.245697852277
2014-01-31,724.143394706491
2014-02-03,711.7532612699966
2014-02-04,725.418853649031
2014-02-05,743.9762936406122
2014-02-06,750.0560366153421
2014-02-07,763.6770703083107
2014-02-10,762.7634593029977
2014-02-11,754.7777622503207
2014-02-12,770.0438127959007
2014-02-13,761.5997842688425
2014-02-14,802.0498329787381
2014-02-17,802.0498329787381
2014-02-18,809.903407764992
2014-02-19,798.956759598013
2014-02-20,797.6175251515607
2014-02-21,800.3062335924503
2014-02-24,803.3393594721176
2014-02-25,802.6140230350923
2014-02-26,792.4996160363569
2014-02-27,791.6967038771036
2014-02-28,815.921499901003
2014-03-03,794.5765408206714
2014-03-04,807.565893086609
2014-03-05,807.8284208656978
2014-03-06,823.222354062444
2014-03-07,816.2228528958152
2014-03-10,814.4630421612009
2014-03-11,801.6466746906627
2014-03-12,799.5666561040972
2014-03-13,800.5336124530481
2014-03-14,809.3162772258748
2014-03-17,818.9793056440612
2014-03-18,819.7243942082993
2014-03-19,816.5664136193499
2014-03-20,813.0365908543785
2014-03-21,798.067106137018
2014-03-24,796.4894197488455
2014-03-25,813.33499190265
2014-03-26,816.2214486836209
2014-03-27,843.1139812627746
2014-03-28,845.0995282847473
2014-03-31,843.8479503087223
2014-04-01,844.3300251042252
2014-04-02,877.1596589571711
2014-04-03,861.2188650650103
2014-04-04,876.3349416606808
2014-04-07,929.7374269337166
2014-04-08,983.8846566370545
2014-04-09,971.2586365078959
2014-04-10,976.4247422900071
2014-04-11,959.0449750269823
2014-04-14,952.7633410503623
2014-04-15,943.7360867994806
2014-04-16,954.2419143373444
2014-04-17,966.2827345450112
2014-04-18,966.2827345450112
2014-04-21,968.1535509330583
2014-04-22,977.5262006861275
2014-04-23,1018.4126080722946
2014-04-24,1039.759744398772
2014-04-25,1035.706270287817
2014-04-28,1086.1714358233205
2014-04-29,1085.4238829686308
2014-04-30,1078.0142003999028
2014-05-01,1082.411866412635
2014-05-02,1091.8554375798149
2014-05-05,1141.2161944391
2014-05-06,1162.8907896331734
2014-05-07,1143.3020598291164
2014-05-08,1113.536995078785
2014-05-09,1117.6074892682266
2014-05-12,1115.4422821902635
2014-05-13,1126.762283261381
2014-05-14,1110.118321489399
2014-05-15,1083.3747015568545
2014-05-16,1096.1887482590937
2014-05-19,1093.3886852363735
2014-05-20,1073.3936425328627
2014-05-21,1095.2630814163178
2014-05-22,1123.0940899465947
2014-05-23,1131.3620439791396
2014-05-26,1131.3620439791396
2014-05-27,1132.7016155380647
2014-05-28,1147.2569051620853
2014-05-29,1212.6691190994704
2014-05-30,1217.505247966789
2014-06-02,1225.128012580582
2014-06-03,1218.0342706772008
2014-06-04,1227.4367297913982
2014-06-05,1239.77794742732
2014-06-06,1288.1446951214139
2014-06-09,1349.635216899939
2014-06-10,1303.1654916410096
2014-06-11,1274.175309436765
2014-06-12,1267.6713631142393
2014-06-13,1267.3844869116974
2014-06-16,1207.5613996811494
2014-06-17,1204.4579474895488
2014-06-18,1224.3461970004819
2014-06-19,1176.6473466825184
2014-06-20,1267.2416368638853
2014-06-23,1320.1484859154357
2014-06-24,1312.0005706514
2014-06-25,1318.5820355769492
2014-06-26,1285.5017843450028
2014-06-27,1309.5280481202437
2014-06-30,1339.8017650540426
2014-07-01,1379.3180802027298
2014-07-02,1406.0360960073765
2014-07-03,1419.1985467849381
2014-07-04,1419.1985467849381
2014-07-07,1404.285793036403
2014-07-08,1410.0877819261193
2014-07-09,1492.5748968544976
2014-07-10,1513.4713934328206
2014-07-11,1537.9874302066999
2014-07-14,1511.8148747183438
2014-07-15,1467.1040234434472
2014-07-16,1416.3136934316728
2014-07-17,1387.0165513025947
2014-07-18,1479.0817681957474
2014-07-21,1419.507252920988
2014-07-22,1406.7986229219823
2014-07-23,1335.0197635997738
2014-07-24,1349.6079414223395
2014-07-25,1321.6325670951587
2014-07-28,1273.0377586516115
2014-07-29,1328.8807730412743
2014-07-30,1499.0134025790371
2014-07-31,1389.174609447528
2014-08-01,1402.8248779589464
2014-08-04,1404.8215715882823
2014-08-05,1351.4123525330904
2014-08-06,1346.5922780293865
2014-08-07,1372.96159051142
2014-08-08,1382.4516527082621
2014-08-11,1331.2241549011844
2014-08-12,1310.3223935188928
2014-08-13,1295.6646788002229
2014-08-14,1271.7229660538455
2014-08-15,1274.6248809781587
2014-08-18,1297.1545202552286
2014-08-19,1284.0459177592497
2014-08-20,1256.876401936013
2014-08-21,1245.8687841827148
2014-08-22,1243.044836203653
2014-08-25,1241.507634842421
2014-08-26,1199.6606778656596
2014-08-27,1190.6546509198236
2014-08-28,1164.0448632825055
2014-08-29,1162.8153977317202
2014-09-01,1162.8153977317202
2014-09-02,1168.9501097114764
2014-09-03,1236.446717398559
2014-09-04,1206.8428014015713
2014-09-05,1224.5065920419238
2014-09-08,1226.7781362846322
2014-09-09,1229.7131476040286
2014-09-10,1257.9765976127592
2014-09-11,1263.0714364517003
2014-09-12,1303.70419732849
2014-09-15,1266.6641680806865
2014-09-16,1322.8662776521676
2014-09-17,1293.4070565004486
2014-09-18,1288.257720930723
2014-09-19,1266.7590189514588
2014-09-22,1263.6978791026097
2014-09-23,1250.6599377718792
2014-09-24,1238.1699322928114
2014-09-25,1207.4338809399364
2014-09-26,1225.1781303807834
2014-09-29,1225.414549143967
2014-09-30,1233.653228777869
2014-10-01,1190.1862745779983
2014-10-02,1153.0130066304484
2014-10-03,1167.5364788245388
2014-10-06,1172.1838978772619
2014-10-07,1149.6632183088645
2014-10-08,1174.8579193635715
2014-10-09,1149.2150972107618
2014-10-10,1133.9749183972751
2014-10-13,1104.790283627451
2014-10-14,1107.8042687831453
2014-10-15,1086.601977373617
2014-10-16,1113.3736198381384
2014-10-17,1174.5017886454655
2014-10-20,1222.9967570754886
2014-10-21,1228.8428836479106
2014-10-22,1206.984239922624
2014-10-23,1227.8177289319046
2014-10-24,1229.0882902391836
2014-10-27,1217.5389799078675
2014-10-28,1222.7595325046777
2014-10-29,1212.1098353983502
2014-10-30,1238.1921374021065
2014-10-31,1279.329964417848
2014-11-03,1310.945120456355
2014-11-04,1294.812719696209
2014-11-05,1293.965081596878
2014-11-06,1305.4135648422923
2014-11-07,1309.7644891385967
2014-11-10,1290.3646673134292
2014-11-11,1293.5169097102669
2014-11-12,1295.8986552649085
2014-11-13,1305.3872824263742
2014-11-14,1332.9319982179438
2014-11-17,1330.9623166335582
2014-11-18,1370.2616971061855
2014-11-19,1355.8952385457815
2014-11-20,1346.8400400381083
2014-11-21,1370.9372293862382
2014-11-24,1388.8049745027304
2014-11-25,1386.9887246855062
2014-11-26,1429.7477520160553
2014-11-27,1429.7477520160553
2014-11-28,1377.84952976034
2014-12-01,1343.6620227771416
2014-12-02,1344.929981574795
2014-12-03,1345.231959726244
2014-12-04,1357.0060853446764
2014-12-05,1371.5502296959096
2014-12-08,1343.6025666741828
2014-12-09,1341.7268420782968
2014-12-10,1299.7824207525855
2014-12-11,1288.3257528593988
2014-12-12,1232.8033722499392
2014-12-15,1184.3976437771155
2014-12-16,1158.0307199801862
2014-12-17,1179.3028588760083
2014-12-18,1197.3600355031629
2014-12-19,1194.7812557736377
2014-12-22,1211.319475743263
2014-12-23,1235.7514988325204
2014-12-24,1234.7244024176598
2014-12-25,1234.7244024176598
2014-12-26,1239.7957129073711
2014-12-29,1233.5353244286443
2014-12-30,1191.860096375907
2014-12-31,1209.8138866953273
2015-01-01,1209.8138866953273
2015-01-02,1187.225644621773
2015-01-05,1157.4207151205521
2015-01-06,1173.4851816826529
2015-01-07,1216.0844244994553
2015-01-08,1221.799600390174
2015-01-09,1225.65245647092
2015-01-12,1238.853358882598
2015-01-13,1232.867493393004
2015-01-14,1228.7987605961823
2015-01-15,1208.304204574732
2015-01-16,1217.760090823616
2015-01-19,1217.760090823616
2015-01-20,1217.5256403042938
2015-01-21,1248.0370186501798
2015-01-22,1245.942397427232
2015-01-23,1231.7868608888707
2015-01-26,1266.8053688539305
2015-01-27,1270.619883851447
2015-01-28,1246.4864124687501
2015-01-29,1243.1458290696198
2015-01-30,1233.0475544641654
2015-02-02,1233.9891153306994
2015-02-03,1263.1087017813952
2015-02-04,1280.653884025316
2015-02-05,1311.996613515716
2015-02-06,1295.3514195071416
2015-02-09,1281.4988575862483
2015-02-10,1290.4454789908925
2015-02-11,1298.840030663535
2015-02-12,1308.709595472066
2015-02-13,1332.1522105959602
2015-02-16,1332.1522105959602
2015-02-17,1326.2862670417107
2015-02-18,1343.6080560368025
2015-02-19,1340.382412101104
2015-02-20,1361.104398671822
2015-02-23,1415.9321343811928
2015-02-24,1451.792844433616
2015-02-25,1477.9311010664162
2015-02-26,1479.8072416435411
2015-02-27,1483.448378226935
2015-03-02,1503.3124965077748
2015-03-03,1521.7491530351635
2015-03-04,1527.474980974408
2015-03-05,1606.1456610469147
2015-03-06,1611.691758025838
2015-03-09,1679.3956258289359
2015-03-10,1627.559344054452
2015-03-11,1722.349301216567
2015-03-12,1754.3931071284976
2015-03-13,1781.7394205714843
2015-03-16,1856.7636761418657
2015-03-17,1921.890088246338
2015-03-18,1948.6441280414447
2015-03-19,1965.7166689921573
2015-03-20,2038.0479572795075
2015-03-23,1994.6402406552622
2015-03-24,1974.7646230397588
2015-03-25,1938.0608159205476
2015-03-26,1840.887142830519
2015-03-27,1866.3882637088404
2015-03-30,1871.2862083978002
2015-03-31,1854.6488690145131
2015-04-01,1864.8896597040778
2015-04-02,1880.8840849489145
2015-04-03,1880.8840849489145
2015-04-06,1898.3208860955237
2015-04-07,1877.301642750318
2015-04-08,1883.2466346214017
2015-04-09,1870.7727743320092
2015-04-10,1884.3730842591738
2015-04-13,1850.9319976941863
2015-04-14,1840.9476224906803
2015-04-15,1798.6046766380905
2015-04-16,1766.0423957158182
2015-04-17,1744.8386898890597
2015-04-20,1741.2437142403353
2015-04-21,1711.631091833369
2015-04-22,1758.6322061039255
2015-04-23,1796.98374555416
2015-04-24,1817.6552075067477
2015-04-27,1796.7270856524608
2015-04-28,1783.8754149207534
2015-04-29,1755.7574205840529
2015-04-30,1710.175214891273
2015-05-01,1752.6262050725459
2015-05-04,1779.9642135375168
2015-05-05,1782.5555638223987
2015-05-06,1764.9737888750085
2015-05-07,1734.5110911657146
2015-05-08,1737.3799636298727
2015-05-11,1734.6207083103857
2015-05-12,1747.2715117293988
2015-05-13,1739.2512895530922
2015-05-14,1751.7370847780112
2015-05-15,1763.4586591874722
2015-05-18,1770.5335416150806
2015-05-19,1730.811161605201
2015-05-20,1720.8895677569105
2015-05-21,1667.4952079255536
2015-05-22,1656.5174907982093
2015-05-25,1656.5174907982093
2015-05-26,1633.3692816684165
2015-05-27,1629.3429547480278
2015-05-28,1627.1037130772174
2015-05-29,1632.2472413358496
2015-06-01,1633.5669762119182
2015-06-02,1706.4620880791683
2015-06-03,1672.5513234912037
2015-06-04,1718.8211111152698
2015-06-05,1690.4513807636336
2015-06-08,1691.6307802959925
2015-06-09,1719.992769583731
2015-06-10,1697.7619857727727
2015-06-11,1707.2845650004892
2015-06-12,1687.1007671131624
2015-06-15,1645.8377871948444
2015-06-16,1624.3047347186555
2015-06-17,1544.0688101461021
2015-06-18,1524.3640297642394
2015-06-19,1547.0428575757098
2015-06-22,1644.0377441653154
2015-06-23,1646.7921951032283
2015-06-24,1624.550623675131
2015-06-25,1614.1713072284476
2015-06-26,1598.6314793993874
2015-06-29,1564.9580170293273
2015-06-30,1574.7489628487474
2015-07-01,1577.9877226612327
2015-07-02,1594.8356641990392
2015-07-03,1594.8356641990392
2015-07-06,1598.5051582547198
2015-07-07,1590.6844571405838
2015-07-08,1546.2796152508793
2015-07-09,1572.3145712610365
2015-07-10,1586.155998731955
2015-07-13,1620.933549431641
2015-07-14,1658.960113443211
2015-07-15,1697.5051365568563
2015-07-16,1742.9118721528266
2015-07-17,1755.919016841243
2015-07-20,1667.292075523415
2015-07-21,1642.2831267217114
2015-07-22,1610.7607389835298
2015-07-23,1585.0829681417747
2015-07-24,1531.4760217675916
2015-07-27,1535.5682360508176
2015-07-28,1547.9040441859386
2015-07-29,1565.6612337801485
2015-07-30,1552.4392418767284
2015-07-31,1540.589450743058
2015-08-03,1539.161805607318
2015-08-04,1517.5016326744715
2015-08-05,1521.9552179916275
2015-08-06,1557.7082025067343
2015-08-07,1582.0597936163454
2015-08-10,1653.257121787294
2015-08-11,1594.5759486400627
2015-08-12,1594.3586428431363
2015-08-13,1635.9651128296944
2015-08-14,1638.5942027298825
2015-08-17,1645.4054302488619
2015-08-18,1610.2769197505163
2015-08-19,1588.0798228076565
2015-08-20,1550.4040239424678
2015-08-21,1491.3758804294825
2015-08-24,1405.3758680115177
2015-08-25,1412.2164675509239
2015-08-26,1465.493418232782
2015-08-27,1518.9064106994424
2015-08-28,1526.2975363748824
2015-08-31,1524.9904055877346
2015-09-01,1509.2451157571381
2015-09-02,1496.0078136956308
2015-09-03,1542.982658589503
2015-09-04,1540.4281914370529
2015-09-07,1540.4281914370529
2015-09-08,1550.4337464070095
2015-09-09,1569.862089996557
2015-09-10,1566.6886385868854
2015-09-11,1559.473499336023
2015-09-14,1522.1541882663148
2015-09-15,1539.3356227303213
2015-09-16,1524.434439536115
2015-09-17,1564.8671502314535
2015-09-18,1547.9950301696063
2015-09-21,1536.8434636061759
2015-09-22,1486.4632781120158
2015-09-23,1483.6108549793628
2015-09-24,1504.120566750006
2015-09-25,1496.6866754828004
2015-09-28,1442.5125934892494
2015-09-29,1421.9240892159532
2015-09-30,1453.1839253989776
2015-10-01,1444.0093261961856
2015-10-02,1462.4425285452494
2015-10-05,1499.6436186433996
2015-10-06,1498.2167774402787
2015-10-07,1513.8953927941
2015-10-08,1527.0594477828836
2015-10-09,1545.4678420225694
2015-10-12,1587.4063291688476
2015-10-13,1562.3497925272789
2015-10-14,1565.9995731183415
2015-10-15,1583.4055641338834
2015-10-16,1611.4686974755778
2015-10-19,1616.019855051096
2015-10-20,1614.5632358662026
2015-10-21,1592.2708668368175
2015-10-22,1628.906892759038
2015-10-23,1720.4869931948147
2015-10-26,1920.7436622920022
2015-10-27,1963.1544124439783
2015-10-28,2083.398235474147
2015-10-29,2119.4222394010685
2015-10-30,2118.7585209698927
2015-11-02,2113.7556055787672
2015-11-03,2071.6024710365687
2015-11-04,2063.77479401661
2015-11-05,2079.286840473738
2015-11-06,2075.6883199438766
2015-11-09,2070.289719707134
2015-11-10,2112.491975859879
2015-11-11,2148.285470867516
2015-11-12,2167.711744570312
2015-11-13,2158.5579083938624
2015-11-16,2157.8884808545736
2015-11-17,2148.8561366178183
2015-11-18,2159.461310959062
2015-11-19,2118.5091536348173
2015-11-20,2166.1097925816816
2015-11-23,1928.2503820931079
2015-11-24,1956.223715160948
2015-11-25,1898.7665583429405
2015-11-26,1898.7665583429405
2015-11-27,1873.990348616306
2015-11-30,1905.1758528132655
2015-12-01,1889.5929062255668
2015-12-02,1855.8035120561735
2015-12-03,1820.350421438679
2015-12-04,1806.1355445460665
2015-12-07,1772.3006210106976
2015-12-08,1797.3173975534323
2015-12-09,1875.9434292915569
2015-12-10,1879.720827443947
2015-12-11,1781.6056131935525
2015-12-14,1749.998399883171
2015-12-15,1810.5345239407527
2015-12-16,1819.635444733639
2015-12-17,1868.8492132835163
2015-12-18,1830.3302506639743
2015-12-21,1806.3136275275008
2015-12-22,1831.5623300698792
2015-12-23,1838.7409143897737
2015-12-24,1844.5287267184435
2015-12-25,1844.5287267184435
2015-12-28,1860.3431561313666
2015-12-29,1862.7361633774087
2015-12-30,1867.1124868202428
2015-12-31,1842.6649439798964
2016-01-01,1842.6649439798964
2016-01-04,1789.019458234502
2016-01-05,1789.9856231930373
2016-01-06,1763.0837663957611
2016-01-07,1717.5562085571464
2016-01-08,1711.332218157227
2016-01-11,1715.2670486697582
2016-01-12,1686.326802893493
2016-01-13,1662.1012508494084
2016-01-14,1663.5289809604603
2016-01-15,1620.2969538443085
2016-01-18,1620.2969538443085
2016-01-19,1588.8208535629676
2016-01-20,1568.3965361709515
2016-01-21,1579.1838991080733
2016-01-22,1684.4956667216427
2016-01-25,1687.770905935819
2016-01-26,1711.380615941381
2016-01-27,1736.1653686529392
2016-01-28,1761.5874871761907
2016-01-29,1841.3295572322536
2016-02-01,1775.571133235522
2016-02-02,1744.2067074584
2016-02-03,1753.4150333968253
2016-02-04,1776.0981866063742
2016-02-05,1782.7327716837756
2016-02-08,1749.5296632362906
2016-02-09,1729.569297256022
2016-02-10,1746.539268450546
2016-02-11,1694.2165743351861
2016-02-12,1713.4708892250142
2016-02-15,1713.4708892250142
2016-02-16,1711.1190917994381
2016-02-17,1736.2000440861987
2016-02-18,1726.9323392355714
2016-02-19,1723.255394334255
2016-02-22,1805.7046795735196
2016-02-23,1755.5691986534728
2016-02-24,1826.214599705945
2016-02-25,1887.487851853518
2016-02-26,1910.4941678297992
2016-02-29,1893.1484935344265
2016-03-01,1880.501420670331
2016-03-02,1808.5442117828177
2016-03-03,1798.5157812128184
2016-03-04,1779.2156571697808
2016-03-07,1760.9258100332856
2016-03-08,1756.1033061709404
2016-03-09,1773.9167184220767
2016-03-10,1745.9705996419457
2016-03-11,1761.9209426776454
2016-03-14,1744.2931371987274
2016-03-15,1724.0627146130068
2016-03-16,1790.2072139790173
2016-03-17,1802.0390869420976
2016-03-18,1782.7369873802686
2016-03-21,1790.5375062839319
2016-03-22,1806.7141704576895
2016-03-23,1814.8987873921856
2016-03-24,1823.5564595514588
2016-03-25,1823.5564595514588
2016-03-28,1798.0359025504213
2016-03-29,1799.0088182890363
2016-03-30,1823.8712505438693
2016-03-31,1881.2022611296206
2016-04-01,1890.5494795121956
2016-04-04,1857.6838036508398
2016-04-05,1847.6065491196666
2016-04-06,1809.9459552956084
2016-04-07,1771.600265899625
2016-04-08,1809.7243736597845
2016-04-11,1817.2967597156364
2016-04-12,1840.6026933491344
2016-04-13,1919.1580945234273
2016-04-14,1963.420823385068
2016-04-15,1940.719887865362
2016-04-18,1902.4087523134463
2016-04-19,1958.5056004533471
2016-04-20,1969.7083677731844
2016-04-21,1955.0162635006077
2016-04-22,1915.2019059962618
2016-04-25,1861.3971293230056
2016-04-26,1870.304247879392
2016-04-27,1868.7314579089257
2016-04-28,1861.7964217545546
2016-04-29,1842.1943472870598
2016-05-02,1840.1724358307617
2016-05-03,1817.3299058812934
2016-05-04,1852.902795827327
2016-05-05,1886.8077829426054
2016-05-06,1918.757061936083
2016-05-09,1891.2847745292045
2016-05-10,1928.929973785271
2016-05-11,1921.6570034528424
2016-05-12,1925.536715331535
2016-05-13,1918.2540247938894
2016-05-16,1901.5268751098204
2016-05-17,1886.65597878832
2016-05-18,1868.5319002004205
2016-05-19,1830.0927876068422
2016-05-20,1858.486012541823
2016-05-23,1863.8235038290384
2016-05-24,1874.0290133173623
2016-05-25,1884.7215235274837
2016-05-26,1938.5172456258379
2016-05-27,1974.3651895959727
2016-05-30,1974.3651895959727
2016-05-31,2000.7890323944055
2016-06-01,2000.1235148690014
2016-06-02,2016.3463173015537
2016-06-03,2046.7220587855888
2016-06-06,2076.690075578129
2016-06-07,2145.2878676616338
2016-06-08,2169.231756426591
2016-06-09,2178.002447234661
2016-06-10,2141.638289487396
2016-06-13,2131.5703053011403
2016-06-14,2117.0296391495494
2016-06-15,2159.836634941394
2016-06-16,2164.44706553057
2016-06-17,2186.7670640587553
2016-06-20,2201.7928036312546
2016-06-21,2214.2628270186383
2016-06-22,2210.1359355504183
2016-06-23,2229.5642955537687
2016-06-24,2161.578678633562
2016-06-27,2123.881014369575
2016-06-28,2186.349147120051
2016-06-29,2231.6158812416816
2016-06-30,2260.2787320120997
2016-07-01,2299.497202043533
2016-07-04,2299.497202043533
2016-07-05,2330.1792166289342
2016-07-06,2306.843642014513
2016-07-07,2301.4905058299655
2016-07-08,2328.7631370305025
2016-07-11,2301.722521133781
2016-07-12,2287.4109555334967
2016-07-13,2296.598954908384
2016-07-14,2345.50317141699
2016-07-15,2383.193529699613
2016-07-18,2402.7863208370195
2016-07-19,2379.3781852224834
2016-07-20,2374.6958141666123
2016-07-21,2398.254467502481
2016-07-22,2401.0790644737476
2016-07-25,2359.8574617903946
2016-07-26,2338.2192327182806
2016-07-27,2339.9059735759743
2016-07-28,2340.3466992579433
2016-07-29,2377.830447343396
2016-08-01,2366.132818845858
2016-08-02,2350.2912740901097
2016-08-03,2379.299556294321
2016-08-04,2385.7593225361334
2016-08-05,2375.1525067167886
2016-08-08,2380.160185517275
2016-08-09,2387.22495033769
2016-08-10,2390.9436453047642
2016-08-11,2384.3951454368794
2016-08-12,2327.88650444434
2016-08-15,2323.109215049195
2016-08-16,2264.924520849339
2016-08-17,2297.4528449586874
2016-08-18,2261.8693391759584
2016-08-19,2260.452347487293
2016-08-22,2257.3374336705515
2016-08-23,2295.457717787768
2016-08-24,2305.1810651215305
2016-08-25,2303.7863150814874
2016-08-26,2280.5010298346656
2016-08-29,2277.00129025821
2016-08-30,2261.4182409228915
2016-08-31,2247.9695065786714
2016-09-01,2285.4007422709915
2016-09-02,2291.251443386081
2016-09-05,2291.251443386081
2016-09-06,2397.367430961138
2016-09-07,2394.2178005007354
2016-09-08,2402.663397797004
2016-09-09,2335.1508157795215
2016-09-12,2335.7110792170733
2016-09-13,2319.2932037059363
2016-09-14,2339.7946357369096
2016-09-15,2431.0023478824032
2016-09-16,2436.660014607722
2016-09-19,2476.5246722936263
2016-09-20,2501.2351570592377
2016-09-21,2522.0566162659056
2016-09-22,2602.6688130823263
2016-09-23,2587.092847298335
2016-09-26,2539.1747345540293
2016-09-27,2516.2166781138653
2016-09-28,2534.123005845114
2016-09-29,2582.1340065520526
2016-09-30,2595.1127640683594
2016-10-03,2619.5254845540585
2016-10-04,2619.2047034903176
2016-10-05,2656.5703620264812
2016-10-06,2662.630791517086
2016-10-07,2678.284552442673
2016-10-10,2678.793081929262
2016-10-11,2680.614729713561
2016-10-12,2689.5892043560493
2016-10-13,2688.572577793173
2016-10-14,2700.317965486161
2016-10-17,2741.584094502324
2016-10-18,2743.6085889042483
2016-10-19,2802.872045558911
2016-10-20,2802.6314660464996
2016-10-21,2842.1659092552127
2016-10-24,2876.7552034038895
2016-10-25,2859.342232234612
2016-10-26,2813.218684113636
2016-10-27,2802.9415525172653
2016-10-28,2818.3126754879827
2016-10-31,2801.243919590405
2016-11-01,2768.8126334069734
2016-11-02,2700.329141176009
2016-11-03,2713.9760111445216
2016-11-04,2718.762890022096
2016-11-07,2788.1998624798057
2016-11-08,2809.5773173964935
2016-11-09,2804.9546038685176
2016-11-10,2695.3379946782493
2016-11-11,2616.7281886977025
2016-11-14,2542.269781398908
2016-11-15,2662.965164086572
2016-11-16,2682.3058120621185
2016-11-17,2721.438589621248
2016-11-18,2695.556230790431
2016-11-21,2784.1987070014384
2016-11-22,2834.067767139476
2016-11-23,2865.1379697231478
2016-11-24,2865.1379697231478
2016-11-25,2874.602908414153
2016-11-28,2909.4425216008253
2016-11-29,2849.0532508767783
2016-11-30,2826.8161372486843
2016-12-01,2820.689053857385
2016-12-02,2829.451755815339
2016-12-05,2848.478644892137
2016-12-06,2874.5129174144786
2016-12-07,2842.139403851008
2016-12-08,2814.1272382237094
2016-12-09,2849.76167728982
2016-12-12,2803.8750981666894
2016-12-13,2867.2887529238615
2016-12-14,2859.823870420281
2016-12-15,2856.4446413828896
2016-12-16,2785.6449433645084
2016-12-19,2740.4410957121204
2016-12-20,2727.8096424034143
2016-12-21,2736.0431068174485
2016-12-22,2717.3319469541825
2016-12-23,2728.002474582871
2016-12-26,2728.002474582871
2016-12-27,2742.9701995155915
2016-12-28,2756.254913082632
2016-12-29,2778.2037266877583
2016-12-30,2828.0971385754488
2017-01-02,2828.0971385754488
2017-01-03,2955.0951773490474
2017-01-04,2986.58795701631
2017-01-05,3001.9466899669837
2017-01-06,3041.8356079674736
2017-01-09,3025.232838811084
2017-01-10,3075.0892140508377
2017-01-11,3083.0049615940457
2017-01-12,3042.709997656536
2017-01-13,3063.998975477881
2017-01-16,3063.998975477881
2017-01-17,3029.61698890859
2017-01-18,3040.1799377972893
2017-01-19,3006.9177700519353
2017-01-20,3031.870128603033
2017-01-23,3064.0347753172828
2017-01-24,3071.4757081716616
2017-01-25,3083.336608221847
2017-01-26,3074.6909488007377
2017-01-27,3080.106527502241
2017-01-30,3118.9817390814164
2017-01-31,3221.6661710932394
2017-02-01,3262.7171469509713
2017-02-02,3316.2913891442213
2017-02-03,3366.989491278567
2017-02-06,3351.8376956341904
2017-02-07,3334.215871306696
2017-02-08,3300.7377795941097
2017-02-09,3326.68601367539
2017-02-10,3369.3465356538586
2017-02-13,3425.097931956971
2017-02-14,3423.4490589362204
2017-02-15,3425.210446075959
2017-02-16,3409.58027342079
2017-02-17,3444.614985657359
2017-02-20,3444.614985657359
2017-02-21,3491.6983279758356
2017-02-22,3463.303138046661
2017-02-23,3417.6626362800203
2017-02-24,3415.3178687594195
2017-02-27,3430.716707419244
2017-02-28,3460.7591093801943
2017-03-01,3470.624609183748
2017-03-02,3415.7749101192994
2017-03-03,3450.7569985506966
2017-03-06,3431.2563028935883
2017-03-07,3436.4768118221828
2017-03-08,3483.2220561050767
2017-03-09,3442.05452247201
2017-03-10,3489.252154534611
2017-03-13,3526.052305703185
2017-03-14,3516.9254074874407
2017-03-15,3675.0201619082013
2017-03-16,3755.510376171428
2017-03-17,3722.7345916533327
2017-03-20,3715.8306974719003
2017-03-21,3693.544944724982
2017-03-22,3699.995266740697
2017-03-23,3731.895632968207
2017-03-24,3748.4545442338526
2017-03-27,3764.0351971106293
2017-03-28,3778.9446986458165
2017-03-29,3857.5037322804305
2017-03-30,3917.785925078833
2017-03-31,3924.63045512779
2017-04-03,3986.1142695156805
2017-04-04,4013.7936119655183
2017-04-05,3992.4557970775713
2017-04-06,3987.386951324396
2017-04-07,3962.759557413329
2017-04-10,4015.8364768584147
2017-04-11,4100.017732268277
2017-04-12,4122.532482644093
2017-04-13,4109.79849313397
2017-04-14,4109.79849313397
2017-04-17,4163.383487060565
2017-04-18,4128.242780741237
2017-04-19,4099.642496335812
2017-04-20,4142.682835188741
2017-04-21,4080.5522088933776
2017-04-24,4102.529631719388
2017-04-25,4061.9979758865907
2017-04-26,4028.2604092190945
2017-04-27,3979.279228171719
2017-04-28,4019.7137346209925
2017-05-01,4021.545396935212
2017-05-02,4097.766048952106
2017-05-03,4166.897871373313
2017-05-04,4114.890196869914
2017-05-05,4112.443621846731
2017-05-08,4085.9552191332855
2017-05-09,4072.3002112936556
2017-05-10,4103.933506127172
2017-05-11,4140.832756269875
2017-05-12,4144.009287594532
2017-05-15,4160.810154172575
2017-05-16,4193.055219635156
2017-05-17,4123.383124583733
2017-05-18,3942.33543486625
2017-05-19,4038.485875077382
2017-05-22,4014.8084797697743
2017-05-23,3958.7349264174277
2017-05-24,3980.2486289402386
2017-05-25,3998.013829591972
2017-05-26,4122.212649309513
2017-05-29,4122.212649309513
2017-05-30,4087.3820208618004
2017-05-31,4082.5684330273702
2017-06-01,4127.789698488216
2017-06-02,4155.393255130622
2017-06-05,4097.241358453147
2017-06-06,4112.510291360034
2017-06-07,4051.623973969232
2017-06-08,3960.1569683683188
2017-06-09,3953.6455188298755
2017-06-12,3915.0870400252006
2017-06-13,3899.539022461273
2017-06-14,3874.5520894897395
2017-06-15,3807.740085369806
2017-06-16,3884.6461841996606
2017-06-19,3950.3088611497938
2017-06-20,3918.268432920572
2017-06-21,3799.9282042096656
2017-06-22,3889.363470646071
2017-06-23,3844.508292576137
2017-06-26,3898.008426805669
2017-06-27,3869.6010610157173
2017-06-28,3882.6373193006825
2017-06-29,3869.168723808264
2017-06-30,3907.891212107603
2017-07-03,3923.803146924247
2017-07-04,3923.803146924247
2017-07-05,3901.028185540891
2017-07-06,3837.489401591267
2017-07-07,3847.7540560337798
2017-07-10,3869.813032041364
2017-07-11,3905.3957685006817
2017-07-12,3994.5936263195126
2017-07-13,3978.682833281678
2017-07-14,3968.518468362835
2017-07-17,3928.2773628072214
2017-07-18,3868.1840306278546
2017-07-19,3885.8980200707765
2017-07-20,3938.023715582042
2017-07-21,3974.1424690796557
2017-07-24,3952.13261405751
2017-07-25,4049.00327166852
2017-07-26,3931.7146862447785
2017-07-27,3959.766135369546
2017-07-28,3980.970722101439
2017-07-31,3959.1679424118684
2017-08-01,3984.13165128074
2017-08-02,4000.5854165958785
2017-08-03,3993.8534924165306
2017-08-04,4013.230998440743
2017-08-07,3983.6222429604586
2017-08-08,3968.4496359481163
2017-08-09,3902.597987892964
2017-08-10,3903.23186597096
2017-08-11,3978.7870939616055
2017-08-14,4230.012475570719
2017-08-15,4145.190010201229
2017-08-16,4144.740792096383
2017-08-17,4139.099442689412
2017-08-18,4205.153584786285
2017-08-21,4181.108071149522
2017-08-22,4220.636609083402
2017-08-23,4267.740089622601
2017-08-24,4272.258680640974
2017-08-25,4315.598485261707
2017-08-28,4259.519575260192
2017-08-29,4253.200841242768
2017-08-30,4218.606104280619
2017-08-31,4233.481736693312
2017-09-01,4336.631117592719
2017-09-04,4336.631117592719
2017-09-05,4351.434642291026
2017-09-06,4382.886857872417
2017-09-07,4443.638904838743
2017-09-08,4388.332480143387
2017-09-11,4493.100696787878
2017-09-12,4431.025182229866
2017-09-13,4474.860834926913
2017-09-14,4465.9275815479405
2017-09-15,4507.200039283122
2017-09-18,4510.089157414945
2017-09-19,4516.33976601684
2017-09-20,4498.576494464043
2017-09-21,4513.766206138184
2017-09-22,4622.183207730773
2017-09-25,4500.658858654347
2017-09-26,4472.565483090398
2017-09-27,4509.4445760854705
2017-09-28,4552.4763686161905
2017-09-29,4714.209421884917
2017-10-02,4745.175334138805
2017-10-03,4780.114421196752
2017-10-04,4746.106495887335
2017-10-05,4754.045631200113
2017-10-06,4712.87147829999
2017-10-09,4678.44613023256
2017-10-10,4719.801020097848
2017-10-11,4746.743367432222
2017-10-12,4771.536214177831
2017-10-13,4812.773217367999
2017-10-16,4826.092091553571
2017-10-17,4884.056531279175
2017-10-18,4859.618513766507
2017-10-19,4884.866289067584
2017-10-20,4890.504503701253
2017-10-23,5098.314746992468
2017-10-24,5138.6374504859905
2017-10-25,5072.653251281756
2017-10-26,5062.262056782461
2017-10-27,5019.145749743222
2017-10-30,5019.563911811054
2017-10-31,5110.547691890674
2017-11-01,5174.2053531658385
2017-11-02,5221.518966031496
2017-11-03,5180.915834585994
2017-11-06,5210.3291392282845
2017-11-07,5120.972276578607
2017-11-08,5207.7833257490765
2017-11-09,5181.851839835283
2017-11-10,5030.097950989005
2017-11-13,4984.53541018499
2017-11-14,4795.302418707962
2017-11-15,4901.438940061608
2017-11-16,5114.746173575349
2017-11-17,5048.817196008874
2017-11-20,5071.655250242493
2017-11-21,5156.659386136538
2017-11-22,5296.680201558674
2017-11-23,5296.680201558674
2017-11-24,5315.775646975233
2017-11-27,5273.852641486015
2017-11-28,5257.71782563433
2017-11-29,5200.36382380348
2017-11-30,5185.142776958842
2017-12-01,5139.766200621969
2017-12-04,5026.2383041859075
2017-12-05,4957.097106957851
2017-12-06,4995.727677957849
2017-12-07,5103.2346642609555
2017-12-08,5236.633062699071
2017-12-11,5166.057240435874
2017-12-12,5243.381209585287
2017-12-13,5246.533340624578
2017-12-14,5223.811082734128
2017-12-15,5238.256713559691
2017-12-18,5197.507473166625
2017-12-19,5304.961091538105
2017-12-20,5339.998813537847
2017-12-21,5370.874761944296
2017-12-22,5356.01047724082
2017-12-25,5356.01047724082
2017-12-26,5298.792121760216
2017-12-27,5310.717242659346
2017-12-28,5377.836039092365
2017-12-29,5406.930120805859
2018-01-01,5406.930120805859
2018-01-02,5475.439683845246
2018-01-03,5475.844813815087
2018-01-04,5503.698262234503
2018-01-05,5428.434711899177
2018-01-08,5450.291086343012
2018-01-09,5332.748791312449
2018-01-10,5311.856231784787
2018-01-11,5284.8977939412525
2018-01-12,5303.626932908328
2018-01-15,5303.626932908328
2018-01-16,5395.465038264127
2018-01-17,5454.521777026172
2018-01-18,5484.513639295701
2018-01-19,5473.476770677596
2018-01-22,5521.272438469519
2018-01-23,5476.624421043721
2018-01-24,5463.0083723715625
2018-01-25,5605.810104584178
2018-01-26,5767.607703244234
2018-01-29,5635.904371993484
2018-01-30,5596.632003724756
2018-01-31,5692.674457369326
2018-02-01,5661.608461001192
2018-02-02,5458.579168301087
2018-02-05,5166.936428052382
2018-02-06,5279.911373688184
2018-02-07,5282.226137361276
2018-02-08,5105.859534936366
2018-02-09,5025.777837206752
2018-02-12,5207.252479869591
2018-02-13,5175.945266373837
2018-02-14,5225.5445326521085
2018-02-15,5335.016938928883
2018-02-16,5363.442800243442
2018-02-19,5363.442800243442
2018-02-20,5380.862275581048
2018-02-21,5436.292374656721
2018-02-22,5513.417872020618
2018-02-23,5491.956235440298
2018-02-26,5483.04333022886
2018-02-27,5397.1930407015425
2018-02-28,5478.725869141423
2018-03-01,5422.91126923153
2018-03-02,5321.811988372405
2018-03-05,5286.107329164714
2018-03-06,5302.30524676295
2018-03-07,5321.9526475618495
2018-03-08,5337.258516600554
2018-03-09,5408.273090752902
2018-03-12,5399.835795660543
2018-03-13,5415.67190608416
2018-03-14,5453.332847335271
2018-03-15,5415.852282643552
2018-03-16,5429.379753627106
2018-03-19,5335.509857928253
2018-03-20,5264.092003602595
2018-03-21,5225.562808303971
2018-03-22,5207.771854426683
2018-03-23,5130.19815271573
2018-03-26,5096.950762447516
2018-03-27,5047.996123241353
2018-03-28,5057.471120779256
2018-03-29,5159.773848564475
2018-03-30,5159.773848564475
2018-04-02,5129.313094493181
2018-04-03,5181.07546722599
2018-04-04,5246.646267640638
2018-04-05,5262.927189373824
2018-04-06,5258.82829544579
2018-04-09,5194.932001109702
2018-04-10,5209.460823241768
2018-04-11,5223.3267448259285
2018-04-12,5320.427738613614
2018-04-13,5359.69615979502
2018-04-16,5263.1176431454
2018-04-17,5251.752101536785
2018-04-18,5299.254836858877
2018-04-19,5213.217103862433
2018-04-20,5216.05058030338
2018-04-23,5199.940389382826
2018-04-24,5216.133906868629
2018-04-25,5147.086357086619
2018-04-26,5039.882577484489
2018-04-27,5038.206963524155
2018-04-30,4989.408891176531
2018-05-01,5053.669775724042
2018-05-02,4888.361419082094
2018-05-03,4632.3456956229475
2018-05-04,4647.5996567893535
2018-05-07,4530.72088674374
2018-05-08,4317.359688341936
2018-05-09,4341.463469203303
2018-05-10,4435.93847979514
2018-05-11,4262.34696655192
2018-05-14,4156.170721172389
2018-05-15,4170.167303437147
2018-05-16,4230.4579671088895
2018-05-17,4197.6878940985935
2018-05-18,4233.973095068798
2018-05-21,4268.995753527794
2018-05-22,4296.823656924573
2018-05-23,4332.502111758913
2018-05-24,4343.281882403211
2018-05-25,4367.085289974543
2018-05-28,4367.085289974543
2018-05-29,4182.690669721974
2018-05-30,4191.045819856313
2018-05-31,4138.9181082836385
2018-06-01,4158.081137638025
2018-06-04,4183.813208960576
2018-06-05,4331.888706400985
2018-06-06,4313.846858631071
2018-06-07,4134.587880573459
2018-06-08,4185.720543183331
2018-06-11,4149.061166677097
2018-06-12,4198.826202072876
2018-06-13,4154.40724368141
2018-06-14,4040.0651497248255
2018-06-15,4120.812760961661
2018-06-18,3952.180382567977
2018-06-19,4043.15489758204
2018-06-20,4103.2121004111
2018-06-21,4158.252927043592
2018-06-22,4175.510122831537
2018-06-25,4127.170175059587
2018-06-26,4110.649824998713
2018-06-27,3936.1026512501503
2018-06-28,3886.027342984305
2018-06-29,3862.024792460107
2018-07-02,3837.5494388830275
2018-07-03,3958.3982461229866
2018-07-04,3958.3982461229866
2018-07-05,3958.120384106627
2018-07-06,4048.733947164512
2018-07-09,4088.1629927672243
2018-07-10,4098.141706826249
2018-07-11,4067.6340200081154
2018-07-12,4058.486391535218
2018-07-13,4071.310835913156
2018-07-16,4110.061537206219
2018-07-17,4061.6175397230477
2018-07-18,4047.6075917326616
2018-07-19,4010.8540489092384
2018-07-20,4050.733949148797
2018-07-23,4023.3205365814742
2018-07-24,4018.9718951731475
2018-07-25,4052.1669796623587
2018-07-26,4156.325719212844
2018-07-27,4105.9610703926
2018-07-30,4082.508375819427
2018-07-31,4094.367033258387
2018-08-01,4068.3143730242605
2018-08-02,4052.6709233220645
2018-08-03,4050.3598034279826
2018-08-06,4093.343044658805
2018-08-07,4028.3176319241024
2018-08-08,3968.7175560749065
2018-08-09,3936.0007933984875
2018-08-10,3884.6806662404506
2018-08-13,3815.6384321532723
2018-08-14,3828.590623638962
2018-08-15,3826.7414950383054
2018-08-16,3817.133465524077
2018-08-17,3807.8433392047623
2018-08-20,3879.136234494739
2018-08-21,3886.3039747846005
2018-08-22,3876.130086488366
2018-08-23,3807.368292383858
2018-08-24,3810.494155942885
2018-08-27,3867.754721248542
2018-08-28,3840.8819733718756
2018-08-29,3765.2745587923837
2018-08-30,3543.2908001079422
2018-08-31,3787.8624734161813
2018-09-03,3787.8624734161813
2018-09-04,3545.880634455333
2018-09-05,3530.635022726634
2018-09-06,3607.0090914060734
2018-09-07,3614.5545179888945
2018-09-10,3574.6815965659353
2018-09-11,3457.846146671994
2018-09-12,3488.0341663620884
2018-09-13,3493.421636395267
2018-09-14,3526.855333812244
2018-09-17,3566.2457064862374
2018-09-18,3564.6264882029864
2018-09-19,3640.2277180201295
2018-09-20,3766.294673541336
2018-09-21,3784.3914820008763
2018-09-24,3712.232386573399
2018-09-25,3673.142615718179
2018-09-26,3698.17177684401
2018-09-27,3628.5261239421407
2018-09-28,3594.324106991061
2018-10-01,3588.0929460494517
2018-10-02,3591.873284720324
2018-10-03,3671.3738633007683
2018-10-04,3533.441470272911
2018-10-05,3530.6380979880623
2018-10-08,3645.94641165809
2018-10-09,3658.8158764067934
2018-10-10,3530.6325026184522
2018-10-11,3474.9946070154792
2018-10-12,3575.444939962093
2018-10-15,3613.6513126490427
2018-10-16,3684.122455852011
2018-10-17,3617.649965058613
2018-10-18,3545.2623768043186
2018-10-19,3551.9552575798452
2018-10-22,3532.6613781398632
2018-10-23,3490.9887863116887
2018-10-24,3413.886345250196
2018-10-25,3492.628945992925
2018-10-26,3505.027301021713
2018-10-29,3470.7698014726743
2018-10-30,3518.3747303571104
2018-10-31,3644.7300468733697
2018-11-01,3717.8795015540786
2018-11-02,3802.68222603367
2018-11-05,3799.878310712589
2018-11-06,3768.2160808517997
2018-11-07,3712.243617257048
2018-11-08,3656.381542830276
2018-11-09,3558.367118024762
2018-11-12,3535.306301127238
2018-11-13,3491.809284003894
2018-11-14,3622.5722770665325
2018-11-15,3605.360972913185
2018-11-16,3625.501134041711
2018-11-19,3585.8762924571943
2018-11-20,3521.9560895279487
2018-11-21,3562.2705345017457
2018-11-22,3562.2705345017457
2018-11-23,3572.650397438849
2018-11-26,3566.445872584551
2018-11-27,3550.092603530777
2018-11-28,3609.8547316609756
2018-11-29,3671.3069491590154
2018-11-30,3753.67174887305
2018-12-03,3855.2284434746684
2018-12-04,3800.484805384036
2018-12-05,3800.484805384036
2018-12-06,3827.319908961861
2018-12-07,3801.248784742221
2018-12-10,3747.3273653240694
2018-12-11,3762.1982943276785
2018-12-12,3771.8735702411914
2018-12-13,3742.7517484044224
2018-12-14,3725.4351307335387
2018-12-17,3546.701882035043
2018-12-18,3557.1362590443728
2018-12-19,3514.9857727161925
2018-12-20,3486.8440688717224
2018-12-21,3471.5633016741635
2018-12-24,3391.2307466656534
2018-12-25,3391.2307466656534
2018-12-26,3480.7887361335097
2018-12-27,3539.561166914224
2018-12-28,3614.435417112646
2018-12-31,3729.836779876051
2019-01-01,3729.836779876051
2019-01-02,3749.4712870460708
2019-01-03,3715.1861278242573
2019-01-04,3824.060891270429
2019-01-07,3844.623049395045
2019-01-08,3823.048961209677
2019-01-09,3932.7030487445318
2019-01-10,3899.169160526268
2019-01-11,3957.0780598568076
2019-01-14,3958.24579207391
2019-01-15,3996.2064103147204
2019-01-16,3944.994394168298
2019-01-17,3941.1994095822715
2019-01-18,3950.0981979871954
2019-01-21,3950.0981979871954
2019-01-22,3896.0149304710735
2019-01-23,3952.483779847373
2019-01-24,3954.5007682603928
2019-01-25,3968.8734470760864
2019-01-28,4011.039608938879
2019-01-29,4070.0021834239824
2019-01-30,4183.781827201873
2019-01-31,4260.3644548642405
2019-02-01,4254.696523301565
2019-02-04,4319.777145996362
2019-02-05,4350.500686839637
2019-02-06,4226.70668682838
2019-02-07,4155.184549718935
2019-02-08,4224.155969211093
2019-02-11,4154.222742853783
2019-02-12,4214.472915847314
2019-02-13,4189.293092276868
2019-02-14,4198.428790318291
2019-02-15,4142.605082479404
2019-02-18,4142.605082479404
2019-02-19,4007.221990837173
2019-02-20,3990.8364648109737
2019-02-21,3913.9376638599783
2019-02-22,4008.073753298284
2019-02-25,3916.376544653494
2019-02-26,3914.2390360662403
2019-02-27,3833.001837238125
2019-02-28,3836.723876891483
2019-03-01,3752.75817039639
2019-03-04,3728.5912157463254
2019-03-05,3739.7171188124275
2019-03-06,3577.319639596829
2019-03-07,3469.0055219747373
2019-03-08,3456.342274808021
2019-03-11,3486.6921763874257
2019-03-12,3508.2567416891407
2019-03-13,3500.2945104213713
2019-03-14,3486.354736099032
2019-03-15,3619.56160375951
2019-03-18,3698.419128137285
2019-03-19,3670.3347458052135
2019-03-20,3630.9523023746387
2019-03-21,3621.6649759911206
2019-03-22,3418.0638583353575
2019-03-25,3442.9815752183895
2019-03-26,3363.699485648647
2019-03-27,3265.9119232181197
2019-03-28,3278.176305741349
2019-03-29,3279.9969356560064
2019-04-01,3288.4472543134266
2019-04-02,3227.02432188072
2019-04-03,3180.5565259280243
2019-04-04,3212.2192168743095
2019-04-05,3246.2734577591978
2019-04-08,3327.079277817366
2019-04-09,3236.675287298943
2019-04-10,3250.3775058671367
2019-04-11,3214.767725571045
2019-04-12,3210.032768088114
2019-04-15,3219.0648122076077
2019-04-16,3187.382544981446
2019-04-17,3179.221983950386
2019-04-18,3100.348275345015
2019-04-19,3100.348275345015
2019-04-22,3055.094497584284
2019-04-23,3058.5404154133653
2019-04-24,2964.2992561998585
2019-04-25,3007.896971814235
2019-04-26,2972.365839414055
2019-04-29,2953.432759238352
2019-04-30,2976.175104034163
2019-05-01,2996.6522974628388
2019-05-02,2978.950069682899
2019-05-03,3083.7994253094566
2019-05-06,3117.511457976828
2019-05-07,2995.9173007194104
2019-05-08,3033.844827419042
2019-05-09,3079.0386170940033
2019-05-10,3029.4353246787973
2019-05-13,2938.6969274215644
2019-05-14,2937.362477240913
2019-05-15,2986.6175782533755
2019-05-16,3008.3078676208856
2019-05-17,2922.201384412708
2019-05-20,2896.3866118761107
2019-05-21,3032.33570769677
2019-05-22,2979.6441903838236
2019-05-23,2936.720330732285
2019-05-24,3000.693817746035
2019-05-27,3000.693817746035
2019-05-28,3045.5764035988877
2019-05-29,3027.083402922018
2019-05-30,3060.5932772514825
2019-05-31,3051.431280379125
2019-06-03,2991.8422434090844
2019-06-04,3084.499868998416
2019-06-05,3068.804406295464
2019-06-06,3058.4179714244056
2019-06-07,3062.4889597170063
2019-06-10,3097.1430704073305
2019-06-11,3253.4463200037335
2019-06-12,3426.7876628848862
2019-06-13,3386.589433780069
2019-06-14,3321.090251924098
2019-06-17,3332.0254782186357
2019-06-18,3351.570469841576
2019-06-19,3321.8842114071085
2019-06-20,3353.5456561433284
2019-06-21,3371.418036931207
2019-06-24,3358.051448908787
2019-06-25,3325.6692641953396
2019-06-26,3326.722246205174
2019-06-27,3367.553728756745
2019-06-28,3445.4838412200857
2019-07-01,3478.719064641381
2019-07-02,3484.4416881798643
2019-07-03,3511.258264203714
2019-07-04,3511.258264203714
2019-07-05,3532.7784472277226
2019-07-08,3544.186979634336
2019-07-09,3583.5982718392697
2019-07-10,3634.3278516091964
2019-07-11,3634.766619462541
2019-07-12,3664.1624242183007
2019-07-15,3538.9190772480238
2019-07-16,3544.8125042830184
2019-07-17,3566.4057525108124
2019-07-18,3532.0806080638386
2019-07-19,3501.277782144943
2019-07-22,3429.1560095758996
2019-07-23,3422.2274658632364
2019-07-24,3417.5044709675412
2019-07-25,3380.8417888373538
2019-07-26,3500.058675150027
2019-07-29,3528.761197163431
2019-07-30,3497.9745710272086
2019-07-31,3456.3808021059026
2019-08-01,3413.5259133122263
2019-08-02,3428.6993748585846
2019-08-05,3289.3251294160473
2019-08-06,3310.2510703106336
2019-08-07,3277.844065589512
2019-08-08,3335.0838455958174
2019-08-09,3529.35669441657
2019-08-12,2256.1972892288436
2019-08-13,2243.831846327185
2019-08-14,2145.120931675998
2019-08-15,2245.689757912934
2019-08-16,2272.314907145757
2019-08-19,2167.789451409868
2019-08-20,2182.7449639731344
2019-08-21,2205.9213881000687
2019-08-22,2235.0190593873413
2019-08-23,2154.8327658160947
2019-08-26,2142.065243761543
2019-08-27,2062.3764798855564
2019-08-28,2041.2307507053172
2019-08-29,2006.7487320840237
2019-08-30,1961.7603120188837
2019-09-02,1961.7603120188837
2019-09-03,1916.9528700990325
2019-09-04,1952.8007745789891
2019-09-05,2030.9003156071694
2019-09-06,2056.724452506219
2019-09-09,2038.6092795034574
2019-09-10,2058.8806692975522
2019-09-11,2113.783048078979
2019-09-12,2093.0058970652553
2019-09-13,2073.991933061421
2019-09-16,2105.083525282915
2019-09-17,2133.7312488469875
2019-09-18,2124.327998080879
2019-09-19,2154.2736045777688
2019-09-20,2122.334699782426
2019-09-23,2109.2284050264666
2019-09-24,2061.2585638355445
2019-09-25,2075.0354701823694
2019-09-26,2070.524977111523
2019-09-27,2086.4357110651854
2019-09-30,2099.468840252764
2019-10-01,2071.579063210319
2019-10-02,2085.0891754464706
2019-10-03,2069.666532932527
2019-10-04,2117.3794050425213
2019-10-07,2121.9646615041543
2019-10-08,2061.5546584849735
2019-10-09,2081.0719342561606
2019-10-10,2106.12963443394
2019-10-11,2117.1549233920414
2019-10-14,2074.808386031573
2019-10-15,2048.2016429796345
2019-10-16,2047.5181812841574
2019-10-17,2060.3845284073354
2019-10-18,2050.93353500333
2019-10-21,2096.8974874967316
2019-10-22,2101.726695331476
2019-10-23,2110.8732208565734
2019-10-24,2102.1570466740154
2019-10-25,2126.273390205764
2019-10-28,2091.3263780639495
2019-10-29,2107.3422547521936
2019-10-30,2083.917181435354
2019-10-31,2109.034905123221
2019-11-01,2101.9905943515
2019-11-04,2133.7643177164987
2019-11-05,2137.6353127595758
2019-11-06,2100.2018251519667
2019-11-07,2112.4358110127305
2019-11-08,2062.039653017774
2019-11-11,2064.197709422964
2019-11-12,2099.319946017556
2019-11-13,2103.6686561376728
2019-11-14,2086.986634612412
2019-11-15,2119.5917111699414
2019-11-18,2110.409672524841
2019-11-19,2142.243120941777
2019-11-20,2172.1647279408635
2019-11-21,2195.427371536792
2019-11-22,2218.9929649928995
2019-11-25,2252.809183534032
2019-11-26,2286.071405042362
2019-11-27,2372.4872230215005
2019-11-28,2372.4872230215005
2019-11-29,2359.313874752708
2019-12-02,2297.5404736963146
2019-12-03,2248.847522564671
2019-12-04,2287.996108960557
2019-12-05,2314.1695981595785
2019-12-06,2381.428444773393
2019-12-09,2447.0298374826
2019-12-10,2385.917201640294
2019-12-11,2404.2904275247
2019-12-12,2488.8483346977787
2019-12-13,2578.161456361144
2019-12-16,2609.8833453208267
2019-12-17,2591.8576398895716
2019-12-18,2667.102306503909
2019-12-19,2691.5440945894193
2019-12-20,2726.348624240348
2019-12-23,2803.6517618369626
2019-12-24,2855.5243265057356
2019-12-25,2855.5243265057356
2019-12-26,2932.9013220578718
2019-12-27,2851.376303846228
2019-12-30,2833.7033966815375
2019-12-31,2803.165388333156
2020-01-01,2803.165388333156
2020-01-02,2749.445513447512
2020-01-03,2706.9591934147247
2020-01-06,2719.271415365594
2020-01-07,2709.4154247139163
2020-01-08,2691.4090172669294
2020-01-09,2738.7124359843497
2020-01-10,2726.6501807648197
2020-01-13,2674.001429875583
2020-01-14,2634.798573414225
2020-01-15,2586.617032559984
2020-01-16,2618.812188150936
2020-01-17,2648.540894318465
2020-01-20,2648.540894318465
2020-01-21,2552.146929512335
2020-01-22,2561.3743802949048
2020-01-23,2519.3471051073025
2020-01-24,2462.5023443628775
2020-01-27,2423.829009337682
2020-01-28,2528.9551792336633
2020-01-29,2502.151925704835
2020-01-30,2517.0295645099072
2020-01-31,2465.885520800667
2020-02-03,2533.2102620574638
2020-02-04,2479.9350088881515
2020-02-05,2499.8966126460573
2020-02-06,2500.3848127009787
2020-02-07,2501.065547544737
2020-02-10,2486.5908338773934
2020-02-11,2460.4920278131012
2020-02-12,2469.365712555837
2020-02-13,2416.2930898561895
2020-02-14,2433.673692172842
2020-02-17,2433.673692172842
2020-02-18,2417.540782687989
2020-02-19,2443.1928118941532
2020-02-20,2465.854458354629
2020-02-21,2447.9717086317937
2020-02-24,2379.708742550716
2020-02-25,2300.1110555104374
2020-02-26,2240.2896816327293
2020-02-27,2176.6720037250925
2020-02-28,2135.0272925973923
2020-03-02,2240.464496128324
2020-03-03,2228.81268593027
2020-03-04,2290.484849480062
2020-03-05,2214.414773266623
2020-03-06,2149.579759645833
2020-03-09,1795.962279361852
2020-03-10,1912.7465147577534
2020-03-11,1734.0493494445261
2020-03-12,1517.0747102665282
2020-03-13,1642.6472182993796
2020-03-16,1456.8498309821773
2020-03-17,1503.083726312095
2020-03-18,1303.4963900839552
2020-03-19,1307.1281161860286
2020-03-20,1343.606048545288
2020-03-23,1249.3149677414806
2020-03-24,1371.8215556605576
2020-03-25,1456.2298968276339
2020-03-26,1475.6240744709542
2020-03-27,1355.201108087994
2020-03-30,1329.7179727318603
2020-03-31,1388.269373123586
2020-04-01,1324.6491199127013
2020-04-02,1349.7909863139653
2020-04-03,1367.3713108009358
2020-04-06,1396.2715299642734
2020-04-07,1428.4774492052459
2020-04-08,1483.068601430193
2020-04-09,1503.6687542101945
2020-04-10,1503.6687542101945
2020-04-13,1431.216257108807
2020-04-14,1433.3090494723085
2020-04-15,1439.2041590582783
2020-04-16,1424.9959632519017
2020-04-17,1423.167860235387
2020-04-20,1406.3655536290232
2020-04-21,1351.6610107897468
2020-04-22,1349.5673431988057
2020-04-23,1362.938901843129
2020-04-24,1332.1532716431204
2020-04-27,1331.6774907848794
2020-04-28,1391.4328394235388
2020-04-29,1462.653325450162
2020-04-30,1437.8952909457573
2020-05-01,1350.8976923069356
2020-05-04,1360.147724066314
2020-05-05,1329.9486870404735
2020-05-06,1348.8602862675502
2020-05-07,1390.3928576722221
2020-05-08,1430.9143356394275
2020-05-11,1496.7951297980014
2020-05-12,1502.311696448014
2020-05-13,1407.5814346325242
2020-05-14,1447.8529039131581
2020-05-15,1454.2887677791266
2020-05-18,1542.5908953156459
2020-05-19,1533.526639224988
2020-05-20,1541.7256287723378
2020-05-21,1593.1088441690547
2020-05-22,1619.1506446230583
2020-05-25,1619.1506446230583
2020-05-26,1629.4170261125107
2020-05-27,1642.4612952044183
2020-05-28,1584.2721654522759
2020-05-29,1555.5344822849495
2020-06-01,1621.899348720311
2020-06-02,1749.4833198821243
2020-06-03,1828.2847230059128
2020-06-04,1822.9141433867892
2020-06-05,1890.363941644365
2020-06-08,2033.5397108557224
2020-06-09,1931.8047240140595
2020-06-10,1892.8340508965732
2020-06-11,1727.5547903699853
2020-06-12,1813.9073557513896
2020-06-15,1768.3501208986324
2020-06-16,1787.178460941629
2020-06-17,1734.4887194370174
2020-06-18,1636.7952438575774
2020-06-19,1715.6539787595482
2020-06-22,1666.955394637391
2020-06-23,1711.8143987868418
2020-06-24,1670.3812212194255
2020-06-25,1753.321797981334
2020-06-26,1695.3596811516236
2020-06-29,1718.296930540153
2020-06-30,1661.3515504471875
2020-07-01,1687.653990654247
2020-07-02,1648.5192529839117
2020-07-03,1648.5192529839117
2020-07-06,1889.5865989818526
2020-07-07,1833.0059894764136
2020-07-08,1850.2469045842126
2020-07-09,1769.9525110185275
2020-07-10,1839.2478411633406
2020-07-13,1842.1896000188035
2020-07-14,1833.6912954510967
2020-07-15,1897.2002827042056
2020-07-16,1854.3974773553118
2020-07-17,1823.5303267725242
2020-07-20,1790.8130607890891
2020-07-21,1881.6728477303786
2020-07-22,1983.2204954004294
2020-07-23,2000.783738954688
2020-07-24,1994.5700517974922
2020-07-27,2004.2130969091759
2020-07-28,1934.4827522345302
2020-07-29,1939.3751836249282
2020-07-30,1893.7393493461484
2020-07-31,1857.425883640931
2020-08-03,2005.0534155697085
2020-08-04,2005.7530734559332
2020-08-05,1954.9249634404603
2020-08-06,1969.840447383482
2020-08-07,1971.3490988866808
2020-08-10,1935.1387066152708
2020-08-11,1887.9925774387696
2020-08-12,1834.855053979707
2020-08-13,1865.0303851854899
2020-08-14,1858.730474647361
2020-08-17,1777.658087851063
2020-08-18,1769.3679159644232
2020-08-19,1750.0050382260654
2020-08-20,1734.5040323938179
2020-08-21,1725.4971958015967
2020-08-24,1721.9714064576717
2020-08-25,1735.9848137700933
2020-08-26,1720.4036612861019
2020-08-27,1710.589850545648
2020-08-28,1805.3119834660213
2020-08-31,1747.9796444490937
2020-09-01,1769.2076211223953
2020-09-02,1752.8571250154334
2020-09-03,1772.6759797920363
2020-09-04,1754.245595338085
2020-09-07,1754.245595338085
2020-09-08,1746.6262812922464
2020-09-09,1738.6492953462002
2020-09-10,1729.9807660684517
2020-09-11,1693.0946251214662
2020-09-14,1651.9266245509461
2020-09-15,1652.8618569101363
2020-09-16,1564.6512094008294
2020-09-17,1521.3086178801764
2020-09-18,1504.1211360904408
2020-09-21,1455.863387986509
2020-09-22,1417.083848240096
2020-09-23,1361.074221846929
2020-09-24,1448.6779795381153
2020-09-25,1436.5290094036156
2020-09-28,1424.6049316802885
2020-09-29,1403.9022504457398
2020-09-30,1428.200725421905
2020-10-01,1463.8650742218654
2020-10-02,1450.661697496595
2020-10-05,1445.7935022139038
2020-10-06,1423.0556842454814
2020-10-07,1434.2905543652791
2020-10-08,1464.1882877523954
2020-10-09,1459.2173122519966
2020-10-12,1470.200449079506
2020-10-13,1447.1624124569098
2020-10-14,1450.9998237842672
2020-10-15,1445.243055158779
2020-10-16,1470.0072155800501
2020-10-19,1496.032615118774
2020-10-20,1475.1648093545136
2020-10-21,1428.95888144647
2020-10-22,1449.9278374739579
2020-10-23,1474.6830390166144
2020-10-26,1474.7811408494154
2020-10-27,1418.049540298587
2020-10-28,1375.7908223436596
2020-10-29,1401.8298545462667
2020-10-30,1413.8917304431225
2020-11-02,1488.7616509939571
2020-11-03,1500.2367099217183
2020-11-04,1484.9918638392503
2020-11-05,1566.1755144991305
2020-11-06,1582.2120919692024
2020-11-09,1657.090145614265
2020-11-10,1731.308072915536
2020-11-11,1727.5242799694263
2020-11-12,1648.6949792909534
2020-11-13,1698.0425597671458
2020-11-16,1748.9306814200158
2020-11-17,1780.9922699425451
2020-11-18,1740.5995679264784
2020-11-19,1746.8456575941766
2020-11-20,1747.1978511281607
2020-11-23,1776.322309475063
2020-11-24,1852.9291795559375
2020-11-25,1843.0935427825416
2020-11-26,1843.0935427825416
2020-11-27,1879.678277841217
2020-11-30,1832.0676392700145
2020-12-01,1856.909671977012
2020-12-02,1897.8354467105162
2020-12-03,1914.889736005693
2020-12-04,1935.3636171702997
2020-12-07,1925.3749553880555
2020-12-08,1894.1192264450704
2020-12-09,1869.0344963729738
2020-12-10,1968.6941683842576
2020-12-11,1932.2631595755565
2020-12-14,1902.7373442064593
2020-12-15,1940.5753349931697
2020-12-16,1932.5416959104
2020-12-17,1927.0583055891848
2020-12-18,1903.2362797674064
2020-12-21,1849.0705072357068
2020-12-22,1823.4347068522752
2020-12-23,1851.849630256313
2020-12-24,1834.3803378575303
2020-12-25,1834.3803378575303
2020-12-28,1840.6379690231743
2020-12-29,1889.9525845049745
2020-12-30,1894.7975175909105
2020-12-31,1890.5688928052223
2021-01-01,1890.5688928052223
2021-01-04,1836.874445513835
2021-01-05,1837.930445932418
2021-01-06,1833.5305684233322
2021-01-07,1847.1585972277153
2021-01-08,1833.9744616495243
2021-01-11,1798.9665289152074
2021-01-12,1826.130198231512
2021-01-13,1823.9479711029917
2021-01-14,1861.1579211945705
2021-01-15,1820.5646915009493
2021-01-18,1820.5646915009493
2021-01-19,1825.5406574606866
2021-01-20,1845.977231766951
2021-01-21,1800.9322738513865
2021-01-22,1768.1395970754309
2021-01-25,1760.6449380714914
2021-01-26,1788.5016475540547
2021-01-27,1757.0710687915332
2021-01-28,1762.4094101739622
2021-01-29,1711.3268389986986
2021-02-01,1776.3084088766664
2021-02-02,1784.9524646735802
2021-02-03,1788.9312092042103
2021-02-04,1815.1782091571508
2021-02-05,1852.9738245895232
2021-02-08,1874.4081455450555
2021-02-09,1880.4157995147932
2021-02-10,1876.3288153736157
2021-02-11,1900.2008953516226
2021-02-12,1904.0547811317329
2021-02-15,1904.0547811317329
2021-02-16,1964.4883073248934
2021-02-17,1976.4519061487622
2021-02-18,1972.562017676086
2021-02-19,1970.5857298034066
2021-02-22,1925.6796904481625
2021-02-23,1908.935465797996
2021-02-24,1932.261603913948
2021-02-25,1825.1858241172956
2021-02-26,1797.698788303974
2021-03-01,1848.8400676046365
2021-03-02,1832.6607095208742
2021-03-03,1790.9092053356794
2021-03-04,1787.3374359751724
2021-03-05,1781.1877758802473
2021-03-08,1743.2663400213285
2021-03-09,1762.6551232264248
2021-03-10,1841.9157928442444
2021-03-11,1917.8789564817805
2021-03-12,1941.0912759088117
2021-03-15,1981.6117512334527
2021-03-16,1983.9943891521
2021-03-17,2002.5309392849858
2021-03-18,1937.8167326081189
2021-03-19,1948.0290329725299
2021-03-22,1924.3009573507345
2021-03-23,1895.277677480629
2021-03-24,1848.4887922237442
2021-03-25,1827.5142212100113
2021-03-26,1832.7099529286857
2021-03-29,1839.5836700371674
2021-03-30,1853.9265510886419
2021-03-31,1855.668774977743
2021-04-01,1869.7010982933416
2021-04-02,1869.7010982933416
2021-04-05,1864.5731863158783
2021-04-06,1898.6658276585142
2021-04-07,1864.9008483940052
2021-04-08,1871.5246602226123
2021-04-09,1847.4378237181616
2021-04-12,1817.6580551180703
2021-04-13,1800.4729870827941
2021-04-14,1813.0671024740636
2021-04-15,1818.3291063697945
2021-04-16,1858.9496386207722
2021-04-19,1859.1683170152444
2021-04-20,1815.7216796828277
2021-04-21,1839.3129352938672
2021-04-22,1827.2294667591502
2021-04-23,1822.2270517866407
2021-04-26,1848.8157029363672
2021-04-27,1895.5130224687894
2021-04-28,1914.9494055117227
2021-04-29,1909.1412172942519
2021-04-30,1878.345470510906
2021-05-03,1871.3222257712748
2021-05-04,1837.6818779121368
2021-05-05,1862.1784504372577
2021-05-06,1872.595509869374
2021-05-07,1972.08967183996
2021-05-10,1970.4100165909085
2021-05-11,1963.434576278759
2021-05-12,1919.2337920354314
2021-05-13,1958.5569146612174
2021-05-14,2037.7451730264168
2021-05-17,2067.678819519413
2021-05-18,2068.1960083633567
2021-05-19,2056.6985911345446
2021-05-20,2066.3997707593344
2021-05-21,2035.8402391292107
2021-05-24,2044.6776643596454
2021-05-25,2005.5477063874541
2021-05-26,2055.3201392553706
2021-05-27,2054.333338170605
2021-05-28,2145.926389440455
2021-05-31,2145.926389440455
2021-06-01,2201.2868855537995
2021-06-02,2224.7413108133705
2021-06-03,2239.718295821487
2021-06-04,2291.7870616945456
2021-06-07,2331.1360621937815
2021-06-08,2289.8344200114143
2021-06-09,2346.246941136739
2021-06-10,2359.7386471052732
2021-06-11,2278.876735017238
2021-06-14,2291.977363251051
2021-06-15,2286.3197711234584
2021-06-16,2291.7774078470397
2021-06-17,2251.270455458452
2021-06-18,2217.4507571411127
2021-06-21,2187.814610094566
2021-06-22,2218.120552797254
2021-06-23,2206.0586223922624
2021-06-24,2221.1460900820193
2021-06-25,2136.027623730162
2021-06-28,2110.00149559673
2021-06-29,2058.0023698946043
2021-06-30,2045.0380461087773
2021-07-01,2024.0357792770844
2021-07-02,2045.45633370692
2021-07-05,2045.45633370692
2021-07-06,2017.776691509576
2021-07-07,2009.7377085562753
2021-07-08,1978.6700340223426
2021-07-09,2016.254846289855
2021-07-12,2072.621916214591
2021-07-13,2066.541821292106
2021-07-14,2048.116617261818
2021-07-15,2028.7130178933937
2021-07-16,1999.6114194824477
2021-07-19,1956.247686047317
2021-07-20,1985.701376332999
2021-07-21,2062.860301230167
2021-07-22,2042.2475143932334
2021-07-23,1997.338840722805
2021-07-26,2037.8805387766022
2021-07-27,2023.4389342614568
2021-07-28,2048.5980925047184
2021-07-29,2046.4495323239632
2021-07-30,1993.8063071886656
2021-08-02,1993.9729988655683
2021-08-03,2006.7546665789284
2021-08-04,1981.7034077646333
2021-08-05,2026.9102498263064
2021-08-06,2041.9402907579963
2021-08-09,2014.2554445306232
2021-08-10,2070.383633136935
2021-08-11,2069.0131536364197
2021-08-12,2100.9369542444633
2021-08-13,2068.5409061572095
2021-08-16,2029.5672359618734
2021-08-17,1985.1333492712554
2021-08-18,1950.256597644987
2021-08-19,1945.8024125439147
2021-08-20,1988.737046094149
2021-08-23,2054.278912178438
2021-08-24,2185.898164641036
2021-08-25,2230.9661045502858
2021-08-26,2202.154351077303
2021-08-27,2252.433579993261
2021-08-30,2355.6663201034553
2021-08-31,2306.879022001162
2021-09-01,2267.0854005261517
2021-09-02,2232.11777016674
2021-09-03,2212.344929849423
2021-09-06,2212.344929849423
2021-09-07,2331.5657660897778
2021-09-08,2270.8433440494696
2021-09-09,2228.8830443475463
2021-09-10,2203.5365066122486
2021-09-13,2359.150856773364
2021-09-14,2322.313745469841
2021-09-15,2297.413889823173
2021-09-16,2311.3649066393987
2021-09-17,2283.696987201158
2021-09-20,2119.755429625929
2021-09-21,2100.949820186378
2021-09-22,2119.8785031865964
2021-09-23,2113.2815983057076
2021-09-24,2089.315220837411
2021-09-27,2124.6933464746926
2021-09-28,2101.9385215511206
2021-09-29,2133.483402735537
2021-09-30,2161.61817265496
2021-10-01,2185.9722037010797
2021-10-04,2171.419399385782
2021-10-05,2189.115321036588
2021-10-06,2179.6637963005983
2021-10-07,2184.4034746337634
2021-10-08,2179.166914168493
2021-10-11,2214.15613880597
2021-10-12,2207.732155790597
2021-10-13,2216.8193258161014
2021-10-14,2228.5561749553713
2021-10-15,2258.626704484252
2021-10-18,2251.898927547841
2021-10-19,2263.1997378441533
2021-10-20,2362.146224052527
2021-10-21,2311.401311431459
2021-10-22,2279.727589960705
2021-10-25,2345.9170774467048
2021-10-26,2303.9215577933737
2021-10-27,2210.406383983965
2021-10-28,2211.117021520925
2021-10-29,2137.922460973168
2021-11-01,2142.189339458676
2021-11-02,2151.91356456553
2021-11-03,2227.27185109565
2021-11-04,2166.588439643761
2021-11-05,2212.805692399263
2021-11-08,2286.8583988414034
2021-11-09,2301.133434175387
2021-11-10,2337.470228757872
2021-11-11,2340.5155436095015
2021-11-12,2261.349955363934
2021-11-15,2243.660135669685
2021-11-16,2133.8349044181427
2021-11-17,2096.4259675796784
2021-11-18,2153.3550356455785
2021-11-19,2063.402365785477
2021-11-22,1995.578391451949
2021-11-23,2007.6272308254943
2021-11-24,1970.4230158771127
2021-11-25,1970.4230158771127
2021-11-26,1917.563143380447
2021-11-29,1862.8263830025762
2021-11-30,1831.6666493529992
2021-12-01,1864.0124152761275
2021-12-02,1940.243503838937
2021-12-03,1889.9550649339735
2021-12-06,1940.1427329998367
2021-12-07,1986.118379858584
2021-12-08,1984.416961317785
2021-12-09,1962.8087971993532
2021-12-10,1940.9673256879305
2021-12-13,1873.0745705736942
2021-12-14,1855.7462042670286
2021-12-15,1865.0904106058802
2021-12-16,1879.2045523475335
2021-12-17,1877.6552048243882
2021-12-20,1861.8802476057128
2021-12-21,1907.2937561240076
2021-12-22,1911.4680095452416
2021-12-23,1944.6403821562176
2021-12-24,1944.6403821562176
2021-12-27,1980.0564455113242
2021-12-28,1996.7308506929207
2021-12-29,1985.0427054047439
2021-12-30,1997.6047804228958
2021-12-31,1998.4716643929394
2022-01-03,2017.9636969948615
2022-01-04,2007.8953496514291
2022-01-05,1934.488449704517
2022-01-06,1915.0295231855616
2022-01-07,1933.5290546011558
2022-01-10,1912.3658345013423
2022-01-11,1946.5601125335088
2022-01-12,1976.561569942631
2022-01-13,1965.691441598183
2022-01-14,1974.3077068669538
2022-01-17,1974.3077068669538
2022-01-18,1903.4643054602345
2022-01-19,1909.1926590009814
2022-01-20,1895.853366842615
2022-01-21,1865.516431001489
2022-01-24,1863.0500976043986
2022-01-25,1911.0080627379195
2022-01-26,1920.606325807707
2022-01-27,1922.0295461498893
2022-01-28,2014.588704071854
2022-01-31,2088.377572281503
2022-02-01,2123.9702157899983
2022-02-02,2095.5713682858454
2022-02-03,2057.540874097826
2022-02-04,2063.1813249721645
2022-02-07,2068.8657359501735
2022-02-08,2079.7573399478483
2022-02-09,2095.498987530576
2022-02-10,2078.886133367217
2022-02-11,2112.9641474707696
2022-02-14,2104.8520035844163
2022-02-15,2142.670493686068
2022-02-16,2199.363757145815
2022-02-17,2164.7190619097455
2022-02-18,2182.262226024079
2022-02-21,2182.262226024079
2022-02-22,2234.3472635253233
2022-02-23,2255.144448391906
2022-02-24,2253.549789858776
2022-02-25,2273.9050111618944
2022-02-28,2238.081881366526
2022-03-01,2289.185693575234
2022-03-02,2325.3450018111407
2022-03-03,2369.6773587935354
2022-03-04,2315.8155417604157
2022-03-07,2266.689928751995
2022-03-08,2285.7191956698753
2022-03-09,2332.6817391167688
2022-03-10,2427.6147099751947
2022-03-11,2409.353161201142
2022-03-14,2305.7519748502414
2022-03-15,2307.2341070663183
2022-03-16,2344.640815919939
2022-03-17,2359.3901099113323
2022-03-18,2387.6170603232736
2022-03-21,2412.46288235889
2022-03-22,2412.136342838573
2022-03-23,2415.805837801127
2022-03-24,2482.8552136445473
2022-03-25,2509.4826152897713
2022-03-28,2499.040594941487
2022-03-29,2478.7209540726753
2022-03-30,2503.2279266356
2022-03-31,2532.5036041036724
2022-04-01,2569.5530476253034
2022-04-04,2553.0796503264382
2022-04-05,2503.2442050246336
2022-04-06,2479.376856177266
2022-04-07,2514.883454751831
2022-04-08,2548.1025447317265
2022-04-11,2490.341469030623
2022-04-12,2478.2979524651255
2022-04-13,2543.336451181198
2022-04-14,2563.515776973476
2022-04-15,2563.515776973476
2022-04-18,2539.0261169012233
2022-04-19,2546.193244681113
2022-04-20,2549.079174662931
2022-04-21,2442.263854614684
2022-04-22,2377.2707862573975
2022-04-25,2375.8276861719464
2022-04-26,2306.286580484646
2022-04-27,2364.1948550597294
2022-04-28,2364.22463482062
2022-04-29,2320.9719254652796
2022-05-02,2278.8420333560266
2022-05-03,2336.284143100112
2022-05-04,2348.9926410257863
2022-05-05,2264.6694366210277
2022-05-06,2217.3844842502776
2022-05-09,2079.4866456299715
2022-05-10,2117.261415428212
2022-05-11,2149.479694135113
2022-05-12,2156.113531429794
2022-05-13,2210.9784232925103
2022-05-16,2262.6673693017897
2022-05-17,2333.6406398742033
2022-05-18,2267.5491951793992
2022-05-19,2274.938311377045
2022-05-20,2250.8063317491988
2022-05-23,2310.7954312162738
2022-05-24,2321.758708335207
2022-05-25,2351.526022779633
2022-05-26,2400.241105734422
2022-05-27,2407.1051250855885
2022-05-30,2407.1051250855885
2022-05-31,2399.0147696100053
2022-06-01,2352.430979470503
2022-06-02,2403.952351987012
2022-06-03,2389.808064268462
2022-06-06,2349.322418315056
2022-06-07,2325.7141816766234
2022-06-08,2285.6733508718903
2022-06-09,2138.073094653271
2022-06-10,2076.750937642133
2022-06-13,1930.9590728898945
2022-06-14,1928.1289061569441
2022-06-15,1986.7318998380756
2022-06-16,1921.3926957366564
2022-06-17,1924.0837371452983
2022-06-20,1924.0837371452983
2022-06-21,1938.0413167427134
2022-06-22,1947.8277203571974
2022-06-23,1918.9737091627908
2022-06-24,1959.053049640966
2022-06-27,1967.5696946745175
2022-06-28,1979.4624660673564
2022-06-29,1960.3366307117349
2022-06-30,1919.4335338473904
2022-07-01,1940.3245905295782
2022-07-04,1940.3245905295782
2022-07-05,1902.4091360469868
2022-07-06,1893.7130298111922
2022-07-07,1907.1298610884842
2022-07-08,1912.2133651438537
2022-07-11,1862.44080278538
2022-07-12,1838.3773798227694
2022-07-13,1859.6565302520737
2022-07-14,1797.841995903931
2022-07-15,1819.7813255927967
2022-07-18,1840.5430982451087
2022-07-19,1847.1886527074982
2022-07-20,1828.0783032348427
2022-07-21,1774.8555550169206
2022-07-22,1806.9000320383893
2022-07-25,1881.0217024910353
2022-07-26,1854.3876232741304
2022-07-27,1959.455059723787
2022-07-28,2059.6099654343375
2022-07-29,2125.371019857822
2022-08-01,2118.1716237240203
2022-08-02,2120.2623010727775
2022-08-03,2170.95908511653
2022-08-04,2148.620979089581
2022-08-05,2193.9939589695687
2022-08-08,2269.7083427781968
2022-08-09,2199.1409097653395
2022-08-10,2210.820233975639
2022-08-11,2250.0523491363297
2022-08-12,2304.8865869242595
2022-08-15,2325.832550096459
2022-08-16,2308.2780918829876
2022-08-17,2318.355392947332
2022-08-18,2354.796723112176
2022-08-19,2282.8444967112496
2022-08-22,2287.1772538177456
2022-08-23,2348.013681538221
2022-08-24,2433.7981276137843
2022-08-25,2470.0096888180283
2022-08-26,2447.270633726078
2022-08-29,2480.2089772424315
2022-08-30,2424.5633464987504
2022-08-31,2375.3127390714135
2022-09-01,2392.4252479510037
2022-09-02,2431.337915486865
2022-09-05,2431.337915486865
2022-09-06,2454.0509520844344
2022-09-07,2550.359713173683
2022-09-08,2510.078598455484
2022-09-09,2608.1633568262164
2022-09-12,2610.904905824518
2022-09-13,2532.912995194255
2022-09-14,2610.7234243204666
2022-09-15,2509.136930160033
2022-09-16,2472.9496408113077
2022-09-19,2544.3119821245946
2022-09-20,2483.6729466298307
2022-09-21,2423.354622853553
2022-09-22,2386.250580428446
2022-09-23,2286.4287206654394
2022-09-26,2213.5085870340854
2022-09-27,2217.2010666493943
2022-09-28,2270.7806892110707
2022-09-29,2244.2296050737464
2022-09-30,2264.238458645363
2022-10-03,2383.6348608705916
2022-10-04,2431.492311844137
2022-10-05,2421.7865429000067
2022-10-06,2388.526946335776
2022-10-07,2342.503045666488
2022-10-10,2331.5706362666797
2022-10-11,2279.7409186126747
2022-10-12,2257.5820180580354
2022-10-13,2294.1043781166763
2022-10-14,2252.329914760192
2022-10-17,2325.1481853986506
2022-10-18,2327.709975148398
2022-10-19,2289.32614324963
2022-10-20,2278.6404217476984
2022-10-21,2342.0639294790435
2022-10-24,2320.371818475796
2022-10-25,2403.043591359383
2022-10-26,2410.657671594568
2022-10-27,2425.6104475704697
2022-10-28,2415.769113519614
2022-10-31,2450.1744282956593
2022-11-01,2514.23399848456
2022-11-02,2426.3141779431003
2022-11-03,2448.7762649448414
2022-11-04,2484.0390633837737
2022-11-07,2417.140903605458
2022-11-08,2398.022888522056
2022-11-09,2260.9772096379593
2022-11-10,2293.4577201613038
2022-11-11,2352.56710698016
2022-11-14,2371.5865004247103
2022-11-15,2337.782279811808
2022-11-16,2288.042136429709
2022-11-17,2255.8242506531424
2022-11-18,2289.2013406292
2022-11-21,2269.565700765245
2022-11-22,2321.910901917317
2022-11-23,2374.5211720958705
2022-11-24,2374.5211720958705
2022-11-25,2429.279481969701
2022-11-28,2423.9899914257353
2022-11-29,2449.053153661398
2022-11-30,2480.4521354151375
2022-12-01,2461.71567707766
2022-12-02,2430.436870506318
2022-12-05,2338.3840447151647
2022-12-06,2315.02418020298
2022-12-07,2348.425007879192
2022-12-08,2271.48883746899
2022-12-09,2249.9636325167844
2022-12-12,2329.8623716201273
2022-12-13,2295.698794801516
2022-12-14,2338.4753054262296
2022-12-15,2321.02076725411
2022-12-16,2316.386727842918
2022-12-19,2339.8805256719897
2022-12-20,2390.125146857997
2022-12-21,2445.264924352458
2022-12-22,2458.808824744336
2022-12-23,2511.7542111693233
2022-12-26,2511.7542111693233
2022-12-27,2566.2585791617985
2022-12-28,2600.6779763023233
2022-12-29,2594.154043610993
2022-12-30,2619.9274647345947
2023-01-02,2619.9274647345947
2023-01-03,2557.3620406833834
2023-01-04,2640.9205408172097
2023-01-05,2726.9896563912052
2023-01-06,2815.634765758652
2023-01-09,2860.212751814803
2023-01-10,2842.2251581080973
2023-01-11,2932.2471375272125
2023-01-12,2993.308181901274
2023-01-13,3010.233987331078
2023-01-16,3010.233987331078
2023-01-17,3111.775487029289
2023-01-18,2932.010161745344
2023-01-19,2913.903245686528
2023-01-20,3051.842157922963
2023-01-23,3046.6918390468268
2023-01-24,3044.145951587688
2023-01-25,3152.0900532149617
2023-01-26,3161.4000673285436
2023-01-27,3079.0291550182424
2023-01-30,2970.288476311311
2023-01-31,3048.265935904153
2023-02-01,3045.578372589077
2023-02-02,3087.8350764020147
2023-02-03,2955.7325604340367
2023-02-06,2958.0305358321193
2023-02-07,2965.926633286532
2023-02-08,2976.0888321124694
2023-02-09,2877.169144423695
2023-02-10,2918.9482646675956
2023-02-13,3006.0153036498073
2023-02-14,3031.6719009566345
2023-02-15,2996.893902885675
2023-02-16,3034.184119127725
2023-02-17,2943.724088786097
2023-02-20,2943.724088786097
2023-02-21,2916.0550014681817
2023-02-22,2907.376082395582
2023-02-23,2981.3513372627654
2023-02-24,2985.9170139463413
2023-02-27,3013.535457385513
2023-02-28,2992.5800225382804
2023-03-01,3007.731026301866
2023-03-02,2879.518898959643
2023-03-03,2898.8175967845254
2023-03-06,2982.8640519805526
2023-03-07,2920.589483620362
2023-03-08,2984.600561252466
2023-03-09,2880.717548042151
2023-03-10,2722.93364095401
2023-03-13,2652.577236519757
2023-03-14,2624.191076429427
2023-03-15,2489.871177308333
2023-03-16,2616.4163976859095
2023-03-17,2529.0756824418913
2023-03-20,2508.175175578587
2023-03-21,2640.7586782678413
2023-03-22,2612.101595915608
2023-03-23,2567.922624148254
2023-03-24,2591.4973868309417
2023-03-27,2693.8565135176837
2023-03-28,2740.022640155342
2023-03-29,2753.544593632354
2023-03-30,2764.9407700759
2023-03-31,2689.7444501173177
2023-04-03,2755.8472637246637
2023-04-04,2682.6194139710433
2023-04-05,2654.9005058020207
2023-04-06,2639.683806358589
2023-04-07,2639.683806358589
2023-04-10,2707.5278235679907
2023-04-11,2795.5237665865156
2023-04-12,2856.025974788861
2023-04-13,2897.3710580409047
2023-04-14,2953.3727188797907
2023-04-17,2961.816020017257
2023-04-18,2890.9609866098017
2023-04-19,2727.9806005142186
2023-04-20,2744.5323575004704
2023-04-21,2698.196594374176
2023-04-24,2705.993248915862
2023-04-25,2674.005693363586
2023-04-26,2664.1505317327615
2023-04-27,2639.3140842756507
2023-04-28,2668.191949292954
2023-05-01,2614.935557492416
2023-05-02,2608.1334028930946
2023-05-03,2597.9029973558427
2023-05-04,2540.940650088066
2023-05-05,2659.704927447194
2023-05-08,2677.2082431585127
2023-05-09,2700.3649158729
2023-05-10,2721.9208436945983
2023-05-11,2757.8372695307003
2023-05-12,2759.374393350774
2023-05-15,2762.0175038660054
2023-05-16,2672.486843064144
2023-05-17,2759.836479401424
2023-05-18,2721.866924717673
2023-05-19,2748.8883947544587
2023-05-22,2746.774402786068
2023-05-23,2800.766537935325
2023-05-24,2825.584241682732
2023-05-25,2834.6377294631047
2023-05-26,2831.6372752471125
2023-05-29,2831.6372752471125
2023-05-30,2867.8167763844403
2023-05-31,2839.998204532947
2023-06-01,2951.8736254680834
2023-06-02,2991.0823882925624
2023-06-05,3063.247657522358
2023-06-06,3261.5589345336975
2023-06-07,3292.933641871475
2023-06-08,3232.04536958076
2023-06-09,3235.0638757202923
2023-06-12,3229.347834269194
2023-06-13,3237.640173241648
2023-06-14,3208.834180980257
2023-06-15,3310.6868820949803
2023-06-16,3429.156163852212
2023-06-19,3429.156163852212
2023-06-20,3625.2692796637266
2023-06-21,3655.304464052232
2023-06-22,3543.2073287350154
2023-06-23,3578.1093044366876
2023-06-26,3736.1105068715906
2023-06-27,3621.1762544741573
2023-06-28,3607.738988934166
2023-06-29,3634.1473238165536
2023-06-30,3626.5869780959347
2023-07-03,3623.986996193071
2023-07-04,3623.986996193071
2023-07-05,3648.5346261430636
2023-07-06,3449.7074401025016
2023-07-07,3527.6882605578344
2023-07-10,3483.7383516345008
2023-07-11,3492.425708545655
2023-07-12,3540.292290938224
2023-07-13,3649.378600919696
2023-07-14,3483.6058460538907
2023-07-17,3651.4754990920924
2023-07-18,3638.984140040186
2023-07-19,3564.13266370102
2023-07-20,3611.042478664633
2023-07-21,3690.806489177093
2023-07-24,3664.95164994043
2023-07-25,3659.8858955354276
2023-07-26,3687.010253710516
2023-07-27,3519.70233467116
2023-07-28,3594.8307650535717
2023-07-31,3565.12715443045
2023-08-01,3547.1442532022957
2023-08-02,3433.8214413063374
2023-08-03,3409.853792649891
2023-08-04,3474.863481512865
2023-08-07,3433.4935553343894
2023-08-08,3518.286718769647
2023-08-09,3472.212828910439
2023-08-10,3532.6198931495546
2023-08-11,3573.5788851805437
2023-08-14,3417.694121348214
2023-08-15,3367.329162284321
2023-08-16,3420.421676334369
2023-08-17,3363.0692985085125
2023-08-18,3384.112190238458
2023-08-21,3347.6666331971305
2023-08-22,3439.193129836028
2023-08-23,3512.1859654994437
2023-08-24,3491.4278714306115
2023-08-25,3546.332149007777
2023-08-28,3699.8029708199515
2023-08-29,3723.5098821861725
2023-08-30,3677.4667539371644
2023-08-31,3686.60973817157
2023-12-01,994.1348973607038
2023-12-04,979.4721407624633
2023-12-05,1017.5953079178885
2023-12-06,1023.4604105571848
2023-12-07,1096.7741935483873
2023-12-08,1126.0997067448682
2023-12-11,1155.4252199413493
2023-12-12,1090.9090909090912
2023-12-13,1164.2228739002935
2023-12-14,1140.762463343109
2023-12-15,1085.043988269795
2023-12-18,1126.099706744868
2023-12-19,1117.3020527859237
2023-12-20,1211.1436950146626
2023-12-21,1310.8504398826979
2023-12-22,1307.91788856305
2023-12-25,1307.91788856305
2023-12-26,1278.592375366569
2023-12-27,1246.3343108504398
2023-12-28,1214.0762463343106
2023-12-29,1190.6158357771258
2024-01-01,1190.6158357771258
2024-01-02,1155.4252199413486
2024-01-03,1085.0439882697945
2024-01-04,1005.8651026392959
2024-01-05,988.2697947214073
2024-01-08,1043.9882697947212
2024-01-09,991.2023460410555
2024-01-10,1043.9882697947212
2024-01-11,1029.3255131964806
2024-01-12,1041.055718475073
2024-01-15,1041.055718475073
2024-01-16,1038.123167155425
2024-01-17,1105.5718475073313
2024-01-18,1152.4926686217007
2024-01-19,1190.6158357771255
2024-01-22,1225.8064516129027
2024-01-23,1208.2111436950142
2024-01-24,1225.8064516129027
2024-01-25,1337.2434017595301
2024-01-26,1328.445747800586
2024-01-29,1281.5249266862165
2024-01-30,1290.322580645161
2024-01-31,1281.5249266862168
2024-02-01,1340.1759530791787
2024-02-02,1384.1642228739001
2024-02-05,1334.3108504398826
2024-02-06,1307.91788856305
2024-02-07,1175.9530791788857
2024-02-08,1093.841642228739
2024-02-09,1155.4252199413488
2024-02-12,1161.290322580645
2024-02-13,1146.6275659824046
2024-02-14,1196.480938416422
2024-02-15,1211.1436950146624
2024-02-16,1246.3343108504396
2024-02-19,1246.3343108504396
2024-02-20,1263.9296187683278
2024-02-21,1255.1319648093838
2024-02-22,1255.1319648093838
2024-02-23,1281.5249266862165
2024-02-26,1293.255131964809
2024-02-27,1228.7390029325509
2024-02-28,1196.4809384164216
2024-02-29,1275.65982404692
