Date,CHINA IMI WITH PARTIAL A SHARES
2008-11-27,1056.6205692650562
2008-11-28,1073.37215904414
2008-12-30,1177.7283035330915
2008-12-31,1192.9221372811044
2009-01-29,1086.7319539766142
2009-01-30,1102.0251514305778
2009-02-26,1085.6848203925097
2009-02-27,1072.033400028611
2009-03-30,1206.3452760426785
2009-03-31,1224.236002169801
2009-04-29,1330.197208869393
2009-04-30,1365.732822821346
2009-05-28,1580.0752132840014
2009-05-29,1612.606624669518
2009-06-29,1702.9335298274843
2009-06-30,1683.546349986959
2009-07-30,1847.9598483829504
2009-07-31,1877.2841312034222
2009-08-28,1765.0251827391555
2009-08-31,1733.0145672115555
2009-09-29,1826.1874919000966
2009-09-30,1814.1685919986853
2009-10-29,1898.0309849737057
2009-10-30,1937.648642351166
2009-11-27,1934.085033412864
2009-11-30,2002.8978376939742
2009-12-30,1984.3639657101946
2009-12-31,2022.8492595434752
2010-01-28,1872.5423571187464
2010-01-29,1854.6973616192267
2010-02-25,1881.187511392144
2010-02-26,1902.6519706378197
2010-03-30,2018.3461268410501
2010-03-31,2009.6794273618398
2010-04-29,1959.1332010974743
2010-04-30,1997.6568944739704
2010-05-28,1866.616799498112
2010-05-31,1871.3996297767835
2010-06-29,1885.4740658175317
2010-06-30,1885.9813692848845
2010-07-29,1979.6861705162787
2010-07-30,1979.5630479358997
2010-08-30,1944.1193322404074
2010-08-31,1932.2797354333802
2010-09-29,2115.344036574208
2010-09-30,2114.3230359611657
2010-10-28,2206.1083763283987
2010-10-29,2205.3131766728443
2010-11-29,2178.621925276036
2010-11-30,2165.303184875379
2010-12-30,2134.3417735462845
2010-12-31,2152.4822916135295
2011-01-28,2140.6555471670863
2011-01-31,2135.2829379731206
2011-02-25,2063.2585437343137
2011-02-28,2096.7720096918492
2011-03-30,2182.503356512775
2011-03-31,2197.1277188559934
2011-04-28,2242.3410230233458
2011-04-29,2234.6838187217522
2011-05-30,2187.4896010706148
2011-05-31,2228.767085046902
2011-06-29,2115.0219942884905
2011-06-30,2145.736102437892
2011-07-28,2146.9943871802047
2011-07-29,2127.3205825867217
2011-08-30,1885.1555047848317
2011-08-31,1921.7535272168298
2011-09-29,1639.428108566304
2011-09-30,1594.6417500009961
2011-10-28,1850.4107255701415
2011-10-31,1830.36470598431
2011-11-29,1708.1855156377756
2011-11-30,1678.8134437037793
2011-12-29,1700.630373605501
2011-12-30,1705.7315985291268
2012-01-30,1852.7888728884857
2012-01-31,1877.290906978933
2012-02-28,2003.6055804252048
2012-02-29,2013.0552011243703
2012-03-29,1857.748014063907
2012-03-30,1872.2923879746043
2012-04-27,1906.2870013777635
2012-04-30,1934.294189514337
2012-05-30,1745.7528998599857
2012-05-31,1740.7628318765476
2012-06-28,1728.5370278714656
2012-06-29,1765.9769804655195
2012-07-30,1754.4162425933932
2012-07-31,1776.856447369254
2012-08-30,1735.2788336527615
2012-08-31,1727.519851450333
2012-09-27,1821.081604444319
2012-09-28,1835.894526096635
2012-10-30,1914.482143337588
2012-10-31,1937.5657297133264
2012-11-29,1955.6059421925488
2012-11-30,1971.5088797419492
2012-12-28,2076.96314797208
2012-12-31,2084.607897215907
2013-01-30,2192.2868418449166
2013-01-31,2180.9828445379026
2013-02-27,2060.741363609614
2013-02-28,2109.7045291812274
2013-03-28,2016.0329210940438
2013-03-29,2015.7611639475626
2013-04-29,2018.097091926229
2013-04-30,2039.127432619297
2013-05-30,2054.8011188305495
2013-05-31,2043.7886234518855
2013-06-27,1845.3520656947117
2013-06-28,1887.1761696688916
2013-07-30,1962.433714928482
2013-07-31,1956.7825021412802
2013-08-29,2004.9258898429562
2013-08-30,2010.2164347794808
2013-09-27,2137.3375683145478
2013-09-30,2111.025199200059
2013-10-30,2166.068276012505
2013-10-31,2163.699213211057
2013-11-28,2248.819790578226
2013-11-29,2266.0787104994615
2013-12-30,2186.9124950867977
2013-12-31,2198.3263803803925
2014-01-01,2198.3263803803925
2014-01-02,2197.593136148148
2014-01-03,2154.0761111670113
2014-01-06,2129.4303462835414
2014-01-07,2120.602213329477
2014-01-08,2144.9898496696783
2014-01-09,2120.3930395014268
2014-01-10,2122.731315843131
2014-01-13,2129.07356495613
2014-01-14,2121.337277274985
2014-01-15,2134.3334888239183
2014-01-16,2135.7197911270123
2014-01-17,2137.8055455417375
2014-01-20,2114.14068944895
2014-01-21,2129.400514588398
2014-01-22,2147.9429575429417
2014-01-23,2120.4718582554387
2014-01-24,2092.1663296223633
2014-01-27,2042.301347785326
2014-01-28,2045.8597478182649
2014-01-29,2078.60617338504
2014-01-30,2069.9620547018167
2014-01-31,2070.012770009795
2014-02-03,2070.126889005535
2014-02-04,2004.7786409965154
2014-02-05,1999.070448995545
2014-02-06,2010.7500199124722
2014-02-07,2040.7919877980014
2014-02-10,2046.1435013518199
2014-02-11,2078.8518502481697
2014-02-12,2103.377079338613
2014-02-13,2089.858972407524
2014-02-14,2103.0020818601092
2014-02-17,2132.676970470042
2014-02-18,2125.372480614875
2014-02-19,2127.5504845954415
2014-02-20,2103.826339219361
2014-02-21,2106.357679503357
2014-02-24,2081.1568713268703
2014-02-25,2066.6580255106933
2014-02-26,2086.1428834922376
2014-02-27,2118.0581035643004
2014-02-28,2118.627910708623
2014-03-03,2096.491480076135
2014-03-04,2105.0460791466207
2014-03-05,2093.6601965502095
2014-03-06,2109.2556271808257
2014-03-07,2108.420696428445
2014-03-10,2066.8883551055333
2014-03-11,2069.1755959236493
2014-03-12,2036.5015668111532
2014-03-13,2025.4283460982188
2014-03-14,2000.7799874011787
2014-03-17,1995.5175472373455
2014-03-18,2013.8626707025276
2014-03-19,2014.3670989607226
2014-03-20,1982.2197498821363
2014-03-21,2011.673558378685
2014-03-24,2050.5674472863057
2014-03-25,2029.7168609425494
2014-03-26,2049.3765801489867
2014-03-27,2036.0116408522774
2014-03-28,2063.8507409830436
2014-03-31,2078.5489445616504
2014-04-01,2099.470516348749
2014-04-02,2099.4189737166585
2014-04-03,2103.2034834737615
2014-04-04,2091.056988541111
2014-04-07,2087.01280848635
2014-04-08,2113.7532058141182
2014-04-09,2133.482260533667
2014-04-10,2162.192740449188
2014-04-11,2125.206911802809
2014-04-14,2123.1019521782114
2014-04-15,2085.003525664983
2014-04-16,2085.770040069919
2014-04-17,2095.4289375957674
2014-04-18,2095.446293881573
2014-04-21,2093.701785499122
2014-04-22,2088.3970607970296
2014-04-23,2073.2783971652334
2014-04-24,2076.5699350322498
2014-04-25,2048.6981419674203
2014-04-28,2027.6164750591156
2014-04-29,2048.0552992547996
2014-04-30,2028.4095232277798
2014-05-01,2028.3596543924582
2014-05-02,2037.0377199397144
2014-05-05,2027.7153443423642
2014-05-06,2028.3470022968138
2014-05-07,2002.1378620454059
2014-05-08,2009.0136547019436
2014-05-09,1999.6151543336491
2014-05-12,2034.096332647198
2014-05-13,2045.6276715812223
2014-05-14,2070.1487232908535
2014-05-15,2076.289779999512
2014-05-16,2067.5808611983625
2014-05-19,2064.862126314512
2014-05-20,2069.549994113605
2014-05-21,2083.0605668733756
2014-05-22,2106.5401314632377
2014-05-23,2112.0151351051254
2014-05-26,2115.4483977337945
2014-05-27,2109.561202306572
2014-05-28,2125.4760134736566
2014-05-29,2111.52365228548
2014-05-30,2115.980861038876
2014-06-02,2115.74637391193
2014-06-03,2144.0145928278503
2014-06-04,2127.830910694036
2014-06-05,2133.8947821094466
2014-06-06,2126.5792115097033
2014-06-09,2142.4499721857082
2014-06-10,2168.6627910641414
2014-06-11,2166.947940460103
2014-06-12,2167.757102947873
2014-06-13,2181.8618299987934
2014-06-16,2182.138129945475
2014-06-17,2172.473109365369
2014-06-18,2169.6236810257833
2014-06-19,2162.0250032392537
2014-06-20,2167.3429667772652
2014-06-23,2135.416327700546
2014-06-24,2144.0942212294635
2014-06-25,2142.751946813418
2014-06-26,2175.56529661761
2014-06-27,2174.239032974111
2014-06-30,2181.5064260761587
2014-07-01,2181.7880711595344
2014-07-02,2216.6799268482173
2014-07-03,2229.9220751456423
2014-07-04,2235.5211322623272
2014-07-07,2239.057860181075
2014-07-08,2242.427157897884
2014-07-09,2209.706226111554
2014-07-10,2217.0150351402776
2014-07-11,2216.5908841792602
2014-07-14,2234.016235590287
2014-07-15,2248.5825707833383
2014-07-16,2250.280946807981
2014-07-17,2248.7651739518146
2014-07-18,2242.9129844173485
2014-07-21,2230.99180445728
2014-07-22,2271.2554521460233
2014-07-23,2297.6070948690653
2014-07-24,2315.6759668803234
2014-07-25,2322.191662892972
2014-07-28,2344.5102285799003
2014-07-29,2353.8901983859396
2014-07-30,2350.7721278992226
2014-07-31,2352.995934139979
2014-08-01,2330.3746348291843
2014-08-04,2352.01741045633
2014-08-05,2353.0875572278023
2014-08-06,2351.1114396931916
2014-08-07,2329.5726495513145
2014-08-08,2327.0211343333553
2014-08-11,2360.4246383714
2014-08-12,2369.720107155667
2014-08-13,2393.05169366346
2014-08-14,2372.2496069698223
2014-08-15,2387.036222697539
2014-08-18,2389.347354925238
2014-08-19,2398.338364256538
2014-08-20,2395.3513414029785
2014-08-21,2379.284371610934
2014-08-22,2393.457608014972
2014-08-25,2391.9048459179085
2014-08-26,2384.71651740086
2014-08-27,2376.827662051838
2014-08-28,2354.466025320768
2014-08-29,2362.75983265451
2014-09-01,2364.2139672005737
2014-09-02,2371.4613378357512
2014-09-03,2429.0509410243735
2014-09-04,2440.2190167187896
2014-09-05,2437.4798397619043
2014-09-08,2442.426302628651
2014-09-09,2442.6500741796235
2014-09-10,2393.7066867916337
2014-09-11,2386.618056854198
2014-09-12,2382.6057321773083
2014-09-15,2359.5989124091498
2014-09-16,2326.8445796569445
2014-09-17,2357.808605011071
2014-09-18,2339.304798430008
2014-09-19,2346.815743641308
2014-09-22,2310.1363770221737
2014-09-23,2300.566031937463
2014-09-24,2321.191958301697
2014-09-25,2311.2080147708803
2014-09-26,2294.781384861649
2014-09-29,2262.4782134590455
2014-09-30,2238.0289441396
2014-10-01,2237.9880223954397
2014-10-02,2238.8204087279632
2014-10-03,2252.3872569719742
2014-10-06,2276.0072983880577
2014-10-07,2289.571658935767
2014-10-08,2275.0430045442577
2014-10-09,2295.318391981653
2014-10-10,2253.254971521208
2014-10-13,2242.5244597479987
2014-10-14,2233.597713456053
2014-10-15,2239.6238239757663
2014-10-16,2217.503041587272
2014-10-17,2226.310341877892
2014-10-20,2240.0801183664407
2014-10-21,2235.1817553041715
2014-10-22,2262.696661338963
2014-10-23,2251.973198663322
2014-10-24,2249.714341500778
2014-10-27,2230.205306879401
2014-10-28,2271.23572152822
2014-10-29,2304.5986573759424
2014-10-30,2293.975174296027
2014-10-31,2324.1945461312407
2014-11-03,2317.551758583292
2014-11-04,2321.9305471823895
2014-11-05,2305.2237195055704
2014-11-06,2301.0833610242785
2014-11-07,2289.7225354069265
2014-11-10,2307.360338220501
2014-11-11,2307.4784276013465
2014-11-12,2320.8322903374087
2014-11-13,2329.418150760889
2014-11-14,2336.5962032053662
2014-11-17,2302.5084978021478
2014-11-18,2279.6259324008993
2014-11-19,2267.515690767412
2014-11-20,2268.484964543458
2014-11-21,2279.550689158474
2014-11-24,2341.42068165398
2014-11-25,2335.0658226079318
2014-11-26,2364.3830998890803
2014-11-27,2355.6554945459134
2014-11-28,2363.0313132418364
2014-12-01,2300.479964306999
2014-12-02,2336.82555279794
2014-12-03,2318.8479332689326
2014-12-04,2371.800882863625
2014-12-05,2381.4435974825797
2014-12-08,2399.0273163928655
2014-12-09,2319.485682166706
2014-12-10,2338.2402355661557
2014-12-11,2318.266155283296
2014-12-12,2319.0939982817663
2014-12-15,2306.7408096037816
2014-12-16,2283.570800743107
2014-12-17,2279.581894850704
2014-12-18,2300.951350207528
2014-12-19,2317.5348080879007
2014-12-22,2348.0146471175585
2014-12-23,2332.9006887139067
2014-12-24,2323.175404397827
2014-12-25,2326.6802448869466
2014-12-26,2330.0760755998404
2014-12-29,2382.3422139961153
2014-12-30,2364.482611369471
2014-12-31,2388.207287025304
2015-01-01,2388.207287025304
2015-01-02,2427.4573258064065
2015-01-05,2431.0588622031
2015-01-06,2417.0596116683873
2015-01-07,2431.6722507208488
2015-01-08,2444.963578342631
2015-01-09,2456.6843318760166
2015-01-12,2440.7041131590304
2015-01-13,2453.9135195361387
2015-01-14,2442.732213291949
2015-01-15,2465.683519336888
2015-01-16,2441.9211689255067
2015-01-19,2365.062546585594
2015-01-20,2402.512834107991
2015-01-21,2460.474436240221
2015-01-22,2468.378591200782
2015-01-23,2495.4407207772824
2015-01-26,2497.0703700346007
2015-01-27,2474.2843698534803
2015-01-28,2473.090629464799
2015-01-29,2443.521208531594
2015-01-30,2430.7082051133552
2015-02-02,2416.5364798825185
2015-02-03,2440.5891509952507
2015-02-04,2447.4908153698666
2015-02-05,2453.257344647872
2015-02-06,2433.435319691612
2015-02-09,2416.935898096953
2015-02-10,2424.676807087754
2015-02-11,2414.893437981994
2015-02-12,2437.161298343556
2015-02-13,2463.4913308360733
2015-02-16,2466.0211173994535
2015-02-17,2473.0342332348023
2015-02-18,2477.8629698411246
2015-02-19,2478.2234348375696
2015-02-20,2477.742839619567
2015-02-23,2480.3389794185873
2015-02-24,2483.8709503783966
2015-02-25,2487.531423667926
2015-02-26,2513.388707870425
2015-02-27,2503.349612055706
2015-03-02,2512.1370328927687
2015-03-03,2476.9544535306986
2015-03-04,2456.709929299403
2015-03-05,2448.245315691474
2015-03-06,2448.0759667846937
2015-03-09,2451.4017316128457
2015-03-10,2423.2710560692635
2015-03-11,2405.3976328750146
2015-03-12,2422.600982248462
2015-03-13,2435.4990326927546
2015-03-16,2458.2297183699616
2015-03-17,2464.177322205657
2015-03-18,2492.582873476459
2015-03-19,2517.8132096745544
2015-03-20,2516.175036269283
2015-03-23,2531.7474671242767
2015-03-24,2518.9291504924454
2015-03-25,2520.0387229105645
2015-03-26,2510.762713409624
2015-03-27,2514.624314047556
2015-03-30,2583.44153989916
2015-03-31,2596.829473739798
2015-04-01,2634.428884580263
2015-04-02,2675.9096922779413
2015-04-03,2678.246374262744
2015-04-06,2678.310789145811
2015-04-07,2682.454545283658
2015-04-08,2840.755377916891
2015-04-09,2907.4796622154386
2015-04-10,2949.7377547549904
2015-04-13,3061.274502156406
2015-04-14,2987.783981299739
2015-04-15,2996.477552327537
2015-04-16,3038.84126194406
2015-04-17,3029.6359758898366
2015-04-20,2946.224213182589
2015-04-21,3030.381555935574
2015-04-22,3078.671678455681
2015-04-23,3067.087598950678
2015-04-24,3069.2666505015372
2015-04-27,3115.964023698413
2015-04-28,3104.9570834418864
2015-04-29,3091.223988292286
2015-04-30,3066.2030555257847
2015-05-01,3066.313708852072
2015-05-04,3077.4094795871015
2015-05-05,3016.123477179366
2015-05-06,2984.5521607210276
2015-05-07,2919.517391598503
2015-05-08,2980.1812853025026
2015-05-11,3021.342249080077
2015-05-12,2990.6726791737433
2015-05-13,2981.756156058904
2015-05-14,2985.830854254805
2015-05-15,3020.4561788905808
2015-05-18,3010.008401829503
2015-05-19,3046.1855057908556
2015-05-20,3029.675655649323
2015-05-21,3011.2862427824543
2015-05-22,3059.76940925757
2015-05-25,3066.095408474522
2015-05-26,3128.46035802506
2015-05-27,3117.548132534321
2015-05-28,3025.843173741354
2015-05-29,3017.2853550675495
2015-06-01,3063.696102883478
2015-06-02,3050.6478544445536
2015-06-03,3045.5354819545355
2015-06-04,3040.6425302505345
2015-06-05,3013.4030154428556
2015-06-08,3019.81623528694
2015-06-09,2959.2673004568856
2015-06-10,2930.5259124170266
2015-06-11,2952.9834763251956
2015-06-12,3004.896948016287
2015-06-15,2945.992258270573
2015-06-16,2879.4887265676316
2015-06-17,2912.766353606915
2015-06-18,2892.081771664569
2015-06-19,2862.079358990938
2015-06-22,2894.7457982123265
2015-06-23,2949.3731336876044
2015-06-24,2973.1809317522147
2015-06-25,2936.1152938806085
2015-06-26,2850.9984575427247
2015-06-29,2760.7745801371566
2015-06-30,2815.8069694213877
2015-07-01,2803.687906919023
2015-07-02,2764.590423436495
2015-07-03,2700.5722900868536
2015-07-06,2584.2375908645013
2015-07-07,2490.9706401973135
2015-07-08,2326.7710776036934
2015-07-09,2480.3730541420455
2015-07-10,2571.7209019411202
2015-07-13,2615.91377950244
2015-07-14,2595.032177912889
2015-07-15,2550.8742542980713
2015-07-16,2573.774105347926
2015-07-17,2616.744692006146
2015-07-20,2615.1729769230315
2015-07-21,2640.3779629672927
2015-07-22,2611.341123982734
2015-07-23,2633.3295199510994
2015-07-24,2600.6643844135506
2015-07-27,2476.202005998784
2015-07-28,2472.85359553258
2015-07-29,2498.4834862409875
2015-07-30,2479.8481481212248
2015-07-31,2486.162016555095
2015-08-03,2451.2960812128968
2015-08-04,2466.146735398273
2015-08-05,2474.6971219617503
2015-08-06,2463.7872981429823
2015-08-07,2490.496613676346
2015-08-10,2522.848937004541
2015-08-11,2511.2422413534796
2015-08-12,2451.661696759732
2015-08-13,2470.796485615062
2015-08-14,2471.5739656861056
2015-08-17,2459.234239989858
2015-08-18,2405.9212678687813
2015-08-19,2386.8482505485285
2015-08-20,2330.0002208534647
2015-08-21,2276.169127267929
2015-08-24,2128.587793465179
2015-08-25,2116.5389450374173
2015-08-26,2098.396075523099
2015-08-27,2204.2944928068528
2015-08-28,2201.8354042022183
2015-08-31,2182.577097006248
2015-09-01,2121.9907083297408
2015-09-02,2097.447026891249
2015-09-03,2097.1084698443087
2015-09-04,2087.0899536414845
2015-09-07,2074.895070090402
2015-09-08,2149.367183966489
2015-09-09,2232.674175786621
2015-09-10,2190.9757944666
2015-09-11,2187.669915820836
2015-09-14,2179.2471710025416
2015-09-15,2165.078361042094
2015-09-16,2221.5589847950687
2015-09-17,2219.554285760645
2015-09-18,2241.1905468621376
2015-09-21,2230.5098660056283
2015-09-22,2233.4174675413915
2015-09-23,2178.751218462825
2015-09-24,2169.2189195615974
2015-09-25,2168.823990076506
2015-09-28,2170.413270395108
2015-09-29,2108.4977659407004
2015-09-30,2145.564563576745
2015-10-01,2145.564563576745
2015-10-02,2211.7356083407426
2015-10-05,2242.958133355657
2015-10-06,2242.676875941586
2015-10-07,2319.904100322359
2015-10-08,2298.8041318616583
2015-10-09,2316.7287140617755
2015-10-12,2356.47468106701
2015-10-13,2343.622910401767
2015-10-14,2320.786854173302
2015-10-15,2369.094009581618
2015-10-16,2383.7767775897582
2015-10-19,2392.011032711696
2015-10-20,2389.2944759256484
2015-10-21,2380.8518515643955
2015-10-22,2369.860939038287
2015-10-23,2399.542458504919
2015-10-26,2401.6300951307435
2015-10-27,2396.644526649655
2015-10-28,2369.229117121655
2015-10-29,2353.956598979116
2015-10-30,2347.5306450622907
2015-11-02,2321.1231274883385
2015-11-03,2336.6320590385285
2015-11-04,2393.7246537244064
2015-11-05,2398.9780576711037
2015-11-06,2396.157729112248
2015-11-09,2380.0438662729375
2015-11-10,2346.0719992692566
2015-11-11,2339.6215281329846
2015-11-12,2378.7295797442134
2015-11-13,2334.094311806949
2015-11-16,2298.7682825022384
2015-11-17,2318.943388804797
2015-11-18,2315.143376683668
2015-11-19,2347.8963675644727
2015-11-20,2371.260762604457
2015-11-23,2362.685922834719
2015-11-24,2356.587262995171
2015-11-25,2352.0865646233588
2015-11-26,2343.340676194564
2015-11-27,2286.4450552802236
2015-11-30,2283.030885410768
2015-12-01,2309.795243521379
2015-12-02,2324.973150811949
2015-12-03,2313.8274519632964
2015-12-04,2301.590593215413
2015-12-07,2300.839865986827
2015-12-08,2273.810189218616
2015-12-09,2258.1268570684956
2015-12-10,2243.5363213730607
2015-12-11,2201.087650990761
2015-12-14,2200.2402538960446
2015-12-15,2214.3413631904946
2015-12-16,2252.6026894675747
2015-12-17,2265.425488292683
2015-12-18,2251.4109368573745
2015-12-21,2265.788238131694
2015-12-22,2273.0286055337897
2015-12-23,2293.40509332982
2015-12-24,2296.3561586308
2015-12-25,2297.598370421701
2015-12-28,2268.705482355565
2015-12-29,2277.281396908814
2015-12-30,2259.453394007411
2015-12-31,2261.262094386874
2016-01-01,2261.262094386874
2016-01-04,2173.365160316539
2016-01-05,2167.715466722424
2016-01-06,2156.0024883337055
2016-01-07,2057.154934697597
2016-01-08,2066.262507934758
2016-01-11,1994.75292976572
2016-01-12,1990.942740350746
2016-01-13,1987.9848149661655
2016-01-14,1989.9860480410534
2016-01-15,1938.6729805480845
2016-01-18,1923.9644750052228
2016-01-19,1970.6074818986356
2016-01-20,1905.4357889056514
2016-01-21,1875.016479100648
2016-01-22,1930.9307814444485
2016-01-25,1950.1595869058965
2016-01-26,1895.1864275396367
2016-01-27,1897.7405677866107
2016-01-28,1896.3029432220344
2016-01-29,1945.3927302110737
2016-02-01,1936.8822253070875
2016-02-02,1920.3391320962394
2016-02-03,1879.7929666910331
2016-02-04,1903.9223378359354
2016-02-05,1895.6529475633868
2016-02-08,1888.7804367962449
2016-02-09,1884.6135310470022
2016-02-10,1889.3167530037274
2016-02-11,1821.7647813510214
2016-02-12,1810.0068406659002
2016-02-15,1863.4763507773237
2016-02-16,1912.1906829973893
2016-02-17,1906.4142247806135
2016-02-18,1944.120780003233
2016-02-19,1947.1963793024092
2016-02-22,1971.916567470603
2016-02-23,1954.408980865
2016-02-24,1940.6630961122319
2016-02-25,1892.2284247624
2016-02-26,1932.679621766286
2016-02-29,1908.048950090153
2016-03-01,1947.4618541523348
2016-03-02,2000.2068621442413
2016-03-03,1999.1374772924119
2016-03-04,2028.1824799020599
2016-03-07,2036.7443273260706
2016-03-08,2015.9500149761705
2016-03-09,2007.113412402849
2016-03-10,1998.3632004059289
2016-03-11,2035.0525321127645
2016-03-14,2059.2012627453
2016-03-15,2036.5696229584905
2016-03-16,2034.3640578827485
2016-03-17,2067.283139744671
2016-03-18,2100.1704812117136
2016-03-21,2114.457455748774
2016-03-22,2112.0897748337534
2016-03-23,2100.437130699607
2016-03-24,2075.464149784475
2016-03-25,2076.348786837719
2016-03-28,2074.681573025224
2016-03-29,2079.6436494051213
2016-03-30,2121.685071645613
2016-03-31,2128.279318927868
2016-04-01,2108.0044020907717
2016-04-04,2107.4352604575647
2016-04-05,2082.986647161717
2016-04-06,2093.3277597860333
2016-04-07,2093.9256133340155
2016-04-08,2099.1800138162666
2016-04-11,2117.0140569219816
2016-04-12,2126.027360350362
2016-04-13,2188.515333208146
2016-04-14,2196.5541598798204
2016-04-15,2193.193329772536
2016-04-18,2177.3358164548968
2016-04-19,2195.7824376437234
2016-04-20,2169.475907889659
2016-04-21,2189.705622695037
2016-04-22,2170.7237247404114
2016-04-25,2146.3853499843062
2016-04-26,2147.8793824024656
2016-04-27,2142.006887921752
2016-04-28,2142.09183749173
2016-04-29,2126.5156268982596
2016-05-02,2117.445851667926
2016-05-03,2088.5669407474506
2016-05-04,2083.0704585106746
2016-05-05,2075.768171887079
2016-05-06,2045.7675238596482
2016-05-09,2030.0937322916204
2016-05-10,2036.855053974312
2016-05-11,2030.4662738030254
2016-05-12,2017.7744361084285
2016-05-13,1995.9139729950273
2016-05-16,2021.1243073553478
2016-05-17,2041.661665331693
2016-05-18,2015.5520750949954
2016-05-19,1995.7110390903401
2016-05-20,2009.6393692252273
2016-05-23,2012.1380710822261
2016-05-24,2021.5862746210244
2016-05-25,2044.9465956656002
2016-05-26,2051.127608677904
2016-05-27,2080.0430198772874
2016-05-30,2085.3615647226015
2016-05-31,2105.546939654266
2016-06-01,2090.924566913023
2016-06-02,2097.9213986677414
2016-06-03,2099.2419891160957
2016-06-06,2116.3066306794613
2016-06-07,2142.3425829254884
2016-06-08,2134.727362195527
2016-06-09,2133.8203936790405
2016-06-10,2095.103980169804
2016-06-13,2050.843641962514
2016-06-14,2048.7182622443074
2016-06-15,2063.624904681538
2016-06-16,2037.4320207319188
2016-06-17,2042.4341159969936
2016-06-20,2069.129645388388
2016-06-21,2083.3895968733486
2016-06-22,2104.6694904295064
2016-06-23,2108.1157254388672
2016-06-24,2056.4090501527435
2016-06-27,2051.4571885271143
2016-06-28,2057.3751999609713
2016-06-29,2087.731345125732
2016-06-30,2122.9781239640374
2016-07-01,2122.200889258696
2016-07-04,2142.005506925608
2016-07-05,2118.1330053072597
2016-07-06,2094.1043627324684
2016-07-07,2115.7134279765864
2016-07-08,2105.9196268430856
2016-07-11,2145.180912535227
2016-07-12,2172.032932733967
2016-07-13,2176.4136537127733
2016-07-14,2195.5813679823536
2016-07-15,2198.4523294751357
2016-07-18,2206.8898844999194
2016-07-19,2192.842322505297
2016-07-20,2209.008005782405
2016-07-21,2218.40753580061
2016-07-22,2212.666740439456
2016-07-25,2212.813485543363
2016-07-26,2222.402471385621
2016-07-27,2224.7981064990527
2016-07-28,2220.780761031975
2016-07-29,2187.7174788244565
2016-08-01,2212.2215189163135
2016-08-02,2209.2890412194856
2016-08-03,2186.1198377446367
2016-08-04,2195.4432755413372
2016-08-05,2221.720665860852
2016-08-08,2252.592750681887
2016-08-09,2258.5502387380557
2016-08-10,2264.1208245330527
2016-08-11,2287.5971335077306
2016-08-12,2321.797803516079
2016-08-15,2349.123095053477
2016-08-16,2353.145038262608
2016-08-17,2344.0104912158513
2016-08-18,2364.5197187067765
2016-08-19,2362.6416925298076
2016-08-22,2357.1939534031885
2016-08-23,2349.3743148842495
2016-08-24,2331.4284261751072
2016-08-25,2324.9671205666928
2016-08-26,2340.394737225678
2016-08-29,2338.6683531484223
2016-08-30,2360.2888587820803
2016-08-31,2345.0043299156137
2016-09-01,2355.6429696681957
2016-09-02,2370.06367412835
2016-09-05,2404.3722443131674
2016-09-06,2446.46724334495
2016-09-07,2437.452441422343
2016-09-08,2449.866635974159
2016-09-09,2442.55197931514
2016-09-12,2379.4810133975866
2016-09-13,2374.9938027687926
2016-09-14,2377.2453402995666
2016-09-15,2393.924098080481
2016-09-16,2393.0188129872768
2016-09-19,2410.8616308299524
2016-09-20,2408.3747001303477
2016-09-21,2441.4644652289617
2016-09-22,2463.937933100658
2016-09-23,2451.0287718620593
2016-09-26,2406.119298582578
2016-09-27,2432.0124263452844
2016-09-28,2430.785882788686
2016-09-29,2433.4503284199523
2016-09-30,2397.033339729739
2016-10-03,2420.878148381106
2016-10-04,2434.3349949710396
2016-10-05,2446.8193792598677
2016-10-06,2460.4609773421503
2016-10-07,2447.2570286911896
2016-10-10,2458.1640637134474
2016-10-11,2428.1414563855683
2016-10-12,2410.3621596026624
2016-10-13,2377.1183847426605
2016-10-14,2387.2519477802325
2016-10-17,2374.8773164423988
2016-10-18,2409.957691367428
2016-10-19,2404.272251907501
2016-10-20,2409.0212888537617
2016-10-21,2409.9695053849578
2016-10-24,2433.5189364672387
2016-10-25,2427.1557025415846
2016-10-26,2399.7861759522852
2016-10-27,2382.934132808324
2016-10-28,2364.5617372667916
2016-10-31,2356.0589211266024
2016-11-01,2370.0665018267514
2016-11-02,2331.7624481943258
2016-11-03,2321.591560655231
2016-11-04,2316.8949670921775
2016-11-07,2348.748157425014
2016-12-08,2329.5035716520024
2017-04-03,2532.7625191459533
2017-04-04,2528.8233769889034
2017-04-05,2546.0306870449126
2017-04-06,2539.0171734858172
2017-04-07,2542.339898634835
2017-04-10,2541.712219492811
2017-04-11,2524.2727939191163
2017-04-12,2540.682542850029
2017-04-13,2538.3226945439474
2017-04-14,2536.6908005177156
2017-04-17,2540.147415839421
2017-04-18,2511.5162368759316
2017-04-19,2509.1590729708746
2017-04-20,2534.9166359800065
2017-04-21,2536.2595642090414
2017-04-24,2541.88477872493
2017-04-25,2576.3422358401876
2017-04-26,2575.4598474387267
2017-04-27,2573.122029442209
2017-04-28,2565.4513407870695
2017-05-01,2570.1807861205666
2017-05-02,2574.2321879349797
2017-05-03,2569.9383338972775
2017-05-04,2550.0677114814825
2017-05-05,2529.9328620012107
2017-05-08,2544.200710280371
2017-05-09,2582.0117227159976
2017-05-10,2593.918020181411
2017-05-11,2600.6924163102244
2017-05-12,2607.117221082964
2017-05-15,2624.3212277459115
2017-05-16,2643.593390950184
2017-05-17,2626.4173728135715
2017-05-18,2615.1195894862617
2017-05-19,2639.9943864034703
2017-05-22,2670.37986173236
2017-05-23,2659.853490159851
2017-05-24,2659.678928271734
2017-05-25,2689.615115741604
2017-05-26,2689.7353164783963
2017-05-29,2694.748307270084
2017-05-30,2691.631517101873
2017-05-31,2675.0172932526084
2017-06-01,2692.0558395562775
2017-06-02,2699.1755475893365
2017-06-05,2703.3083570824206
2017-06-06,2708.030716511429
2017-06-07,2723.8026592587366
2017-06-08,2764.9216562705838
2017-06-09,2741.6752391893147
2017-06-12,2711.8129159210503
2017-06-13,2717.941639880197
2017-06-14,2717.582728355677
2017-06-15,2684.738604045891
2017-06-16,2688.9148453037324
2017-06-19,2732.8651092503355
2017-06-20,2725.8781664378853
2017-06-21,2738.4386853218894
2017-06-22,2742.0890833318495
2017-06-23,2749.5821793978716
2017-06-26,2767.699587362278
2017-06-27,2759.0477514101563
2017-06-28,2748.3135905556983
2017-06-29,2752.0885787357133
2017-06-30,2734.658045997062
2017-07-03,2749.661976752144
2017-07-04,2715.475038620744
2017-07-05,2740.9138555324676
2017-07-06,2731.8428105658454
2017-07-07,2722.285814511771
2017-07-10,2732.865921785679
2017-07-11,2775.241892997182
2017-07-12,2801.99094547742
2017-07-13,2832.131914046304
2017-07-14,2850.4246427607313
2017-07-17,2851.0918336696955
2017-07-18,2865.293995390117
2017-07-19,2902.2812573743827
2017-07-20,2901.1397276301745
2017-07-21,2894.8747915638774
2017-07-24,2915.795829228119
2017-07-25,2905.0723790772286
2017-07-26,2923.972888466737
2017-07-27,2937.9946714884227
2017-07-28,2937.5124212089304
2017-07-31,2960.9729343114504
2017-08-01,2968.717842780684
2017-08-02,2958.3759178417326
2017-08-03,2951.2722555727937
2017-08-04,2962.2392102054564
2017-08-07,3000.1977794828645
2017-08-08,3020.6262965236115
2017-08-09,3018.047198934615
2017-08-10,2965.4504132457337
2017-08-11,2907.152096557429
2017-08-14,2953.7694819273884
2017-08-15,2950.6774557240374
2017-08-16,2975.571247653178
2017-08-17,2981.4590631011997
2017-08-18,2969.6335256667885
2017-08-21,2994.965303938401
2017-08-22,3026.844669389146
2017-08-23,3030.5327118185264
2017-08-24,3044.416315943145
2017-08-25,3056.1748041454293
2017-08-28,3042.4741760801057
2017-08-29,3036.691305567263
2017-08-30,3075.1199820366205
2017-08-31,3079.903053599807
2017-09-01,3082.0970690885524
2017-09-04,3066.867713306414
2017-09-05,3065.30740586339
2017-09-06,3062.4143661097823
2017-09-07,3078.1638407550336
2017-09-08,3078.947349044844
2017-09-11,3119.5446617530597
2017-09-12,3138.8364460609487
2017-09-13,3152.218438194729
2017-09-14,3146.3415130561993
2017-09-15,3148.0093055751754
2017-09-18,3198.9048498408606
2017-09-19,3193.82093987175
2017-09-20,3207.6751921629184
2017-09-21,3205.723593114223
2017-09-22,3184.604002182005
2017-09-25,3095.5643544843365
2017-09-26,3091.127244646846
2017-09-27,3127.484135576352
2017-09-28,3094.855429958477
2017-09-29,3122.3018466736403
2017-10-02,3127.8407236355956
2017-10-03,3207.619040850459
2017-10-04,3223.2816857255625
2017-10-05,3224.387313613517
2017-10-06,3247.4720652975916
2017-10-09,3239.9846598299696
2017-10-10,3262.6033986477255
2017-10-11,3253.1055542267713
2017-10-12,3249.5631029269757
2017-10-13,3255.3117111964884
2017-10-16,3283.6912046737493
2017-10-17,3262.9928452685226
2017-10-18,3276.9881576064354
2017-10-19,3212.6565369866184
2017-10-20,3251.8284308573634
2017-10-23,3236.652097846935
2017-10-24,3222.7921272864164
2017-10-25,3229.2644994456887
2017-10-26,3208.1394643886533
2017-10-27,3219.9352642345907
2017-10-30,3220.4621356531466
2017-10-31,3238.177669003401
2017-11-01,3269.7306484554156
2017-11-02,3260.825865682639
2017-11-03,3266.9751490527415
2017-11-06,3294.5483057761685
2017-11-07,3334.110160738143
2017-11-08,3320.9851758730383
2017-11-09,3341.046819372162
2017-11-10,3337.9164052257893
2017-11-13,3338.599975170964
2017-11-14,3314.662011302987
2017-11-15,3279.12343679543
2017-11-16,3321.602726704862
2017-11-17,3341.9902774377683
2017-11-20,3356.6885836987767
2017-11-21,3417.017475535273
2017-11-22,3427.729953423455
2017-11-23,3386.6676429179897
2017-11-24,3398.1491134833695
2017-11-27,3355.2694784532678
2017-11-28,3360.7527265199456
2017-11-29,3323.3101560898344
2017-11-30,3264.8706954708155
2017-12-01,3238.4464913362026
2017-12-04,3237.662922201453
2017-12-05,3205.5037651869966
2017-12-06,3146.452671225296
2017-12-07,3165.1265141027066
2017-12-08,3223.059988998432
2017-12-11,3268.3277908161162
2017-12-12,3225.7364085221116
2017-12-13,3261.9358948913396
2017-12-14,3258.7628913970552
2017-12-15,3223.90159022995
2017-12-18,3245.635772012114
2017-12-19,3266.39963915227
2017-12-20,3257.3850403769725
2017-12-21,3291.809061299027
2017-12-22,3317.430762292288
2017-12-25,3316.5350248732825
2017-12-26,3307.400909757293
2017-12-27,3306.257803418973
2017-12-28,3328.275926698882
2017-12-29,3331.1744762788303
2018-01-01,3331.1744762788303
2018-01-02,3434.903929964644
2018-01-03,3454.628467421722
2018-01-04,3483.7097694212225
2018-01-05,3507.5623531554857
2018-01-08,3534.477297320628
2018-01-09,3545.606317729406
2018-01-10,3539.2524051896594
2018-01-11,3523.9886940797305
2018-01-12,3564.3241298049666
2018-01-15,3529.5663925761964
2018-01-16,3575.975285127768
2018-01-17,3588.599489869624
2018-01-18,3604.8896008420315
2018-01-19,3631.279415407068
2018-01-22,3658.3935255725673
2018-01-23,3726.3665634026165
2018-01-24,3737.9826639156636
2018-01-25,3712.3674222529457
2018-01-26,3791.17075870643
2018-01-29,3761.894073602181
2018-01-30,3696.7671449526183
2018-01-31,3724.026752587797
2018-02-01,3665.2490879619077
2018-02-02,3651.5479366953505
2018-02-05,3593.557706478506
2018-02-06,3438.652119299657
2018-02-07,3396.076051180379
2018-02-08,3365.876624334907
2018-02-09,3284.0482516264374
2018-02-12,3304.139316940852
2018-02-13,3358.474007416737
2018-02-14,3440.9329032544
2018-02-15,3513.0557328793407
2018-02-16,3501.8940093089327
2018-02-19,3501.796240966071
2018-02-20,3504.601781178051
2018-02-21,3562.349263076302
2018-02-22,3529.0744711219286
2018-02-23,3581.468795345827
2018-02-26,3596.624175746583
2018-02-27,3536.851556995236
2018-02-28,3489.796592288234
2018-03-01,3499.3440771513406
2018-03-02,3449.2825460037466
2018-03-05,3404.004775324202
2018-03-06,3482.515411686084
2018-03-07,3465.3312066205103
2018-03-08,3504.104112517699
2018-03-09,3548.2864550334143
2018-03-12,3607.0600760892103
2018-03-13,3590.057590166342
2018-03-14,3593.394093673418
2018-03-15,3626.8728672169714
2018-03-16,3623.860963615241
2018-03-19,3596.924639294566
2018-03-20,3625.398266219994
2018-03-21,3596.2523714627805
2018-03-22,3509.3506029855484
2018-03-23,3407.918473031174
2018-03-26,3460.8160416809274
2018-03-27,3463.316174645103
2018-03-28,3370.6576708581983
2018-03-29,3391.1042762812635
2018-03-30,3391.895725367351
2018-04-02,3370.43175302726
2018-04-03,3377.387846179498
2018-04-04,3324.506723104847
2018-04-05,3328.255757619638
2018-04-06,3343.365256686049
2018-04-09,3383.1716821129326
2018-04-10,3460.4773080008918
2018-04-11,3457.3033033216448
2018-04-12,3444.450350715537
2018-04-13,3413.642593890407
2018-04-16,3377.342654389984
2018-04-17,3355.060444897293
2018-04-18,3374.25223006477
2018-04-19,3413.656422830503
2018-04-20,3364.8824991943143
2018-04-23,3327.4262666295463
2018-04-24,3364.1812341427612
2018-04-25,3325.223081184371
2018-04-26,3308.6408734526817
2018-04-27,3347.8912501220684
2018-04-30,3390.3798640740592
2018-05-01,3395.5277948339617
2018-05-02,3385.3265783010315
2018-05-03,3354.958462384985
2018-05-04,3352.6790993002364
2018-05-07,3388.672290080386
2018-05-08,3432.5741766087103
2018-05-09,3441.478703669951
2018-05-10,3472.95285494756
2018-05-11,3484.1949843472353
2018-05-14,3529.050169529982
2018-05-15,3493.736281503129
2018-05-16,3505.1321135701533
2018-05-17,3497.2945759599666
2018-05-18,3498.7697852870974
2018-05-21,3500.750330273175
2018-05-22,3496.9787405081893
2018-05-23,3468.4057419228457
2018-05-24,3479.52936141627
2018-05-25,3473.4745237058182
2018-05-28,3487.0941544814873
2018-05-29,3452.9482915366075
2018-05-30,3412.4656259675658
2018-05-31,3459.8818459143267
2018-06-01,3486.037880432125
2018-06-04,3556.600255191016
2018-06-05,3573.3157896781568
2018-06-06,3593.6426474643577
2018-06-07,3599.991641754417
2018-06-08,3554.974127548773
2018-06-11,3569.955582903411
2018-06-12,3593.251348694624
2018-06-13,3554.555053143351
2018-06-14,3541.456767767333
2018-06-15,3516.7972973731034
2018-06-18,3516.761460775218
2018-06-19,3407.401215274884
2018-06-20,3426.3825818639175
2018-06-21,3383.0782428220846
2018-06-22,3387.6828992561145
2018-06-25,3304.9322656232866
2018-06-26,3283.0635460988683
2018-06-27,3191.899759069878
2018-06-28,3196.8839967983527
2018-06-29,3268.0575998846493
2018-07-02,3267.1951812786538
2018-07-03,3223.440983262428
2018-07-04,3177.6801065914233
2018-07-05,3173.4866092933016
2018-07-06,3203.455310162283
2018-07-09,3267.385413429433
2018-07-10,3253.1716506918688
2018-07-11,3203.292074095514
2018-07-12,3246.291680875299
2018-07-13,3248.582796226158
2018-07-16,3241.2984363933547
2018-07-17,3217.399360925117
2018-07-18,3215.3479002677745
2018-07-19,3177.184941715013
2018-07-20,3192.2331561747824
2018-07-23,3191.916911565198
2018-07-24,3237.2264241947446
2018-07-25,3288.272134182437
2018-07-26,3258.3097265873903
2018-07-27,3243.589690049238
2018-07-30,3207.4401471924125
2018-07-31,3185.60193168951
2018-08-01,3157.941847572266
2018-08-02,3094.474851138889
2018-08-03,3078.7413401593626
2018-08-06,3067.4469122456558
2018-08-07,3116.8206226298016
2018-08-08,3113.6249998460416
2018-08-09,3145.844586533983
2018-08-10,3139.9484382492046
2018-08-13,3083.512669789272
2018-08-14,3030.191948003824
2018-08-15,2950.1802493651367
2018-08-16,2942.1002950684915
2018-08-17,2959.192247641856
2018-08-20,3014.2133981598477
2018-08-21,3053.1261251808173
2018-08-22,3074.2325998387328
2018-08-23,3053.0074598008887
2018-08-24,3048.680754259147
2018-08-27,3128.9702959550464
2018-08-28,3128.8842328295364
2018-08-29,3129.199004374939
2018-08-30,3087.300954510595
2018-08-31,3059.54096747225
2018-09-03,3036.1161050018522
2018-09-04,3043.1952699559615
2018-09-05,2953.0443172090486
2018-09-06,2919.9950542087113
2018-09-07,2930.894759184899
2018-09-10,2876.1834115090564
2018-09-11,2852.5531880526773
2018-09-12,2843.0646745095314
2018-09-13,2923.6636614333843
2018-09-14,2944.8259398846085
2018-09-17,2888.868387432618
2018-09-18,2904.244981204379
2018-09-19,2969.461366455244
2018-09-20,2992.5669889243377
2018-09-21,3056.946442608669
2018-09-24,2998.2745396030596
2018-09-25,3001.4475117584757
2018-09-26,3028.1879935397396
2018-09-27,3016.9052400579067
2018-09-28,3014.9957097662664
2018-10-01,3006.286024257294
2018-10-02,2940.383483215628
2018-10-03,2947.550729475314
2018-10-04,2881.9020484332705
2018-10-05,2860.497446902036
2018-10-08,2804.204303297425
2018-10-09,2789.2702020608117
2018-10-10,2749.8603480180855
2018-10-11,2664.764494578634
2018-10-12,2751.461835049328
2018-10-15,2704.0279539564813
2018-10-16,2725.320507851527
2018-10-17,2716.139074214251
2018-10-18,2681.5783613937783
2018-10-19,2699.312749835687
2018-10-22,2782.0070439569377
2018-10-23,2701.538098008868
2018-10-24,2665.1593958480316
2018-10-25,2669.0173401504444
2018-10-26,2637.403511536085
2018-10-29,2593.414516313491
2018-10-30,2592.990094745551
2018-10-31,2671.267061954302
2018-11-01,2752.452061221031
2018-11-02,2846.700799017635
2018-11-05,2791.9028564683067
2018-11-06,2812.7062916796144
2018-11-07,2828.9926350594887
2018-11-08,2815.062219607643
2018-11-09,2735.5048283383658
2018-11-12,2719.2818073877215
2018-11-13,2750.46437679476
2018-11-14,2748.762668935994
2018-11-15,2811.810222601867
2018-11-16,2811.7664069065595
2018-11-19,2809.7500009497303
2018-11-20,2751.6090248528812
2018-11-21,2784.1498741299465
2018-11-22,2784.659809890605
2018-11-23,2761.3687467629684
2018-11-26,2806.7822077687542
2018-11-27,2809.3823485515927
2018-11-28,2858.5973873334615
2018-11-29,2833.3738075871497
2018-11-30,2859.926629130257
2018-12-03,2932.4236212759997
2018-12-04,2924.4057618777833
2018-12-05,2889.6362214376436
2018-12-06,2813.120270966005
2018-12-07,2795.441254020254
2018-12-10,2762.8060445108867
2018-12-11,2768.4662017387777
2018-12-12,2808.0123820713343
2018-12-13,2840.9727630063085
2018-12-14,2788.012800639532
2018-12-17,2760.7781273150194
2018-12-18,2716.9555337629577
2018-12-19,2692.7743032909902
2018-12-20,2666.872020464513
2018-12-21,2662.718640384365
2018-12-24,2649.0510728144022
2018-12-25,2648.1903180883564
2018-12-26,2672.176661982293
2018-12-27,2659.5472652156063
2018-12-28,2670.5874329206695
2018-12-31,2690.8236923530276
2019-01-01,2690.8236923530276
2019-01-02,2631.816082895163
2019-01-03,2596.247381211682
2019-01-04,2667.562839948212
2019-01-07,2705.4122999384667
2019-01-08,2712.764406677103
2019-01-09,2779.9100123274125
2019-01-10,2792.0037384401444
2019-01-11,2800.1924068807316
2019-01-14,2756.0938380125754
2019-01-15,2813.2751516898015
2019-01-16,2837.7385355719593
2019-01-17,2828.8283551819018
2019-01-18,2870.0407932298303
2019-01-21,2882.599853032074
2019-01-22,2836.1009399306367
2019-01-23,2837.2232609304433
2019-01-24,2859.2277937430063
2019-01-25,2915.8751317993638
2019-01-28,2911.1208578485666
2019-01-29,2904.2390579639473
2019-01-30,2939.3439047503034
2019-01-31,2979.738701196052
2019-02-01,2990.6497253906655
2019-02-04,2990.5980282579294
2019-02-05,3008.866633904396
2019-02-06,3004.640314666728
2019-02-07,2986.057986209278
2019-02-08,2979.7240819209196
2019-02-11,2997.897655323221
2019-02-12,3009.844426460484
2019-02-13,3041.0110920836582
2019-02-14,3027.36952749265
2019-02-15,2966.994169959672
2019-02-18,3008.7025114688427
2019-02-19,3008.6995702087984
2019-02-20,3039.41254247787
2019-02-21,3054.042667412331
2019-02-22,3097.872681490535
2019-02-25,3147.178870597791
2019-02-26,3131.1749784282474
2019-02-27,3112.7478355814483
2019-02-28,3091.409411957691
2019-03-01,3122.4077569306264
2019-03-04,3161.052912577484
2019-03-05,3187.0891803334684
2019-03-06,3189.05519890641
2019-03-07,3128.9123978944494
2019-03-08,3052.0021123562597
2019-03-11,3104.743802637012
2019-03-12,3141.460201842942
2019-03-13,3128.2876230570027
2019-03-14,3119.6128516809804
2019-03-15,3143.958117191089
2019-03-18,3197.2453743693727
2019-03-19,3200.625449606516
2019-03-20,3186.859784760984
2019-03-21,3172.9460920816286
2019-03-22,3151.544235875188
2019-03-25,3104.8976948901686
2019-03-26,3100.600592650123
2019-03-27,3118.4312855701196
2019-03-28,3118.7389187333793
2019-03-29,3169.7340489823573
2019-04-01,3213.1945633505334
2019-04-02,3213.42108554375
2019-04-03,3247.9710443727968
2019-04-04,3252.708071667852
2019-04-05,3268.2921630523224
2019-04-08,3294.3126259071305
2019-04-09,3309.6221439911074
2019-04-10,3305.0571969983566
2019-04-11,3267.267398329854
2019-04-12,3289.4372263428313
2019-04-15,3259.4404819576666
2019-04-16,3294.2101756788384
2019-04-17,3305.837999938191
2019-04-18,3289.3118538839885
2019-04-19,3290.3804631387625
2019-04-22,3283.058231392498
2019-04-23,3278.298265813945
2019-04-24,3267.3923561854604
2019-04-25,3225.7790351894855
2019-04-26,3226.7365065062354
2019-04-29,3247.405123816006
2019-04-30,3234.6304349678053
2019-05-01,3239.7520840492075
2019-05-02,3251.579798446698
2019-05-03,3266.9581631466262
2019-05-06,3154.9978351214722
2019-05-07,3138.6829448520607
2019-05-08,3105.979305422211
2019-05-09,3043.1952430610922
2019-05-10,3072.0882109511326
2019-05-13,3036.716631979096
2019-05-14,3007.871124350721
2019-05-15,3035.8364162314015
2019-05-16,3029.5662869871485
2019-05-17,2953.4665844793444
2019-05-20,2886.966609182155
2019-05-21,2905.2565150971736
2019-05-22,2885.0447363422973
2019-05-23,2825.6291429639577
2019-05-24,2825.8833071645417
2019-05-27,2826.0256165348783
2019-05-28,2836.077337281018
2019-05-29,2821.309118562597
2019-05-30,2826.554843945953
2019-05-31,2820.640405880183
2019-06-03,2833.460205245916
2019-06-04,2824.0558102304526
2019-06-05,2821.2414739574842
2019-06-06,2816.4118441691085
2019-06-07,2828.543346491621
2019-06-10,2896.3658702150215
2019-06-11,2938.4676319134874
2019-06-12,2899.417201452839
2019-06-13,2899.425889467048
2019-06-14,2874.6075546779
2019-06-17,2874.02490193967
2019-06-18,2915.6351694637137
2019-06-19,2976.1328931005914
2019-06-20,3027.560480105257
2019-06-21,3021.8083670924725
2019-06-24,3027.2032756066556
2019-06-25,2985.3919933887883
2019-06-26,3007.243234705049
2019-06-27,3043.8420015880506
2019-06-28,3037.6644866801676
2019-07-01,3062.232913744341
2019-07-02,3105.0777510261273
2019-07-03,3090.864747938872
2019-07-04,3091.733529956174
2019-07-05,3079.378015445699
2019-07-08,3013.8705988363536
2019-07-09,3001.7980759593765
2019-07-10,3011.6446515573543
2019-07-11,3020.583872292178
2019-07-12,3020.539140373273
2019-07-15,3047.959344740249
2019-07-16,3057.57725185911
2019-07-17,3057.3963170178795
2019-07-18,3031.6754684507855
2019-07-19,3060.130544007373
2019-07-22,3031.5961380892395
2019-07-23,3056.5211579349434
2019-07-24,3074.1963166778933
2019-07-25,3086.9860625224483
2019-07-26,3069.9708406220707
2019-07-29,3054.611743684221
2019-07-30,3049.7689280364793
2019-07-31,3017.3935683612194
2019-08-01,2981.968340509709
2019-08-02,2902.1746039947125
2019-08-05,2797.9533675338857
2019-08-06,2789.853781696176
2019-08-07,2796.121784148035
2019-08-08,2831.1097671360058
2019-08-09,2803.699573909449
2019-08-12,2804.6371159855826
2019-08-13,2791.8018446134984
2019-08-14,2790.257525172465
2019-08-15,2803.083683213511
2019-08-16,2839.941510388361
2019-08-19,2904.5732728092626
2019-08-20,2905.1050025771683
2019-08-21,2907.5785232674566
2019-08-22,2885.0340304911297
2019-08-23,2873.3760806847085
2019-08-26,2838.2197806815702
2019-08-27,2846.51061430745
2019-08-28,2843.35190972256
2019-08-29,2865.6725887113666
2019-08-30,2890.469305130366
2019-09-02,2901.2961884875613
2019-09-03,2873.8867025512272
2019-09-04,2934.7826392985326
2019-09-05,2976.862738502641
2019-09-06,2985.147376979296
2019-09-09,2989.6285128800137
2019-09-10,2977.0980610949396
2019-09-11,3010.4547749042686
2019-09-12,3033.991007898468
2019-09-13,3057.3977876433282
2019-09-16,3038.869455811776
2019-09-17,3013.937818664173
2019-09-18,3015.9275828189125
2019-09-19,2999.4437074847633
2019-09-20,2996.6133493657844
2019-09-23,2956.6481781473362
2019-09-24,2930.208168086905
2019-09-25,2921.0428211715002
2019-09-26,2923.287480832254
2019-09-27,2876.3475367068127
2019-09-30,2889.4084650105306
2019-10-01,2881.9590561485707
2019-10-02,2876.602267059958
2019-10-03,2900.1067362103954
2019-10-04,2894.856294453351
2019-10-07,2886.65084985191
2019-10-08,2870.9985371540693
2019-10-09,2870.103190693692
2019-10-10,2893.4825571643096
2019-10-11,2957.579066809063
2019-10-14,2970.6562469830424
2019-10-15,2984.944507728858
2019-10-16,2997.159532050057
2019-10-17,3003.788613486866
2019-10-18,2969.126785032795
2019-10-21,2982.93877280748
2019-10-22,2967.8655130615507
2019-10-23,2947.566793137605
2019-10-24,2977.819869207569
2019-10-25,2980.377458853871
2019-10-28,3018.549865743935
2019-10-29,3003.388490728648
2019-10-30,2993.260787891121
2019-10-31,3003.6002559659596
2019-11-01,3024.8820116112324
2019-11-04,3085.0152867430897
2019-11-05,3107.7144417071486
2019-11-06,3109.0409339046923
2019-11-07,3139.1885841195194
2019-11-08,3123.8062847588753
2019-11-11,3065.3558404999208
2019-11-12,3083.8020930117887
2019-11-13,3038.5184117195954
2019-11-14,3014.146437916353
2019-11-15,3019.9292301602977
2019-11-18,3044.5298782254786
2019-11-19,3078.6654419303923
2019-11-20,3051.2579279762394
2019-11-21,3025.1456856464633
2019-11-22,3044.7576080845524
2019-11-25,3082.7167580774544
2019-11-26,3089.3206721236716
2019-11-27,3110.424268817822
2019-11-28,3107.9689856123296
2019-11-29,3057.089871176744
2019-12-02,3055.454695806643
2019-12-03,3050.058704885052
2019-12-04,3024.742404102505
2019-12-05,3065.486468101972
2019-12-06,3093.5550116587065
2019-12-09,3085.17484004798
2019-12-10,3087.5765956594305
2019-12-11,3126.270623021302
2019-12-12,3153.91647782557
2019-12-13,3206.710070494886
2019-12-16,3213.599445302656
2019-12-17,3261.2635166360246
2019-12-18,3279.0975528401664
2019-12-19,3268.1853487247868
2019-12-20,3274.903079578334
2019-12-23,3293.3392073205073
2019-12-24,3288.9059408456183
2019-12-25,3289.2186026372556
2019-12-26,3298.3661757208088
2019-12-27,3325.9963228362885
2019-12-30,3324.929426224267
2019-12-31,3309.7313256533625
2020-01-01,3309.7313256533625
2020-01-02,3391.2455970285782
2020-01-03,3374.1315127046464
2020-01-06,3353.436466191017
2020-01-07,3374.8155113648695
2020-01-08,3355.4399101160516
2020-01-09,3418.740330485467
2020-01-10,3430.9852859888842
2020-01-13,3486.3132350110345
2020-01-14,3463.1236312428255
2020-01-15,3453.841781880495
2020-01-16,3461.9691899231725
2020-01-17,3488.9240400713975
2020-01-20,3472.4644469484
2020-01-21,3371.051928442474
2020-01-22,3407.5012220051017
2020-01-23,3337.2087483838905
2020-01-24,3316.6228226069843
2020-01-27,3283.04603424155
2020-01-28,3307.0116971444654
2020-01-29,3249.1691766995737
2020-01-30,3170.6942862525784
2020-01-31,3145.939981020052
2020-02-03,3173.4652112103254
2020-02-04,3262.4459692946807
2020-02-05,3264.6448766568365
2020-02-06,3326.982038276243
2020-02-07,3303.6609719004846
2020-02-10,3298.7893459620927
2020-02-11,3339.592227842838
2020-02-12,3385.692543721705
2020-02-13,3373.1066112434746
2020-02-14,3373.8012540573404
2020-02-17,3396.732938964698
2020-02-18,3364.9654529740433
2020-02-19,3392.1809661745037
2020-02-20,3374.6506977477948
2020-02-21,3324.461012118204
2020-02-24,3247.566432984215
2020-02-25,3255.9589529073146
2020-02-26,3247.7803736259903
2020-02-27,3243.3066574335717
2020-02-28,3181.120903887658
2020-03-02,3245.701183488182
2020-03-03,3240.208622921351
2020-03-04,3271.712792276125
2020-03-05,3317.62253183316
2020-03-06,3236.600361348819
2020-03-09,3093.495136348653
2020-03-10,3159.6823617766677
2020-03-11,3112.767930356539
2020-03-12,2963.864309616246
2020-03-13,2982.293105118078
2020-03-16,2801.3422208747374
2020-03-17,2831.238632538769
2020-03-18,2712.5480985397257
2020-03-19,2687.5348942274127
2020-03-20,2794.932740156295
2020-03-23,2701.3799937900553
2020-03-24,2840.8485289238765
2020-03-25,2934.640869343085
2020-03-26,2956.1883930492386
2020-03-27,2930.9974697270113
2020-03-30,2910.396609974229
2020-03-31,2967.593326009489
2020-04-01,2905.174176204345
2020-04-02,2938.6448563076283
2020-04-03,2916.9892022896706
2020-04-06,2988.8057022745097
2020-04-07,3042.4971483242184
2020-04-08,3006.003484939382
2020-04-09,3041.2876434964023
2020-04-10,3039.1410500792376
2020-04-13,3049.2833631307703
2020-04-14,3084.268188790035
2020-04-15,3074.588919974969
2020-04-16,3098.710161252704
2020-04-17,3117.54755308898
2020-04-20,3129.904419351654
2020-04-21,3066.5039892386085
2020-04-22,3101.8524937510906
2020-04-23,3091.0440196956565
2020-04-24,3067.8409314907217
2020-04-27,3117.4490364106787
2020-04-28,3126.390645664998
2020-04-29,3164.8985204895716
2020-04-30,3151.5248296053933
2020-05-01,3108.660743839122
2020-05-04,3013.7810956722597
2020-05-05,3052.859363109085
2020-05-06,3084.0510583429336
2020-05-07,3087.242444579693
2020-05-08,3149.537394816263
2020-05-11,3192.5567454439697
2020-05-12,3156.622398887337
2020-05-13,3157.7906813184345
2020-05-14,3143.02026385172
2020-05-15,3148.077732959221
2020-05-18,3207.370821205346
2020-05-19,3250.148458408135
2020-05-20,3255.1817215098854
2020-05-21,3214.3966085072793
2020-05-22,3065.121580357913
2020-05-25,3083.8517239285343
2020-05-26,3141.3790034062645
2020-05-27,3118.269789513854
2020-05-28,3088.5120558737467
2020-05-29,3138.351330171919
2020-06-01,3213.630264798551
2020-06-02,3258.3840539081784
2020-06-03,3306.610005992988
2020-06-04,3311.4558538774895
2020-06-05,3341.4256453250755
2020-06-08,3327.3582459067866
2020-06-09,3347.4985617532834
2020-06-10,3383.0878718885397
2020-06-11,3310.949593710422
2020-06-12,3313.4435935105116
2020-06-15,3279.9695756940423
2020-06-16,3362.139889116758
2020-06-17,3387.1377381243074
2020-06-18,3403.0158505897225
2020-06-19,3420.1106515693964
2020-06-22,3419.852221908451
2020-06-23,3490.409402600199
2020-06-24,3471.5187528214033
2020-06-25,3463.881034295368
2020-06-26,3424.9415740934164
2020-06-29,3403.1122688476967
2020-06-30,3418.4678276761206
2020-07-01,3421.3700424337994
2020-07-02,3548.5988540952612
2020-07-03,3599.1116059047895
2020-07-06,3748.6023025926634
2020-07-07,3710.36389232073
2020-07-08,3856.1208726497043
2020-07-09,3924.992045356494
2020-07-10,3863.918903662293
2020-07-13,3839.48125324168
2020-07-14,3768.763519605785
2020-07-15,3784.137982232058
2020-07-16,3645.415314755678
2020-07-17,3687.131542935541
2020-07-20,3750.1471061308916
2020-07-21,3838.7510101375506
2020-07-22,3746.8263394730093
2020-07-23,3774.680178027642
2020-07-24,3670.737102849715
2020-07-27,3671.0240270563954
2020-07-28,3709.0214147679244
2020-07-29,3741.8032274285915
2020-07-30,3728.443843463185
2020-07-31,3729.753453192971
2020-08-03,3785.1207349609954
2020-08-04,3848.857177852206
2020-08-05,3892.0844320838737
2020-08-06,3888.719425703141
2020-08-07,3779.333926692351
2020-08-10,3723.9579352881356
2020-08-11,3746.9129804083123
2020-08-12,3773.9687338867966
2020-08-13,3763.5046133200426
2020-08-14,3760.012851474345
2020-08-17,3809.2060751340055
2020-08-18,3853.61983065794
2020-08-19,3827.429919022601
2020-08-20,3801.429671185177
2020-08-21,3848.3500482014338
2020-08-24,3943.304863241844
2020-08-25,3970.741253668884
2020-08-26,3998.41345594153
2020-08-27,3990.2707560873187
2020-08-28,3997.9635949162484
2020-08-31,3940.115025799961
2020-09-01,4015.447879862927
2020-09-02,4018.475319036878
2020-09-03,3927.083797124242
2020-09-04,3895.1722282465034
2020-09-07,3853.362545013666
2020-09-08,3798.35753218196
2020-09-09,3786.5894548434317
2020-09-10,3751.6056662618303
2020-09-11,3797.813838362389
2020-09-14,3847.545481934879
2020-09-15,3879.5283793043927
2020-09-16,3892.2042492569094
2020-09-17,3855.0524475021075
2020-09-18,3863.064408350422
2020-09-21,3820.458339711513
2020-09-22,3805.0042445053837
2020-09-23,3798.940817778298
2020-09-24,3730.1205389039787
2020-09-25,3715.7215028883284
2020-09-28,3759.323325124114
2020-09-29,3745.1904599940185
2020-09-30,3833.178814318115
2020-10-01,3829.6745202045863
2020-10-02,3813.1224700366197
2020-10-05,3841.6826596408014
2020-10-06,3892.9209861091144
2020-10-07,3933.7670236667204
2020-10-08,3954.551824829601
2020-10-09,3967.6282000783535
2020-10-12,4061.8444302981657
2020-10-13,4062.9497288524885
2020-10-14,4060.2328146352875
2020-10-15,3999.5292521046417
2020-10-16,4051.0184241521683
2020-10-19,4037.3798712764697
2020-10-20,4076.3570713915515
2020-10-21,4086.838821144554
2020-10-22,4068.71179369323
2020-10-23,4070.276219457298
2020-10-26,4056.414587870597
2020-10-27,4098.140652950159
2020-10-28,4075.2651935208314
2020-10-29,4121.041754615854
2020-10-30,4035.054926687647
2020-11-02,4099.904763503882
2020-11-03,4059.6072601462183
2020-11-04,4137.000790925687
2020-11-05,4247.3281890722765
2020-11-06,4279.40814982436
2020-11-09,4280.648040113844
2020-11-10,4145.180317374564
2020-11-11,4089.6072919726826
2020-11-12,4151.4988086467865
2020-11-13,4186.96769134269
2020-11-16,4188.244944397176
2020-11-17,4151.9533295019955
2020-11-18,4158.11030349152
2020-11-19,4153.285066122376
2020-11-20,4218.418071006882
2020-11-23,4242.81105460009
2020-11-24,4260.82916357628
2020-11-25,4205.990125681297
2020-11-26,4247.375095757769
2020-11-27,4268.091374357424
2020-11-30,4145.505871958862
2020-12-01,4174.65564172532
2020-12-02,4143.948246391686
2020-12-03,4178.545663104894
2020-12-04,4185.324065031688
2020-12-07,4149.385363646564
2020-12-08,4156.975329470823
2020-12-09,4138.558337568133
2020-12-10,4136.757008939691
2020-12-11,4142.9452607427875
2020-12-14,4097.018511345924
2020-12-15,4097.728130174467
2020-12-16,4155.540813790602
2020-12-17,4205.462233279554
2020-12-18,4191.587463429862
2020-12-21,4187.981022802307
2020-12-22,4147.116065859902
2020-12-23,4177.560787438105
2020-12-24,4072.935990884447
2020-12-25,4074.797495562753
2020-12-28,4017.5556878164616
2020-12-29,4109.018566470651
2020-12-30,4225.442483960158
2020-12-31,4241.353401853311
