Date,EM GCC COUNTRIES DOMESTIC IMI
2014-05-30,1000.0
2014-06-02,990.8607856802674
2014-06-03,970.1123699125308
2014-06-04,960.5982376717141
2014-06-05,970.7710144815709
2014-06-06,970.7575916913449
2014-06-09,930.9662136564124
2014-06-10,922.7542417851556
2014-06-11,918.0323201467321
2014-06-12,935.5443360411593
2014-06-13,935.5377669170199
2014-06-16,886.3319425719488
2014-06-17,884.4036274636768
2014-06-18,894.0304144478945
2014-06-19,896.912126208637
2014-06-20,896.9121262086369
2014-06-23,868.8657623364592
2014-06-24,839.683674001125
2014-06-25,851.6654011783951
2014-06-26,837.2140694159744
2014-06-27,837.2089526226251
2014-06-30,797.1449515792697
2014-07-01,832.3031297525337
2014-07-02,870.979131736878
2014-07-03,871.2561282038502
2014-07-04,871.2623896175812
2014-07-07,882.5667547394438
2014-07-08,885.5138760631972
2014-07-09,890.2402762047985
2014-07-10,904.7907988915628
2014-07-11,904.7907988915628
2014-07-14,911.6223222878305
2014-07-15,925.6317460767286
2014-07-16,935.9364262160722
2014-07-17,942.5256966894964
2014-07-18,942.5256966894964
2014-07-21,921.0001555422976
2014-07-22,923.7662345845995
2014-07-23,916.6442099383363
2014-07-24,905.3193672533995
2014-07-25,905.3193672533995
2014-07-28,909.8481128010677
2014-07-29,909.8675846324898
2014-07-30,909.8675846324898
2014-07-31,920.363969997498
2014-08-01,920.363969997498
2014-08-04,926.2011451922889
2014-08-05,929.28846815871
2014-08-06,914.9410375644667
2014-08-07,916.5818637725922
2014-08-08,916.5818637725921
2014-08-11,928.128932371229
2014-08-12,934.3963666355767
2014-08-13,946.1075793500851
2014-08-14,948.838071726594
2014-08-15,948.8185882730728
2014-08-18,952.7502151964072
2014-08-19,958.1078755610916
2014-08-20,957.8324708911977
2014-08-21,963.4276716006931
2014-08-22,963.39287546917
2014-08-25,969.3446931966906
2014-08-26,973.0609413764553
2014-08-27,973.392171022193
2014-08-28,951.0200179875958
2014-08-29,951.0404407683084
2014-09-01,981.7902951850066
2014-09-02,981.3959192532366
2014-09-03,992.4364436549575
2014-09-04,993.5977016182085
2014-09-05,993.5977016182084
2014-09-08,992.8966966936316
2014-09-09,993.356797618353
2014-09-10,977.2935040922631
2014-09-11,986.0908786458862
2014-09-12,986.0908786458862
2014-09-15,992.854927632431
2014-09-16,988.8084838951365
2014-09-17,990.8202670920992
2014-09-18,1011.4065435710756
2014-09-19,1011.4065435710756
2014-09-22,998.6169827069225
2014-09-23,997.7566745378214
2014-09-24,989.8433564715756
2014-09-25,986.8167938525495
2014-09-26,986.8230824689833
2014-09-29,980.0891198158942
2014-09-30,977.2693995941594
2014-10-01,980.6446473400703
2014-10-02,974.4093168810061
2014-10-03,974.4024869247868
2014-10-06,974.3902102063461
2014-10-07,978.3369445690466
2014-10-08,968.8364468171228
2014-10-09,973.7544590509787
2014-10-10,973.7612886321087
2014-10-13,937.7063149411174
2014-10-14,926.8008451451589
2014-10-15,914.3785115496954
2014-10-16,882.5235081850458
2014-10-17,882.5170992921871
2014-10-20,889.0796027799324
2014-10-21,899.9386427871652
2014-10-22,917.597708966444
2014-10-23,925.6602721676181
2014-10-24,925.6870915537789
2014-10-27,930.8525465298702
2014-10-28,931.7698928383394
2014-10-29,939.6065885935127
2014-10-30,917.5643937023942
2014-10-31,917.5388546636167
2014-11-03,937.6732989974197
2014-11-04,936.445207705385
2014-11-05,910.8008128212018
2014-11-06,912.1196250680994
2014-11-07,912.1196250680994
2014-11-10,940.8214140974733
2014-11-11,941.8260384936685
2014-11-12,940.0643743479322
2014-11-13,948.5271819466869
2014-11-14,948.5135355776162
2014-11-17,938.7446218052918
2014-11-18,947.9121186849056
2014-11-19,948.6134399749195
2014-11-20,949.4429029401081
2014-11-21,949.4429029401081
2014-11-24,950.7468698517711
2014-11-25,931.6568244333888
2014-11-26,925.2529695888784
2014-11-27,923.4489273313199
2014-11-28,923.4244603274224
2014-12-01,890.9348904029144
2014-12-02,887.357058656229
2014-12-03,881.1090772210142
2014-12-04,880.312644385596
2014-12-05,880.2869866550997
2014-12-08,866.75067158829
2014-12-09,843.8474012587371
2014-12-10,842.7771926942606
2014-12-11,791.9414381123505
2014-12-12,791.9414381123505
2014-12-15,758.197993492276
2014-12-16,715.1737265140692
2014-12-17,720.6976107689844
2014-12-18,758.1862505999727
2014-12-19,758.1862505999727
2014-12-22,838.9067558226091
2014-12-23,819.8294860659277
2014-12-24,836.2089384568266
2014-12-25,844.0311102289259
2014-12-26,844.0311102289256
2014-12-29,852.6675842138311
2014-12-30,824.005348421234
2014-12-31,828.016142396358
2015-01-01,828.016142396358
2015-01-02,827.9927687562139
2015-01-05,798.859875991703
2015-01-06,778.7114732429969
2015-01-07,797.5589357140489
2015-01-08,819.4929723678074
2015-01-09,819.4929723678074
2015-01-12,809.6070157140734
2015-01-13,820.7890579747918
2015-01-14,818.426629531425
2015-01-15,818.0313762080737
2015-01-16,818.0615316691199
2015-01-19,823.4054964298158
2015-01-20,818.9718395303809
2015-01-21,817.8941706859548
2015-01-22,812.1716978922495
2015-01-23,812.136049616326
2015-01-26,803.543586005002
2015-01-27,807.8747811243292
2015-01-28,808.3549396424662
2015-01-29,796.6719610536466
2015-01-30,796.6175453110254
2015-02-02,820.6528026497309
2015-02-03,838.4440870200142
2015-02-04,838.4701579750998
2015-02-05,841.1627098693904
2015-02-06,841.1627098693906
2015-02-09,846.5791233870884
2015-02-10,844.9132777340401
2015-02-11,843.2337449494223
2015-02-12,842.3399822357617
2015-02-13,842.3399822357617
2015-02-16,840.2630439561252
2015-02-17,841.6759524410647
2015-02-18,843.3176113150192
2015-02-19,842.4273677052562
2015-02-20,842.4273677052562
2015-02-23,841.4782079878526
2015-02-24,843.1090415769778
2015-02-25,846.0858544888195
2015-02-26,844.8291561921196
2015-02-27,844.8105508487417
2015-03-02,843.8039174089339
2015-03-03,836.7015079991329
2015-03-04,828.1853988748605
2015-03-05,826.9359264874782
2015-03-06,826.9359264874782
2015-03-09,829.4855523938006
2015-03-10,831.8902329675946
2015-03-11,821.4621279349907
2015-03-12,820.5404002203971
2015-03-13,820.5404002203971
2015-03-16,789.9523751308925
2015-03-17,785.3339849756776
2015-03-18,764.9162022799127
2015-03-19,777.4716558721977
2015-03-20,777.4716558721976
2015-03-23,783.8647238676389
2015-03-24,791.3607725842069
2015-03-25,777.3389010036267
2015-03-26,773.8837252005098
2015-03-27,773.8505150024127
2015-03-30,787.5484315237462
2015-03-31,797.2038127901039
2015-04-01,792.7942021747107
2015-04-02,811.7863104231759
2015-04-03,811.7863104231758
2015-04-06,818.754579013842
2015-04-07,828.6785909275629
2015-04-08,830.9292705731154
2015-04-09,830.9035429913233
2015-04-10,830.9035429913233
2015-04-13,827.428725020396
2015-04-14,828.1334730179778
2015-04-15,842.7204668038912
2015-04-16,863.6542138793852
2015-04-17,863.6531794540158
2015-04-20,861.4312256091748
2015-04-21,868.7552009293976
2015-04-22,870.2950219494169
2015-04-23,864.8581500476937
2015-04-24,864.8769444983759
2015-04-27,877.2727889036615
2015-04-28,879.5787367554801
2015-04-29,883.8464261023163
2015-04-30,880.2457763996797
2015-05-01,880.2225978919164
2015-05-04,863.1446470711144
2015-05-05,865.4067204705557
2015-05-06,871.0004359180314
2015-05-07,868.6225156629579
2015-05-08,868.6225156629579
2015-05-11,867.424447640498
2015-05-12,865.5119798716856
2015-05-13,866.8215993766526
2015-05-14,866.0991471328538
2015-05-15,866.0991471328538
2015-05-18,866.7573816697285
2015-05-19,870.0122525860352
2015-05-20,868.0055697787419
2015-05-21,867.7372753153999
2015-05-22,867.7372753154001
2015-05-25,859.3404048550491
2015-05-26,858.4490811251021
2015-05-27,845.7487211487288
2015-05-28,831.0826295846649
2015-05-29,831.1130298062573
2015-06-01,843.6768293902746
2015-06-02,849.5505851525616
2015-06-03,852.7824153273331
2015-06-04,849.5843092134024
2015-06-05,849.5646107560959
2015-06-08,840.8931163274636
2015-06-09,850.122923806427
2015-06-10,850.9084757229333
2015-06-11,844.2588281081854
2015-06-12,844.2356133304131
2015-06-15,847.8332743783519
2015-06-16,842.8098502233098
2015-06-17,845.8909745344097
2015-06-18,844.5251496392033
2015-06-19,844.6545659885047
2015-06-22,858.7161412417967
2015-06-23,857.7703917554288
2015-06-24,862.641775550429
2015-06-25,858.2247325139336
2015-06-26,858.2341270070809
2015-06-29,843.5058597404135
2015-06-30,857.4394803032619
2015-07-01,851.4551266389997
2015-07-02,854.8862711756142
2015-07-03,854.8425838994175
2015-07-06,847.4891128102485
2015-07-07,844.3580001842639
2015-07-08,832.3579480580842
2015-07-09,839.1714921127559
2015-07-10,839.1472575474907
2015-07-13,844.6478982810543
2015-07-14,847.1308481101411
2015-07-15,853.8140818492043
2015-07-16,854.0570416818479
2015-07-17,854.0570416818477
2015-07-20,859.9331428035917
2015-07-21,860.1582734204998
2015-07-22,859.3129607790917
2015-07-23,860.1824820394311
2015-07-24,860.1885545724766
2015-07-27,854.6123315879166
2015-07-28,846.7891497361888
2015-07-29,848.9627283634086
2015-07-30,849.0499440436253
2015-07-31,849.0815565259506
2015-08-03,845.4813356612907
2015-08-04,845.6761775394123
2015-08-05,850.3853828802205
2015-08-06,848.5014958742763
2015-08-07,848.5647141309511
2015-08-10,842.5804272891546
2015-08-11,845.8009593347592
2015-08-12,840.133403379764
2015-08-13,837.1618302592072
2015-08-14,837.174508481188
2015-08-17,823.5975047310897
2015-08-18,810.0666662403314
2015-08-19,808.8997362279996
2015-08-20,787.3946172785047
2015-08-21,787.3946172785047
2015-08-24,726.7332041185597
2015-08-25,755.6037886165576
2015-08-26,750.7262498132086
2015-08-27,779.6607369291521
2015-08-28,779.6901823383449
2015-08-31,794.4921571775361
2015-09-01,779.1152722052913
2015-09-02,770.8563199390105
2015-09-03,773.6789232940915
2015-09-04,773.7121362622024
2015-09-07,770.5252479540928
2015-09-08,774.5150898681467
2015-09-09,786.7550868621256
2015-09-10,795.0899546057831
2015-09-11,795.121033110065
2015-09-14,775.8343490927839
2015-09-15,776.4883178174646
2015-09-16,784.8232769261682
2015-09-17,780.0239835073716
2015-09-18,780.0267159557109
2015-09-21,785.1134007224048
2015-09-22,782.4111160552056
2015-09-23,782.3651566146701
2015-09-24,782.4902879636275
2015-09-25,782.5103766679629
2015-09-28,778.0837734091048
2015-09-29,769.3862306817313
2015-09-30,782.9498710087609
2015-10-01,783.6520806500599
2015-10-02,783.6476083134295
2015-10-05,792.3937890840123
2015-10-06,797.1235472445418
2015-10-07,805.8919731581063
2015-10-08,801.6650879418668
2015-10-09,801.6770048501951
2015-10-12,807.692972772465
2015-10-13,805.6089240640263
2015-10-14,800.6579483264918
2015-10-15,801.1853311708195
2015-10-16,801.1113571001515
2015-10-19,802.7187389448911
2015-10-20,799.5497720819595
2015-10-21,790.8884085546644
2015-10-22,782.7682116023245
2015-10-23,782.8123690513978
2015-10-26,781.3513433288402
2015-10-27,777.8694003630784
2015-10-28,771.4128534019198
2015-10-29,770.0925076612089
2015-10-30,770.0925076612089
2015-11-02,766.1497495855555
2015-11-03,769.6945492879382
2015-11-04,758.8081837737586
2015-11-05,758.4847487917415
2015-11-06,758.5214862900865
2015-11-09,741.4759517385324
2015-11-10,726.1566997079804
2015-11-11,724.175740693347
2015-11-12,718.8393730405106
2015-11-13,718.8851334639116
2015-11-16,708.1583550346608
2015-11-17,711.6680454002673
2015-11-18,712.1948129693924
2015-11-19,721.1612776657443
2015-11-20,721.1188772990092
2015-11-23,714.6043700684378
2015-11-24,706.5231393177509
2015-11-25,704.7173481925563
2015-11-26,703.7585657051867
2015-11-27,703.7585657051867
2015-11-30,683.6416450861033
2015-12-01,699.4217929239134
2015-12-02,700.369680374832
2015-12-03,697.2831503154541
2015-12-04,697.1425635552852
2015-12-07,689.6461125429663
2015-12-08,667.9910456207447
2015-12-09,665.8033070111779
2015-12-10,660.6039961366083
2015-12-11,660.5975155421208
2015-12-14,648.8152908344829
2015-12-15,651.0575617477563
2015-12-16,660.0793778263345
2015-12-17,671.7372217070332
2015-12-18,671.7319415025045
2015-12-21,676.7890431030454
2015-12-22,689.751339296568
2015-12-23,690.3603888489728
2015-12-24,691.5665688251748
2015-12-25,691.5665688251747
2015-12-28,695.315331368195
2015-12-29,695.5129734247588
2015-12-30,699.5867588896907
2015-12-31,702.1629398006469
2016-01-01,702.1629398006467
2016-01-04,679.5843298374496
2016-01-05,678.444696868814
2016-01-06,679.9469086769108
2016-01-07,654.9852136108543
2016-01-08,654.9962313868907
2016-01-11,646.2189093764249
2016-01-12,635.4541918926276
2016-01-13,632.1473975482264
2016-01-14,612.4648539063486
2016-01-15,612.4935036386562
2016-01-18,573.389875448569
2016-01-19,600.0630571544651
2016-01-20,577.9375139876804
2016-01-21,571.7313247098102
2016-01-22,571.762199168891
2016-01-25,591.8530220882043
2016-01-26,586.3751836358566
2016-01-27,599.9350102731004
2016-01-28,618.8952548288618
2016-01-29,618.8985081051192
2016-02-01,641.8740589512527
2016-02-02,644.3733268824872
2016-02-03,638.1991385825734
2016-02-04,655.5420343047829
2016-02-05,655.5093135205753
2016-02-08,656.8771118878203
2016-02-09,655.1341475095527
2016-02-10,650.7886515423664
2016-02-11,638.3904869900904
2016-02-12,638.4554795804678
2016-02-15,655.4730649228927
2016-02-16,662.4885922506027
2016-02-17,661.2446788768314
2016-02-18,673.3488182238286
2016-02-19,673.3084126427347
2016-02-22,680.3757652733715
2016-02-23,687.1937997136391
2016-02-24,681.391644706506
2016-02-25,678.839664529835
2016-02-26,678.7683343356769
2016-02-29,690.6086382169475
2016-03-01,696.0480799713962
2016-03-02,693.1763621427789
2016-03-03,700.1446547999888
2016-03-04,700.1446547999888
2016-03-07,720.0398190957218
2016-03-08,723.6765753872087
2016-03-09,722.0661499361881
2016-03-10,725.1076098429007
2016-03-11,725.071265992448
2016-03-14,718.3488424756043
2016-03-15,712.4888633013904
2016-03-16,711.2950570874259
2016-03-17,731.9033232494977
2016-03-18,731.9156411774085
2016-03-21,729.632122029299
2016-03-22,728.9510972196578
2016-03-23,727.2801794211979
2016-03-24,719.8139915339968
2016-03-25,719.8139915339968
2016-03-28,711.9355369927105
2016-03-29,719.2312429525177
2016-03-30,724.4011750203186
2016-03-31,730.2017064491896
2016-04-01,730.2007546460279
2016-04-04,726.4592403971092
2016-04-05,715.8240314204483
2016-04-06,714.0566098951834
2016-04-07,723.9016864508444
2016-04-08,723.906042181603
2016-04-11,727.4644935705414
2016-04-12,734.0429354478314
2016-04-13,736.9405457658544
2016-04-14,744.0806510768223
2016-04-15,744.0852489872567
2016-04-18,739.9957837476866
2016-04-19,743.9733564167263
2016-04-20,745.6270240923984
2016-04-21,751.6952507230178
2016-04-22,751.6958478076467
2016-04-25,742.9086957213437
2016-04-26,742.0738183747964
2016-04-27,740.8285163442355
2016-04-28,739.1433651024837
2016-04-29,739.0973129041367
2016-05-02,722.6133267247592
2016-05-03,709.0732932791049
2016-05-04,706.777632274813
2016-05-05,703.0739884816106
2016-05-06,703.0825470365376
2016-05-09,710.4101560331751
2016-05-10,709.9864148234119
2016-05-11,710.9264007123569
2016-05-12,713.1786181984531
2016-05-13,713.1938112500924
2016-05-16,708.81208114641
2016-05-17,711.3354925318273
2016-05-18,710.024698350855
2016-05-19,696.4064396589657
2016-05-20,696.415597153794
2016-05-23,690.4319950665663
2016-05-24,692.0721970174069
2016-05-25,702.8515015811232
2016-05-26,703.9874814848835
2016-05-27,704.0176166257858
2016-05-30,691.4632933051047
2016-05-31,691.5383557897685
2016-06-01,694.0136370875213
2016-06-02,687.6622093187783
2016-06-03,687.7012869862234
2016-06-06,693.943073480228
2016-06-07,706.8741611934898
2016-06-08,714.7263259225329
2016-06-09,712.6717435894318
2016-06-10,712.6767888643864
2016-06-13,702.7157262702974
2016-06-14,705.4844643890317
2016-06-15,704.7162077761512
2016-06-16,702.8780999173335
2016-06-17,702.8931795650976
2016-06-20,709.9945667666217
2016-06-21,715.3646447006756
2016-06-22,718.2477122852181
2016-06-23,720.3203066980786
2016-06-24,720.2991215685839
2016-06-27,705.3078574845931
2016-06-28,704.8975070005187
2016-06-29,704.8234707886279
2016-06-30,709.7765325358047
2016-07-01,709.8074758600054
2016-07-04,721.4793916789736
2016-07-05,721.4254195268644
2016-07-06,721.4261116076299
2016-07-07,721.4386713945357
2016-07-08,721.418236279673
2016-07-11,726.4355636097205
2016-07-12,732.1962792459572
2016-07-13,740.1225464977542
2016-07-14,743.0203954135968
2016-07-15,743.0490447450205
2016-07-18,753.5627354941514
2016-07-19,756.6448991509557
2016-07-20,756.9851816780175
2016-07-21,754.8862608566902
2016-07-22,754.8133375777918
2016-07-25,755.533474609069
2016-07-26,753.4796474491408
2016-07-27,755.8663045011191
2016-07-28,758.5260414576671
2016-07-29,758.5260414576671
2016-08-01,761.9827268404747
2016-08-02,754.7123736175986
2016-08-03,746.9435206628647
2016-08-04,757.1347867994043
2016-08-05,757.1002057467902
2016-08-08,771.0562216247145
2016-08-09,772.7552646999828
2016-08-10,776.9421998465028
2016-08-11,774.4700442495262
2016-08-12,774.5196930017418
2016-08-15,791.7763010497183
2016-08-16,798.241700348965
2016-08-17,795.0184979291919
2016-08-18,792.2533500295359
2016-08-19,792.2428887795339
2016-08-22,783.906342963076
2016-08-23,780.0136252965411
2016-08-24,776.7455117587634
2016-08-25,775.8284855318828
2016-08-26,775.8467088222106
2016-08-29,780.8001426846677
2016-08-30,784.8257487867075
2016-08-31,770.9640748725606
2016-09-01,766.5361936205322
2016-09-02,766.5501528269137
2016-09-05,770.1321134733023
2016-09-06,763.845019015612
2016-09-07,757.5950371162907
2016-09-08,754.1340894272365
2016-09-09,754.1294223471705
2016-09-12,754.1644923019037
2016-09-13,754.1340894272363
2016-09-14,754.201968578726
2016-09-15,750.9077359806412
2016-09-16,750.9498795916676
2016-09-19,736.6258532303788
2016-09-20,738.1906487019836
2016-09-21,736.7824785690781
2016-09-22,751.3497362156029
2016-09-23,751.3294285869644
2016-09-26,752.52627163411
2016-09-27,748.1699294175822
2016-09-28,745.2441189886677
2016-09-29,748.2665520782398
2016-09-30,748.2665520782397
2016-10-03,734.8614210736225
2016-10-04,739.112427342856
2016-10-05,735.4268826222116
2016-10-06,734.6434034313472
2016-10-07,734.6344880941945
2016-10-10,735.7671728290458
2016-10-11,739.4400591555159
2016-10-12,734.9055401752922
2016-10-13,731.9962142167366
2016-10-14,731.9424637042064
2016-10-17,725.5946908760077
2016-10-18,732.5681279152255
2016-10-19,732.7412015078668
2016-10-20,733.7235196067195
2016-10-21,733.6719217601842
2016-10-24,736.4722590473278
2016-10-25,733.096388771842
2016-10-26,726.8898457023544
2016-10-27,731.687001558698
2016-10-28,731.6974278019051
2016-10-31,725.1807281963336
2016-11-01,725.9134072448019
2016-11-02,716.4921412406909
2016-11-03,712.5727517006189
2016-11-04,712.5888768807414
2016-11-07,711.2771292040132
2016-11-08,717.0016586877672
2016-11-09,714.9292764099488
2016-11-10,711.3030637943197
2016-11-11,711.3218183851917
2016-11-14,694.0259274049223
2016-11-15,692.6557928963932
2016-11-16,701.0722490215594
2016-11-17,707.6221523225996
2016-11-18,707.6221523225995
2016-11-21,707.5077565148172
2016-11-22,704.4664195585088
2016-11-23,710.1399373864881
2016-11-24,707.5514046214499
2016-11-25,707.5136463634022
2016-11-28,704.4030108088215
2016-11-29,703.9233027880601
2016-11-30,710.2563832805807
2016-12-01,716.1248382948311
2016-12-02,716.100907580517
2016-12-05,724.0873642401502
2016-12-06,731.7675720404525
2016-12-07,739.0472652506284
2016-12-08,749.0873124489241
2016-12-09,749.0776788625258
2016-12-12,768.191532447617
2016-12-13,767.4863788150706
2016-12-14,760.6469303216581
2016-12-15,751.4314358807179
2016-12-16,751.4951840241133
2016-12-19,753.8373728121464
2016-12-20,755.9041459636637
2016-12-21,755.5713201109061
2016-12-22,755.5224541747148
2016-12-23,755.5212755304044
2016-12-26,756.0775303344913
2016-12-27,755.3027338059454
2016-12-28,752.0381453358481
2016-12-29,758.9817270292724
2016-12-30,758.9711034167549
2017-01-02,758.5483779078381
2017-01-03,774.1695484908806
2017-01-04,777.4948312842721
2017-01-05,779.8294000352594
2017-01-06,779.8390907533819
2017-01-09,788.531474149758
2017-01-10,788.982283677665
2017-01-11,788.6920270418196
2017-01-12,790.0898423596419
2017-01-13,790.0744442188984
2017-01-16,788.2196194948443
2017-01-17,794.2141816762285
2017-01-18,796.1084130863342
2017-01-19,798.039936315919
2017-01-20,798.0954407532502
2017-01-23,801.0839232450084
2017-01-24,805.6851148729879
2017-01-25,799.3517044462002
2017-01-26,801.1168080171554
2017-01-27,801.1547426430882
2017-01-30,788.2256281702315
2017-01-31,777.4199181297906
2017-02-01,776.4504448902832
2017-02-02,771.199296299853
2017-02-03,771.1897473300144
2017-02-06,781.6239387125813
2017-02-07,783.394536897678
2017-02-08,789.2939803284844
2017-02-09,784.5412949374879
2017-02-10,784.4818807331019
2017-02-13,782.5656889974113
2017-02-14,785.0137184241597
2017-02-15,787.3391307666257
2017-02-16,791.5360346613282
2017-02-17,791.54703029215
2017-02-20,789.0935704173945
2017-02-21,788.3930477444617
2017-02-22,798.2818858863715
2017-02-23,796.4795300072645
2017-02-24,796.4962407996729
2017-02-27,796.6353863004998
2017-02-28,786.4049242401259
2017-03-01,790.2353006111382
2017-03-02,790.8116463814594
2017-03-03,790.7639645686417
2017-03-06,786.7173053779536
2017-03-07,775.5823973966553
2017-03-08,775.2914862806397
2017-03-09,777.7635603584432
2017-03-10,777.7737509859425
2017-03-13,769.9576688184842
2017-03-14,767.5164586193185
2017-03-15,764.924760818683
2017-03-16,775.8284766806767
2017-03-17,775.8332462166486
2017-03-20,775.6288864389966
2017-03-21,782.5719372943468
2017-03-22,776.2513397448497
2017-03-23,778.5220069564532
2017-03-24,778.5282028072171
2017-03-27,776.6670964762036
2017-03-28,777.7305039388103
2017-03-29,775.2087868352949
2017-03-30,776.0796454913899
2017-03-31,776.0657780711714
2017-04-03,780.426946504112
2017-04-04,787.6339329671896
2017-04-05,794.4484118978249
2017-04-06,792.4513479788603
2017-04-07,792.5631573476664
2017-04-10,790.4875629624983
2017-04-11,787.5083947326488
2017-04-12,792.171408343754
2017-04-13,785.7101560138073
2017-04-14,785.7101560138073
2017-04-17,779.4666239348969
2017-04-18,782.801326156108
2017-04-19,784.0382860505541
2017-04-20,777.8631105356338
2017-04-21,777.8647008626434
2017-04-24,770.444063750848
2017-04-25,772.9980933705198
2017-04-26,776.4816569260194
2017-04-27,769.5736852784065
2017-04-28,769.5860476544489
2017-05-01,774.0105304682955
2017-05-02,771.8727838570474
2017-05-03,769.2840297954372
2017-05-04,769.0057691198531
2017-05-05,769.0057691198531
2017-05-08,762.4327096670208
2017-05-09,765.401124360349
2017-05-10,771.1294965302366
2017-05-11,778.7617100018359
2017-05-12,778.7766374079645
2017-05-15,774.7532886601497
2017-05-16,774.7433305543511
2017-05-17,777.6315630316252
2017-05-18,773.825984031962
2017-05-19,773.8212955526017
2017-05-22,776.0859906244951
2017-05-23,773.5459306436894
2017-05-24,770.37731488623
2017-05-25,770.6114775077937
2017-05-26,770.6316051594649
2017-05-29,773.7127821277885
2017-05-30,771.2610005992734
2017-05-31,760.7020899827826
2017-06-01,765.6707772798438
2017-06-02,765.6359845027251
2017-06-05,735.7899677573131
2017-06-06,730.1634995576009
2017-06-07,734.527343833961
2017-06-08,746.3536400453677
2017-06-09,745.5685262858279
2017-06-12,745.2344411005406
2017-06-13,746.3971656989456
2017-06-14,750.355782390076
2017-06-15,750.5030365224756
2017-06-16,749.991599011395
2017-06-19,745.4474354365944
2017-06-20,739.1811367426616
2017-06-21,728.6999199559306
2017-06-22,734.9155968472917
2017-06-23,733.5249988685298
2017-06-26,733.5202023484138
2017-06-27,733.5154059588831
2017-06-28,735.0325835263124
2017-06-29,735.4285810609589
2017-06-30,735.4238265341996
2017-07-03,735.0628046570724
2017-07-04,733.8425365552837
2017-07-05,735.0720004837689
2017-07-06,732.859970994664
2017-07-07,732.8647706369707
2017-07-10,735.8716039109438
2017-07-11,739.6504144955461
2017-07-12,753.1281088513012
2017-07-13,767.3608695359311
2017-07-14,767.2333118436646
2017-07-17,772.8341225407785
2017-07-18,770.4942688735739
2017-07-19,776.7707026357597
2017-07-20,776.213015515426
2017-07-21,776.1356570429341
2017-07-24,778.9615797881614
2017-07-25,779.804199160621
2017-07-26,780.7225277767851
2017-07-27,780.4887300944328
2017-07-28,780.5408965934438
2017-07-31,776.0633104271765
2017-08-01,774.1538316962178
2017-08-02,780.3867044088415
2017-08-03,782.5838422823937
2017-08-04,782.61962794918
2017-08-07,779.0415643539817
2017-08-08,779.1200542142333
2017-08-09,774.7522056830674
2017-08-10,773.3057791869295
2017-08-11,773.3057791869295
2017-08-14,761.97110104112
2017-08-15,757.4559306503473
2017-08-16,755.429459823569
2017-08-17,759.3321759816378
2017-08-18,759.2089607565281
2017-08-21,756.8099353252074
2017-08-22,757.5879288277916
2017-08-23,758.5141430054642
2017-08-24,754.665590606864
2017-08-25,754.7468396859089
2017-08-28,755.1357585810375
2017-08-29,750.7174554429788
2017-08-30,750.6093314431123
2017-08-31,750.6568646370288
2017-09-01,750.5855697404285
2017-09-04,752.4722088688534
2017-09-05,751.4975675467322
2017-09-06,748.058790358419
2017-09-07,748.3632990902119
2017-09-08,748.3355820131022
2017-09-11,743.9417148258134
2017-09-12,743.492685409884
2017-09-13,741.823952971064
2017-09-14,744.9069291027722
2017-09-15,744.7868422328315
2017-09-18,740.1342001725258
2017-09-19,741.4193749833913
2017-09-20,741.8088198874974
2017-09-21,743.15470501502
2017-09-22,743.1321550703562
2017-09-25,738.9446229831229
2017-09-26,742.8521465167587
2017-09-27,739.429607275789
2017-09-28,733.9522028277875
2017-09-29,733.9920330117501
2017-10-02,733.5603240308516
2017-10-03,733.319248649354
2017-10-04,729.2205430772462
2017-10-05,726.5646577538243
2017-10-06,726.5496457250401
2017-10-09,732.4263503231263
2017-10-10,734.7708597736643
2017-10-11,742.2950764249539
2017-10-12,744.3857896039667
2017-10-13,744.2893837602799
2017-10-16,743.5209843844906
2017-10-17,736.9821681639789
2017-10-18,734.5717081931215
2017-10-19,738.3589053094186
2017-10-20,738.3692180804514
2017-10-23,730.6825559923317
2017-10-24,732.9070115900482
2017-10-25,736.7455452151576
2017-10-26,733.0674419979816
2017-10-27,733.0725226277648
2017-10-30,734.5253895872083
2017-10-31,733.7434415541514
2017-11-01,734.0444233523816
2017-11-02,732.7853213315477
2017-11-03,732.7701635143658
2017-11-06,718.7913120128078
2017-11-07,710.0599122264306
2017-11-08,700.066155804094
2017-11-09,704.8658922941123
2017-11-10,704.8755383524913
2017-11-13,706.2105257010135
2017-11-14,706.6729516978628
2017-11-15,699.4903285536387
2017-11-16,700.3340500562463
2017-11-17,700.3292210984952
2017-11-20,694.3238687899412
2017-11-21,693.5761041094203
2017-11-22,697.9650155677236
2017-11-23,697.0985307409918
2017-11-24,697.1130336494535
2017-11-27,698.5667535776547
2017-11-28,695.1131930210488
2017-11-29,694.4958509008757
2017-11-30,691.7767095934868
2017-12-01,691.7671560810458
2017-12-04,704.9834809281133
2017-12-05,700.6811458863405
2017-12-06,696.3867956755564
2017-12-07,694.2316467923401
2017-12-08,694.2316467923403
2017-12-11,704.4617713573211
2017-12-12,713.704753393143
2017-12-13,714.2275938046615
2017-12-14,709.491398818837
2017-12-15,709.491398818837
2017-12-18,711.9512227194799
2017-12-19,724.5294336591719
2017-12-20,725.0936507311322
2017-12-21,727.018949242609
2017-12-22,726.981444959978
2017-12-25,722.9023087635034
2017-12-26,717.5257377576704
2017-12-27,721.5769103641127
2017-12-28,726.0961230813641
2017-12-29,726.0023538969383
2018-01-01,725.5128108709727
2018-01-02,735.4620280436961
2018-01-03,740.8017633703128
2018-01-04,743.0425767480003
2018-01-05,743.052382913439
2018-01-08,761.1720906408143
2018-01-09,763.1623078588146
2018-01-10,764.4642188159014
2018-01-11,766.8104926907727
2018-01-12,766.8006635249119
2018-01-15,761.2621932324599
2018-01-16,772.516059248045
2018-01-17,773.1438392703495
2018-01-18,774.2149651111167
2018-01-19,774.219950341575
2018-01-22,771.9036315268113
2018-01-23,775.0700369839279
2018-01-24,778.2180876563722
2018-01-25,782.3051681720384
2018-01-26,782.3150461639538
2018-01-29,779.3060585285658
2018-01-30,771.6923137592044
2018-01-31,760.2632591387679
2018-02-01,762.8521173630945
2018-02-02,762.8521173630945
2018-02-05,743.3722434317839
2018-02-06,727.7667019646088
2018-02-07,742.6978697469627
2018-02-08,740.3597678100806
2018-02-09,740.4656901210401
2018-02-12,744.8193075199698
2018-02-13,747.1576178992918
2018-02-14,748.2083021573799
2018-02-15,745.0197521800105
2018-02-16,745.0197521800105
2018-02-19,745.2843954066651
2018-02-20,743.0088750946167
2018-02-21,746.3157978786315
2018-02-22,747.4007074258814
2018-02-23,747.3912922931959
2018-02-26,743.097878945942
2018-02-27,739.5143103430994
2018-02-28,727.3712702543264
2018-03-01,730.4509913519679
2018-03-02,730.4509913519679
2018-03-05,722.9449427103257
2018-03-06,721.1045704745538
2018-03-07,714.6175129552698
2018-03-08,711.0101015712908
2018-03-09,711.0147445830562
2018-03-12,726.7737420887478
2018-03-13,732.462938442427
2018-03-14,728.7912855670874
2018-03-15,736.0645636237188
2018-03-16,736.0552496637783
2018-03-19,739.3303163319473
2018-03-20,744.4844635035997
2018-03-21,742.7670166689279
2018-03-22,742.412591024116
2018-03-23,742.394047228656
2018-03-26,737.0116274105216
2018-03-27,733.1323595287281
2018-03-28,724.070836921574
2018-03-29,729.3313695957577
2018-03-30,729.3313695957577
2018-04-02,736.0842172002798
2018-04-03,734.4055095749247
2018-04-04,731.7003793346992
2018-04-05,740.6673116727329
2018-04-06,740.6764978625431
2018-04-09,746.6396618228827
2018-04-10,752.4020935223019
2018-04-11,758.3320533281158
2018-04-12,750.2607208123408
2018-04-13,750.246770750431
2018-04-16,755.5802842666169
2018-04-17,756.1307197316197
2018-04-18,756.5261573015127
2018-04-19,763.7191150291345
2018-04-20,763.7098523449428
2018-04-23,757.8686671709733
2018-04-24,749.9239932864715
2018-04-25,748.4170659074053
2018-04-26,753.3819721570216
2018-04-27,753.3819721570217
2018-04-30,758.1481629736211
2018-05-01,753.5695752240559
2018-05-02,748.4760203922807
2018-05-03,735.1445940628286
2018-05-04,735.1445940628286
2018-05-07,740.7962663094589
2018-05-08,733.7928726611112
2018-05-09,726.3377800309765
2018-05-10,721.7996918600227
2018-05-11,721.7996918600227
2018-05-14,734.6087579819094
2018-05-15,736.9824417403671
2018-05-16,738.0599743509828
2018-05-17,731.3759411363231
2018-05-18,731.3759411363231
2018-05-21,738.2723375475198
2018-05-22,743.364554634374
2018-05-23,743.6706306743733
2018-05-24,747.5947397727117
2018-05-25,747.5947397727116
2018-05-28,748.3604091522873
2018-05-29,748.7449701993753
2018-05-30,737.5080354344648
2018-05-31,740.4513915327716
2018-06-01,740.4513915327716
2018-06-04,759.2659683847227
2018-06-05,768.005203607228
2018-06-06,769.1862772213412
2018-06-07,765.7865396018269
2018-06-08,765.7865396018269
2018-06-11,770.6392980924115
2018-06-12,767.7131019607697
2018-06-13,760.5781217681681
2018-06-14,759.7943543712486
2018-06-15,759.7943543712486
2018-06-18,750.5245333561398
2018-06-19,745.7949738308894
2018-06-20,733.7017198288548
2018-06-21,735.4404085033088
2018-06-22,735.4404085033088
2018-06-25,731.0928832827328
2018-06-26,726.0817445532701
2018-06-27,725.3586883448365
2018-06-28,730.0200043517167
2018-06-29,730.0200043517167
2018-07-02,734.8138806944343
2018-07-03,736.5066185374367
2018-07-04,741.5575363747257
2018-07-05,744.4545840618907
2018-07-06,744.4636373516718
2018-07-09,744.1378580494254
2018-07-10,752.8463208309146
2018-07-11,751.3955216839645
2018-07-12,747.7751822947258
2018-07-13,747.7751822947258
2018-07-16,758.2812034403281
2018-07-17,757.5993089822433
2018-07-18,757.4435885506707
2018-07-19,756.8484214803523
2018-07-20,756.8484214803523
2018-07-23,758.5317330384703
2018-07-24,764.4237891511481
2018-07-25,766.4348076229239
2018-07-26,768.3176703880681
2018-07-27,768.3176703880681
2018-07-30,772.338808273682
2018-07-31,779.9894456400109
2018-08-01,790.6060637391952
2018-08-02,789.9849215356412
2018-08-03,789.9896118329318
2018-08-06,789.7728010896551
2018-08-07,789.7981322744681
2018-08-08,790.4013839658322
2018-08-09,784.7247900245717
2018-08-10,784.6685123866389
2018-08-13,763.1789064015815
2018-08-14,767.9274659907687
2018-08-15,763.9576017696245
2018-08-16,757.9135013919513
2018-08-17,757.9135013919513
2018-08-20,756.5892912570525
2018-08-21,756.5892912570525
2018-08-22,756.5892912570525
2018-08-23,756.5892912570525
2018-08-24,756.5892912570525
2018-08-27,771.4752703432247
2018-08-28,774.4132460081241
2018-08-29,775.0503289253369
2018-08-30,779.2042623974014
2018-08-31,779.2882596166488
2018-09-03,775.0690871106408
2018-09-04,781.2296811884601
2018-09-05,775.5562097247
2018-09-06,776.2259733832616
2018-09-07,776.2259733832616
2018-09-10,783.6100790087512
2018-09-11,784.3917020579858
2018-09-12,783.0138986280264
2018-09-13,784.1862601358087
2018-09-14,784.209526530962
2018-09-17,768.391327581787
2018-09-18,768.39364019219
2018-09-19,767.6546919874762
2018-09-20,767.5293021018343
2018-09-21,767.5247296741912
2018-09-24,765.6989767912897
2018-09-25,767.1592992063878
2018-09-26,767.9968796388986
2018-09-27,772.9473035395878
2018-09-28,772.9473035395876
2018-10-01,774.9181271438332
2018-10-02,776.3098000854932
2018-10-03,777.8067186994145
2018-10-04,776.2645587392115
2018-10-05,776.2252312590841
2018-10-08,769.4176097163185
2018-10-09,770.9921897596547
2018-10-10,778.4050603767299
2018-10-11,768.9853557939144
2018-10-12,768.9853557939147
2018-10-15,761.1749552131483
2018-10-16,771.0307823621904
2018-10-17,778.748757091395
2018-10-18,782.4974903485011
2018-10-19,782.49290905073
2018-10-22,783.9776019326138
2018-10-23,785.7825560667715
2018-10-24,777.5459766019843
2018-10-25,778.2284655637777
2018-10-26,778.2284655637777
2018-10-29,778.0911941626329
2018-10-30,777.079886297843
2018-10-31,789.9218890384781
2018-11-01,791.6097612096762
2018-11-02,791.6097612096762
2018-11-05,801.2150150985061
2018-11-06,799.1802481664321
2018-11-07,795.3376455371665
2018-11-08,800.6872938038222
2018-11-09,800.6872938038224
2018-11-12,794.0835176839373
2018-11-13,788.3111755343542
2018-11-14,785.1285839782283
2018-11-15,790.4857659444892
2018-11-16,790.4857659444895
2018-11-19,799.8107130412669
2018-11-20,788.9778264538996
2018-11-21,790.2159630599248
2018-11-22,792.7840434439689
2018-11-23,792.7543646139549
2018-11-26,788.8713136794133
2018-11-27,786.1642911910069
2018-11-28,781.6040967419776
2018-11-29,776.5109206204354
2018-11-30,776.5022935995972
2018-12-03,778.4673741450996
2018-12-04,790.949546908374
2018-12-05,782.8459829714919
2018-12-06,780.9039649601949
2018-12-07,780.8948530609348
2018-12-10,767.3036146195199
2018-12-11,769.0857729051131
2018-12-12,773.4358031950584
2018-12-13,779.1136278674155
2018-12-14,779.1136278674155
2018-12-17,777.1476374565992
2018-12-18,773.2431932295265
2018-12-19,776.8268238849332
2018-12-20,768.175446647926
2018-12-21,768.1933002630213
2018-12-24,763.362950683188
2018-12-25,753.8264039052272
2018-12-26,754.6387102588068
2018-12-27,760.7474253941352
2018-12-28,760.7190558319747
2018-12-31,768.135938105351
2019-01-01,768.1359381053508
2019-01-02,761.8909346757227
2019-01-03,768.177770392633
2019-01-04,768.1492498145813
2019-01-07,776.8550861486439
2019-01-08,775.9808576197292
2019-01-09,779.4461415910197
2019-01-10,784.8712506961026
2019-01-11,784.9006979093209
2019-01-14,784.2848010600632
2019-01-15,783.3842949384181
2019-01-16,784.3536400751096
2019-01-17,786.5875232046587
2019-01-18,786.5875232046587
2019-01-21,783.3697866872601
2019-01-22,783.2945406298637
2019-01-23,783.6919931116386
2019-01-24,787.8683273277522
2019-01-25,787.8615510435028
2019-01-28,792.440014536596
2019-01-29,792.9591227362598
2019-01-30,789.9328589344099
2019-01-31,796.2705917109328
2019-02-01,796.2862660961947
2019-02-04,797.728423478524
2019-02-05,796.816880008955
2019-02-06,795.8210278772825
2019-02-07,784.3500671163152
2019-02-08,784.3454731441612
2019-02-11,768.7923271497101
2019-02-12,765.7693343068217
2019-02-13,759.9065475881896
2019-02-14,755.3396012063739
2019-02-15,755.3122867535352
2019-02-18,757.2297041107785
2019-02-19,756.7921951853242
2019-02-20,770.6829683046097
2019-02-21,779.4011290169104
2019-02-22,779.3644819841717
2019-02-25,784.762679316014
2019-02-26,794.617540802325
2019-02-27,791.096667766943
2019-02-28,785.5261725700826
2019-03-01,785.4885852283163
2019-03-04,784.4909284366336
2019-03-05,777.0001035364023
2019-03-06,774.9005528723568
2019-03-07,765.2961682736383
2019-03-08,765.3233024888119
2019-03-11,760.5060525193305
2019-03-12,760.2884777273667
2019-03-13,761.2311738455331
2019-03-14,773.1977979497983
2019-03-15,773.1977979497981
2019-03-18,785.9747054933832
2019-03-19,783.1212345914088
2019-03-20,785.5854819515248
2019-03-21,787.1551009688228
2019-03-22,787.1551009688228
2019-03-25,787.934687295922
2019-03-26,786.5485517416552
2019-03-27,789.0333151673108
2019-03-28,793.4241306182037
2019-03-29,793.4290726560172
2019-04-01,794.5715140132049
2019-04-02,797.7667180296603
2019-04-03,795.344834181453
2019-04-04,794.7585653993605
2019-04-05,794.7585653993605
2019-04-08,805.4056505637149
2019-04-09,804.8164634882859
2019-04-10,804.809916192962
2019-04-11,804.8427012043053
2019-04-12,804.8527156422856
2019-04-15,810.912647284681
2019-04-16,810.7341438627774
2019-04-17,816.6640246781882
2019-04-18,821.9664766332309
2019-04-19,821.9664766332311
2019-04-22,830.3746281321569
2019-04-23,831.4895658593821
2019-04-24,834.8584018765268
2019-04-25,834.6829285613568
2019-04-26,834.6538816700671
2019-04-29,828.3213531329105
2019-04-30,825.7557876345609
2019-05-01,824.7341306646248
2019-05-02,827.972611608903
2019-05-03,827.9102728270516
2019-05-06,811.8634579403248
2019-05-07,808.051793082401
2019-05-08,800.771103499207
2019-05-09,787.6663539316137
2019-05-10,787.7156997055664
2019-05-13,756.1066788583527
2019-05-14,758.5590826283556
2019-05-15,756.470220701097
2019-05-16,754.0315253010999
2019-05-17,754.0625551411287
2019-05-20,744.9275133728075
2019-05-21,745.4656066269168
2019-05-22,749.590914294682
2019-05-23,750.8870824547591
2019-05-24,750.9462537190578
2019-05-27,751.4690634600419
2019-05-28,758.966668869871
2019-05-29,750.8489023658946
2019-05-30,763.5622261210996
2019-05-31,763.539260430415
2019-06-03,764.050733025031
2019-06-04,764.0462695935793
2019-06-05,764.0462695935792
2019-06-06,764.0492451740408
2019-06-07,764.0114901401154
2019-06-10,789.6358592021451
2019-06-11,799.1163231896761
2019-06-12,805.3015887851882
2019-06-13,792.4354062367033
2019-06-14,792.4368724660168
2019-06-17,791.5925289681547
2019-06-18,794.2762259727945
2019-06-19,793.298613802343
2019-06-20,793.1172501232461
2019-06-21,793.0678878528988
2019-06-24,771.239362671831
2019-06-25,772.5339908159717
2019-06-26,773.7221589365962
2019-06-27,780.9739771228786
2019-06-28,780.995542504309
2019-07-01,786.1547030891843
2019-07-02,785.5979529168721
2019-07-03,786.5065221376676
2019-07-04,785.7971979987424
2019-07-05,785.8059021432765
2019-07-08,783.1653844474171
2019-07-09,785.8679221719325
2019-07-10,791.0015414481887
2019-07-11,796.1509308175778
2019-07-12,796.2169085673177
2019-07-15,802.2455371637736
2019-07-16,804.5935575785147
2019-07-17,805.1829348458413
2019-07-18,803.9113223393599
2019-07-19,803.9113223393599
2019-07-22,797.3817536951865
2019-07-23,792.1158468130179
2019-07-24,793.2071256570557
2019-07-25,798.6049898490114
2019-07-26,798.5548976160243
2019-07-29,791.9332379857339
2019-07-30,793.2257857182879
2019-07-31,792.0507266565727
2019-08-01,785.5688977350659
2019-08-02,785.5628421592537
2019-08-05,762.6272847675958
2019-08-06,757.164739039594
2019-08-07,764.4268491837153
2019-08-08,768.3331386182995
2019-08-09,768.3448842749342
2019-08-12,768.3681633920683
2019-08-13,768.3681633920683
2019-08-14,765.1698890449115
2019-08-15,763.6716706477675
2019-08-16,763.6483195901711
2019-08-19,766.6978686314757
2019-08-20,770.5550875888214
2019-08-21,764.9291351642163
2019-08-22,761.2293227535176
2019-08-23,761.2493515856736
2019-08-26,745.406892446486
2019-08-27,754.0485000629373
2019-08-28,745.5468583439264
2019-08-29,739.305413376112
2019-08-30,739.2528671706957
2019-09-02,738.7745977362556
2019-09-03,734.0578332198338
2019-09-04,743.8346234194389
2019-09-05,741.9003645903808
2019-09-06,741.9943821205416
2019-09-09,742.0267911285207
2019-09-10,737.4118816638093
2019-09-11,731.5187082829499
2019-09-12,729.4740184600488
2019-09-13,729.5700976496082
2019-09-16,730.7308612145165
2019-09-17,726.4387462071547
2019-09-18,729.5677504191249
2019-09-19,736.5833600482895
2019-09-20,736.6099242157757
2019-09-23,735.2434926412196
2019-09-24,741.5417892740969
2019-09-25,740.5981240448886
2019-09-26,739.5393699525199
2019-09-27,739.5481434369202
2019-09-30,740.7918427776599
2019-10-01,738.7026066332876
2019-10-02,731.9366746829577
2019-10-03,727.0433484119516
2019-10-04,727.0520628691481
2019-10-07,725.0783247122268
2019-10-08,722.8240630349516
2019-10-09,714.0869329001098
2019-10-10,712.964216358931
2019-10-11,712.9642163589311
2019-10-14,710.7084208466981
2019-10-15,703.87014162105
2019-10-16,706.9134319922822
2019-10-17,714.5340852269994
2019-10-18,714.5340852269994
2019-10-21,721.8988760443145
2019-10-22,729.4933083631332
2019-10-23,730.3277986235199
2019-10-24,732.7411707877592
2019-10-25,732.7411707877592
2019-10-28,721.709549147497
2019-10-29,714.485711560106
2019-10-30,723.5810254537471
2019-10-31,718.6815330633042
2019-11-01,718.6911758184663
2019-11-04,713.1605636235879
2019-11-05,723.583414953305
2019-11-06,720.791806319412
2019-11-07,724.5018487769256
2019-11-08,724.4762427247872
2019-11-11,731.7177131640141
2019-11-12,734.6819987639053
2019-11-13,730.8481025083527
2019-11-14,732.6822282009784
2019-11-15,732.6822282009784
2019-11-18,734.9705287765127
2019-11-19,739.7710262943418
2019-11-20,740.0959305302081
2019-11-21,738.8221696579955
2019-11-22,738.8428106337618
2019-11-25,737.8036025117582
2019-11-26,726.753026460412
2019-11-27,724.7527370252509
2019-11-28,723.9433722964088
2019-11-29,723.9671283402623
2019-12-02,722.3977588891448
2019-12-03,726.068253169493
2019-12-04,726.5022804020729
2019-12-05,729.3844434923063
2019-12-06,729.3844434923063
2019-12-09,741.3496420211225
2019-12-10,738.2301103672288
2019-12-11,742.881229326184
2019-12-12,733.6320551126548
2019-12-13,733.5989499742618
2019-12-16,741.8905211663183
2019-12-17,747.6714230576794
2019-12-18,753.6980279185944
2019-12-19,757.6471948441762
2019-12-20,757.6611877278089
2019-12-23,768.1806232504348
2019-12-24,766.6816430073583
2019-12-25,761.2149590797003
2019-12-26,760.4122515192317
2019-12-27,760.4122515192317
2019-12-30,760.137835347133
2019-12-31,761.9617136872374
2020-01-01,760.2539371388791
2020-01-02,763.7047894344481
2020-01-03,763.6046087583331
2020-01-06,746.6022010679121
2020-01-07,748.0004046337788
2020-01-08,742.0024201127293
2020-01-09,759.1438786874216
2020-01-10,759.1158092913412
2020-01-13,767.4797725972032
2020-01-14,771.9085778863541
2020-01-15,769.419916132066
2020-01-16,772.0911609232124
2020-01-17,772.0911609232124
2020-01-20,772.9247669808689
2020-01-21,770.6670311871053
2020-01-22,770.0760539825607
2020-01-23,766.1789913330028
2020-01-24,766.1508681413346
2020-01-27,747.8186203813339
2020-01-28,746.6365271750763
2020-01-29,748.3904195769167
2020-01-30,752.434628957572
2020-01-31,752.4116355263117
2020-02-03,740.5863454773039
2020-02-04,742.8610784609251
2020-02-05,740.6500531608423
2020-02-06,737.036467121669
2020-02-07,737.0422877663717
2020-02-10,730.3041947281874
2020-02-11,723.6158279126219
2020-02-12,723.3127651260767
2020-02-13,719.1678923585644
2020-02-14,719.1678923585644
2020-02-17,718.4766505270536
2020-02-18,718.7149729212375
2020-02-19,726.937784172514
2020-02-20,729.0724870184347
2020-02-21,729.0590865204181
2020-02-24,707.2343649072025
2020-02-25,706.3303476368168
2020-02-26,698.8546385041569
2020-02-27,693.2032150687228
2020-02-28,693.3374940518446
2020-03-02,669.1955979472689
2020-03-03,684.2809090453063
2020-03-04,680.6182472894573
2020-03-05,677.7458975509885
2020-03-06,677.7396514045475
2020-03-09,575.699385362094
2020-03-10,614.1276731126256
2020-03-11,601.0472684881082
2020-03-12,577.4147604317637
2020-03-13,577.4147604317636
2020-03-16,546.1301213733133
2020-03-17,551.8618851789171
2020-03-18,556.9410523975758
2020-03-19,569.5002128855585
2020-03-20,569.4477552507581
2020-03-23,544.7713628085065
2020-03-24,561.359031423805
2020-03-25,571.6803177047411
2020-03-26,577.7651638934168
2020-03-27,577.6582295623791
2020-03-30,577.4738052347254
2020-03-31,584.0976745743769
2020-04-01,587.978427579464
2020-04-02,604.1813654327694
2020-04-03,604.1869844914448
2020-04-06,613.1530800545893
2020-04-07,629.2544775916772
2020-04-08,629.5241077246301
2020-04-09,633.3794938940515
2020-04-10,633.3794938940516
2020-04-13,618.9412948025519
2020-04-14,626.190922725608
2020-04-15,619.8519938537199
2020-04-16,603.4351319637411
2020-04-17,603.5480250014033
2020-04-20,599.7164425612143
2020-04-21,588.7992057321172
2020-04-22,596.8448421032259
2020-04-23,602.4648331397647
2020-04-24,602.4637794236537
2020-04-27,622.074816789782
2020-04-28,627.1264743536588
2020-04-29,635.0901062658202
2020-04-30,645.5476836409313
2020-05-01,645.4857947812618
2020-05-04,605.1810305531235
2020-05-05,615.2633829893451
2020-05-06,609.6228729534697
2020-05-07,609.2036506000866
2020-05-08,609.2036506000867
2020-05-11,608.0449952692702
2020-05-12,614.1677035679209
2020-05-13,614.78164731718
2020-05-14,614.1886651156867
2020-05-15,614.303472014228
2020-05-18,628.3598893737517
2020-05-19,637.5829854462105
2020-05-20,640.2272477227272
2020-05-21,640.9426765929305
2020-05-22,640.9849827636532
2020-05-25,640.86412890275
2020-05-26,640.8580878984841
2020-05-27,642.3502328273024
2020-05-28,641.8766125776734
2020-05-29,641.5139544084809
2020-06-01,661.6341989805136
2020-06-02,663.7810851119319
2020-06-03,661.6112749228773
2020-06-04,662.6927587781269
2020-06-05,662.6927587781269
2020-06-08,673.9453020505597
2020-06-09,673.4717719404365
2020-06-10,672.6773473852355
2020-06-11,671.0642175109662
2020-06-12,670.8682448858907
2020-06-15,664.7395004358508
2020-06-16,669.2455493700936
2020-06-17,671.2548014077954
2020-06-18,674.551462323993
2020-06-19,674.5514623239928
2020-06-22,668.3436207960341
2020-06-23,668.6462160329364
2020-06-24,663.9674912394289
2020-06-25,664.4412306285374
2020-06-26,664.4477414321796
2020-06-29,667.1477532416254
2020-06-30,661.2610772599038
2020-07-01,664.0493041144751
2020-07-02,669.6436610073326
2020-07-03,669.6963000482564
2020-07-06,675.4224586386608
2020-07-07,676.4674706776365
2020-07-08,673.9599015962071
2020-07-09,676.1141649997685
2020-07-10,676.1349718899087
2020-07-13,675.0249836439041
2020-07-14,672.0360731293948
2020-07-15,674.3962971353807
2020-07-16,673.7084482054327
2020-07-17,673.7084482054328
2020-07-20,670.0769459296682
2020-07-21,673.1045590412854
2020-07-22,673.2893644945095
2020-07-23,672.5569893725565
2020-07-24,672.6231551104386
2020-07-27,676.090526335022
2020-07-28,676.7105779379756
2020-07-29,676.3834094328738
2020-07-30,676.4909019195516
2020-07-31,676.4909019195514
2020-08-03,676.6323043688751
2020-08-04,677.1018874928235
2020-08-05,676.944791978549
2020-08-06,681.6584650965696
2020-08-07,681.6946175706152
2020-08-10,683.6977018348313
2020-08-11,691.5735137839758
2020-08-12,693.7962942628104
2020-08-13,698.158504895048
2020-08-14,698.1516236963139
2020-08-17,704.237143819563
2020-08-18,711.5963583925479
2020-08-19,713.5224359054617
2020-08-20,713.4493224432681
2020-08-21,713.4797288828235
2020-08-24,721.9357273664265
2020-08-25,721.5460490870893
2020-08-26,721.1324861648619
2020-08-27,718.8373335142868
2020-08-28,718.8444039560286
2020-08-31,715.6486192477291
2020-09-01,712.3287546659263
2020-09-02,719.3673553334293
2020-09-03,723.2411165610308
2020-09-04,723.2699080957137
2020-09-07,720.1525492973498
2020-09-08,722.516289460027
2020-09-09,721.6040331862603
2020-09-10,726.2170594162119
2020-09-11,726.1681050133184
2020-09-14,734.5364102133872
2020-09-15,740.0780407713464
2020-09-16,740.5931945457572
2020-09-17,741.3151942913588
2020-09-18,741.3151942913588
2020-09-21,734.1625278595714
2020-09-22,732.1803632882475
2020-09-23,731.6573666884306
2020-09-24,729.2185479586728
2020-09-25,729.2121692461632
2020-09-28,736.2893109482258
2020-09-29,733.1396521189045
2020-09-30,734.5177199909045
2020-10-01,735.434293525039
2020-10-02,735.404892454622
2020-10-05,732.1591384843275
2020-10-06,740.6109147918924
2020-10-07,738.8265607777068
2020-10-08,744.9189070587264
2020-10-09,744.9488549008731
2020-10-12,756.2948096479755
2020-10-13,761.1051030718008
2020-10-14,759.671851187581
2020-10-15,755.6873416997089
2020-10-16,755.6873416997089
2020-10-19,754.6366676746509
2020-10-20,752.6212814895584
2020-10-21,749.7894393874285
2020-10-22,751.8086126211049
2020-10-23,751.8086126211049
2020-10-26,731.2415822099887
2020-10-27,736.5334177122693
2020-10-28,731.1471020326562
2020-10-29,716.1176701585374
2020-10-30,716.1498553149689
2020-11-02,721.6842447653637
2020-11-03,720.769715375779
2020-11-04,727.3216915907698
2020-11-05,730.2926754352633
2020-11-06,730.2781138338853
2020-11-09,752.4765388967768
2020-11-10,757.0602093262365
2020-11-11,761.0287262872301
2020-11-12,760.5221109266427
2020-11-13,760.5296913834841
2020-11-16,767.7635945368676
2020-11-17,771.2333668698618
2020-11-18,775.1806175280128
2020-11-19,769.5237410246732
2020-11-20,769.5099862187355
2020-11-23,774.3279315102021
2020-11-24,775.3997861175876
2020-11-25,781.1317889798172
2020-11-26,781.5957606288197
2020-11-27,781.5957606288197
2020-11-30,783.0414936812331
2020-12-01,782.5797900896248
2020-12-02,781.569844495017
2020-12-03,782.8263016520116
2020-12-04,782.8642523560803
2020-12-07,785.4704201655982
2020-12-08,784.3353787025727
2020-12-09,787.2976868903952
2020-12-10,786.3188596254257
2020-12-11,786.3370555336074
2020-12-14,787.5454610745517
2020-12-15,786.6650896205924
2020-12-16,791.1174180538998
2020-12-17,791.6274307467188
2020-12-18,791.5616834105394
2020-12-21,780.6025960761054
2020-12-22,788.698666455837
2020-12-23,791.8964151245187
2020-12-24,791.3748734582215
2020-12-25,791.3748734582214
2020-12-28,791.4315478503994
2020-12-29,793.4594674192831
2020-12-30,794.9952143793201
2020-12-31,788.2608038748047
2021-01-01,788.2608038748045
2021-01-04,790.3317243262804
2021-01-05,794.82306537743
2021-01-06,792.9747080813797
2021-01-07,799.5687713323026
2021-01-08,799.5958629454427
2021-01-11,812.4551994416627
2021-01-12,813.7749858902706
2021-01-13,816.9503867390484
2021-01-14,815.6371026077146
2021-01-15,815.6247273555313
2021-01-18,821.2802304813489
2021-01-19,818.4421259422626
2021-01-20,819.0173075666563
2021-01-21,816.3862428254703
2021-01-22,816.4294576655759
2021-01-25,813.9758644256472
2021-01-26,808.2280905789237
2021-01-27,810.0720865989489
2021-01-28,809.9563390025984
2021-01-29,809.9776802711596
2021-02-01,799.9567291878859
2021-02-02,801.067579795057
2021-02-03,795.8587972836881
2021-02-04,800.4252851066127
2021-02-05,800.4252851066129
2021-02-08,810.3950167165272
2021-02-09,816.71133096064
2021-02-10,818.5820828433572
2021-02-11,821.1239593127273
2021-02-12,821.1312466710914
2021-02-15,830.4708756400487
2021-02-16,830.0138884954442
2021-02-17,827.7696613185593
2021-02-18,821.6735279904475
2021-02-19,821.7527983473792
2021-02-22,822.9501735684854
2021-02-23,829.0063501397018
2021-02-24,825.9814865246265
2021-02-25,833.9070679117781
2021-02-26,833.8468047205827
2021-03-01,830.7679692417405
2021-03-02,838.9576772728279
2021-03-03,842.2883582798587
2021-03-04,836.5758691234486
2021-03-05,836.4045044421994
2021-03-08,845.3447044164822
2021-03-09,854.9668921842763
2021-03-10,866.1157110190376
2021-03-11,865.7544662352856
2021-03-12,865.6706663674606
2021-03-15,871.0548053066698
2021-03-16,873.117743703132
2021-03-17,868.0396167283575
2021-03-18,860.2477248826093
2021-03-19,860.2758491885705
2021-03-22,862.7338736660388
2021-03-23,858.6842203410891
2021-03-24,857.1167721249599
2021-03-25,853.2663321533869
2021-03-26,853.2468575788182
2021-03-29,869.6939348336168
2021-03-30,873.421662187992
2021-03-31,894.5058092723602
2021-04-01,896.6379508121863
2021-04-02,896.6379508121863
2021-04-05,901.2621920934308
2021-04-06,902.6692085928502
2021-04-07,903.7353089780391
2021-04-08,906.5304084410302
2021-04-09,906.5442572392983
2021-04-12,898.907200047573
2021-04-13,892.3049236666842
2021-04-14,895.7810750799102
2021-04-15,909.8213442668057
2021-04-16,909.6869504918361
2021-04-19,917.4788151446521
2021-04-20,920.0729690316117
2021-04-21,917.0521324578369
2021-04-22,921.0513245661383
2021-04-23,921.0345068855506
2021-04-26,929.5365000751591
2021-04-27,932.7745469164328
2021-04-28,953.7667487672796
2021-04-29,943.4587334599815
2021-04-30,943.3668699154612
2021-05-03,937.1569262397121
2021-05-04,937.6240249970965
2021-05-05,934.2679208204188
2021-05-06,934.5185319092245
2021-05-07,934.4957931442734
2021-05-10,941.6156483819714
2021-05-11,941.564790918537
2021-05-12,941.4794540257213
2021-05-13,941.4368493375766
2021-05-14,941.493665026259
2021-05-17,948.5889155520539
2021-05-18,952.4649461029007
2021-05-19,948.5195601456476
2021-05-20,946.215588180128
2021-05-21,946.215588180128
2021-05-24,943.976390550671
2021-05-25,954.1620003484666
2021-05-26,955.1024442435264
2021-05-27,959.344975997604
2021-05-28,959.3071897880102
2021-05-31,960.1505858481045
2021-06-01,965.6213880148052
2021-06-02,970.5646913514232
2021-06-03,971.7114790778178
2021-06-04,971.7494767060228
2021-06-07,971.649399776876
2021-06-08,973.0516520070001
2021-06-09,976.6397406972956
2021-06-10,977.4955495992895
2021-06-11,977.5043173609067
2021-06-14,989.3886391780411
2021-06-15,983.2376287116349
2021-06-16,982.8407573010211
2021-06-17,981.5794122211825
2021-06-18,981.4771299702859
2021-06-21,981.1967716631781
2021-06-22,984.4984088299242
2021-06-23,984.5475802184972
2021-06-24,984.8283933697544
2021-06-25,984.8391760708988
2021-06-28,987.0769156124737
2021-06-29,990.1470025969119
2021-06-30,988.4560425044575
2021-07-01,990.1162712359384
2021-07-02,990.1162712359386
2021-07-05,991.8099002484468
2021-07-06,988.2523944820177
2021-07-07,989.3198475558235
2021-07-08,979.9634744332902
2021-07-09,979.9899370551109
2021-07-12,971.6522933557003
2021-07-13,974.2933531558505
2021-07-14,977.6431313766678
2021-07-15,977.6314145100869
2021-07-16,977.5590712346777
2021-07-19,977.362060584292
2021-07-20,977.3761966036517
2021-07-21,977.3268144076008
2021-07-22,977.4151641489087
2021-07-23,977.2985564602778
2021-07-26,986.8439723641823
2021-07-27,988.4438872812299
2021-07-28,989.4873667696576
2021-07-29,997.7748009789874
2021-07-30,997.7928136414832
2021-08-02,1011.0664265427386
2021-08-03,1015.9494656455253
2021-08-04,1013.2793637733487
2021-08-05,1017.220170962673
2021-08-06,1017.0923741377844
2021-08-09,1019.283152846172
2021-08-10,1026.1505006300627
2021-08-11,1027.857596158021
2021-08-12,1029.1732682770707
2021-08-13,1029.2090428522129
2021-08-16,1030.619300971795
2021-08-17,1037.9256161757867
2021-08-18,1036.1590231008527
2021-08-19,1025.557727109341
2021-08-20,1025.5762885280508
2021-08-23,1019.424155867612
2021-08-24,1025.9183657856515
2021-08-25,1026.9741865655592
2021-08-26,1024.0415515711798
2021-08-27,1024.034898585974
2021-08-30,1033.6530440300603
2021-08-31,1037.7185418750023
2021-09-01,1037.3429277485316
2021-09-02,1037.4397681618052
2021-09-03,1037.4923735366372
2021-09-06,1043.8583289765238
2021-09-07,1044.6074298113706
2021-09-08,1048.0471030063636
2021-09-09,1048.6412410180108
2021-09-10,1048.660178707566
2021-09-13,1044.7957935321544
2021-09-14,1044.5577015679141
2021-09-15,1048.717589148026
2021-09-16,1052.6205435621846
2021-09-17,1052.6071828790232
2021-09-20,1044.455468971571
2021-09-21,1042.686404497874
2021-09-22,1040.0792149604895
2021-09-23,1041.194148153541
2021-09-24,1041.128579521271
2021-09-27,1048.5092246983204
2021-09-28,1050.2596509263028
2021-09-29,1049.5461981538022
2021-09-30,1057.5460662613302
2021-10-01,1057.6063635975202
2021-10-04,1055.3390262866224
2021-10-05,1061.511603297502
2021-10-06,1062.1391303937528
2021-10-07,1065.592202163718
2021-10-08,1065.632935147567
2021-10-11,1064.767319203912
2021-10-12,1068.447414806793
2021-10-13,1074.1579984553323
2021-10-14,1080.169557034893
2021-10-15,1080.1470948091526
2021-10-18,1083.641473062651
2021-10-19,1087.6533120538847
2021-10-20,1098.6162814045247
2021-10-21,1101.6330094596028
2021-10-22,1101.6347509522761
2021-10-25,1098.8239886910567
2021-10-26,1094.1127975315746
2021-10-27,1090.6352253849648
2021-10-28,1088.4770075535127
2021-10-29,1088.5054506773286
2021-11-01,1087.0298483401186
2021-11-02,1094.7768230429372
2021-11-03,1093.1613334227832
2021-11-04,1098.6481708092022
2021-11-05,1098.6793602645428
2021-11-08,1111.4474203337554
2021-11-09,1106.9778495610174
2021-11-10,1114.748416828597
2021-11-11,1119.508237937525
2021-11-12,1119.4444246664996
2021-11-15,1115.8374835075265
2021-11-16,1118.7662615873312
2021-11-17,1117.5224898981612
2021-11-18,1109.2589846628694
2021-11-19,1109.2073428935466
2021-11-22,1066.178807806089
2021-11-23,1070.602937432939
2021-11-24,1078.5166181029974
2021-11-25,1074.252163882225
2021-11-26,1074.2809518454571
2021-11-29,1035.4000565158904
2021-11-30,1027.5916146826369
2021-12-01,1036.9364675183308
2021-12-02,1039.3718680162165
2021-12-03,1039.3113662853016
2021-12-06,1054.1876354089775
2021-12-07,1060.8621911858684
2021-12-08,1053.167374262118
2021-12-09,1047.912787161684
2021-12-10,1047.8575540630559
2021-12-13,1052.7265839413976
2021-12-14,1054.0378588614792
2021-12-15,1060.6013504471025
2021-12-16,1072.0347875438722
2021-12-17,1072.0873002091976
2021-12-20,1058.83767645413
2021-12-21,1065.6440353153255
2021-12-22,1061.8612886667088
2021-12-23,1068.792725747582
2021-12-24,1068.7665132096217
2021-12-27,1060.9470242960763
2021-12-28,1072.5356106813074
2021-12-29,1065.4232166962734
2021-12-30,1070.319444120073
2021-12-31,1070.4191129369908
2022-01-03,1074.9616285423945
2022-01-04,1077.2581965755194
2022-01-05,1085.7411411647531
2022-01-06,1083.464152475574
2022-01-07,1083.6673782462515
2022-01-10,1101.8329133394493
2022-01-11,1115.439188784082
2022-01-12,1125.3841595878587
2022-01-13,1137.355450117173
2022-01-14,1137.2156101491137
2022-01-17,1142.309635906911
2022-01-18,1144.3258425460574
2022-01-19,1152.5263160108655
2022-01-20,1153.7502458106048
2022-01-21,1154.1925667100402
2022-01-24,1137.8102691717504
2022-01-25,1140.463451480683
2022-01-26,1144.80528774446
2022-01-27,1144.120524349181
2022-01-28,1145.0848241590713
2022-01-31,1148.5868837729913
2022-02-01,1149.843921919086
2022-02-02,1144.7776474412815
2022-02-03,1141.3324268547508
2022-02-04,1141.8129760140491
2022-02-07,1149.3574252825283
2022-02-08,1149.3862962089527
2022-02-09,1150.173778905168
2022-02-10,1156.3471865841082
2022-02-11,1157.690493488803
2022-02-14,1154.7374633854895
2022-02-15,1168.0586094615858
2022-02-16,1182.734113492427
2022-02-17,1180.825766563308
2022-02-18,1179.6512178801677
2022-02-21,1185.0085069849076
2022-02-22,1185.5848758000204
2022-02-23,1181.971572684785
2022-02-24,1164.6676074220516
2022-02-25,1166.8938334297404
2022-02-28,1193.6911017849275
2022-03-01,1207.9401276955987
2022-03-02,1214.7801526887122
2022-03-03,1223.828257636375
2022-03-04,1222.55499965584
2022-03-07,1226.3952883436941
2022-03-08,1232.227400892949
2022-03-09,1221.9179761800312
2022-03-10,1220.763847423703
2022-03-11,1221.1612791873788
2022-03-14,1204.0103200696922
2022-03-15,1193.8864288085615
2022-03-16,1214.739461299154
2022-03-17,1226.537328497178
2022-03-18,1224.5727592516673
2022-03-21,1227.9646429825061
2022-03-22,1232.6242040813622
2022-03-23,1242.1676137354257
2022-03-24,1245.2669890877603
2022-03-25,1247.178194701999
2022-03-28,1261.4934387044111
2022-03-29,1266.0411039961891
2022-03-30,1259.0472296421667
2022-03-31,1259.8016946293776
2022-04-01,1259.2301265318981
2022-04-04,1263.8237498233607
2022-04-05,1268.3339422251336
2022-04-06,1276.1227532435619
2022-04-07,1285.6812717435341
2022-04-08,1286.390297926079
2022-04-11,1304.2937932750485
2022-04-12,1310.6389587494898
2022-04-13,1303.933596608654
2022-04-14,1307.0769099492782
2022-04-15,1306.2558065889145
2022-04-18,1316.974855691454
2022-04-19,1301.9235542099486
2022-04-20,1314.903039721224
2022-04-21,1307.471266679594
2022-04-22,1308.4516635328787
2022-04-25,1307.1322971512495
2022-04-26,1303.5790467760326
2022-04-27,1310.8067233436934
2022-04-28,1316.0603932198676
2022-04-29,1315.7203539226098
2022-05-02,1315.7018688891594
2022-05-03,1315.6279890260892
2022-05-04,1315.6411421020762
2022-05-05,1317.1147064862216
2022-05-06,1316.249898576177
2022-05-09,1314.5460057904622
2022-05-10,1286.846255545577
2022-05-11,1270.7070224295544
2022-05-12,1212.840601974306
2022-05-13,1217.68574787294
2022-05-16,1211.244033088139
2022-05-17,1204.5070893927134
2022-05-18,1209.7401620873613
2022-05-19,1184.1610583854688
2022-05-20,1185.8195206334021
2022-05-23,1166.62581709486
2022-05-24,1162.424559133841
2022-05-25,1183.8042084241415
2022-05-26,1181.2949038841382
2022-05-27,1184.5618617548512
2022-05-30,1220.2649795564612
2022-05-31,1223.5560459375438
2022-06-01,1210.5113875097848
2022-06-02,1197.9489445333222
2022-06-03,1197.494117429013
2022-06-06,1211.8095381063954
2022-06-07,1199.0453609643891
2022-06-08,1193.7939796963215
2022-06-09,1195.0528591117331
2022-06-10,1194.4933446195453
2022-06-13,1150.0178542564126
2022-06-14,1149.2907600465157
2022-06-15,1147.9482552635045
2022-06-16,1133.2224841420177
2022-06-17,1131.3191993932246
2022-06-20,1091.2852912073713
2022-06-21,1115.77079087056
2022-06-22,1085.3303034582093
2022-06-23,1082.0865314861403
2022-06-24,1081.8550195420094
2022-06-27,1095.4039009685096
2022-06-28,1113.8665605417063
2022-06-29,1116.4583684477873
2022-06-30,1102.0316065087306
2022-07-01,1101.039917417322
2022-07-04,1088.84382805114
2022-07-05,1085.8630659607197
2022-07-06,1087.4069374254454
2022-07-07,1087.968832205772
2022-07-08,1087.968832205772
2022-07-11,1087.8549899067186
2022-07-12,1089.4676085233345
2022-07-13,1080.1541482058938
2022-07-14,1074.3807022255821
2022-07-15,1074.5042197987843
2022-07-18,1103.4937033164704
2022-07-19,1118.8416708593877
2022-07-20,1132.4147649683857
2022-07-21,1149.0009272621653
2022-07-22,1150.388372013151
2022-07-25,1140.9113863446462
2022-07-26,1147.194703361214
2022-07-27,1155.1659776484103
2022-07-28,1163.0174076365342
2022-07-29,1164.328936163061
2022-08-01,1181.652861069885
2022-08-02,1177.87184877805
2022-08-03,1175.226214947332
2022-08-04,1174.0291573370118
2022-08-05,1174.3350567794125
2022-08-08,1178.2649024731436
2022-08-09,1181.384874311097
2022-08-10,1190.0304975996203
2022-08-11,1199.457054630964
2022-08-12,1199.8855665213978
2022-08-15,1201.1745717718895
2022-08-16,1203.5911516915417
2022-08-17,1214.4677286919432
2022-08-18,1211.399015534666
2022-08-19,1210.743092603959
2022-08-22,1206.7581369080938
2022-08-23,1196.4176751241034
2022-08-24,1196.50165731969
2022-08-25,1209.6309983926594
2022-08-26,1210.627924701794
2022-08-29,1204.2072243971786
2022-08-30,1198.6068183900045
2022-08-31,1183.1793195893522
2022-09-01,1167.861723121595
2022-09-02,1167.5660528699982
2022-09-05,1160.2588234496277
2022-09-06,1154.6157313611488
2022-09-07,1143.2737570966665
2022-09-08,1140.725167610984
2022-09-09,1140.986251820578
2022-09-12,1160.3039154113737
2022-09-13,1168.4393387093885
2022-09-14,1150.423306388436
2022-09-15,1149.932479774559
2022-09-16,1153.0532469045347
2022-09-19,1121.6711380929398
2022-09-20,1125.575306949123
2022-09-21,1120.3566165016787
2022-09-22,1116.886266702756
2022-09-23,1115.6158788902821
2022-09-26,1066.9327185199454
2022-09-27,1074.5036088720185
2022-09-28,1084.2880609554945
2022-09-29,1102.3318980393617
2022-09-30,1101.538945424637
2022-10-03,1113.2848293072161
2022-10-04,1135.6173777087915
2022-10-05,1135.2908300005386
2022-10-06,1133.927989089713
2022-10-07,1134.1648344567882
2022-10-10,1112.4832163363471
2022-10-11,1108.1820058374412
2022-10-12,1111.7628592565716
2022-10-13,1101.486400581107
2022-10-14,1102.5913977455461
2022-10-17,1110.9846404071586
2022-10-18,1134.2234151450762
2022-10-19,1132.1905923173401
2022-10-20,1147.3770417465248
2022-10-21,1147.5683209633376
2022-10-24,1150.9815045027622
2022-10-25,1146.785449025283
2022-10-26,1132.8119358611661
2022-10-27,1129.3858662391428
2022-10-28,1128.024862835305
2022-10-31,1128.288235739431
2022-11-01,1117.1452548010177
2022-11-02,1119.0888790164465
2022-11-03,1108.9691988552383
2022-11-04,1111.4079179483074
2022-11-07,1129.2571055213061
2022-11-08,1123.6735632075195
2022-11-09,1121.3573533081585
2022-11-10,1107.0027274335841
2022-11-11,1108.3947017232529
2022-11-14,1108.284765985343
2022-11-15,1099.3778571838172
2022-11-16,1099.1982449918057
2022-11-17,1095.8791521347575
2022-11-18,1097.4942516578872
2022-11-21,1078.825320743866
2022-11-22,1080.051001508414
2022-11-23,1081.6374259973154
2022-11-24,1080.6809579694252
2022-11-25,1079.555314202053
2022-11-28,1064.3421252017342
2022-11-29,1063.6660682789204
2022-11-30,1078.1940083973013
2022-12-01,1074.9390733465734
2022-12-02,1075.0514755161807
2022-12-05,1046.9460662636513
2022-12-06,1043.5364505872758
2022-12-07,1022.1587329454089
2022-12-08,1027.0473769959794
2022-12-09,1026.96805615391
2022-12-12,1009.7533062046587
2022-12-13,1018.7911563971198
2022-12-14,1020.3475014534253
2022-12-15,1021.1969822929034
2022-12-16,1023.8724625968564
2022-12-19,1017.1891964449626
2022-12-20,1023.8570619989206
2022-12-21,1022.859573561234
2022-12-22,1016.9184253390108
2022-12-23,1016.9080405629984
2022-12-26,1015.0950340290469
2022-12-27,1025.2282916326283
2022-12-28,1035.8714874355715
2022-12-29,1033.873596106108
2022-12-30,1033.056351244767
2023-01-02,1038.9808318389628
2023-01-03,1045.520007519311
2023-01-04,1035.6593235186097
2023-01-05,1037.401459869597
2023-01-06,1036.4961427183916
2023-01-09,1047.8480421740935
2023-01-10,1047.131568302267
2023-01-11,1041.7576334444307
2023-01-12,1046.202889898373
2023-01-13,1047.3965785249118
2023-01-16,1047.8248775454904
2023-01-17,1043.397236293094
2023-01-18,1039.6741913444023
2023-01-19,1042.9136546862617
2023-01-20,1043.1174288366497
2023-01-23,1052.0178025290236
2023-01-24,1056.9143057431716
2023-01-25,1057.0748579264564
2023-01-26,1053.6217319447587
2023-01-27,1049.2606694107833
2023-01-30,1047.341319521522
2023-01-31,1043.9958367822292
2023-02-01,1044.4837065750196
2023-02-02,1038.5999586621804
2023-02-03,1039.8659231181123
2023-02-06,1033.0082843251
2023-02-07,1025.4989529857091
2023-02-08,1028.1295744296394
2023-02-09,1019.7244672839975
2023-02-10,1019.9545532478475
2023-02-13,1024.7007128592377
2023-02-14,1023.292312483448
2023-02-15,1029.3416749593177
2023-02-16,1029.6756608400153
2023-02-17,1029.9633279655468
2023-02-20,1019.4645296971303
2023-02-21,1011.9307824496658
2023-02-22,1009.5628089293373
2023-02-23,998.4456305186251
2023-02-24,998.7984535126716
2023-02-27,990.8640548747602
2023-02-28,997.5367304002845
2023-03-01,1004.1611049512907
2023-03-02,1010.269053653544
2023-03-03,1010.4179581212046
2023-03-06,1025.7606459861777
2023-03-07,1025.670880898569
2023-03-08,1021.6664594454832
2023-03-09,1023.6245550884825
2023-03-10,1023.540110070686
2023-03-13,1005.1018345168774
2023-03-14,990.5553961835177
2023-03-15,982.4040893933659
2023-03-16,975.9897960801592
2023-03-17,978.2220218492286
2023-03-20,994.140186060193
2023-03-21,1005.6749098327673
2023-03-22,1008.7433098128929
2023-03-23,1013.6388188777468
2023-03-24,1011.8720665671887
2023-03-27,1012.9448543689917
2023-03-28,1017.4565368424262
2023-03-29,1019.3848433769679
2023-03-30,1028.1970353993297
2023-03-31,1026.345311929592
2023-04-03,1044.7816071950313
2023-04-04,1056.479254853705
2023-04-05,1054.1438692069353
2023-04-06,1051.0813711650424
2023-04-07,1050.9385516112388
2023-04-10,1047.1512383224629
2023-04-11,1046.116316320387
2023-04-12,1054.9030638918327
2023-04-13,1055.8012884153627
2023-04-14,1056.893527698667
2023-04-17,1068.2949125545188
2023-04-18,1067.8445559237248
2023-04-19,1067.2927184957248
2023-04-20,1067.6618925751945
2023-04-21,1067.6387994779666
2023-04-24,1068.8998521195028
2023-04-25,1072.3936189943588
2023-04-26,1077.8618220366561
2023-04-27,1077.8863607246292
2023-04-28,1079.8972342254738
2023-05-01,1080.247212726018
2023-05-02,1075.8554744774062
2023-05-03,1065.1915581765913
2023-05-04,1071.6349803862936
2023-05-05,1072.904362909772
2023-05-08,1081.7683804131032
2023-05-09,1081.1963951980722
2023-05-10,1081.9043824309276
2023-05-11,1087.1135239480989
2023-05-12,1086.6687631090874
2023-05-15,1068.0218205563503
2023-05-16,1067.9338632051818
2023-05-17,1076.2632021948575
2023-05-18,1082.0451670595817
2023-05-19,1081.009234307555
2023-05-22,1079.360568418076
2023-05-23,1073.6300600389902
2023-05-24,1069.0044547791947
2023-05-25,1062.996751589854
2023-05-26,1063.995679800275
2023-05-29,1060.2570861686388
2023-05-30,1062.2291859396198
2023-05-31,1049.8638011066898
2023-06-01,1049.7847962081296
2023-06-02,1050.9825982275331
2023-06-05,1072.8702038932117
2023-06-06,1072.629607506274
2023-06-07,1077.3168468483964
2023-06-08,1078.0782589132566
2023-06-09,1078.6361318844667
2023-06-12,1079.7307354902134
2023-06-13,1079.4947852983896
2023-06-14,1089.048640648741
2023-06-15,1088.9101573652472
2023-06-16,1091.4720440193062
2023-06-19,1085.4831990683979
2023-06-20,1085.0671362305625
2023-06-21,1088.4944291969773
2023-06-22,1085.603966633547
2023-06-23,1086.4422198599175
2023-06-26,1084.6974662443254
2023-06-27,1084.6974662443256
2023-06-28,1084.619504348025
2023-06-29,1084.6039271783693
2023-06-30,1084.6276791754674
2023-07-03,1093.9994436621087
2023-07-04,1101.529219163433
2023-07-05,1100.5129555500769
2023-07-06,1100.9435674231163
2023-07-07,1100.849604076083
2023-07-10,1099.2644626928895
2023-07-11,1105.5552867846163
2023-07-12,1110.3837231963087
2023-07-13,1110.9871361645562
2023-07-14,1111.7257781738488
2023-07-17,1115.2065118269375
2023-07-18,1116.558340922478
2023-07-19,1115.2565088498693
2023-07-20,1115.0362239202861
2023-07-21,1114.990571349621
2023-07-24,1123.5950686103517
2023-07-25,1130.5940343284576
2023-07-26,1136.165235090689
2023-07-27,1133.4054814877288
2023-07-28,1133.0956562635727
2023-07-31,1123.1257364328562
2023-08-01,1122.9093498218951
2023-08-02,1111.3223480618096
2023-08-03,1100.5663534327468
2023-08-04,1101.246008661793
2023-08-07,1094.7730911668257
2023-08-08,1089.8486620614065
2023-08-09,1093.1438447947478
2023-08-10,1097.397517034446
2023-08-11,1097.7134195422627
2023-08-14,1101.5009734949529
2023-08-15,1096.287994321684
2023-08-16,1092.9794260114825
2023-08-17,1095.1862104639877
2023-08-18,1095.395619468657
2023-08-21,1091.43907891412
2023-08-22,1090.1127835550897
2023-08-23,1088.304955350482
2023-08-24,1091.563532875433
2023-08-25,1091.5204143302856
2023-08-28,1094.3121520021934
2023-08-29,1093.977171263716
2023-08-30,1101.1321739556017
2023-08-31,1092.5947536510741
2023-09-01,1092.9785615717863
2023-09-04,1086.6125016061067
2023-09-05,1083.7634319373078
2023-09-06,1077.1499103661931
2023-09-07,1073.2243622226201
2023-09-08,1073.750155934358
2023-09-11,1078.3217025340618
2023-09-12,1074.0689846109638
2023-09-13,1071.5210781987464
2023-09-14,1071.8184324041677
2023-09-15,1072.738524442713
2023-09-18,1061.9805603548352
2023-09-19,1063.8412590786713
2023-09-20,1063.6662583496507
2023-09-21,1058.7367408504192
2023-09-22,1058.081114934106
2023-09-25,1052.3128190996824
2023-09-26,1055.0008503985475
2023-09-27,1063.4532447724403
2023-09-28,1062.3978026415252
2023-09-29,1062.4205609838668
2023-10-02,1062.3747521759683
2023-10-03,1059.3367161681772
2023-10-04,1049.981614111114
2023-10-05,1042.4096390234258
2023-10-06,1043.1656531601827
2023-10-09,1021.605694366092
2023-10-10,1025.04312205473
2023-10-11,1024.1380300692233
2023-10-12,1025.8617372270264
2023-10-13,1021.552125767258
2023-10-16,1020.8777079118277
2023-10-17,1031.9170994426245
2023-10-18,1025.445927388953
2023-10-19,1016.6673804401289
2023-10-20,1012.5554043720834
2023-10-23,986.1822705059886
2023-10-24,991.1220060250504
2023-10-25,1002.6828365925398
2023-10-26,988.4761700734907
2023-10-27,987.3273542607712
2023-10-30,1000.1907489496921
2023-10-31,1014.9404175204575
2023-11-01,1028.0343123384043
2023-11-02,1037.0207700148699
2023-11-03,1037.7007685404146
2023-11-06,1051.0010255913326
2023-11-07,1050.930235504617
2023-11-08,1048.200775204618
2023-11-09,1042.2863062871177
2023-11-10,1043.1092097281519
2023-11-13,1038.1686732668622
2023-11-14,1042.1663922341368
2023-11-15,1060.8635566603643
2023-11-16,1065.5051788086155
2023-11-17,1065.3858779407435
2023-11-20,1066.9122328536853
2023-11-21,1067.0861671802224
2023-11-22,1064.7459621210742
2023-11-23,1062.7833619535052
2023-11-24,1063.38273559885
2023-11-27,1060.1982457995778
2023-11-28,1063.1844728670906
2023-11-29,1062.8342998713313
2023-11-30,1069.8600912769127
2023-12-01,1069.5433481908667
2023-12-04,1069.3000471540047
2023-12-05,1065.545032171638
2023-12-06,1065.623958820852
2023-12-07,1068.2049174833696
2023-12-08,1066.5651367695111
2023-12-11,1076.995533523506
2023-12-12,1077.9263090081824
2023-12-13,1078.7385677808206
2023-12-14,1093.2799314571018
2023-12-15,1094.0506954722111
2023-12-18,1103.3534997156446
2023-12-19,1108.9930438122578
2023-12-20,1110.8675659879382
2023-12-21,1106.2308598473548
2023-12-22,1107.018854689546
2023-12-25,1121.9527894283124
2023-12-26,1127.3376974931089
2023-12-27,1130.7035740119202
2023-12-28,1135.888103963845
2023-12-29,1136.539541094196
2024-01-01,1147.5424329081836
2024-01-02,1154.9122871488391
2024-01-03,1136.6163847869325
2024-01-04,1153.052967783225
2024-01-05,1153.0873640997281
2024-01-08,1163.9804501855278
2024-01-09,1162.303579764827
2024-01-10,1159.0737794078534
2024-01-11,1159.4014272127852
2024-01-12,1158.829594588628
2024-01-15,1163.0428611118004
2024-01-16,1156.3120296087347
2024-01-17,1154.693429189996
2024-01-18,1143.273584685167
2024-01-19,1145.054141418036
2024-01-22,1158.5034420076277
2024-01-23,1158.4774401780921
2024-01-24,1166.5651872305586
2024-01-25,1165.0859721083891
2024-01-26,1163.7466507144925
2024-01-29,1167.5052328347285
2024-01-30,1149.1612501463426
2024-01-31,1133.998568583414
2024-02-01,1140.7841762899423
2024-02-02,1140.8281670339259
2024-02-05,1146.5140679103076
2024-02-06,1146.2464478915
2024-02-07,1154.2309070698805
2024-02-08,1157.71255367442
2024-02-09,1158.280367104559
2024-02-12,1167.1812257572474
2024-02-13,1174.3646928572134
2024-02-14,1177.660774437491
2024-02-15,1180.4967172142349
2024-02-16,1181.6838023585765
2024-02-19,1190.066885674115
2024-02-20,1193.2411651404896
2024-02-21,1194.3701666854233
2024-02-22,1191.6702142419397
2024-02-23,1190.4863555829966
2024-02-26,1186.0239058225598
2024-02-27,1192.8895386124802
2024-02-28,1191.7028658151494
2024-02-29,1192.9486399868613
2024-03-01,1194.2471127556662
2024-03-04,1179.3517989684149
2024-03-05,1173.5521676229434
2024-03-06,1179.1191740663812
2024-03-07,1180.6180947702312
2024-03-08,1181.0184524234285
2024-03-11,1178.9595866352258
