Date,EM LATIN AMERICA ex BRAZIL SMALL GROWTH
2013-09-05,3964.140105057614
2013-09-06,4065.742997847439
2013-09-09,4155.4732122376
2013-09-10,4160.517186257125
2013-09-11,4108.609491969398
2013-09-12,4045.323297434716
2013-09-13,4045.137701444012
2013-09-16,4080.55347082161
2013-09-17,4057.7686848665867
2013-09-18,4108.922058860096
2013-09-19,4099.839231955353
2013-09-20,4075.0048671885493
2013-09-23,4153.962683598587
2013-09-24,4130.651317932305
2013-09-25,4117.221877523723
2013-09-26,4156.13555811003
2013-09-27,4079.5074198507355
2013-09-30,4006.2283430123116
2013-10-01,4046.1061990982084
2013-10-02,4025.80132110046
2013-10-03,3990.1411744166235
2013-10-04,4030.6098037188353
2013-10-07,4035.7990764242454
2013-10-08,4005.115963716601
2013-10-09,3954.480293135681
2013-10-10,4046.524160513261
2013-10-11,4076.2759462348713
2013-10-14,4082.084560844249
2013-10-15,4073.2573377362482
2013-10-16,4102.592979183208
2013-10-17,4061.8934107123805
2013-10-18,4063.31316678083
2013-10-21,4025.9544294353627
2013-10-22,4071.726059301437
2013-10-23,3998.084583044304
2013-10-24,3930.9949114058013
2013-10-25,3979.4186065763456
2013-10-28,4005.8484745691585
2013-10-29,4000.814277002816
2013-10-30,3962.897552826027
2013-10-31,3974.7013291629005
2013-11-01,4003.5212477985315
2013-11-04,3983.775788884288
2013-11-05,3931.431284105063
2013-11-06,3885.7449111376704
2013-11-07,3909.1536236056886
2013-11-08,3876.743430175504
2013-11-11,3818.7202327226255
2013-11-12,3811.1095878252863
2013-11-13,3799.300310828469
2013-11-14,3850.4192283810407
2013-11-15,3874.8818567389976
2013-11-18,3883.034717406518
2013-11-19,3878.8549702197333
2013-11-20,3854.168481338248
2013-11-21,3776.212732760147
2013-11-22,3769.916868629447
2013-11-25,3749.9285496396324
2013-11-26,3681.5779315407417
2013-11-27,3700.7556709427604
2013-11-28,3726.500137283709
2013-11-29,3759.597860611293
2013-12-02,3794.3037442403993
2013-12-03,3746.5503278713786
2013-12-04,3774.873295522138
2013-12-05,3773.6865097014697
2013-12-06,3817.082247967149
2013-12-09,3811.335880042739
2013-12-10,3794.7892485463344
2013-12-11,3754.0991193912
2013-12-12,3738.6814376433636
2013-12-13,3759.8752183556253
2013-12-16,3760.9145531764802
2013-12-17,3745.2202352752656
2013-12-18,3760.496868645656
2013-12-19,3778.8746745883814
2013-12-20,3808.280178508962
2013-12-23,3825.3355710218448
2013-12-24,3849.701293459391
2013-12-25,3849.701293459391
2013-12-26,3842.2189173821766
2013-12-27,3836.2003795242417
2013-12-30,3831.313126293923
2013-12-31,3824.0540222336467
2014-01-01,3824.0540222336467
2014-01-02,3845.786678157592
2014-01-03,3866.1576397796302
2014-01-06,3880.2603768054364
2014-01-07,3926.6408952364714
2014-01-08,3907.4457543982285
2014-01-09,3876.3443941777036
2014-01-10,3932.240075712246
2014-01-13,3944.124835654699
2014-01-14,3910.1655192013077
2014-01-15,3948.8737598283424
2014-01-16,3924.077378178801
2014-01-17,3951.951946214352
2014-01-20,3942.2750397976647
2014-01-21,3895.367564235655
2014-01-22,3875.545796585204
2014-01-23,3779.4264129382873
2014-01-24,3666.0260022209327
2014-01-27,3651.8126734546227
2014-01-28,3685.5326237482964
2014-01-29,3640.6184214944597
2014-01-30,3682.3065744342102
2014-01-31,3674.624110678571
2014-02-03,3627.7179335794262
2014-02-04,3622.7567213676543
2014-02-05,3577.9230694303774
2014-02-06,3637.906239568414
2014-02-07,3623.9893526976784
2014-02-10,3602.3553377017292
2014-02-11,3644.0414127821095
2014-02-12,3694.999214257499
2014-02-13,3670.233278670362
2014-02-14,3740.7403751774655
2014-02-17,3733.15721392846
2014-02-18,3693.3991761722273
2014-02-19,3650.474985762858
2014-02-20,3640.6764722009684
2014-02-21,3622.4287315423576
2014-02-24,3621.0863958816685
2014-02-25,3572.4714504801955
2014-02-26,3559.106129195222
2014-02-27,3547.775189411651
2014-02-28,3555.860228573501
2014-03-03,3514.365831803762
2014-03-04,3583.646277095864
2014-03-05,3618.2208772590175
2014-03-06,3652.859769970814
2014-03-07,3608.252479989163
2014-03-10,3528.7641580785307
2014-03-11,3503.472490330227
2014-03-12,3471.386137649178
2014-03-13,3478.3247851987144
2014-03-14,3477.047451777138
2014-03-17,3493.01728042179
2014-03-18,3549.2075387531427
2014-03-19,3581.9794961802813
2014-03-20,3645.789637920198
2014-03-21,3715.8843789861753
2014-03-24,3690.8331414238946
2014-03-25,3745.1017600762466
2014-03-26,3750.306302512737
2014-03-27,3827.7399022565683
2014-03-28,3866.2947840717143
2014-03-31,3858.5403240613973
2014-04-01,3843.928665739668
2014-04-02,3854.287430348772
2014-04-03,3826.093974862449
2014-04-04,3896.026410445427
2014-04-07,3843.327111185793
2014-04-08,3871.1123485259195
2014-04-09,3833.4331205586855
2014-04-10,3801.9452290294503
2014-04-11,3793.443537566485
2014-04-14,3844.6193977898774
2014-04-15,3795.182672613409
2014-04-16,3832.538503057627
2014-04-17,3830.913234935907
2014-04-18,3830.913234935907
2014-04-21,3829.191492083021
2014-04-22,3829.498574176593
2014-04-23,3791.6329395436055
2014-04-24,3803.4303439943906
2014-04-25,3768.860087597829
2014-04-28,3804.2095726296766
2014-04-29,3846.8185017775436
2014-04-30,3804.4801571461467
2014-05-01,3808.830829021741
2014-05-02,3847.106136268848
2014-05-05,3805.305554130113
2014-05-06,3773.558870124482
2014-05-07,3805.25709294291
2014-05-08,3846.171351978791
2014-05-09,3865.530228479942
2014-05-12,3909.6583269406237
2014-05-13,3951.7349220619058
2014-05-14,3940.1634476321856
2014-05-15,3894.9809885660284
2014-05-16,3912.3166806699537
2014-05-19,3932.73346385664
2014-05-20,3909.2772230422243
2014-05-21,3924.6221009037463
2014-05-22,3970.086327483208
2014-05-23,3955.998478429972
2014-05-26,3943.332524192106
2014-05-27,3932.4925590278012
2014-05-28,3931.9718210383844
2014-05-29,3938.4294083843592
2014-05-30,3924.3671960704223
2014-06-02,3923.5783969213735
2014-06-03,3915.6179692645514
2014-06-04,3893.7775057203085
2014-06-05,3919.6319678092636
2014-06-06,3931.336170423162
2014-06-09,3943.8650986086077
2014-06-10,3942.937966587926
2014-06-11,3952.490993997982
2014-06-12,3962.258011833837
2014-06-13,3943.518201644221
2014-06-16,3910.4364505062413
2014-06-17,3900.216057270915
2014-06-18,3913.228967811848
2014-06-19,3942.740025268963
2014-06-20,3938.4766256462453
2014-06-23,3951.774604028049
2014-06-24,3956.506320593084
2014-06-25,3936.454944369407
2014-06-26,3944.341257607267
2014-06-27,3945.1536567350213
2014-06-30,3933.2407769912984
2014-07-01,3942.492695704002
2014-07-02,3963.171122626957
2014-07-03,3986.5980846919897
2014-07-04,4001.738743532375
2014-07-07,3986.8950521293855
2014-07-08,3973.9811936323295
2014-07-09,3993.6304771532173
2014-07-10,3995.588927812394
2014-07-11,3999.442453871731
2014-07-14,3997.889450317721
2014-07-15,4007.495239663284
2014-07-16,4017.7805924136746
2014-07-17,3998.0538115957766
2014-07-18,3992.2948022771457
2014-07-21,3986.7768878879046
2014-07-22,4025.9202878169704
2014-07-23,4029.8809833481737
2014-07-24,4056.2025102460884
2014-07-25,4074.251211509662
2014-07-28,4049.2390309838843
2014-07-29,4039.0304904760783
2014-07-30,4019.902009363295
2014-07-31,3939.805653355787
2014-08-01,3949.271862946255
2014-08-04,3968.6647078116634
2014-08-05,3938.581898547729
2014-08-06,3943.576521051693
2014-08-07,3956.5933985001475
2014-08-08,3960.715640407232
2014-08-11,3990.362139168302
2014-08-12,4034.3251979808238
2014-08-13,4050.377089927812
2014-08-14,4030.8239732543084
2014-08-15,4019.1714305926075
2014-08-18,4042.399569138854
2014-08-19,4068.470837326306
2014-08-20,4063.702652908435
2014-08-21,4085.9113071518614
2014-08-22,4076.2881174991303
2014-08-25,4106.70922062979
2014-08-26,4091.1810392119896
2014-08-27,4078.394529033524
2014-08-28,4075.6417999388705
2014-08-29,4081.2585921893033
2014-09-01,4107.279212579894
2014-09-02,4115.295515001462
2014-09-03,4145.000566956554
2014-09-04,4185.745728775731
2014-09-05,4206.786145475706
2014-09-08,4193.863375992228
2014-09-09,4144.2783597371845
2014-09-10,4139.478075855135
2014-09-11,4136.315660995663
2014-09-12,4117.827994129962
2014-09-15,4141.672784030933
2014-09-16,4157.714203341565
2014-09-17,4155.394179865777
2014-09-18,4129.524196679909
2014-09-19,4166.887882632223
2014-09-22,4110.641262042637
2014-09-23,4119.193916793986
2014-09-24,4134.177174953839
2014-09-25,4125.15426384331
2014-09-26,4114.492647373134
2014-09-29,4082.3122016787624
2014-09-30,4126.422886622479
2014-10-01,4139.594899782365
2014-10-02,4140.887658308698
2014-10-03,4160.889426008618
2014-10-06,4190.209577311383
2014-10-07,4145.160030348129
2014-10-08,4117.280772351081
2014-10-09,4137.475540997074
2014-10-10,4098.505755445099
2014-10-13,4101.688865181782
2014-10-14,4111.09906646968
2014-10-15,4020.8648639019466
2014-10-16,3990.9547385067667
2014-10-17,4073.4045509700413
2014-10-20,4074.4085118903354
2014-10-21,4113.6282204799645
2014-10-22,4131.242252935429
2014-10-23,4133.822908415298
2014-10-24,4127.2828966506595
2014-10-27,4091.7331136312005
2014-10-28,4160.551998780574
2014-10-29,4157.61852759343
2014-10-30,4173.272001451178
2014-10-31,4190.970456634703
2014-11-03,4215.836979273494
2014-11-04,4162.420897009401
2014-11-05,4160.122708933831
2014-11-06,4181.810573874803
2014-11-07,4206.37978088546
2014-11-10,4190.61824126485
2014-11-11,4164.319285590244
2014-11-12,4172.297623721714
2014-11-13,4158.07884710399
2014-11-14,4165.627397429047
2014-11-17,4167.348740451096
2014-11-18,4134.580376510565
2014-11-19,4128.904956997733
2014-11-20,4154.241916953397
2014-11-21,4226.275346745015
2014-11-24,4189.8312902526695
2014-11-25,4167.684807968911
2014-11-26,4106.407055690221
2014-11-27,4102.931910446897
2014-11-28,4083.2200902728746
2014-12-01,4021.95653618799
2014-12-02,3986.8858370319676
2014-12-03,4010.3613279781953
2014-12-04,3968.0939467393446
2014-12-05,4016.918769497037
2014-12-08,3970.261665654936
2014-12-09,3886.04782832471
2014-12-10,3789.250444427189
2014-12-11,3766.2186796956144
2014-12-12,3725.9492177744173
2014-12-15,3640.693136991911
2014-12-16,3596.5952920988484
2014-12-17,3736.4990162134013
2014-12-18,3881.0317802358677
2014-12-19,3913.44228512129
2014-12-22,3904.1736707987543
2014-12-23,3889.2549293505963
2014-12-24,3886.2121528900166
2014-12-25,3886.2121528900166
2014-12-26,3909.1423318225966
2014-12-29,3906.0980775253583
2014-12-30,3915.0417258366447
2014-12-31,3947.9490333985345
2015-01-01,3947.949033398535
2015-01-02,3852.2842180265357
2015-01-05,3822.4739183821066
2015-01-06,3872.9467820178893
2015-01-07,3968.469079717222
2015-01-08,4038.686994007982
2015-01-09,4023.825518879868
2015-01-12,4023.3426260938168
2015-01-13,4015.46308692514
2015-01-14,3964.1859853561177
2015-01-15,4042.8524155494165
2015-01-16,4068.2879450127825
2015-01-19,4032.5544900053324
2015-01-20,4089.5210278432337
2015-01-21,4116.5021048158715
2015-01-22,4225.007210878161
2015-01-23,4259.403337273123
2015-01-26,4285.359824160481
2015-01-27,4260.34075101586
2015-01-28,4235.707014416747
2015-01-29,4202.131937745437
2015-01-30,4176.786164500257
2015-02-02,4178.198830259965
2015-02-03,4158.154144897852
2015-02-04,4177.357994153658
2015-02-05,4236.752943324359
2015-02-06,4232.644070843667
2015-02-09,4251.608609896961
2015-02-10,4248.667683717138
2015-02-11,4188.014102278154
2015-02-12,4268.693610112295
2015-02-13,4298.806161292466
2015-02-16,4277.628130135314
2015-02-17,4270.413581942432
2015-02-18,4306.410847611602
2015-02-19,4319.168233799534
2015-02-20,4308.282141284893
2015-02-23,4320.753486203192
2015-02-24,4356.808895607989
2015-02-25,4328.513455004681
2015-02-26,4404.8544435164295
2015-02-27,4478.488784141389
2015-03-02,4458.140085979213
2015-03-03,4411.0174169044885
2015-03-04,4387.828737132691
2015-03-05,4417.1361492798
2015-03-06,4362.49518175251
2015-03-09,4370.219978964532
2015-03-10,4376.57080135942
2015-03-11,4481.098735955692
2015-03-12,4497.917085033767
2015-03-13,4497.148966637224
2015-03-16,4463.103857414305
2015-03-17,4493.199940354758
2015-03-18,4490.930287585786
2015-03-19,4521.5209661837525
2015-03-20,4571.753627366966
2015-03-23,4523.930441582426
2015-03-24,4534.877108873639
2015-03-25,4488.028795449036
2015-03-26,4453.002602064823
2015-03-27,4449.952166225924
2015-03-30,4442.276795829602
2015-03-31,4469.663615980056
2015-04-01,4515.518222968193
2015-04-02,4492.0252554285835
2015-04-03,4492.0252554285835
2015-04-06,4571.037027327026
2015-04-07,4610.673881221216
2015-04-08,4650.8547781663265
2015-04-09,4636.656778543352
2015-04-10,4638.428444069195
2015-04-13,4622.928520935426
2015-04-14,4617.876261864445
2015-04-15,4620.440042147899
2015-04-16,4631.752223071442
2015-04-17,4589.274811190855
2015-04-20,4573.7539409864985
2015-04-21,4573.414229344071
2015-04-22,4561.931944521439
2015-04-23,4577.613161521791
2015-04-24,4581.466823309689
2015-04-27,4605.7558953100815
2015-04-28,4608.064632825403
2015-04-29,4500.317106251641
2015-04-30,4409.434302859273
2015-05-01,4363.534705116516
2015-05-04,4383.7131281980855
2015-05-05,4422.338740216972
2015-05-06,4361.457291935166
2015-05-07,4365.270324539184
2015-05-08,4444.473613736553
2015-05-11,4480.990383429336
2015-05-12,4425.735977688825
2015-05-13,4391.663973844039
2015-05-14,4419.539336836049
2015-05-15,4416.415092349865
2015-05-18,4419.870084166378
2015-05-19,4479.951871760509
2015-05-20,4461.281305560906
2015-05-21,4454.961087798453
2015-05-22,4460.266010685831
2015-05-25,4449.871592031329
2015-05-26,4477.066644652015
2015-05-27,4464.025658028134
2015-05-28,4447.767322800147
2015-05-29,4387.710696423497
2015-06-01,4416.4504221417565
2015-06-02,4313.324994773816
2015-06-03,4265.208944527805
2015-06-04,4226.9045932813315
2015-06-05,4239.578218005269
2015-06-08,4190.174949656928
2015-06-09,4206.147206784506
2015-06-10,4246.261646318434
2015-06-11,4245.521587481077
2015-06-12,4234.389119912834
2015-06-15,4218.053558508011
2015-06-16,4221.988866751574
2015-06-17,4217.732269595305
2015-06-18,4212.937813419961
2015-06-19,4225.996749429277
2015-06-22,4243.792634944824
2015-06-23,4316.581639392857
2015-06-24,4310.269991644155
2015-06-25,4277.943161231165
2015-06-26,4292.7691206981135
2015-06-29,4230.405286266196
2015-06-30,4210.86782929604
2015-07-01,4207.2324201211595
2015-07-02,4268.235463973319
2015-07-03,4255.859389621272
2015-07-06,4199.703256095407
2015-07-07,4236.224901494591
2015-07-08,4172.9825115591175
2015-07-09,4265.845997843331
2015-07-10,4237.091106736488
2015-07-13,4305.011101818031
2015-07-14,4350.599307352463
2015-07-15,4357.700845181352
2015-07-16,4385.472357251326
2015-07-17,4369.457467705985
2015-07-20,4403.483680517236
2015-07-21,4351.310801276098
2015-07-22,4281.857175397112
2015-07-23,4245.38542497579
2015-07-24,4181.215897343024
2015-07-27,4074.1592428335243
2015-07-28,4085.8966734768464
2015-07-29,4154.752653859757
2015-07-30,4139.582375969088
2015-07-31,4196.166146964116
2015-08-03,4219.479649445917
2015-08-04,4218.815673560943
2015-08-05,4230.053536730253
2015-08-06,4172.870223046834
2015-08-07,4205.307919923483
2015-08-10,4216.268566714001
2015-08-11,4133.226079822309
2015-08-12,4055.5785832480647
2015-08-13,4064.3984985378197
2015-08-14,4049.0891024843277
2015-08-17,4051.1283052379836
2015-08-18,4019.004507696079
2015-08-19,3968.6495132715463
2015-08-20,3864.6721188492006
2015-08-21,3732.703785241625
2015-08-24,3509.8663922024193
2015-08-25,3621.3330050874897
2015-08-26,3642.4062353451395
2015-08-27,3812.024016211232
2015-08-28,3832.9830310249004
2015-08-31,3808.3206746677965
2015-09-01,3773.065358759678
2015-09-02,3793.413663369516
2015-09-03,3889.0149605685287
2015-09-04,3834.8288196740755
2015-09-07,3803.955374556861
2015-09-08,3837.8975369747545
2015-09-09,3849.3907998076766
2015-09-10,3835.879221106018
2015-09-11,3836.3302288746263
2015-09-14,3843.966349184586
2015-09-15,3868.252325428136
2015-09-16,3907.5139995243894
2015-09-17,3946.6062619434056
2015-09-18,3927.1641340622978
2015-09-21,3957.4620612830736
2015-09-22,3895.497867779851
2015-09-23,3867.114639717651
2015-09-24,3761.791165341594
2015-09-25,3866.9935882596656
2015-09-28,3809.9222651854943
2015-09-29,3774.3199194032495
2015-09-30,3817.192514240448
2015-10-01,3815.8152338982563
2015-10-02,3808.237205931878
2015-10-05,3897.5977108327406
2015-10-06,3923.4749535290675
2015-10-07,3977.5800060282563
2015-10-08,3971.467911857858
2015-10-09,4012.794383566008
2015-10-12,4004.948553468475
2015-10-13,3948.902435432687
2015-10-14,3907.418863042732
2015-10-15,3990.948692302696
2015-10-16,4010.4898559385924
2015-10-19,4035.257084986053
2015-10-20,4011.6005265360527
2015-10-21,3996.45266500153
2015-10-22,4088.885343047342
2015-10-23,4156.877415333914
2015-10-26,4146.999492977131
2015-10-27,4093.7493423679375
2015-10-28,4091.7795389140124
2015-10-29,4076.9953926969515
2015-10-30,4073.258402920979
2015-11-02,4084.0629099971343
2015-11-03,4168.158890312432
2015-11-04,4178.318682227171
2015-11-05,4126.742264172259
2015-11-06,4131.940720595069
2015-11-09,4057.9961364860746
2015-11-10,4098.009001857061
2015-11-11,4099.367965680806
2015-11-12,4096.035201054336
2015-11-13,4091.611416067393
2015-11-16,4067.5482383914796
2015-11-17,4126.699880193776
2015-11-18,4149.71383420778
2015-11-19,4284.067021426767
2015-11-20,4365.017708805709
2015-11-23,4378.613467193072
2015-11-24,4395.635397907928
2015-11-25,4377.45386346017
2015-11-26,4377.760880360638
2015-11-27,4374.738064199802
2015-11-30,4312.7494084564
2015-12-01,4330.93603922143
2015-12-02,4323.746441484593
2015-12-03,4176.841920152231
2015-12-04,4172.025808292429
2015-12-07,4133.450317522341
2015-12-08,4082.7172781230997
2015-12-09,4067.3497039416534
2015-12-10,4036.2567129994286
2015-12-11,3934.847974481591
2015-12-14,3923.885920193003
2015-12-15,4076.4763065798184
2015-12-16,4131.217239749738
2015-12-17,4190.245185614502
2015-12-18,4163.818055590525
2015-12-21,4120.5330174513
2015-12-22,4083.0263328437723
2015-12-23,4117.3280528144405
2015-12-24,4090.0382947579697
2015-12-25,4090.0382947579697
2015-12-28,4055.8966191665895
2015-12-29,4094.6230362236947
2015-12-30,4095.902390606249
2015-12-31,4134.4598576566505
2016-01-01,4134.4598576566505
2016-01-04,4090.5563651128473
2016-01-05,4131.883030651241
2016-01-06,4088.063967914753
2016-01-07,3964.007367888893
2016-01-08,3872.80940187642
2016-01-11,3915.201253106387
2016-01-12,3933.3261369371016
2016-01-13,3918.7400572074193
2016-01-14,3920.3056843442173
2016-01-15,3801.056193784079
2016-01-18,3833.7284478278175
2016-01-19,3843.302294911642
2016-01-20,3743.3359457203173
2016-01-21,3819.038891804482
2016-01-22,3866.6204736466875
2016-01-25,3825.4386403609865
2016-01-26,3829.2341424337314
2016-01-27,3819.5673048524436
2016-01-28,3843.0409100991874
2016-01-29,3966.878140929638
2016-02-01,3919.884278700169
2016-02-02,3846.5757955968434
2016-02-03,3811.1893868392167
2016-02-04,3847.504438824397
2016-02-05,3825.3662517944763
2016-02-08,3768.9846502490414
2016-02-09,3682.608968774092
2016-02-10,3738.0142581656028
2016-02-11,3623.9906247203776
2016-02-12,3664.8267968832947
2016-02-15,3759.0023378841965
2016-02-16,3763.0918947476694
2016-02-17,3896.673684180836
2016-02-18,3950.4516652232737
2016-02-19,3911.5370290878463
2016-02-22,4008.1933230624113
2016-02-23,3962.547910312172
2016-02-24,3946.437591168912
2016-02-25,3983.815169328517
2016-02-26,4040.134485010561
2016-02-29,4083.919949365854
2016-03-01,4130.102539747258
2016-03-02,4220.212413205997
2016-03-03,4186.601303548222
2016-03-04,4216.53476696044
2016-03-07,4213.818952193686
2016-03-08,4102.212230545276
2016-03-09,4174.197656872804
2016-03-10,4095.814512668712
2016-03-11,4150.2097650714595
2016-03-14,4160.8629797407575
2016-03-15,4124.316908856352
2016-03-16,4148.791088849796
2016-03-17,4225.158079910509
2016-03-18,4254.169774029443
2016-03-21,4244.305826425049
2016-03-22,4279.9603123605475
2016-03-23,4272.269106744921
2016-03-24,4255.116031961302
2016-03-25,4255.116031961302
2016-03-28,4256.322850042441
2016-03-29,4291.298331716158
2016-03-30,4326.759116917121
2016-03-31,4332.115147331515
2016-04-01,4284.620800293618
2016-04-04,4242.447660982066
2016-04-05,4164.774753435364
2016-04-06,4191.928589034852
2016-04-07,4146.776612185337
2016-04-08,4184.359355929625
2016-04-11,4184.458706145954
2016-04-12,4244.233447377906
2016-04-13,4315.861744556445
2016-04-14,4383.885445523442
2016-04-15,4322.68964649511
2016-04-18,4326.349085657743
2016-04-19,4399.313491499311
2016-04-20,4389.353499617717
2016-04-21,4377.316951336865
2016-04-22,4380.741807586266
2016-04-25,4338.75158106862
2016-04-26,4352.637143787954
2016-04-27,4367.085236526365
2016-04-28,4438.843259999702
2016-04-29,4400.224063179615
2016-05-02,4384.28803812152
2016-05-03,4279.552227102194
2016-05-04,4236.297492142708
2016-05-05,4276.239775658029
2016-05-06,4219.731149635329
2016-05-09,4221.773643164045
2016-05-10,4260.862725947748
2016-05-11,4276.600226498399
2016-05-12,4292.10941954488
2016-05-13,4276.451717898342
2016-05-16,4265.345026047343
2016-05-17,4241.396980514948
2016-05-18,4245.334111755449
2016-05-19,4217.617264169615
2016-05-20,4257.217129625832
2016-05-23,4229.341745953987
2016-05-24,4262.892524776314
2016-05-25,4256.262192659717
2016-05-26,4251.043758282094
2016-05-27,4270.381895145205
2016-05-30,4274.897484613451
2016-05-31,4274.395794094549
2016-06-01,4199.178238832873
2016-06-02,4193.842859140114
2016-06-03,4137.383356821117
2016-06-06,4169.194961781978
2016-06-07,4188.41444440113
2016-06-08,4254.774496798725
2016-06-09,4248.858239970702
2016-06-10,4206.434572841517
2016-06-13,4104.0082033030285
2016-06-14,4064.174326945514
2016-06-15,4076.299487980804
2016-06-16,4072.6007805034574
2016-06-17,4075.92264036747
2016-06-20,4119.040711633126
2016-06-21,4160.788268874551
2016-06-22,4179.3787512784165
2016-06-23,4227.340293212514
2016-06-24,4095.353809298635
2016-06-27,4075.168383624403
2016-06-28,4103.362315313074
2016-06-29,4229.457405257192
2016-06-30,4265.672466012938
2016-07-01,4298.299251960478
2016-07-04,4285.5698743349385
2016-07-05,4225.385649648789
2016-07-06,4193.785867238599
2016-07-07,4197.1010694387105
2016-07-08,4261.540208665356
2016-07-11,4327.886898131208
2016-07-12,4336.808009736749
2016-07-13,4294.054580485923
2016-07-14,4341.574129484316
2016-07-15,4323.328487443758
2016-07-18,4344.923483490543
2016-07-19,4350.492385198923
2016-07-20,4374.094620424538
2016-07-21,4386.2597344277565
2016-07-22,4412.352969397193
2016-07-25,4348.283404893379
2016-07-26,4320.145594696077
2016-07-27,4289.57837886004
2016-07-28,4244.687649079578
2016-07-29,4252.853997699391
2016-08-01,4218.493321273083
2016-08-02,4168.700021870442
2016-08-03,4179.502201919924
2016-08-04,4207.848378735618
2016-08-05,4264.178089657275
2016-08-08,4313.3489109260745
2016-08-09,4360.905079437062
2016-08-10,4358.390327977066
2016-08-11,4368.01935230156
2016-08-12,4382.147242256057
2016-08-15,4444.576294902526
2016-08-16,4399.567128800656
2016-08-17,4343.700007004032
2016-08-18,4366.055584815133
2016-08-19,4332.912764972729
2016-08-22,4311.376720141008
2016-08-23,4300.761182173273
2016-08-24,4303.367337122793
2016-08-25,4332.00306232378
2016-08-26,4343.097225863229
2016-08-29,4333.404960369809
2016-08-30,4308.39024717542
2016-08-31,4294.767739542214
2016-09-01,4276.62252430971
2016-09-02,4354.42671035968
2016-09-05,4393.109357350612
2016-09-06,4400.096521416004
2016-09-07,4422.647466908059
2016-09-08,4394.999068055564
2016-09-09,4304.8942914150575
2016-09-12,4219.063142181776
2016-09-13,4172.413244999002
2016-09-14,4151.979439170673
2016-09-15,4162.810577640059
2016-09-16,4092.977012193988
2016-09-19,4117.470347599789
2016-09-20,4137.019819688233
2016-09-21,4153.4772939285385
2016-09-22,4226.507114698851
2016-09-23,4162.211971272954
2016-09-26,4083.116336458976
2016-09-27,4167.906593837315
2016-09-28,4188.11858696402
2016-09-29,4169.848282636787
2016-09-30,4154.540683921102
2016-10-03,4207.902480034943
2016-10-04,4264.145370253376
2016-10-05,4265.994794420778
2016-10-06,4259.4394333403125
2016-10-07,4249.249456662946
2016-10-10,4365.641396309011
2016-10-11,4409.4844527745645
2016-10-12,4429.86041992677
2016-10-13,4397.8163987037615
2016-10-14,4446.135054568961
2016-10-17,4461.313749376511
2016-10-18,4535.221159228672
2016-10-19,4620.108719573559
2016-10-20,4602.970946417319
2016-10-21,4630.2237508691915
2016-10-24,4667.02929255068
2016-10-25,4697.071016629572
2016-10-26,4621.45645723601
2016-10-27,4585.949182218396
2016-10-28,4586.581290339502
2016-10-31,4555.465562941058
2016-11-01,4417.785744837457
2016-11-02,4318.405471336699
2016-11-03,4324.590970829655
2016-11-04,4346.111770339391
2016-11-07,4552.968438598377
2016-11-08,4595.25541713615
2016-11-09,4312.628016118245
2016-11-10,4056.0879282357064
2016-11-11,3944.387878483175
2016-11-14,4033.370405286716
2016-11-15,4159.233695171034
2016-11-16,4147.422054314128
2016-11-17,4148.609866185893
2016-11-18,4105.224727434841
2016-11-21,4094.2756962263547
2016-11-22,4126.949353670289
2016-11-23,4102.647068571606
2016-11-24,4097.8333602592265
2016-11-25,4100.424503317678
2016-11-28,4117.297545456725
2016-11-29,4081.7684277751255
2016-11-30,4120.338186466907
2016-12-01,4016.9715409669307
2016-12-02,4008.8557344244355
2016-12-05,4014.4832761767225
2016-12-06,4068.2362299221422
2016-12-07,4071.1145019638366
2016-12-08,4113.261436285259
2016-12-09,4184.237988309123
2016-12-12,4171.907276938267
2016-12-13,4172.33325697314
2016-12-14,4160.069329301768
2016-12-15,4179.188875133303
2016-12-16,4190.269244119022
2016-12-19,4157.017471551324
2016-12-20,4162.812480163857
2016-12-21,4126.9407724825105
2016-12-22,4059.117408305292
2016-12-23,4055.0175082531805
2016-12-26,4039.98150462595
2016-12-27,4033.975661795981
2016-12-28,4086.93042883431
2016-12-29,4114.232384229441
2016-12-30,4102.666048237047
2017-01-02,4102.23840984066
2017-01-03,4164.744539662257
2017-01-04,4061.3332887420434
2017-01-05,4038.348139608738
2017-01-06,4003.9386409075337
2017-01-09,3930.9736618848947
2017-01-10,3862.340717774726
2017-01-11,3867.4863943591495
2017-01-12,3855.5020825836914
2017-01-13,3895.492178284615
2017-01-16,3883.3070970471194
2017-01-17,3840.2591409995684
2017-01-18,3809.9104859703143
2017-01-19,3791.592102484613
2017-01-20,3791.2190807532634
2017-01-23,3865.517919022505
2017-01-24,3942.344779004033
2017-01-25,4005.511635206085
2017-01-26,4027.775520278689
2017-01-27,4032.8736281146753
2017-01-30,4059.5690533321203
2017-01-31,4041.7528320020533
2017-02-01,4063.5262782149603
2017-02-02,4105.506380033374
2017-02-03,4171.448033497822
2017-02-06,4149.939289832284
2017-02-07,4107.0740043861515
2017-02-08,4116.450251255
2017-02-09,4125.924518880886
2017-02-10,4203.075994185358
2017-02-13,4217.976812001055
2017-02-14,4196.430406699026
2017-02-15,4212.035081984288
2017-02-16,4173.390152532152
2017-02-17,4128.316439532742
2017-02-20,4147.192054909424
2017-02-21,4161.106232712986
2017-02-22,4201.596598718482
2017-02-23,4197.209686732496
2017-02-24,4182.929242607991
2017-02-27,4164.669398082786
2017-02-28,4100.952891840366
2017-03-01,4134.705741419455
2017-03-02,4138.008955794879
2017-03-03,4178.523507139118
2017-03-06,4201.615605379371
2017-03-07,4192.388440819117
2017-03-08,4147.998686556247
2017-03-09,4119.198277254581
2017-03-10,4142.068250540769
2017-03-13,4121.367235242649
2017-03-14,4103.298968266206
2017-03-15,4156.829533013874
2017-03-16,4208.027431223704
2017-03-17,4260.880421781312
2017-03-20,4272.670440955861
2017-03-21,4265.080304967687
2017-03-22,4254.2521357233445
2017-03-23,4305.779974338771
2017-03-24,4353.639109988359
2017-03-27,4303.550446833766
2017-03-28,4336.7629169724105
2017-03-29,4410.260061320243
2017-03-30,4433.247738947608
2017-03-31,4401.230514859453
2017-04-03,4463.325623347257
2017-04-04,4423.532263920261
2017-04-05,4475.460412659689
2017-04-06,4466.174039544328
2017-04-07,4521.663993151156
2017-04-10,4544.898183138656
2017-04-11,4465.664931794523
2017-04-12,4443.673100880249
2017-04-13,4492.122518682038
2017-04-14,4492.122518682038
2017-04-17,4459.195386981779
2017-04-18,4459.0690700457
2017-04-19,4395.889816705154
2017-04-20,4397.445881867286
2017-04-21,4416.988413107745
2017-04-24,4417.974385294
2017-04-25,4329.11494657804
2017-04-26,4282.417882617191
2017-04-27,4326.707136842575
2017-04-28,4310.608235032906
2017-05-01,4329.1313309701245
2017-05-02,4363.3237295319595
2017-05-03,4332.491503541312
2017-05-04,4270.9680192779015
2017-05-05,4274.50093044193
2017-05-08,4298.256761687945
2017-05-09,4332.037494237976
2017-05-10,4387.180464023271
2017-05-11,4394.970228864138
2017-05-12,4405.111376464667
2017-05-15,4432.599722829961
2017-05-16,4386.867039377715
2017-05-17,4296.969168573976
2017-05-18,4216.5236408251285
2017-05-19,4231.583472452248
2017-05-22,4217.714367019035
2017-05-23,4230.461196696888
2017-05-24,4274.093234936049
2017-05-25,4286.452014991391
2017-05-26,4318.552545218425
2017-05-29,4283.944469088222
2017-05-30,4225.598020945727
2017-05-31,4187.201887327933
2017-06-01,4229.682909966375
2017-06-02,4211.534320531079
2017-06-05,4298.374649107817
2017-06-06,4292.942694923791
2017-06-07,4295.972630897779
2017-06-08,4325.456024467272
2017-06-09,4342.126767913142
2017-06-12,4326.052987809424
2017-06-13,4356.0267990382
2017-06-14,4360.233165121508
2017-06-15,4374.770595955225
2017-06-16,4400.6963913612935
2017-06-19,4415.488288863419
2017-06-20,4356.363831322881
2017-06-21,4352.595152494229
2017-06-22,4373.300228294525
2017-06-23,4394.072939470586
2017-06-26,4432.367068284553
2017-06-27,4372.974931151893
2017-06-28,4347.408250896086
2017-06-29,4292.369214945773
2017-06-30,4303.993594932297
2017-07-03,4309.60708808933
2017-07-04,4331.853667508225
2017-07-05,4323.889530312049
2017-07-06,4277.154152221348
2017-07-07,4304.550854853117
2017-07-10,4365.044043137342
2017-07-11,4342.216529120429
2017-07-12,4421.583101545521
2017-07-13,4430.692230430225
2017-07-14,4449.3493223630185
2017-07-17,4467.835547994065
2017-07-18,4415.400403249663
2017-07-19,4436.606110222354
2017-07-20,4371.935557970246
2017-07-21,4364.26829951963
2017-07-24,4348.307331801363
2017-07-25,4344.613287473522
2017-07-26,4349.396466825146
2017-07-27,4325.155044314595
2017-07-28,4271.537368116189
2017-07-31,4269.477688403032
2017-08-01,4279.662586404464
2017-08-02,4257.142507647307
2017-08-03,4271.191297599854
2017-08-04,4332.103103794237
2017-08-07,4305.286401555081
2017-08-08,4309.777556152052
2017-08-09,4286.156737435705
2017-08-10,4243.227090200378
2017-08-11,4263.533512853897
2017-08-14,4312.291754800006
2017-08-15,4297.569571086733
2017-08-16,4350.983371846243
2017-08-17,4331.059949479667
2017-08-18,4303.877621326853
2017-08-21,4345.675868752775
2017-08-22,4365.544427137417
2017-08-23,4323.520673963095
2017-08-24,4330.071249257338
2017-08-25,4328.898456396167
2017-08-28,4258.51336194578
2017-08-29,4226.752561252085
2017-08-30,4280.938112375844
2017-08-31,4300.2183774799705
2017-09-01,4323.391746153672
2017-09-04,4288.7863727266995
2017-09-05,4303.33308294796
2017-09-06,4300.406380721357
2017-09-07,4300.288155878987
2017-09-08,4236.383081990708
2017-09-11,4291.880061715024
2017-09-12,4290.970874867316
2017-09-13,4279.487246444241
2017-09-14,4309.8126784175365
2017-09-15,4282.56748542568
2017-09-18,4283.83569497388
2017-09-19,4257.072526525931
2017-09-20,4279.531428899823
2017-09-21,4262.763540733171
2017-09-22,4275.19005952244
2017-09-25,4289.298340421463
2017-09-26,4309.15660016649
2017-09-27,4268.241267424969
2017-09-28,4246.1204760873725
2017-09-29,4267.171948949939
2017-10-02,4309.72840312369
2017-10-03,4327.526129210344
2017-10-04,4336.60598739674
2017-10-05,4348.7409292875645
2017-10-06,4276.915821910717
2017-10-09,4242.075604217335
2017-10-10,4226.081610154932
2017-10-11,4193.163316792605
2017-10-12,4154.916092688404
2017-10-13,4143.334311674089
2017-10-16,4132.196016098657
2017-10-17,4165.820963919012
2017-10-18,4162.531026213572
2017-10-19,4152.779302106136
2017-10-20,4110.884967176845
2017-10-23,4093.735397515818
2017-10-24,4084.260443009345
2017-10-25,4089.874225770992
2017-10-26,4083.83127973468
2017-10-27,4133.756268932169
2017-10-30,4138.655800786252
2017-10-31,4145.400000314135
2017-11-01,4158.958073904384
2017-11-02,4149.665540942861
2017-11-03,4127.192300898811
2017-11-06,4194.4108466608495
2017-11-07,4169.177247042554
2017-11-08,4159.091585554052
2017-11-09,4139.217060131212
2017-11-10,4060.191442182155
2017-11-13,4019.0466027161233
2017-11-14,3964.727180408526
2017-11-15,3961.5144600498584
2017-11-16,3976.394764310659
2017-11-17,4040.5906256513454
2017-11-20,3958.0840470452254
2017-11-21,4075.0095835401103
2017-11-22,4047.640077018644
2017-11-23,4018.6124952017426
2017-11-24,3995.009380918708
2017-11-27,3982.0826602392945
2017-11-28,3993.4446397848405
2017-11-29,4011.29572747534
2017-11-30,3946.789667770036
2017-12-01,3954.015675998
2017-12-04,3949.04066431105
2017-12-05,3925.8089679696827
2017-12-06,3880.0430050886625
2017-12-07,3880.451947849348
2017-12-08,3913.2710036545786
2017-12-11,3907.3091176340135
2017-12-12,3905.945390179277
2017-12-13,4001.8494164973463
2017-12-14,3972.0452154602185
2017-12-15,4013.210083151614
2017-12-18,4168.033041850749
2017-12-19,4118.6888648975655
2017-12-20,4070.3255077969075
2017-12-21,4017.0409239744367
2017-12-22,4045.7534660437695
2017-12-25,4045.7534660437695
2017-12-26,4022.460930381773
2017-12-27,4007.963787583245
2017-12-28,4007.8952743632904
2017-12-29,4035.737145381972
2018-01-01,4035.737145381972
2018-01-02,4074.296822810452
2018-01-03,4116.609247817233
2018-01-04,4135.950810025706
2018-01-05,4156.326711488199
2018-01-08,4183.438028256748
2018-01-09,4188.075660808482
2018-01-10,4114.032990520691
2018-01-11,4078.8232677193605
2018-01-12,4107.549623665349
2018-01-15,4119.282245197051
2018-01-16,4142.051758638108
2018-01-17,4181.659566270585
2018-01-18,4199.237606871237
2018-01-19,4206.262780655706
2018-01-22,4174.970033570043
2018-01-23,4138.741596313552
2018-01-24,4198.97865356859
2018-01-25,4186.434209296003
2018-01-26,4199.208986087846
2018-01-29,4186.167711754146
2018-01-30,4122.573096736008
2018-01-31,4145.951913085799
2018-02-01,4190.0087282141685
2018-02-02,4136.672123722893
2018-02-05,4119.2455482512305
2018-02-06,4073.146916763868
2018-02-07,4125.954176155771
2018-02-08,4015.419407288895
2018-02-09,3995.192605915042
2018-02-12,4020.4325421598046
2018-02-13,4009.7127124568624
2018-02-14,4021.819000387775
2018-02-15,4043.945030667389
2018-02-16,4076.707569092022
2018-02-19,4084.4320336999035
2018-02-20,4092.9132775114126
2018-02-21,4102.932357882674
2018-02-22,4121.7069630276565
2018-02-23,4160.318158835959
2018-02-26,4171.697543655031
2018-02-27,4121.256380397511
2018-02-28,4123.229407835815
2018-03-01,4104.082013203213
2018-03-02,4009.875518558196
2018-03-05,3994.901058424198
2018-03-06,4000.2104068519775
2018-03-07,3981.8479371096905
2018-03-08,4013.4473783259473
2018-03-09,4086.7142492483363
2018-03-12,4102.356512790262
2018-03-13,4067.0211585238367
2018-03-14,4035.306816359786
2018-03-15,4034.695612645318
2018-03-16,4010.2776979031214
2018-03-19,3973.472040143425
2018-03-20,3987.5391730813985
2018-03-21,4054.7867520024142
2018-03-22,4020.291509359713
2018-03-23,3955.4867874757642
2018-03-26,3956.913240696908
2018-03-27,4000.6353886271404
2018-03-28,3998.6391057575584
2018-03-29,4035.009825636657
2018-03-30,4035.009825636657
2018-04-02,4013.86508377351
2018-04-03,4084.485128312151
2018-04-04,4111.875404984784
2018-04-05,4196.575227952998
2018-04-06,4143.2750106595595
2018-04-09,4152.373411285577
2018-04-10,4155.809148602781
2018-04-11,4182.172796347751
2018-04-12,4237.483895533286
2018-04-13,4263.511836201948
2018-04-16,4258.851877306502
2018-04-17,4306.9014374245635
2018-04-18,4300.433383690366
2018-04-19,4252.1240734396515
2018-04-20,4195.792048765143
2018-04-23,4165.484481819784
2018-04-24,4146.26816046794
2018-04-25,4108.843296749748
2018-04-26,4149.774971214136
2018-04-27,4150.032633205988
2018-04-30,4155.423040696774
2018-05-01,4171.09468653713
2018-05-02,4164.690549164541
2018-05-03,4106.9104325998815
2018-05-04,4074.489136063084
2018-05-07,4012.1239551183585
2018-05-08,3997.6167272119224
2018-05-09,4027.5553874213715
2018-05-10,4088.7160536085657
2018-05-11,4081.0881634975563
2018-05-14,4021.2533939533005
2018-05-15,3955.215253123034
2018-05-16,4010.3892921326933
2018-05-17,3976.7336485075866
2018-05-18,3926.3109343318274
2018-05-21,3916.5275643446503
2018-05-22,3952.8348377733782
2018-05-23,3973.245358279634
2018-05-24,3948.438461318703
2018-05-25,3980.6803125001206
2018-05-28,3982.891966587786
2018-05-29,3944.419050861601
2018-05-30,3943.988721012044
2018-05-31,3872.80529772504
2018-06-01,3900.123672066378
2018-06-04,3915.2192831747266
2018-06-05,3837.4656582306375
2018-06-06,3831.7765997040183
2018-06-07,3793.694871308187
2018-06-08,3809.1697162173186
2018-06-11,3806.979411018958
2018-06-12,3825.0138831927993
2018-06-13,3799.9472239649017
2018-06-14,3827.8851118319094
2018-06-15,3808.2789918776944
2018-06-18,3806.1305184025478
2018-06-19,3797.5640002842747
2018-06-20,3842.2518376402118
2018-06-21,3817.716405695928
2018-06-22,3841.8409183049607
2018-06-25,3820.542533429846
2018-06-26,3864.887893003715
2018-06-27,3860.240088419072
2018-06-28,3859.144303924002
2018-06-29,3887.252056937047
2018-07-02,3816.6073702330173
2018-07-03,3876.607363898691
2018-07-04,3896.661057862358
2018-07-05,3953.45489613565
2018-07-06,4000.5560856551597
2018-07-09,4025.448486740161
2018-07-10,4036.915367825897
2018-07-11,4046.7413506892435
2018-07-12,4080.200792625059
2018-07-13,4082.8249441356566
2018-07-16,4069.452810680974
2018-07-17,4093.5299196413976
2018-07-18,4092.765488353824
2018-07-19,4083.3805173214446
2018-07-20,4092.6815906816896
2018-07-23,4057.82946232307
2018-07-24,4112.931020802042
2018-07-25,4121.601011314953
2018-07-26,4141.337093716255
2018-07-27,4150.612898156854
2018-07-30,4124.002141843213
2018-07-31,4099.629660002189
2018-08-01,4132.437786041357
2018-08-02,4109.38784058081
2018-08-03,4181.382070865012
2018-08-06,4177.0636221579425
2018-08-07,4227.587812429943
2018-08-08,4206.58068531173
2018-08-09,4174.914719852057
2018-08-10,4130.677573079589
2018-08-13,4117.082708125838
2018-08-14,4141.175086193997
2018-08-15,4084.468974303042
2018-08-16,4071.369507316119
2018-08-17,4059.0405311369295
2018-08-20,4049.914853036104
2018-08-21,4071.279840476438
2018-08-22,4076.7817309391808
2018-08-23,4067.7306869571075
2018-08-24,4063.124063857694
2018-08-27,4114.289663150523
2018-08-28,4059.8720339446677
2018-08-29,4038.130422117418
2018-08-30,3996.86412816455
2018-08-31,4010.9278976648075
2018-09-03,3996.7293233468554
2018-09-04,3954.9478238694287
2018-09-05,3904.7625223106297
2018-09-06,3918.5271889623577
2018-09-07,3985.6829688004354
2018-09-10,3954.757180543439
2018-09-11,3964.288553756986
2018-09-12,4022.811944773766
2018-09-13,4063.090539788202
2018-09-14,4078.6443045687906
2018-09-17,4052.949024090653
2018-09-18,4076.544987707467
2018-09-19,4104.692487931803
2018-09-20,4087.6225533938873
2018-09-21,4082.651223190802
2018-09-24,4045.577034833119
2018-09-25,4028.4983478816953
2018-09-26,4071.4356071514885
2018-09-27,4107.385780839206
2018-09-28,4142.887137977075
2018-10-01,4167.797519662955
2018-10-02,4155.645151582251
2018-10-03,4142.756784157812
2018-10-04,4050.855884743196
2018-10-05,4057.728050089159
2018-10-08,4050.5415490520354
2018-10-09,4054.390917334832
2018-10-10,3961.4374357298916
2018-10-11,3932.1841231494186
2018-10-12,3947.05662937332
2018-10-15,3947.6782902099103
2018-10-16,3976.9423056802375
2018-10-17,3972.634265824768
2018-10-18,3896.6536128396106
2018-10-19,3880.9913672722955
2018-10-22,3828.253094514166
2018-10-23,3779.370830287136
2018-10-24,3777.0375469708483
2018-10-25,3797.4249777726914
2018-10-26,3784.6004196823997
2018-10-29,3607.5915938028656
2018-10-30,3521.7158979270257
2018-10-31,3512.7300252426476
2018-11-01,3597.6025376729735
2018-11-02,3621.177836838447
2018-11-05,3725.4905935923457
2018-11-06,3710.7092987500564
2018-11-07,3725.5138320588794
2018-11-08,3583.17727245391
2018-11-09,3590.2055958644974
2018-11-12,3570.0843131301963
2018-11-13,3532.5184066135607
2018-11-14,3540.4692104245078
2018-11-15,3515.001949798347
2018-11-16,3572.589151695432
2018-11-19,3538.532348360577
2018-11-20,3477.6635356506868
2018-11-21,3498.2241536685196
2018-11-22,3471.583545632044
2018-11-23,3446.294499744587
2018-11-26,3382.3483863902443
2018-11-27,3413.477458074061
2018-11-28,3465.611771856487
2018-11-29,3517.395951436756
2018-11-30,3522.0129639500997
2018-12-03,3544.5901108513867
2018-12-04,3508.934410532784
2018-12-05,3522.2199730433454
2018-12-06,3495.7550669467837
2018-12-07,3512.00707578648
2018-12-10,3438.47182343575
2018-12-11,3460.9454402074825
2018-12-12,3489.104296367625
2018-12-13,3463.5940570523594
2018-12-14,3444.103288258786
2018-12-17,3427.083640282645
2018-12-18,3425.8642873073595
2018-12-19,3422.8784176491426
2018-12-20,3442.4473126231064
2018-12-21,3426.0480553562447
2018-12-24,3435.6430550398613
2018-12-25,3435.6430550398604
2018-12-26,3441.2952603064496
2018-12-27,3457.2231899951353
2018-12-28,3483.0015964800887
2018-12-31,3460.8387983197517
2019-01-01,3460.838798319751
2019-01-02,3530.968960715134
2019-01-03,3525.35687155606
2019-01-04,3624.5347672675503
2019-01-07,3641.384862488744
2019-01-08,3688.7873647479637
2019-01-09,3690.191736712534
2019-01-10,3708.4645206600503
2019-01-11,3738.048966218058
2019-01-14,3752.4456978020985
2019-01-15,3786.7901743992334
2019-01-16,3818.8252182471347
2019-01-17,3827.9335336781446
2019-01-18,3859.2034672400932
2019-01-21,3824.501957163887
2019-01-22,3797.7255438101597
2019-01-23,3785.286785028824
2019-01-24,3822.8033554843396
2019-01-25,3831.58664564971
2019-01-28,3801.3490327263
2019-01-29,3810.846644779373
2019-01-30,3795.592923453545
2019-01-31,3844.263485023259
2019-02-01,3871.4287411125315
2019-02-04,3888.0691840177983
2019-02-05,3919.835727890557
2019-02-06,3922.569980747914
2019-02-07,3932.1685250255787
2019-02-08,3905.3025628860883
2019-02-11,3884.9657230232942
2019-02-12,3855.4277580518087
2019-02-13,3801.5502619614044
2019-02-14,3808.839659875131
2019-02-15,3851.647141259775
2019-02-18,3843.9284667737415
2019-02-19,3856.635495547397
2019-02-20,3876.2708577810135
2019-02-21,3883.6184864758334
2019-02-22,3912.7343588525955
2019-02-25,3935.0116341843914
2019-02-26,3915.1665022856596
2019-02-27,3876.360943609727
2019-02-28,3863.0705360722395
2019-03-01,3838.0446644508893
2019-03-04,3845.5086229883973
2019-03-05,3851.140171937615
2019-03-06,3829.2876928543974
2019-03-07,3800.922781886346
2019-03-08,3769.4726007745535
2019-03-11,3788.711610793598
2019-03-12,3808.1274567668966
2019-03-13,3787.2074316713697
2019-03-14,3802.0427483881567
2019-03-15,3814.494074600395
2019-03-18,3828.3854333831564
2019-03-19,3852.567775139032
2019-03-20,3883.334541355892
2019-03-21,3891.715245777786
2019-03-22,3798.592352439569
2019-03-25,3807.184195441669
2019-03-26,3822.0884373167873
2019-03-27,3800.719084503064
2019-03-28,3822.581282514267
2019-03-29,3861.4744479251276
2019-04-01,3931.462330703743
2019-04-02,3925.1922721546775
2019-04-03,3928.8512445330007
2019-04-04,3959.590438940022
2019-04-05,4015.5446775896025
2019-04-08,4025.087815572501
2019-04-09,4013.890137401337
2019-04-10,4014.7382984335327
2019-04-11,3994.8861580244275
2019-04-12,3980.0128088880215
2019-04-15,3975.730633647456
2019-04-16,3982.6769349904685
2019-04-17,4024.409124286853
2019-04-18,4040.4909248993617
2019-04-19,4040.4909248993617
2019-04-22,4021.8205833550824
2019-04-23,4018.9921924139235
2019-04-24,3983.606516716062
2019-04-25,3989.58209939417
2019-04-26,4012.026589855145
2019-04-29,3981.269805408198
2019-04-30,3993.4082259350957
2019-05-01,4007.116813476639
2019-05-02,3978.464903446051
2019-05-03,4014.6502321939774
2019-05-06,3995.211243982788
2019-05-07,3938.3560029828004
2019-05-08,3944.1575261474727
2019-05-09,3888.0571818125914
2019-05-10,3905.3157409140445
2019-05-13,3848.617273609422
2019-05-14,3924.905256723397
2019-05-15,3921.8571765251
2019-05-16,3948.539469685332
2019-05-17,3950.826118121703
2019-05-20,3948.764315795212
2019-05-21,3950.3432793622815
2019-05-22,3952.5224027718523
2019-05-23,3937.385184537528
2019-05-24,3888.4360904111268
2019-05-27,3901.5026886954374
2019-05-28,3867.9668801957155
2019-05-29,3860.6464745694757
2019-05-30,3923.175854621545
2019-05-31,3821.680528265114
2019-06-03,3775.361005414227
2019-06-04,3809.1941357040173
2019-06-05,3811.679441423797
2019-06-06,3782.6604824413507
2019-06-07,3791.895625765879
2019-06-10,3891.872135419565
2019-06-11,3960.507339307999
2019-06-12,3974.6885708563273
2019-06-13,3960.6836091426203
2019-06-14,3943.7977802259384
2019-06-17,3935.542658887406
2019-06-18,3986.612565481231
2019-06-19,3967.720824424662
2019-06-20,4027.1284057315374
2019-06-21,4011.6421465305216
2019-06-24,3968.646845033834
2019-06-25,3958.7103238751383
2019-06-26,3966.9349183003033
2019-06-27,3963.9786313413424
2019-06-28,3940.6099674213337
2019-07-01,3988.6226783445104
2019-07-02,3985.6654806567217
2019-07-03,4005.2526314035817
2019-07-04,4026.1768461891224
2019-07-05,4033.4110021499873
2019-07-08,4069.4812749311304
2019-07-09,4059.9851947095435
2019-07-10,4014.5707407435566
2019-07-11,4051.882899474706
2019-07-12,4051.6962914388846
2019-07-15,4065.3133843011187
2019-07-16,4070.087137787547
2019-07-17,4056.6943128208522
2019-07-18,4021.430011724249
2019-07-19,3999.478565685024
2019-07-22,3960.9174324170885
2019-07-23,3956.247709020292
2019-07-24,3971.9960064845664
2019-07-25,3967.390446927636
2019-07-26,3976.5833445118424
2019-07-29,4022.324089504207
2019-07-30,3983.2850810063187
2019-07-31,3965.187688279306
2019-08-01,3937.131899847416
2019-08-02,3873.3305477796184
2019-08-05,3729.056291935371
2019-08-06,3734.0736008272315
2019-08-07,3741.5463368424444
2019-08-08,3810.181938238344
2019-08-09,3844.7895686365055
2019-08-12,3534.8911070539007
2019-08-13,3573.365939810929
2019-08-14,3502.1749098772334
2019-08-15,3528.1352459999657
2019-08-16,3584.794805388526
2019-08-19,3535.971884926583
2019-08-20,3552.3424738901
2019-08-21,3566.074351394971
2019-08-22,3573.21835742204
2019-08-23,3514.2411857271754
2019-08-26,3489.3348840828535
2019-08-27,3468.1604646008345
2019-08-28,3461.8057160868257
2019-08-29,3507.654626083573
2019-08-30,3575.3923758602546
2019-09-02,3572.778986908725
2019-09-03,3563.3987021773687
2019-09-04,3582.9615744449284
2019-09-05,3633.364451043815
2019-09-06,3689.0303996667326
2019-09-09,3673.9407710644177
2019-09-10,3694.192925995719
2019-09-11,3738.2127578438954
2019-09-12,3739.6689981892005
2019-09-13,3753.1915227102804
2019-09-16,3793.0864466673297
2019-09-17,3753.115108890598
2019-09-18,3747.1075149947965
2019-09-19,3753.7893582294064
2019-09-20,3768.193458143074
2019-09-23,3765.0519050787534
2019-09-24,3751.5914260519935
2019-09-25,3718.82335237795
2019-09-26,3727.768433792506
2019-09-27,3736.9205766706623
2019-09-30,3757.7464317839485
2019-10-01,3749.7592999692024
2019-10-02,3722.4751589192706
2019-10-03,3738.979643480871
2019-10-04,3801.816024238484
2019-10-07,3781.891228253764
2019-10-08,3761.80745326052
2019-10-09,3741.5925498353063
2019-10-10,3781.3466537929585
2019-10-11,3821.2151734640274
2019-10-14,3833.2905988523744
2019-10-15,3810.03785652974
2019-10-16,3806.8243551442747
2019-10-17,3803.1263312492492
2019-10-18,3797.3058932921494
2019-10-21,3758.5261586128477
2019-10-22,3773.8771176468913
2019-10-23,3754.92773094339
2019-10-24,3794.403852234073
2019-10-25,3786.1696551221603
2019-10-28,3821.4137102321433
2019-10-29,3821.1171171480655
2019-10-30,3742.101360975085
2019-10-31,3730.7148592297226
2019-11-01,3752.0218877481225
2019-11-04,3740.9236901592326
2019-11-05,3684.7961645230594
2019-11-06,3665.509856983454
2019-11-07,3707.0036751077637
2019-11-08,3704.0610506950834
2019-11-11,3641.8984678307384
2019-11-12,3588.710675127376
2019-11-13,3505.426600497568
2019-11-14,3500.385452047475
2019-11-15,3648.5019571537696
2019-11-18,3637.4011583983247
2019-11-19,3619.990460487964
2019-11-20,3633.134487702991
2019-11-21,3608.2402878232147
2019-11-22,3629.2312749115536
2019-11-25,3633.082895492207
2019-11-26,3606.5145879219704
2019-11-27,3587.617277942878
2019-11-28,3573.410126099616
2019-11-29,3589.464232035341
2019-12-02,3536.427324397334
2019-12-03,3518.0867202934965
2019-12-04,3562.9437661236825
2019-12-05,3598.935824640688
2019-12-06,3614.899039281257
2019-12-09,3640.5786089607664
2019-12-10,3642.997814892632
2019-12-11,3681.1037511100467
2019-12-12,3706.8726050205787
2019-12-13,3774.3214243105895
2019-12-16,3804.6926782717696
2019-12-17,3805.1401876707137
2019-12-18,3835.008961700299
2019-12-19,3848.669300710449
2019-12-20,3864.719143515794
2019-12-23,3833.5202665433503
2019-12-24,3848.328879248137
2019-12-25,3848.328879248137
2019-12-26,3849.0811944008474
2019-12-27,3839.325811262646
2019-12-30,3820.096318946405
2019-12-31,3804.666653465888
2020-01-01,3804.6666534658875
2020-01-02,3848.26713103705
2020-01-03,3852.939752697429
2020-01-06,3840.4310776987504
2020-01-07,3843.8969743499156
2020-01-08,3871.8917544505007
2020-01-09,3864.682335054949
2020-01-10,3891.3076449819036
2020-01-13,3860.554780634621
2020-01-14,3848.9988130378943
2020-01-15,3846.5452302850545
2020-01-16,3880.0890965732815
2020-01-17,3911.3012515406713
2020-01-20,3924.284779681297
2020-01-21,3864.757198339597
2020-01-22,3862.8968025434983
2020-01-23,3852.4964607737193
2020-01-24,3819.966508603923
2020-01-27,3737.162597151506
2020-01-28,3831.7509187354617
2020-01-29,3868.20093955854
2020-01-30,3838.4095176084115
2020-01-31,3808.7823422008746
2020-02-03,3835.3519659244625
2020-02-04,3900.6655502249287
2020-02-05,3897.962613956131
2020-02-06,3884.651561614552
2020-02-07,3848.9368984351977
2020-02-10,3850.570348572375
2020-02-11,3918.471378518914
2020-02-12,3977.9399662809687
2020-02-13,3994.681917450227
2020-02-14,4023.8266117367925
2020-02-17,4011.266308545808
2020-02-18,4020.247256163585
2020-02-19,4031.1695143892316
2020-02-20,3980.1348826870603
2020-02-21,3963.2108938545307
2020-02-24,3829.711441541674
2020-02-25,3751.2610839746235
2020-02-26,3668.1855362229903
2020-02-27,3478.2834721243594
2020-02-28,3400.351658373469
2020-03-02,3443.336919580109
2020-03-03,3444.2587682281396
2020-03-04,3456.226640962879
2020-03-05,3326.5639426640237
2020-03-06,3184.734889866605
2020-03-09,2851.0064154452716
2020-03-10,2962.2110787644065
2020-03-11,2832.524339275397
2020-03-12,2553.3154241027396
2020-03-13,2679.972923830605
2020-03-16,2419.6539331476765
2020-03-17,2301.1584815710885
2020-03-18,2113.851421742959
2020-03-19,2125.0419384983793
2020-03-20,2121.317649118945
2020-03-23,1925.8987468481846
2020-03-24,1974.3901279185807
2020-03-25,2141.572468860268
2020-03-26,2268.3469337012816
2020-03-27,2164.8793046226765
2020-03-30,2111.155020327854
2020-03-31,2232.597124980404
2020-04-01,2102.5455092101115
2020-04-02,2144.175549111711
2020-04-03,2122.7252164796864
2020-04-06,2216.3425462285095
2020-04-07,2242.5823582098883
2020-04-08,2283.7818270134308
2020-04-09,2338.598082274378
2020-04-10,2338.598082274378
2020-04-13,2363.354713517334
2020-04-14,2376.6349250275584
2020-04-15,2309.538041623447
2020-04-16,2305.584497826564
2020-04-17,2357.0568812043134
2020-04-20,2328.611075698842
2020-04-21,2245.8553985953185
2020-04-22,2278.6978038426764
2020-04-23,2313.2862885107393
2020-04-24,2313.922951587006
2020-04-27,2341.7232583289374
2020-04-28,2435.591557671982
2020-04-29,2537.102613089715
2020-04-30,2510.5744636891654
2020-05-01,2430.8154397302615
2020-05-04,2398.141247492529
2020-05-05,2486.0708696968545
2020-05-06,2483.7924730208897
2020-05-07,2525.335048166544
2020-05-08,2538.632439584549
2020-05-11,2535.053651596307
2020-05-12,2493.7686463967593
2020-05-13,2397.0413375629273
2020-05-14,2388.236283433835
2020-05-15,2385.0509571857474
2020-05-18,2479.9939466714263
2020-05-19,2439.2987731703734
2020-05-20,2489.341331028637
2020-05-21,2529.398321674075
2020-05-22,2546.4007935438767
2020-05-25,2589.0917469782357
2020-05-26,2634.0740897722194
2020-05-27,2638.3759316515916
2020-05-28,2599.000007447456
2020-05-29,2601.7148084221826
2020-06-01,2653.978771283057
2020-06-02,2771.2396574011186
2020-06-03,2842.296131604115
2020-06-04,2780.0903243854477
2020-06-05,2909.2862379362214
2020-06-08,2978.7271077108294
2020-06-09,2878.894709478485
2020-06-10,2825.8498005410015
2020-06-11,2651.4038063460325
2020-06-12,2719.1197262001856
2020-06-15,2696.223608081038
2020-06-16,2791.4858032178286
2020-06-17,2769.365780522638
2020-06-18,2693.906856795145
2020-06-19,2750.8083281656764
2020-06-22,2732.292615471594
2020-06-23,2751.7396270116533
2020-06-24,2705.4729592632984
2020-06-25,2747.256140643405
2020-06-26,2707.7431581604133
2020-06-29,2715.834340964155
2020-06-30,2721.3966461186546
2020-07-01,2738.956104900559
2020-07-02,2795.3472631650016
2020-07-03,2814.7861763700616
2020-07-06,2888.5993646244347
2020-07-07,2870.611538451208
2020-07-08,2856.2898254441543
2020-07-09,2797.6952256503714
2020-07-10,2791.4323925932495
2020-07-13,2783.826782826274
2020-07-14,2755.4946293013995
2020-07-15,2811.586305718558
2020-07-16,2774.006220131459
2020-07-17,2737.332092666437
2020-07-20,2698.6385842137684
2020-07-21,2767.790176876651
2020-07-22,2816.6214738515355
2020-07-23,2822.8317522716707
2020-07-24,2801.4724628972763
2020-07-27,2796.349302341013
2020-07-28,2775.161786257759
2020-07-29,2760.8877562481043
2020-07-30,2710.4772374001514
2020-07-31,2695.6441172995906
2020-08-03,2734.3156342950615
2020-08-04,2731.8736863394693
2020-08-05,2721.368004737477
2020-08-06,2767.894887237841
2020-08-07,2770.3629244924687
2020-08-10,2782.171894224573
2020-08-11,2823.4847234371296
2020-08-12,2790.8956464016887
2020-08-13,2783.3442116169886
2020-08-14,2821.055782649918
2020-08-17,2766.2722418283697
2020-08-18,2734.468890644231
2020-08-19,2760.679500552184
2020-08-20,2744.8954594999095
2020-08-21,2745.3375515729995
2020-08-24,2736.1152050865053
2020-08-25,2757.912552394098
2020-08-26,2722.826946901301
2020-08-27,2722.737391395333
2020-08-28,2773.448622019549
2020-08-31,2723.2034532292537
2020-09-01,2745.365497946734
2020-09-02,2758.1632829342466
2020-09-03,2769.983244632555
2020-09-04,2749.230143347727
2020-09-07,2766.395416673378
2020-09-08,2736.998153454079
2020-09-09,2755.0771600160883
2020-09-10,2744.2021095453383
2020-09-11,2731.8543462534894
2020-09-14,2742.5697364844164
2020-09-15,2744.8260322555934
2020-09-16,2727.5893795653697
2020-09-17,2723.032260183268
2020-09-18,2704.560766903367
2020-09-21,2622.9599091102473
2020-09-22,2619.1818216341057
2020-09-23,2551.4757692666853
2020-09-24,2598.8503548297685
2020-09-25,2609.06390115299
2020-09-28,2619.926739260739
2020-09-29,2592.280942022451
2020-09-30,2640.1678744311967
2020-10-01,2653.682820737722
2020-10-02,2664.109302428849
2020-10-05,2678.191450422236
2020-10-06,2665.773595700893
2020-10-07,2676.958422725564
2020-10-08,2700.873778070441
2020-10-09,2728.8622242760125
2020-10-12,2742.7303237198353
2020-10-13,2735.3482308703897
2020-10-14,2724.749736987244
2020-10-15,2722.6586324683935
2020-10-16,2729.584053521676
2020-10-19,2719.6483011234823
2020-10-20,2726.809461480578
2020-10-21,2714.690619581025
2020-10-22,2766.879191144498
2020-10-23,2765.4347946139073
2020-10-26,2729.173554947454
2020-10-27,2703.4237606611637
2020-10-28,2626.04141605726
2020-10-29,2604.787725200288
2020-10-30,2610.2287702944545
2020-11-02,2623.3316061599003
2020-11-03,2656.3779897588206
2020-11-04,2685.100422605544
2020-11-05,2757.05852289865
2020-11-06,2787.308300836095
2020-11-09,2926.810981297061
2020-11-10,2943.7006560888394
2020-11-11,2973.477679716687
2020-11-12,2901.898491409332
2020-11-13,2923.9124175302427
2020-11-16,2974.3407646739556
2020-11-17,3003.3466277973307
2020-11-18,3032.86601419008
2020-11-19,3053.759555708203
2020-11-20,3057.3228880333354
2020-11-23,3101.353619917507
2020-11-24,3145.601217465083
2020-11-25,3131.6214014092457
2020-11-26,3158.978952278074
2020-11-27,3140.042861012022
2020-11-30,3104.1755658148554
2020-12-01,3165.8328839942224
2020-12-02,3186.79189169476
2020-12-03,3196.157951583819
2020-12-04,3213.68456898629
2020-12-07,3201.5438598510464
2020-12-08,3211.990848563515
2020-12-09,3211.1447841118697
2020-12-10,3200.6696616167
2020-12-11,3193.2209738291162
2020-12-14,3165.3731629926715
2020-12-15,3168.5895532261015
2020-12-16,3188.957348830346
2020-12-17,3227.0212668005397
2020-12-18,3182.3119051757235
2020-12-21,3108.4623585686036
2020-12-22,3111.2014979676246
2020-12-23,3141.47813033851
2020-12-24,3157.733357420185
2020-12-25,3157.733357420214
2020-12-28,3155.858965563267
2020-12-29,3211.930003880682
2020-12-30,3243.6837364866774
2020-12-31,3257.191940417295
2021-01-01,3257.1919404173113
2021-01-04,3277.3664474173265
2021-01-05,3253.716106500254
2021-01-06,3300.652038737863
2021-01-07,3292.8832873272427
2021-01-08,3319.9778856888493
2021-01-11,3279.594553260791
2021-01-12,3279.4978219710533
2021-01-13,3273.9396518298295
2021-01-14,3316.583042657445
2021-01-15,3293.7073189850303
2021-01-18,3311.609586048483
2021-01-19,3296.2937869451684
2021-01-20,3329.836223364946
2021-01-21,3304.339499431696
2021-01-22,3220.834612377015
2021-01-25,3208.1992972548687
2021-01-26,3198.8638584097894
2021-01-27,3146.4892541327686
2021-01-28,3144.067405112358
2021-01-29,3108.928147100785
2021-02-01,3124.3252509763197
2021-02-02,3213.615697128742
2021-02-03,3217.4258743707705
2021-02-04,3202.1013045375385
2021-02-05,3242.4267898356193
2021-02-08,3257.1046455254373
2021-02-09,3247.0882757920185
2021-02-10,3254.7943519839996
2021-02-11,3244.4097407109693
2021-02-12,3270.2504502625666
2021-02-15,3278.2720557704947
2021-02-16,3291.023560872822
2021-02-17,3328.8939398635775
2021-02-18,3268.252057140434
2021-02-19,3288.4895886180966
2021-02-22,3248.4258053239814
2021-02-23,3256.0091988120707
2021-02-24,3284.8833150392857
2021-02-25,3188.6809815778297
2021-02-26,3232.681759795947
2021-03-01,3314.446849494404
2021-03-02,3302.249178561106
2021-03-03,3284.1512977557504
2021-03-04,3297.383204830488
2021-03-05,3282.6700432272078
2021-03-08,3287.593351558047
2021-03-09,3313.3282269041774
2021-03-10,3358.545678299054
2021-03-11,3391.6164907445723
2021-03-12,3376.740605500498
2021-03-15,3389.3660833491535
2021-03-16,3465.8694565645455
2021-03-17,3469.3034960860364
2021-03-18,3445.918483636518
2021-03-19,3416.248672822047
2021-03-22,3395.2227993196775
2021-03-23,3353.026198593392
2021-03-24,3304.4683187716464
2021-03-25,3299.3295226023124
2021-03-26,3328.982211130009
2021-03-29,3354.016739683527
2021-03-30,3390.2846777839623
2021-03-31,3407.3589210257255
2021-04-01,3433.257073194408
2021-04-02,3433.257073194409
2021-04-05,3435.6608808933556
2021-04-06,3444.1144034401027
2021-04-07,3438.0736454549974
2021-04-08,3483.114498251016
2021-04-09,3477.65326544363
2021-04-12,3454.613595261218
2021-04-13,3466.578454586752
2021-04-14,3465.67233114547
2021-04-15,3494.917875647165
2021-04-16,3505.379030128711
2021-04-19,3482.615151323591
2021-04-20,3453.094572685946
2021-04-21,3458.8495207343967
2021-04-22,3446.1098115741675
2021-04-23,3426.9063834313747
2021-04-26,3429.772681324323
2021-04-27,3411.12486283859
2021-04-28,3371.1068527715433
2021-04-29,3344.3608565325735
2021-04-30,3298.7635729248555
2021-05-03,3315.5491530867935
2021-05-04,3321.786067347062
2021-05-05,3352.6212557822937
2021-05-06,3330.027473772776
2021-05-07,3372.7914872731517
2021-05-10,3414.2859655438483
2021-05-11,3400.4572208252703
2021-05-12,3361.873490571347
2021-05-13,3347.916242461044
2021-05-14,3421.1795850987432
2021-05-17,3335.298155379127
2021-05-18,3315.581103423598
2021-05-19,3281.817959481739
2021-05-20,3308.5911598757693
2021-05-21,3281.293014506
2021-05-24,3290.427794247361
2021-05-25,3218.512574561349
2021-05-26,3253.5922510276537
2021-05-27,3253.6929030881797
2021-05-28,3331.1772260555476
2021-05-31,3351.3693398579876
2021-06-01,3401.1633993759774
2021-06-02,3425.6244187236266
2021-06-03,3391.21569649212
2021-06-04,3402.793208091924
2021-06-07,3434.104349333713
2021-06-08,3436.162917779726
2021-06-09,3451.14228030312
2021-06-10,3464.3500545353763
2021-06-11,3467.676627706597
2021-06-14,3472.8940334325835
2021-06-15,3435.967043991264
2021-06-16,3421.6461710122107
2021-06-17,3428.7814850862164
2021-06-18,3412.520856218066
2021-06-21,3405.8526119609064
2021-06-22,3405.2078642729675
2021-06-23,3437.639583239318
2021-06-24,3498.480026970129
2021-06-25,3481.567955868894
2021-06-28,3470.8499642895495
2021-06-29,3458.521603516083
2021-06-30,3510.961615000285
2021-07-01,3479.1018722859367
2021-07-02,3516.2297187540976
2021-07-05,3538.6444670787105
2021-07-06,3488.1633581100614
2021-07-07,3495.7082510252158
2021-07-08,3467.6614123648224
2021-07-09,3505.9535071639143
2021-07-12,3485.240205211682
2021-07-13,3434.485753552577
2021-07-14,3423.6944609820753
2021-07-15,3409.4400048135503
2021-07-16,3400.400819913423
2021-07-19,3327.4721040145278
2021-07-20,3404.9521332968343
2021-07-21,3421.355597485504
2021-07-22,3468.482556405756
2021-07-23,3450.5804539220626
2021-07-26,3448.7953360555202
2021-07-27,3430.2385502586585
2021-07-28,3451.142303552116
2021-07-29,3463.461572207178
2021-07-30,3449.676715383679
2021-08-02,3437.2283165051062
2021-08-03,3412.8498715765027
2021-08-04,3399.657686981196
2021-08-05,3397.7007980301573
2021-08-06,3390.5356642454626
2021-08-09,3357.2801478012343
2021-08-10,3403.7006156381517
2021-08-11,3435.2575644943463
2021-08-12,3441.3022749841416
2021-08-13,3433.484124340912
2021-08-16,3400.47189593136
2021-08-17,3371.130364903524
2021-08-18,3389.2150485131365
2021-08-19,3337.372151156857
2021-08-20,3351.3029241357763
2021-08-23,3367.8968624315903
2021-08-24,3400.260446077757
2021-08-25,3410.029293708527
2021-08-26,3391.882666993883
2021-08-27,3415.538201791042
2021-08-30,3458.6114270812095
2021-08-31,3444.0060896258196
2021-09-01,3437.606802144606
2021-09-02,3426.3578186555997
2021-09-03,3414.9363519100702
2021-09-06,3418.472862784747
2021-09-07,3438.16079903605
2021-09-08,3384.999695137904
2021-09-09,3380.797581716589
2021-09-10,3369.702969520857
2021-09-13,3427.304800054923
2021-09-14,3412.4092033720244
2021-09-15,3416.8856112285002
2021-09-16,3421.4139010043946
2021-09-17,3386.27310882815
2021-09-20,3274.464465737602
2021-09-21,3282.78986229184
2021-09-22,3355.51465205972
2021-09-23,3356.4359135135537
2021-09-24,3327.6535371484238
2021-09-27,3361.858327211601
2021-09-28,3317.0953455586828
2021-09-29,3329.7428026256807
2021-09-30,3319.4357811965315
2021-10-01,3321.8136806911975
2021-10-04,3273.030521184685
2021-10-05,3286.096710348753
2021-10-06,3269.9489415624153
2021-10-07,3293.263507306085
2021-10-08,3297.7932922375408
2021-10-11,3320.940152075298
2021-10-12,3314.0581597863966
2021-10-13,3309.630278705951
2021-10-14,3301.285009011727
2021-10-15,3325.7019957544735
2021-10-18,3329.2890013361994
2021-10-19,3332.802011340951
2021-10-20,3384.1211497587606
2021-10-21,3389.715901200743
2021-10-22,3378.2683141435346
2021-10-25,3415.4422758492638
2021-10-26,3404.0694395433434
2021-10-27,3360.5216579273288
2021-10-28,3327.2773784995948
2021-10-29,3325.991836809483
2021-11-01,3308.412594282049
2021-11-02,3321.3664622373553
2021-11-03,3328.8316903182817
2021-11-04,3346.1697922633102
2021-11-05,3375.413316866104
2021-11-08,3411.3855079592036
2021-11-09,3439.9273145910993
2021-11-10,3433.2254899934615
2021-11-11,3473.8459696917657
2021-11-12,3416.0019705013947
2021-11-15,3389.2097185451944
2021-11-16,3335.5148269922875
2021-11-17,3324.6282915260376
2021-11-18,3303.9488625803583
2021-11-19,3285.8140943380486
2021-11-22,3363.9759386676496
2021-11-23,3322.0391479063805
2021-11-24,3307.380896762451
2021-11-25,3291.1800964789013
2021-11-26,3174.718216124316
2021-11-29,3165.677250512032
2021-11-30,3185.5255099948304
2021-12-01,3168.946193907494
2021-12-02,3191.584120710854
2021-12-03,3199.5048358452327
2021-12-06,3263.54849001062
2021-12-07,3297.2975697666134
2021-12-08,3291.276279168414
2021-12-09,3283.100473681841
2021-12-10,3308.135213651445
2021-12-13,3262.562623913653
2021-12-14,3262.674435970179
2021-12-15,3284.040374305416
2021-12-16,3331.933089230932
2021-12-17,3379.7421744087424
2021-12-20,3279.7357654170387
2021-12-21,3337.0730147932395
2021-12-22,3347.674695368875
2021-12-23,3416.6473060816925
2021-12-24,3440.4954139492497
2021-12-27,3440.8988040562344
2021-12-28,3465.0501285896567
2021-12-29,3448.5300969631007
2021-12-30,3469.392973230663
2021-12-31,3471.1277730396037
2022-01-03,3463.3219691122167
2022-01-04,3474.134301846754
2022-01-05,3482.0229762805593
2022-01-06,3485.634587604258
2022-01-07,3491.5128546430133
2022-01-10,3493.6084536417297
2022-01-11,3515.6582742573637
2022-01-12,3559.274246843809
2022-01-13,3560.777546467064
2022-01-14,3589.839487875373
2022-01-17,3607.5257563552173
2022-01-18,3627.3731899424374
2022-01-19,3625.0524545839307
2022-01-20,3624.0101404865663
2022-01-21,3606.8806783506507
2022-01-24,3547.6467375659404
2022-01-25,3552.24527437117
2022-01-26,3591.523438983188
2022-01-27,3601.7860698018585
2022-01-28,3587.616639919785
2022-01-31,3663.2728270259536
2022-02-01,3670.464581641991
2022-02-02,3669.593672907383
2022-02-03,3600.0790813047392
2022-02-04,3534.3355882190012
2022-02-07,3562.8801605301005
2022-02-08,3619.423467597506
2022-02-09,3661.92340203307
2022-02-10,3669.813190377723
2022-02-11,3671.643478408085
2022-02-14,3646.9840676591875
2022-02-15,3656.47916786787
2022-02-16,3664.1124414928813
2022-02-17,3657.852189873618
2022-02-18,3668.736695923688
2022-02-21,3661.3463643649725
2022-02-22,3668.87806646982
2022-02-23,3619.4959706537315
2022-02-24,3550.818057134277
2022-02-25,3613.554870646196
2022-02-28,3619.0854107023747
2022-03-01,3601.1077843996163
2022-03-02,3589.89009232754
2022-03-03,3605.136153344178
2022-03-04,3613.8581894390677
2022-03-07,3512.771467455064
2022-03-08,3528.694505081776
2022-03-09,3584.3309939424275
2022-03-10,3592.9050935207333
2022-03-11,3619.6935268639572
2022-03-14,3593.7461150261315
2022-03-15,3645.8312903888923
2022-03-16,3700.4360632614316
2022-03-17,3708.6924535239154
2022-03-18,3742.876057883233
2022-03-21,3804.0043373423705
2022-03-22,3859.5389428746603
2022-03-23,3849.104846341996
2022-03-24,3888.675493486485
2022-03-25,3928.7671041041067
2022-03-28,3930.54269709142
2022-03-29,3953.8597970369965
2022-03-30,3915.798360293482
2022-03-31,3957.1109401079907
2022-04-01,4036.318313449116
2022-04-04,4095.620799139794
2022-04-05,4084.6145836509972
2022-04-06,4038.7384528777006
2022-04-07,3984.090730029654
2022-04-08,3972.9192262855004
2022-04-11,3933.4987622738818
2022-04-12,3969.033663347631
2022-04-13,4005.7607066474284
2022-04-14,3998.281606458342
2022-04-15,3998.2816064583885
2022-04-18,3982.351065544916
2022-04-19,3994.281948766185
2022-04-20,3963.839292067719
2022-04-21,3900.4458880534967
2022-04-22,3842.5625416532557
2022-04-25,3800.254297150539
2022-04-26,3788.751013525148
2022-04-27,3847.3699634735203
2022-04-28,3855.7083375573056
2022-04-29,3838.098624376177
2022-05-02,3822.429956255484
2022-05-03,3839.3325704679423
2022-05-04,3869.3401449087623
2022-05-05,3798.8087768593086
2022-05-06,3785.4019999620386
2022-05-09,3702.3088766404735
2022-05-10,3691.0742449976283
2022-05-11,3704.918154138803
2022-05-12,3719.435815091602
2022-05-13,3810.5960118675066
2022-05-16,3879.9194617406374
2022-05-17,3930.982342977815
2022-05-18,3855.223219921328
2022-05-19,3846.258000134566
2022-05-20,3893.9767981680093
2022-05-23,3920.9417933990862
2022-05-24,3848.29086062719
2022-05-25,3878.7527619425064
2022-05-26,3863.089635662871
2022-05-27,3963.1276642221856
2022-05-30,3949.551237315227
2022-05-31,3931.7063120381854
2022-06-01,3918.955982146795
2022-06-02,3943.3870619364247
2022-06-03,3934.0581366802107
2022-06-06,3934.753113847703
2022-06-07,3921.41423716218
2022-06-08,3931.912961794793
2022-06-09,3875.266381645818
2022-06-10,3791.002270531564
2022-06-13,3619.8615141165133
2022-06-14,3599.7229820760986
2022-06-15,3624.499672849062
2022-06-16,3441.5717226859365
2022-06-17,3511.2210096754056
2022-06-20,3516.048165461205
2022-06-21,3495.8399136984003
2022-06-22,3497.9598659657313
2022-06-23,3504.204112427692
2022-06-24,3556.989062132263
2022-06-27,3542.700151833154
2022-06-28,3552.5119872959667
2022-06-29,3488.973847747726
2022-06-30,3433.490008670887
2022-07-01,3413.2710391726487
2022-07-04,3417.262665704203
2022-07-05,3408.398443038186
2022-07-06,3407.457469559318
2022-07-07,3458.1394278392627
2022-07-08,3489.84081703694
2022-07-11,3436.7851914320577
2022-07-12,3412.393581055952
2022-07-13,3396.5141441041346
2022-07-14,3347.9623316983775
2022-07-15,3424.2591941558453
2022-07-18,3477.517442065198
2022-07-19,3485.676551687336
2022-07-20,3503.164035587561
2022-07-21,3467.6446241759254
2022-07-22,3428.06746754565
2022-07-25,3459.237324408471
2022-07-26,3487.8348153116203
2022-07-27,3520.5243962976656
2022-07-28,3583.7417098986693
2022-07-29,3590.3340819279997
2022-08-01,3575.6593907421957
2022-08-02,3517.9125161031525
2022-08-03,3511.3411908804114
2022-08-04,3546.663808058125
2022-08-05,3552.150545236313
2022-08-08,3591.6403309006737
2022-08-09,3560.609082212376
2022-08-10,3566.4396162278326
2022-08-11,3592.9220169597784
2022-08-12,3672.1009462835104
2022-08-15,3691.5097915144725
2022-08-16,3695.7298312293965
2022-08-17,3648.6336827705213
2022-08-18,3626.8634826983766
2022-08-19,3571.568785096819
2022-08-22,3563.037810504187
2022-08-23,3602.031963948084
2022-08-24,3647.35697046767
2022-08-25,3704.8324974905418
2022-08-26,3663.7588051619164
2022-08-29,3637.7179354029795
2022-08-30,3618.7693187612
2022-08-31,3558.4144270808283
2022-09-01,3559.13211847703
2022-09-02,3640.548910582911
2022-09-05,3694.494091483677
2022-09-06,3602.3429600887666
2022-09-07,3608.9877915637476
2022-09-08,3601.8725755192877
2022-09-09,3645.8208539268235
2022-09-12,3656.9989124353147
2022-09-13,3594.2265367418
2022-09-14,3626.5261249374507
2022-09-15,3615.494535726069
2022-09-16,3615.343820164218
2022-09-19,3633.7664477922776
2022-09-20,3589.222354946888
2022-09-21,3597.3069591741832
2022-09-22,3576.807700914136
2022-09-23,3498.2128641423715
2022-09-26,3409.764860693297
2022-09-27,3454.948836620167
2022-09-28,3506.648727941381
2022-09-29,3427.6180427688546
2022-09-30,3440.531535533822
2022-10-03,3478.9009125861844
2022-10-04,3522.722881244643
2022-10-05,3517.870492832978
2022-10-06,3543.642029164102
2022-10-07,3551.424458843977
2022-10-10,3575.533473039218
2022-10-11,3543.8177269230196
2022-10-12,3544.162003527231
2022-10-13,3538.8483773972803
2022-10-14,3515.750985775682
2022-10-17,3550.5519552227893
2022-10-18,3559.1860558360845
2022-10-19,3566.3171191419133
2022-10-20,3525.6667186993636
2022-10-21,3586.3943107312093
2022-10-24,3570.9113585868777
2022-10-25,3609.4119065320297
2022-10-26,3653.1742406907633
2022-10-27,3709.577328284955
2022-10-28,3755.4841709847883
2022-10-31,3797.27789598391
2022-11-01,3844.782048575068
2022-11-02,3850.5767734561955
2022-11-03,3862.948937406127
2022-11-04,3898.0171028255672
2022-11-07,3905.4856890779793
2022-11-08,3888.0683612067905
2022-11-09,3874.630986741921
2022-11-10,3946.870161692012
2022-11-11,3922.305055796459
2022-11-14,3912.0692191461303
2022-11-15,3976.0319580979503
2022-11-16,3958.152832234243
2022-11-17,3931.589428016992
2022-11-18,3921.746200730862
2022-11-21,3963.379035659642
2022-11-22,3970.1174566938184
2022-11-23,3981.9863685174173
2022-11-24,3971.399942311992
2022-11-25,3950.818671051805
2022-11-28,3945.838623356947
2022-11-29,3937.247896845533
2022-11-30,3975.9378966749205
2022-12-01,4026.439787436521
2022-12-02,4018.2095638722785
2022-12-05,3908.1702026616013
2022-12-06,3922.2291947271256
2022-12-07,3946.4575222411013
2022-12-08,3983.123033083247
2022-12-09,3940.987008756735
2022-12-12,3944.323881027653
2022-12-13,3935.384599554507
2022-12-14,3899.533181575351
2022-12-15,3871.3058401075377
2022-12-16,3872.9399113073605
2022-12-19,3887.599321884576
2022-12-20,3876.998404212809
2022-12-21,3936.8942221397515
2022-12-22,3969.8072370547225
2022-12-23,4010.6406210546397
2022-12-26,4025.5485699183546
2022-12-27,4035.8392221484373
2022-12-28,4058.045914435085
2022-12-29,4042.170699150571
2022-12-30,4010.4347993323795
2023-01-02,4006.916133496483
2023-01-03,4026.441821703463
2023-01-04,4061.02592536559
2023-01-05,4096.999593270423
2023-01-06,4166.006730769352
2023-01-09,4143.271375233618
2023-01-10,4152.509680599889
2023-01-11,4222.391182203507
2023-01-12,4235.44462761759
2023-01-13,4247.15769652329
2023-01-16,4249.091843288337
2023-01-17,4229.555757389155
2023-01-18,4240.735526687931
2023-01-19,4220.762068939392
2023-01-20,4228.90151387862
2023-01-23,4283.102194512511
2023-01-24,4279.024455833133
2023-01-25,4258.228429034372
2023-01-26,4322.038678494147
2023-01-27,4370.771488991017
2023-01-30,4309.749390468066
2023-01-31,4389.9423710938745
2023-02-01,4416.732022057944
2023-02-02,4440.673089756517
2023-02-03,4416.7137035955775
2023-02-06,4389.133504452367
2023-02-07,4417.243092536125
2023-02-08,4391.924018126862
2023-02-09,4361.2404809017935
2023-02-10,4400.7511920272245
2023-02-13,4434.1437775620825
2023-02-14,4438.330853408688
2023-02-15,4447.051624706013
2023-02-16,4524.454830950416
2023-02-17,4537.399185750008
2023-02-20,4507.328475149078
2023-02-21,4421.21738275027
2023-02-22,4441.25541069605
2023-02-23,4429.915341688265
2023-02-24,4398.891152132557
2023-02-27,4372.29859540635
2023-02-28,4361.414984666853
2023-03-01,4445.806249635756
2023-03-02,4453.736231187972
2023-03-03,4522.093400959683
2023-03-06,4520.796886941276
2023-03-07,4499.793247678078
2023-03-08,4557.874427074045
2023-03-09,4555.438506897481
2023-03-10,4404.647571411633
2023-03-13,4297.159050192537
2023-03-14,4320.270071771863
2023-03-15,4266.074792183701
2023-03-16,4292.412055521138
2023-03-17,4261.540685026457
2023-03-20,4266.366922569329
2023-03-21,4292.8706978688115
2023-03-22,4312.542544828631
2023-03-23,4319.251559881819
2023-03-24,4354.933453988949
2023-03-27,4390.546516396442
2023-03-28,4435.847106717072
2023-03-29,4508.116119969298
2023-03-30,4490.214833504813
2023-03-31,4535.219705829968
2023-04-03,4483.010453487113
2023-04-04,4405.706507439973
2023-04-05,4334.795498349141
2023-04-06,4362.263929871244
2023-04-07,4362.263929871222
2023-04-10,4409.858165779985
2023-04-11,4408.619424004096
2023-04-12,4402.96593998438
2023-04-13,4440.721951873827
2023-04-14,4435.895438056644
2023-04-17,4535.632888518754
2023-04-18,4518.112520809531
2023-04-19,4546.414619791831
2023-04-20,4555.380583166654
2023-04-21,4552.968415610824
2023-04-24,4537.872838670058
2023-04-25,4505.763935028713
2023-04-26,4462.343711000444
2023-04-27,4515.013277262827
2023-04-28,4519.804353753442
2023-05-01,4558.188588742533
2023-05-02,4505.316378710277
2023-05-03,4521.083776050441
2023-05-04,4543.017955067492
2023-05-05,4602.15619360398
2023-05-08,4651.3577232555435
2023-05-09,4684.415331786314
2023-05-10,4751.274757471837
2023-05-11,4748.947944544861
2023-05-12,4769.127125650524
2023-05-15,4831.073547740193
2023-05-16,4813.196409922286
2023-05-17,4788.328535481905
2023-05-18,4798.6635161476615
2023-05-19,4798.906537731571
2023-05-22,4736.147892927342
2023-05-23,4672.163637410126
2023-05-24,4683.2669691916635
2023-05-25,4686.109705928712
2023-05-26,4766.2436478286945
2023-05-29,4801.122469661453
2023-05-30,4743.352417251149
2023-05-31,4724.089384205535
2023-06-01,4777.896988294078
2023-06-02,4839.219896546371
2023-06-05,4839.298511457311
2023-06-06,4921.678094802927
2023-06-07,4944.135743621333
2023-06-08,4909.9367647486815
2023-06-09,5008.627253729675
2023-06-12,4983.498116664111
2023-06-13,4969.665453845784
2023-06-14,5040.921425246083
2023-06-15,4992.386979247723
2023-06-16,4980.960780489284
2023-06-19,5002.213667727721
2023-06-20,4972.363789780148
2023-06-21,4917.626280211428
2023-06-22,4874.690309723791
2023-06-23,4846.085696114711
2023-06-26,4850.11969269741
2023-06-27,4890.369179925511
2023-06-28,4894.777044100267
2023-06-29,4893.824246871051
2023-06-30,4858.214970955444
2023-07-03,4964.917554141539
2023-07-04,4983.612015915171
2023-07-05,5019.487371235333
2023-07-06,4925.077320292532
2023-07-07,4962.518216012697
2023-07-10,4930.654752012136
2023-07-11,4956.299890180109
2023-07-12,4973.833084214857
2023-07-13,4950.249231039999
2023-07-14,4933.184161171581
2023-07-17,4951.1592724665215
2023-07-18,5034.7381083163355
2023-07-19,5056.69797141128
2023-07-20,5044.105836837157
2023-07-21,4996.776562813663
2023-07-24,4981.101650868954
2023-07-25,4981.377048225931
2023-07-26,5069.855860580306
2023-07-27,5129.343446230774
2023-07-28,5158.180585082623
2023-07-31,5149.999973809296
2023-08-01,5063.28818056771
2023-08-02,4936.762087742958
2023-08-03,4835.721954721866
2023-08-04,4945.748438609065
2023-08-07,4998.595430652726
2023-08-08,4935.59938318611
2023-08-09,4969.271252438778
2023-08-10,5024.143544671834
2023-08-11,5006.285210638744
2023-08-14,4997.174306269943
2023-08-15,5002.014231015477
2023-08-16,5037.663670107185
2023-08-17,4936.861269086725
2023-08-18,4931.448223506075
2023-08-21,4919.356994158784
2023-08-22,4961.693348487284
2023-08-23,5029.679146167323
2023-08-24,5024.135138624388
2023-08-25,5072.214689210946
2023-08-28,5086.096458163571
2023-08-29,5089.296161515988
2023-08-30,5069.676344399954
2023-08-31,5050.549366980702
2023-09-01,5000.791918033923
2023-09-04,5029.7396496938645
2023-09-05,4977.229763915933
2023-09-06,4951.009825929285
2023-09-07,4921.343408997138
2023-09-08,4935.284707641739
2023-09-11,4933.6650876767335
2023-09-12,4995.182923206321
2023-09-13,5004.477460707071
2023-09-14,5046.091192914436
2023-09-15,4995.501954752255
2023-09-18,4964.972864169545
2023-09-19,4984.947492595749
2023-09-20,5028.285344321194
2023-09-21,4964.106000318016
2023-09-22,4980.937635499104
2023-09-25,4911.729774871994
2023-09-26,4865.235424896147
2023-09-27,4841.153235827505
2023-09-28,4825.899429371513
2023-09-29,4753.767964846601
2023-10-02,4712.765738758974
2023-10-03,4647.86112132595
2023-10-04,4640.079191620567
2023-10-05,4336.295875033119
2023-10-06,4348.699539416679
2023-10-09,4328.8732547532145
2023-10-10,4458.4673533195355
2023-10-11,4460.800425826071
2023-10-12,4374.335365971986
2023-10-13,4353.218410829843
2023-10-16,4354.432482055701
2023-10-17,4356.483110989199
2023-10-18,4253.066688132048
2023-10-19,4228.443349659324
2023-10-20,4215.648111557952
2023-10-23,4201.632265956023
2023-10-24,4181.954504012373
2023-10-25,4179.843008002632
2023-10-26,4240.3129420458445
2023-10-27,4194.278071019933
2023-10-30,4169.096302449452
2023-10-31,4201.370349104222
2023-11-01,4270.194988831038
2023-11-02,4320.704634369842
2023-11-03,4492.813640790803
2023-11-06,4488.765439095571
2023-11-07,4490.77740633635
2023-11-08,4448.622789630507
2023-11-09,4404.714174173483
2023-11-10,4364.560098623649
2023-11-13,4389.441682943839
2023-11-14,4455.855334561833
2023-11-15,4531.588816500301
2023-11-16,4514.990828089375
2023-11-17,4566.295347326788
2023-11-20,4572.830261967483
2023-11-21,4567.09143082891
2023-11-22,4622.054031681383
2023-11-23,4641.711067434428
2023-11-24,4640.569816188482
2023-11-27,4646.240873854882
2023-11-28,4614.090718613642
2023-11-29,4630.463865741036
2023-11-30,4682.693935977775
2023-12-01,4762.190831891574
2023-12-04,4740.382635686546
2023-12-05,4722.618335383491
2023-12-06,4806.692541388819
2023-12-07,4818.912877855078
2023-12-08,4837.684931183491
2023-12-11,4819.168298714515
2023-12-12,4839.721172869315
2023-12-13,4920.844831100799
2023-12-14,4989.184128243063
2023-12-15,4981.980545025254
2023-12-18,4983.348944526307
2023-12-19,5058.465281379726
2023-12-20,5012.490000613015
2023-12-21,5038.998685044831
2023-12-22,5048.744755524233
2023-12-25,5048.744755524247
2023-12-26,5031.8650803923265
2023-12-27,5046.21268843433
2023-12-28,5051.846419137761
2023-12-29,5080.000408998371
2024-01-01,5080.000408998336
2024-01-02,5020.925173135851
2024-01-03,5010.698835589525
2024-01-04,4915.697003258159
2024-01-05,4996.275540932105
2024-01-08,4993.323385487651
2024-01-09,4926.783526941164
2024-01-10,4869.590628263828
2024-01-11,4928.046453997836
2024-01-12,4923.442359265694
2024-01-15,4920.298080576972
2024-01-16,4818.892770712819
2024-01-17,4704.742503750726
2024-01-18,4806.19491913725
2024-01-19,4836.662615044411
2024-01-22,4851.178224220526
2024-01-23,4856.592166877231
2024-01-24,4876.148429256555
2024-01-25,4940.581765129041
2024-01-26,4939.10056279435
2024-01-29,4951.109612520914
2024-01-30,4921.035245428676
2024-01-31,4938.489241896495
2024-02-01,4972.164649216431
2024-02-02,4926.241706364307
2024-02-05,4928.310261525049
2024-02-06,4988.197471010201
2024-02-07,4997.509588902536
2024-02-08,4934.096389476979
2024-02-09,4870.21779839387
2024-02-12,4908.612251425024
2024-02-13,4844.989562633892
2024-02-14,4898.956015314734
2024-02-15,4916.749570179989
2024-02-16,4894.064374892607
2024-02-19,4926.643596838142
2024-02-20,4879.454816726274
2024-02-21,4840.74010419202
2024-02-22,4810.476580298105
2024-02-23,4788.8926489456935
2024-02-26,4757.054217696629
2024-02-27,4783.687363969723
2024-02-28,4741.660755008854
2024-02-29,4779.458360083531
2024-03-01,4830.664531182358
2024-03-04,4814.95209891886
2024-03-05,4861.3143123929185
2024-03-06,4830.783101822396
2024-03-07,4845.280431854815
2024-03-08,4870.125105061187
2024-03-11,4869.843182132174
