Date,JAMAICA SMALL CAP
2010-11-30,1000.0
2010-12-01,996.5751726222846
2010-12-02,987.1674120034693
2010-12-03,972.7824756185246
2010-12-06,979.8111978297447
2010-12-07,975.5525857068384
2010-12-08,985.0921336410762
2010-12-09,985.9347788015889
2010-12-10,987.6842633238234
2010-12-13,975.4576169929464
2010-12-14,975.7491573574231
2010-12-15,983.7432108148768
2010-12-16,993.7711362273288
2010-12-17,997.1340879811021
2010-12-20,1000.9017409222162
2010-12-21,998.9722091324697
2010-12-22,1001.7562425472466
2010-12-23,1003.9793012428289
2010-12-24,1000.0382262007919
2010-12-27,998.2661329571981
2010-12-28,999.6724627972611
2010-12-29,999.3300179997436
2010-12-30,992.405949296483
2010-12-31,969.2529060823954
2011-01-03,973.133689683309
2011-01-04,976.3853847605312
2011-01-05,989.2359817070543
2011-01-06,995.755180776325
2011-01-07,999.8202702876781
2011-01-10,1003.142830790199
2011-01-11,991.273270474707
2011-01-12,981.5210509550499
2011-01-13,961.4261657392017
2011-01-14,959.4474784500363
2011-01-17,965.2993746520674
2011-01-18,957.9306802957152
2011-01-19,951.1908805502524
2011-01-20,956.9915808531258
2011-01-21,943.7910531186401
2011-01-24,938.5907535709637
2011-01-25,938.783150536213
2011-01-26,963.1974379703911
2011-01-27,960.4830861410451
2011-01-28,967.9907154015234
2011-01-31,961.9893141754749
2011-02-01,956.213697845896
2011-02-02,961.0160764602531
2011-02-03,967.5078365997063
2011-02-04,973.0613470079503
2011-02-07,996.4871662223236
2011-02-08,987.6647542970533
2011-02-09,985.7217966593063
2011-02-10,997.0775068835951
2011-02-11,999.5228719257632
2011-02-14,1006.2647305411606
2011-02-15,1002.3553881536659
2011-02-16,1002.0587784586323
2011-02-17,995.7084288577553
2011-02-18,990.8929226323709
2011-02-21,988.5008621753943
2011-02-22,986.7901833250157
2011-02-23,957.4014105076166
2011-02-24,928.6039205884579
2011-02-25,931.5084463993544
2011-02-28,1004.1427142992223
2011-03-01,1004.0844080670349
2011-03-02,1000.3363953748948
2011-03-03,995.4828581839921
2011-03-04,991.9475667754693
2011-03-07,989.610886578774
2011-03-08,997.8573400892767
2011-03-09,996.2803799943147
2011-03-10,1005.0298546644642
2011-03-11,1002.1474164457429
2011-03-14,992.3725913785293
2011-03-15,992.869914412582
2011-03-16,996.2803799943151
2011-03-17,994.2474410364559
2011-03-18,986.0194773498478
2011-03-21,982.7295287271604
2011-03-22,930.5618310352214
2011-03-23,936.359929320427
2011-03-24,918.7301110661066
2011-03-25,922.3676171619563
2011-03-28,955.5118628892025
2011-03-29,958.058807827067
2011-03-30,956.2575621082009
2011-03-31,931.9060997644317
2011-04-01,936.8239873511119
2011-04-04,930.9994818974205
2011-04-05,932.8672479986507
2011-04-06,948.407695554649
2011-04-07,952.1573918423112
2011-04-08,942.625923666266
2011-04-11,940.9325041933387
2011-04-12,938.1736472476185
2011-04-13,937.6561412710632
2011-04-14,944.9649487922757
2011-04-15,954.4191368852868
2011-04-18,968.7871186106867
2011-04-19,961.4434638533417
2011-04-20,948.8906935109909
2011-04-21,932.7653941828983
2011-04-22,932.7653941828983
2011-04-25,933.4380615344725
2011-04-26,929.2259111132175
2011-04-27,928.7002945136145
2011-04-28,942.0535507455825
2011-04-29,941.2832993656601
2011-05-02,925.2715067206401
2011-05-03,917.3231984655605
2011-05-04,914.8189327205519
2011-05-05,931.7223449932324
2011-05-06,938.5305046850453
2011-05-09,954.35250008507
2011-05-10,948.3695156181117
2011-05-11,957.36216915545
2011-05-12,964.1400141063233
2011-05-13,962.9299522967847
2011-05-16,960.8330972447196
2011-05-17,965.4787345950823
2011-05-18,987.514137368084
2011-05-19,987.5028110741264
2011-05-20,969.6009872646292
2011-05-23,978.6248732179905
2011-05-24,972.9696864085274
2011-05-25,1005.8435534085918
2011-05-26,1021.0186127288257
2011-05-27,1010.0317992214955
2011-05-30,1009.2886343785099
2011-05-31,964.3112793729016
2011-11-30,1000.0
2011-12-01,994.4846165193605
2011-12-02,995.2742275876387
2011-12-05,992.4454249985681
2011-12-06,982.2172708679169
2011-12-07,985.9544906801965
2011-12-08,989.5148058096892
2011-12-09,987.5182998244305
2011-12-12,999.1629114195667
2011-12-13,1015.1455326825958
2011-12-14,1016.5029814182986
2011-12-15,1015.8665371218617
2011-12-16,1017.5276848671596
2011-12-19,1014.5629729291826
2011-12-20,1008.088765493133
2011-12-21,1008.9476034092245
2011-12-22,1003.3762734736207
2011-12-23,1014.611569505058
2011-12-26,1014.611569505058
2011-12-27,1012.5736913333702
2011-12-28,997.430877215257
2011-12-29,1007.4178552594317
2011-12-30,1013.0830212578848
2012-01-02,1013.0830212578848
2012-01-03,1010.6377922881633
2012-01-04,1003.3469726601452
2012-01-05,999.9558104705033
2012-01-06,1004.4425587601961
2012-01-09,994.6671603480773
2012-01-10,979.8631408470839
2012-01-11,989.5723268295525
2012-01-12,973.8380496559031
2012-01-13,980.1685285702621
2012-01-16,961.4439812842141
2012-01-17,956.1038046679856
2012-01-18,948.5214396642749
2012-01-19,946.1235089749434
2012-01-20,942.7519068969583
2012-01-23,925.2547552180586
2012-01-24,939.7093593821087
2012-01-25,923.7578074018734
2012-01-26,924.8468332179257
2012-01-27,936.8439757894424
2012-01-30,938.1298680850206
2012-01-31,926.4832019499777
2012-02-01,922.659435840163
2012-02-02,917.2176441653571
2012-02-03,926.2744320496353
2012-02-06,933.8874341812588
2012-02-07,922.7745868474224
2012-02-08,926.8631390834552
2012-02-09,906.8547156270939
2012-02-10,929.8083001137579
2012-02-13,909.2748215381091
2012-02-14,943.8340819487737
2012-02-15,954.5407588889148
2012-02-16,973.7574468652765
2012-02-17,982.2785392292199
2012-02-20,948.4324334365987
2012-02-21,945.7976846711247
2012-02-22,947.4762773446215
2012-02-23,942.8329240768943
2012-02-24,926.5227782874833
2012-02-27,929.6347145952352
2012-02-28,900.2587439203317
2012-02-29,909.4294626919701
2012-03-01,907.8674676536991
2012-03-02,919.5241268065079
2012-03-05,918.9074857094487
2012-03-06,928.473602240399
2012-03-07,929.0122061424487
2012-03-08,927.2125436758864
2012-03-09,942.6366253301608
2012-03-12,944.7357713985214
2012-03-13,971.4463221896364
2012-03-14,946.921025917899
2012-03-15,958.2764885428794
2012-03-16,953.9128471322483
2012-03-19,955.791813350854
2012-03-20,960.8848681878744
2012-03-21,965.3428226531449
2012-03-22,971.3740292388486
2012-03-23,973.4156211245695
2012-03-26,966.1092556029379
2012-03-27,967.8126368823946
2012-03-28,947.0435089382646
2012-03-29,938.9969333237406
2012-03-30,940.3904504266288
2012-04-02,941.755113117289
2012-04-03,942.607029717574
2012-04-04,981.7495807842713
2012-04-05,987.0772858145574
2012-04-06,987.0772858145574
2012-04-09,986.5108897590424
2012-04-10,1009.2626415605139
2012-04-11,977.153985457339
2012-04-12,987.573351875885
2012-04-13,988.9576573650601
2012-04-16,1000.2080655067775
2012-04-17,1012.590918459868
2012-04-18,1015.0486993340637
2012-04-19,1005.6491894963381
2012-04-20,1005.2528756582348
2012-04-23,1001.6236711922569
2012-04-24,998.1245521453471
2012-04-25,995.3589463553478
2012-04-26,1010.3476613516399
2012-04-27,1013.1312442357494
2012-04-30,1007.0179023641693
2012-05-01,1024.9325351445805
2012-05-02,1030.6214094652582
2012-05-03,1021.4107661320744
2012-05-04,1025.5308956466636
2012-05-07,1019.2550542275511
2012-05-08,996.8810369935402
2012-05-09,982.0628874578159
2012-05-10,982.9448936516948
2012-05-11,994.6077775936694
2012-05-14,989.0550960595709
2012-05-15,993.9896359339177
2012-05-16,1011.7488948275122
2012-05-17,1015.037432694234
2012-05-18,1014.3920528799771
2012-05-21,999.7637639843242
2012-05-22,1001.2970356407669
2012-05-23,1015.1823881038587
2012-05-24,1017.4024013017521
2012-05-25,1008.7413941749711
2012-05-28,999.910608203128
2012-05-29,1008.7431428886889
2012-05-30,1020.9657732685228
2012-05-31,1027.072238238312
2012-06-01,1052.72295922479
2012-06-04,1017.0720707736326
2012-06-05,1017.8424307390052
2012-06-06,1013.3739082842642
2012-06-07,1001.2636984753391
2012-06-08,1001.6495284101042
2012-06-11,986.1874860205314
2012-06-12,1005.0958204042262
2012-06-13,995.1147467321318
2012-06-14,993.0755919281664
2012-06-15,994.6203236678185
2012-06-18,998.2860139222881
2012-06-19,962.4864802660502
2012-06-20,961.0077081364417
2012-06-21,967.1589833118401
2012-06-22,973.5430225047331
2012-06-25,966.3617799403266
2012-06-26,964.8616140863305
2012-06-27,966.0009194552812
2012-06-28,985.0556496029301
2012-06-29,979.1740958851121
2012-07-02,995.8661663670262
2012-07-03,965.321356252258
2012-07-04,956.0368314981861
2012-07-05,964.2126734416642
2012-07-06,979.2278688087957
2012-07-09,978.1056028267299
2012-07-10,976.9820177489732
2012-07-11,981.5979553431089
2012-07-12,1025.3395414613344
2012-07-13,1015.8726251572829
2012-07-16,1016.2046096753081
2012-07-17,1039.4868602862593
2012-07-18,1037.0023557937984
2012-07-19,978.2862224210576
2012-07-20,973.1768963650558
2012-07-23,984.749933937587
2012-07-24,987.5435844636261
2012-07-25,963.3645711391292
2012-07-26,970.7875208962868
2012-07-27,964.2879490267998
2012-07-30,948.1690784841073
2012-07-31,945.571745803588
2012-08-01,946.9942941728948
2012-08-02,975.5629238626676
2012-08-03,961.2931420346926
2012-08-06,954.1928783555973
2012-08-07,975.3547371656468
2012-08-08,972.8064511767197
2012-08-09,961.534121252694
2012-08-10,986.3237063671843
2012-08-13,982.1713941506736
2012-08-14,881.7181850201767
2012-08-15,903.2146730595774
2012-08-16,936.0260780913017
2012-08-17,970.9656819131201
2012-08-20,959.7798435673958
2012-08-21,945.119232605424
2012-08-22,931.1615539085552
2012-08-23,950.7309093417191
2012-08-24,965.6310717752299
2012-08-27,979.0784915026829
2012-08-28,991.4719945800667
2012-08-29,992.6970163156914
2012-08-30,994.0494525269645
2012-08-31,961.8865626482839
2012-09-03,906.7613704947768
2012-09-04,908.2772110281624
2012-09-05,905.7787210401417
2012-09-06,903.5353041255923
2012-09-07,910.1690274118096
2012-09-10,937.6467956132142
2012-09-11,933.2673150171693
2012-09-12,926.7209948650875
2012-09-13,925.3926971657768
2012-09-14,882.5987617456998
2012-09-17,861.3188379188276
2012-09-18,861.8225996915105
2012-09-19,859.3091296206914
2012-09-20,890.4441560017797
2012-09-21,885.3651101199972
2012-09-24,868.603026632927
2012-09-25,866.364476417424
2012-09-26,873.6126868528875
2012-09-27,909.3944364055734
2012-09-28,854.4246950486393
2012-10-01,850.5572975662174
2012-10-02,871.1748044858319
2012-10-03,872.7743234432091
2012-10-04,865.5863278146865
2012-10-05,861.9285394530149
2012-10-08,872.3311865946171
2012-10-09,882.9700957206788
2012-10-10,893.1093180745071
2012-10-11,891.7295588324293
2012-10-12,892.0585336417628
2012-10-15,894.245976829304
2012-10-16,894.2796173852271
2012-10-17,899.7435434828532
2012-10-18,901.0867615393198
2012-10-19,906.0708487221106
2012-10-22,942.7478109472572
2012-10-23,914.2778834924075
2012-10-24,913.4197680670972
2012-10-25,916.7530516251667
2012-10-26,917.3794868848236
2012-10-29,900.8899372867778
2012-10-30,909.7547739433921
2012-10-31,908.8698500365863
2012-11-01,905.1103008565237
2012-11-02,891.0998980630587
2012-11-05,873.113071420823
2012-11-06,868.545633783236
2012-11-07,870.2694492288947
2012-11-08,870.769557028543
2012-11-09,861.9773620167682
2012-11-12,862.3172076778228
2012-11-13,861.8484865704354
2012-11-14,860.6702940006638
2012-11-15,853.0961747463006
2012-11-16,883.9769309871016
2012-11-19,887.3361005475068
2012-11-20,878.2239593806067
2012-11-21,877.5704314622528
2012-11-22,873.8847387537347
2012-11-23,867.020051097165
2012-11-26,865.430036063721
2012-11-27,867.753156902795
2012-11-28,872.4465856695883
2012-11-29,848.329447056324
2012-11-30,827.9895357329065
2012-12-03,823.8856912445815
2012-12-04,821.9957384513391
2012-12-05,822.7092564245145
2012-12-06,841.9733930997548
2012-12-07,843.8911387277573
2012-12-10,845.1098288522303
2012-12-11,837.9101658591135
2012-12-12,834.8208378329457
2012-12-13,830.4344488311131
2012-12-14,871.1906417777349
2012-12-17,867.2451347809102
2012-12-18,863.1162295813886
2012-12-19,824.1734800243908
2012-12-20,837.7308517583264
2012-12-21,835.5752156341078
2012-12-24,875.8358123318977
2012-12-25,875.8358123318977
2012-12-26,873.810826162318
2012-12-27,829.3312836154364
2012-12-28,830.1661039986727
2012-12-31,831.5281215111373
2013-01-01,831.5281215111373
2013-01-02,827.4366402341069
2013-01-03,838.6209720752897
2013-01-04,885.3795949390967
2013-01-07,845.8697080583927
2013-01-08,848.0060696354575
2013-01-09,849.5014418352287
2013-01-10,837.9187880659256
2013-01-11,828.1855625794675
2013-01-14,812.0148936536892
2013-01-15,813.1099092429735
2013-01-16,828.3408292160983
2013-01-17,845.3544160841151
2013-01-18,847.7544685355206
2013-01-21,846.3038029662115
2013-01-22,849.6162972765885
2013-01-23,848.5984069079576
2013-01-24,842.2450002913787
2013-01-25,835.9769515646468
2013-01-28,798.2332046490468
2013-01-29,809.0968317583475
2013-01-30,804.6295288185281
2013-01-31,815.2325484608156
2013-02-01,807.9706931079958
2013-02-04,806.2716144239424
2013-02-05,817.9743957428473
2013-02-06,822.3543416403569
2013-02-07,813.1803240476321
2013-02-08,813.7272858888509
2013-02-11,809.9395460429503
2013-02-12,750.1940641413178
2013-02-13,749.4075114396448
2013-02-14,754.7437714993657
2013-02-15,751.8052991259046
2013-02-18,733.2655219867675
2013-02-19,731.9875911376951
2013-02-20,731.2484862401366
2013-02-21,728.56111233646
2013-02-22,731.934020316847
2013-02-25,725.3534377571626
2013-02-26,733.2045439640499
2013-02-27,705.5005189662152
2013-02-28,713.3609211882358
2013-03-01,718.2781887826866
2013-03-04,711.9293813102341
2013-03-05,710.9629795518748
2013-03-06,722.376057936639
2013-03-07,711.0888560224544
2013-03-08,718.6272862804259
2013-03-11,716.8051109800108
2013-03-12,716.4101955766135
2013-03-13,717.6906403515638
2013-03-14,722.727328272116
2013-03-15,716.8869085383949
2013-03-18,707.5199094227361
2013-03-19,706.5067682000978
2013-03-20,701.5616563554835
2013-03-21,648.7655384344611
2013-03-22,618.3553591122709
2013-03-25,623.8513178639382
2013-03-26,623.7137056413408
2013-03-27,622.5812700635719
2013-03-28,613.7642087174739
2013-03-29,613.7642087174739
2013-04-01,613.4775592855206
2013-04-02,613.8837250567497
2013-04-03,611.5572187725203
2013-04-04,582.8429824127526
2013-04-05,584.809223519848
2013-04-08,594.4847923280063
2013-04-09,592.6708381517853
2013-04-10,633.3883811874289
2013-04-11,640.9846634882329
2013-04-12,630.8981663827964
2013-04-15,623.8707148791605
2013-04-16,613.0770826480754
2013-04-17,625.8798062780967
2013-04-18,623.9660933709628
2013-04-19,634.1972871127779
2013-04-22,660.8294630785438
2013-04-23,642.2991979382468
2013-04-24,644.5315511568427
2013-04-25,644.0437750776889
2013-04-26,660.4102145636297
2013-04-29,656.7300660397254
2013-04-30,764.6769251118159
2013-05-01,763.2386974679647
2013-05-02,761.5685394242744
2013-05-03,765.9315358385697
2013-05-06,764.038552158893
2013-05-07,668.8185583774754
2013-05-08,672.039596821911
2013-05-09,676.0682419804081
2013-05-10,680.5287556556916
2013-05-13,681.9267189473093
2013-05-14,682.1368901439645
2013-05-15,706.9983227513322
2013-05-16,686.3637790444644
2013-05-17,693.3137511139395
2013-05-20,760.422113884689
2013-05-21,737.2161924453403
2013-05-22,737.024620109581
2013-05-23,735.567936819177
2013-05-24,763.3045451973753
2013-05-27,779.3887114913933
2013-05-28,785.262771918093
2013-05-29,778.6554419220807
2013-05-30,802.4808964888261
2013-05-31,877.5189463792394
2016-05-31,1000.0
2016-06-01,984.1776772188423
2016-06-02,986.1554421624273
2016-06-03,979.0948204195494
2016-06-06,986.0648564763254
2016-06-07,982.3860324106407
2016-06-08,979.0233207536425
2016-06-09,975.5551469193151
2016-06-10,990.8977397556795
2016-06-13,975.5371727268509
2016-06-14,981.6829917810967
2016-06-15,989.3853626475201
2016-06-16,1001.1566645068931
2016-06-17,988.6290928240819
2016-06-20,986.0449824533196
2016-06-21,988.9163395546699
2016-06-22,988.3090282634931
2016-06-23,982.3446065696426
2016-06-24,1004.0722962281679
2016-06-27,1023.0230232993646
2016-06-28,1009.4520906295784
2016-06-29,996.7430924581606
2016-06-30,997.0257627432181
2016-07-01,995.8746736281533
2016-07-04,995.3828836658679
2016-07-05,998.3694702173926
2016-07-06,1001.7897815180165
2016-07-07,1020.369904283978
2016-07-08,1005.7820502106724
2016-07-11,1007.5093978629953
2016-07-12,1002.3278795072162
2016-07-13,998.8253239177653
2016-07-14,1018.2334637228768
2016-07-15,1023.5337959741449
2016-07-18,1006.6035664871068
2016-07-19,1017.6572181938994
2016-07-20,1008.2660974865197
2016-07-21,1006.6567623007859
2016-07-22,993.1960226678601
2016-07-25,988.2514672704419
2016-07-26,985.7973830938837
2016-07-27,987.9706360602332
2016-07-28,976.1828559194946
2016-07-29,970.5493822615649
2016-08-01,970.5856267993862
2016-08-02,956.2055880224708
2016-08-03,953.1020400579412
2016-08-04,923.6821084429034
2016-08-05,910.9057979502269
2016-08-08,930.0891475124589
2016-08-09,897.5645092137196
2016-08-10,902.7049437189498
2016-08-11,899.5198589082945
2016-08-12,907.0757273752514
2016-08-15,921.8860695670862
2016-08-16,937.3692562964204
2016-08-17,936.9324472848874
2016-08-18,930.2180724846835
2016-08-19,930.4484977501493
2016-08-22,916.784334286087
2016-08-23,894.1040118412052
2016-08-24,899.8665276967024
2016-08-25,892.1268098991201
2016-08-26,946.9950538552976
2016-08-29,943.1187886273109
2016-08-30,941.4260360492063
2016-08-31,966.2391024522598
2016-09-01,978.9755581992715
2016-09-02,943.4989932901398
2016-09-05,953.5245361058911
2016-09-06,950.7009377977065
2016-09-07,944.8719330166651
2016-09-08,954.922436807876
2016-09-09,964.9831089775907
2016-09-12,960.413817669082
2016-09-13,963.8764991815874
2016-09-14,973.1275821899503
2016-09-15,959.4577841734133
2016-09-16,974.5480833555134
2016-09-19,980.919000603535
2016-09-20,984.1542744752792
2016-09-21,986.0753798097094
2016-09-22,991.224263205223
2016-09-23,1000.354203939118
2016-09-26,995.2456375144747
2016-09-27,1010.0355385103376
2016-09-28,1018.6787367979504
2016-09-29,1014.9476036150753
2016-09-30,1005.2650009164967
2016-10-03,1007.0572366107674
2016-10-04,1018.0308304728536
2016-10-05,1013.4554809907527
2016-10-06,1012.1873694847794
2016-10-07,1020.2990216191718
2016-10-10,1015.6942672790294
2016-10-11,1036.2152630386254
2016-10-12,1035.4934860500946
2016-10-13,1030.3577149790349
2016-10-14,1035.045012960218
2016-10-17,1036.127893022904
2016-10-18,1019.8879748874348
2016-10-19,982.3727830378887
2016-10-20,983.933985797766
2016-10-21,996.3277843720003
2016-10-24,985.175502432476
2016-10-25,978.6217513126188
2016-10-26,964.7892920031835
2016-10-27,967.7223638752461
2016-10-28,987.4911319439094
2016-10-31,975.8037804122
2016-11-01,943.724238243189
2016-11-02,981.4337538709581
2016-11-03,959.2208410157035
2016-11-04,981.4157871997553
2016-11-07,1018.0975421291118
2016-11-08,1019.1272051045079
2016-11-09,1048.6477839847973
2016-11-10,1049.656055810156
2016-11-11,1052.416044936863
2016-11-14,1065.8159194647594
2016-11-15,1074.6311603561678
2016-11-16,1080.960475063857
2016-11-17,1073.1397810171482
2016-11-18,1103.973543138187
2016-11-21,1110.422396368156
2016-11-22,1115.1819439446572
2016-11-23,1148.9599347153367
2016-11-24,1129.7384670687738
2016-11-25,1136.1654998476165
2016-11-28,1143.269368904218
2016-11-29,1139.5013545992465
2016-11-30,1159.6215536490895
2016-12-01,1148.451274075907
2016-12-02,1151.6736115229264
2016-12-05,1145.193917143419
2016-12-06,1149.617209191858
2016-12-07,1145.75764328333
2016-12-08,1171.3936436547376
2016-12-09,1181.489963847869
2016-12-12,1172.6258848426844
2016-12-13,1212.13868461733
2016-12-14,1195.5265045448052
2016-12-15,1246.1425210216148
2016-12-16,1242.6545059614034
2016-12-19,1254.4556854102748
2016-12-20,1263.7175971051809
2016-12-21,1270.818996818716
2016-12-22,1269.3361957552593
2016-12-23,1273.7623508707138
2016-12-26,1273.762350870714
2016-12-27,1274.1886434914875
2016-12-28,1378.739506542102
2016-12-29,1264.8865518102045
2016-12-30,1317.3211198618692
2017-01-02,1317.3211198618692
2017-01-03,1334.025044107937
2017-01-04,1359.7125073695574
2017-01-05,1277.4232508013677
2017-01-06,1314.1524943313618
2017-01-09,1316.4378479725622
2017-01-10,1310.4883435645197
2017-01-11,1321.3763268871403
2017-01-12,1272.821201766467
2017-01-13,1286.6465520860484
2017-01-16,1284.3206825750442
2017-01-17,1272.7977546170075
2017-01-18,1271.4570266451497
2017-01-19,1283.0836181362354
2017-01-20,1297.9131018961198
2017-01-23,1290.5901283595583
2017-01-24,1289.9590103263383
2017-01-25,1292.5782289221818
2017-01-26,1303.7257605787627
2017-01-27,1326.9294057470377
2017-01-30,1342.6026556421386
2017-01-31,1351.213434316238
2017-02-01,1372.3617053529372
2017-02-02,1445.1391579807967
2017-02-03,1402.9344202741847
2017-02-06,1380.4005955534506
2017-02-07,1435.9408737628398
2017-02-08,1461.404291720177
2017-02-09,1586.8001681238559
2017-02-10,1568.0812735705006
2017-02-13,1591.3448252625844
2017-02-14,1551.8342037530265
2017-02-15,1625.3369954923767
2017-02-16,1600.1982363602795
2017-02-17,1687.4579475992023
2017-02-20,1674.5276189783833
2017-02-21,1705.8261471478029
2017-02-22,1702.9110671118544
2017-02-23,1667.4443713065996
2017-02-24,1663.2570379232004
2017-02-27,1675.3483172452115
2017-02-28,1645.777749123954
2017-03-01,1656.7562003157097
2017-03-02,1657.698024246185
2017-03-03,1645.5900962491808
2017-03-06,1611.1619081556416
2017-03-07,1586.5477767716905
2017-03-08,1593.4078190108246
2017-03-09,1662.105394002884
2017-03-10,1573.2723415924384
2017-03-13,1555.7147756207723
2017-03-14,1506.573195168383
2017-03-15,1487.5869665085124
2017-03-16,1476.3335571546206
2017-03-17,1492.806388699057
2017-03-20,1490.5259596542162
2017-03-21,1474.7685769836069
2017-03-22,1482.883933547583
2017-03-23,1484.7446922795941
2017-03-24,1481.3177770396278
2017-03-27,1471.884043688651
2017-03-28,1475.638531199904
2017-03-29,1522.8748442787703
2017-03-30,1528.6019178073661
2017-03-31,1532.6151533100635
2017-04-03,1542.3306948791685
2017-04-04,1557.529087918797
2017-04-05,1543.8498380376116
2017-04-06,1460.5980570578658
2017-04-07,1513.6748125456115
2017-04-10,1520.2053286659157
2017-04-11,1474.7224647217654
2017-04-12,1503.3282555486842
2017-04-13,1494.9342168706469
2017-04-14,1494.9342168706469
2017-04-17,1490.3952831293016
2017-04-18,1489.1807620807708
2017-04-19,1495.2327030388303
2017-04-20,1503.948575924187
2017-04-21,1514.75079570623
2017-04-24,1487.6142310695423
2017-04-25,1463.3189696115312
2017-04-26,1470.222603748485
2017-04-27,1419.6083638932762
2017-04-28,1454.7690105806805
2017-05-01,1408.5446536171708
2017-05-02,1415.0618376006244
2017-05-03,1470.8816276002706
2017-05-04,1460.7554377996298
2017-05-05,1452.1667925169693
2017-05-08,1484.0464862751182
2017-05-09,1482.46760569982
2017-05-10,1490.4156785258524
2017-05-11,1490.5528165161472
2017-05-12,1485.2009112887729
2017-05-15,1489.0359131087953
2017-05-16,1448.315030038721
2017-05-17,1462.836055223697
2017-05-18,1447.2764222700089
2017-05-19,1386.8823769138714
2017-05-22,1402.1427157570329
2017-05-23,1409.1803778409912
2017-05-24,1400.2822638514006
2017-05-25,1395.1081835994446
2017-05-26,1397.6906032049137
2017-05-29,1434.9970852345546
2017-05-30,1470.063240563496
2017-05-31,1482.613267722377
2017-11-30,1000.0
2017-12-01,1001.2315299530486
2017-12-04,1008.9435648584468
2017-12-05,1035.502966010896
2017-12-06,1040.9048506881716
2017-12-07,1051.5574453380048
2017-12-08,1056.5180393720832
2017-12-11,962.830817583706
2017-12-12,983.5381084199408
2017-12-13,997.5668619084885
2017-12-14,983.1137993926048
2017-12-15,1008.1148693360869
2017-12-18,981.1638582334887
2017-12-19,984.1890730291418
2017-12-20,978.3795161807869
2017-12-21,985.8647160223982
2017-12-22,978.2308555388805
2017-12-25,978.2308555388805
2017-12-26,977.2350020097201
2017-12-27,992.5434050523321
2017-12-28,984.7715231410417
2017-12-29,971.9668927535961
2018-01-01,971.966892753596
2018-01-02,965.636991812456
2018-01-03,964.6246871282218
2018-01-04,948.9794705113637
2018-01-05,957.9790273347286
2018-01-08,959.004990457574
2018-01-09,969.9409654152569
2018-01-10,987.736920567338
2018-01-11,960.313578406988
2018-01-12,949.6440048670513
2018-01-15,964.5363291559332
2018-01-16,973.8437073389222
2018-01-17,951.8162493544057
2018-01-18,975.8210914423751
2018-01-19,953.0387196268408
2018-01-22,929.9106568508417
2018-01-23,958.6008384680067
2018-01-24,925.6869104291131
2018-01-25,921.8158826393768
2018-01-26,927.6424141100725
2018-01-29,936.7191799023235
2018-01-30,927.6819604457626
2018-01-31,938.980504930118
2018-02-01,935.1049627538246
2018-02-02,927.0619393190566
2018-02-05,939.4836919252048
2018-02-06,937.8929283557071
2018-02-07,933.0915184685944
2018-02-08,949.579855391529
2018-02-09,927.9038027548788
2018-02-12,937.1700858859177
2018-02-13,936.1185688347191
2018-02-14,931.477799667347
2018-02-15,924.7287960008051
2018-02-16,919.1799310021871
2018-02-19,941.349844127709
2018-02-20,945.5310451864741
2018-02-21,959.8975334823821
2018-02-22,971.0175441890068
2018-02-23,961.5548611766371
2018-02-26,950.9859875520256
2018-02-27,956.6343729588019
2018-02-28,974.3295581258291
2018-03-01,979.0885544868131
2018-03-02,969.3521044510691
2018-03-05,974.995944009521
2018-03-06,971.0662919531094
2018-03-07,960.6752779665156
2018-03-08,943.5480695497462
2018-03-09,934.1834767818646
2018-03-12,934.123942976507
2018-03-13,927.7124088466885
2018-03-14,932.5206032735978
2018-03-15,925.2615206876228
2018-03-16,931.1875488466136
2018-03-19,936.1337013011733
2018-03-20,938.4387093810033
2018-03-21,944.5571569388899
2018-03-22,946.3763570765751
2018-03-23,954.4998202733615
2018-03-26,949.748534283245
2018-03-27,957.1109940858703
2018-03-28,963.7559268149358
2018-03-29,970.5436949951744
2018-03-30,970.5436949951746
2018-04-02,969.6763989518792
2018-04-03,972.6155753781461
2018-04-04,987.0161436140087
2018-04-05,1012.0474262377481
2018-04-06,1007.6592911260052
2018-04-09,1006.2630893429475
2018-04-10,1014.5477990634885
2018-04-11,1017.3832555523804
2018-04-12,1014.6544707547351
2018-04-13,1011.992881349907
2018-04-16,1004.1416057679029
2018-04-17,1014.9414891563509
2018-04-18,1000.2707143029036
2018-04-19,1011.1613839931495
2018-04-20,1015.0991678308977
2018-04-23,1004.5933366609507
2018-04-24,1021.4787500701613
2018-04-25,1019.7069688489245
2018-04-26,1028.5261575040818
2018-04-27,1027.5880575099366
2018-04-30,1034.9413772933667
2018-05-01,1061.1938497370118
2018-05-02,1062.3561477085182
2018-05-03,1062.0789316038424
2018-05-04,1085.823869960547
2018-05-07,1113.9850113533776
2018-05-08,1088.3534877333184
2018-05-09,1089.5947175478123
2018-05-10,1072.913408593427
2018-05-11,1057.9798441436162
2018-05-14,1052.7895413794315
2018-05-15,1064.8950353755438
2018-05-16,1067.2363886710484
2018-05-17,1070.140229121957
2018-05-18,1069.0171852169815
2018-05-21,1064.9502235327116
2018-05-22,1046.7522683864295
2018-05-23,1051.330443085338
2018-05-24,1029.3966075276062
2018-05-25,1024.4465791228843
2018-05-28,1026.263809885232
2018-05-29,1041.2649002095056
2018-05-30,1043.5701745329786
2018-05-31,1054.5118333657656
2018-06-01,1049.4345244005333
2018-06-04,1042.3722889193234
2018-06-05,1047.6617912736135
2018-06-06,1042.8282584899375
2018-06-07,1051.0510009346688
2018-06-08,1030.1508272927715
2018-06-11,1025.7180812118684
2018-06-12,1029.7464293051964
2018-06-13,1025.1883523098452
2018-06-14,1008.7171424162036
2018-06-15,1033.2936828579861
2018-06-18,1028.9998186329096
2018-06-19,1029.4210542488395
2018-06-20,1032.4329494058277
2018-06-21,1023.2904420820332
2018-06-22,998.7427403534396
2018-06-25,1025.8156065153653
2018-06-26,999.8597295686541
2018-06-27,983.0344900748645
2018-06-28,987.4030302653498
2018-06-29,1036.320192480284
2018-07-02,1042.5508308186184
2018-07-03,1038.4646577107249
2018-07-04,1048.1877730585575
2018-07-05,1042.6050431191597
2018-07-06,1040.9330262393999
2018-07-09,1016.2997077301019
2018-07-10,1018.2575638700838
2018-07-11,1019.8466089728419
2018-07-12,1020.5156146233984
2018-07-13,1018.2746346087062
2018-07-16,1017.1024586079986
2018-07-17,1017.6997976715576
2018-07-18,1018.5207812412152
2018-07-19,1023.4036961254925
2018-07-20,1015.4567359146953
2018-07-23,996.7093994532397
2018-07-24,988.5466352360229
2018-07-25,988.5432226724819
2018-07-26,967.3294081274895
2018-07-27,977.7130504144086
2018-07-30,959.5355785647505
2018-07-31,976.4932834376071
2018-08-01,974.3761951225933
2018-08-02,999.7106714190744
2018-08-03,986.3421984508822
2018-08-06,986.6314389271255
2018-08-07,982.553573632528
2018-08-08,974.6531813550143
2018-08-09,974.7898757848383
2018-08-10,1004.7374699434251
2018-08-13,1004.8654715895068
2018-08-14,1006.4936070451859
2018-08-15,999.1606855479005
2018-08-16,991.630847907574
2018-08-17,982.1307881860598
2018-08-20,976.4081711102555
2018-08-21,957.4383814661524
2018-08-22,952.6234607872635
2018-08-23,950.4325992053118
2018-08-24,948.1273846139867
2018-08-27,941.0757643988394
2018-08-28,942.2646721771732
2018-08-29,955.6387890561531
2018-08-30,952.7716906464907
2018-08-31,955.1974960779899
2018-09-03,975.9115556393854
2018-09-04,986.2682909271557
2018-09-05,979.0951289350968
2018-09-06,977.7419688986757
2018-09-07,980.3938648591827
2018-09-10,1009.3994948885767
2018-09-11,956.4382925310857
2018-09-12,968.53836521528
2018-09-13,975.3439156808195
2018-09-14,1004.4654041066317
2018-09-17,994.6915415010332
2018-09-18,1017.1864636807362
2018-09-19,1021.3638528484885
2018-09-20,1030.776192730041
2018-09-21,1048.364531960246
2018-09-24,1025.6805130483235
2018-09-25,1029.9680253257313
2018-09-26,932.0072316582135
2018-09-27,1025.462499482405
2018-09-28,1048.3091905815731
2018-10-01,1057.8560470418015
2018-10-02,1059.110924907513
2018-10-03,1075.3384827123461
2018-10-04,1083.52992352764
2018-10-05,1131.0467211457606
2018-10-08,1142.9877307398326
2018-10-09,1146.0228363815254
2018-10-10,1065.943081579373
2018-10-11,1059.733555705018
2018-10-12,1120.9899021126905
2018-10-15,1122.3671188387314
2018-10-16,1092.6229451229065
2018-10-17,1044.126124088968
2018-10-18,1050.9239568300834
2018-10-19,1048.661955991907
2018-10-22,1091.191417346729
2018-10-23,1102.2869413659707
2018-10-24,1108.1745816241523
2018-10-25,1130.4996962732152
2018-10-26,1118.508370346523
2018-10-29,1117.7672923412617
2018-10-30,1123.6993564398363
2018-10-31,1120.636274136871
2018-11-01,1123.5935239916323
2018-11-02,1116.9243832426587
2018-11-05,1108.8344879354863
2018-11-06,1114.161523415558
2018-11-07,1104.4003952477692
2018-11-08,1124.6724409267388
2018-11-09,1128.5621143863716
2018-11-12,1135.760269843432
2018-11-13,1138.3897033210658
2018-11-14,1139.1087851410205
2018-11-15,1122.660868136733
2018-11-16,1117.5452909879941
2018-11-19,1126.643322702243
2018-11-20,1116.612471133991
2018-11-21,1114.7777245080238
2018-11-22,1155.9570764069501
2018-11-23,1183.345645199419
2018-11-26,1162.9942002860353
2018-11-27,1155.4056113082409
2018-11-28,1163.1831969840969
2018-11-29,1145.6888084651227
2018-11-30,1194.2875678300436
2018-12-03,1194.8271978570917
2018-12-04,1184.6115919964234
2018-12-05,1175.6436429353566
2018-12-06,1141.7227564844711
2018-12-07,1130.6211302933332
2018-12-10,1133.4932686142101
2018-12-11,1187.049530503455
2018-12-12,1153.1380297119854
2018-12-13,1170.1828773777797
2018-12-14,1169.6748173100475
2018-12-17,1139.4915588228807
2018-12-18,1128.4312220288052
2018-12-19,1120.4881974502835
2018-12-20,1137.879831717631
2018-12-21,1135.8038605240886
2018-12-24,1118.5567512357834
2018-12-25,1118.5567512357834
2018-12-26,1123.4730628285301
2018-12-27,1050.7513625865213
2018-12-28,1070.1031453684488
2018-12-31,1172.8011152151346
2019-01-01,1172.8011152151344
2019-01-02,1168.0863940169686
2019-01-03,1154.7363682501916
2019-01-04,1152.2929785931879
2019-01-07,1161.9605427325098
2019-01-08,1165.4229130100541
2019-01-09,1188.1823146563784
2019-01-10,1183.545920522509
2019-01-11,1166.930843523011
2019-01-14,1161.5308716879208
2019-01-15,1178.2170132336248
2019-01-16,1154.0710139982775
2019-01-17,1122.5301989574962
2019-01-18,1106.6829031192265
2019-01-21,1152.1615694623872
2019-01-22,1161.7671435621212
2019-01-23,1110.4749328445623
2019-01-24,1123.6007418467213
2019-01-25,1095.840999289792
2019-01-28,1107.8703676980288
2019-01-29,1129.0504818190484
2019-01-30,1116.0861263482152
2019-01-31,1128.0035132197909
2019-02-01,1123.8510829382824
2019-02-04,1108.5593907033397
2019-02-05,1105.2599290774153
2019-02-06,1112.27063483783
2019-02-07,1120.3771362630368
2019-02-08,1136.9406564566389
2019-02-11,1139.9441422831233
2019-02-12,1142.551237599681
2019-02-13,1132.404486122235
2019-02-14,1157.098456554217
2019-02-15,1148.681658717086
2019-02-18,1144.0499909628593
2019-02-19,1145.6726401945093
2019-02-20,1148.7240691080563
2019-02-21,1168.4109820116364
2019-02-22,1171.6286498273757
2019-02-25,1183.0907568840832
2019-02-26,1193.3643878778184
2019-02-27,1183.3646391101925
2019-02-28,1193.819720215733
2019-03-01,1239.6117881359576
2019-03-04,1257.3100497433325
2019-03-05,1229.1801642583594
2019-03-06,1232.4726737139824
2019-03-07,1257.6933335825954
2019-03-08,1251.4510666871483
2019-03-11,1263.4798187274662
2019-03-12,1258.6357721365107
2019-03-13,1266.3927316985748
2019-03-14,1266.1466710204052
2019-03-15,1275.0802783866159
2019-03-18,1287.857284158722
2019-03-19,1294.077642883452
2019-03-20,1286.1360546533942
2019-03-21,1279.5517603724797
2019-03-22,1297.4578862382193
2019-03-25,1291.0307231990473
2019-03-26,1285.8024861556391
2019-03-27,1329.6046585853103
2019-03-28,1338.1803727304011
2019-03-29,1331.4150357348817
2019-04-01,1366.074581247755
2019-04-02,1348.4437280945835
2019-04-03,1298.2518873100219
2019-04-04,1304.3063803509247
2019-04-05,1263.0284886181444
2019-04-08,1265.808439734312
2019-04-09,1213.075527115786
2019-04-10,1243.8896874484656
2019-04-11,1221.3176381281683
2019-04-12,1200.018271967198
2019-04-15,1186.190804862497
2019-04-16,1192.384919507438
2019-04-17,1200.2037426085112
2019-04-18,1204.8071804103768
2019-04-19,1204.807180410377
2019-04-22,1201.6074109203096
2019-04-23,1209.5417347378302
2019-04-24,1206.7620299185714
2019-04-25,1213.5687719779664
2019-04-26,1242.8514630847706
2019-04-29,1240.15974032701
2019-04-30,1242.16833172828
2019-05-01,1230.1825149036615
2019-05-02,1236.0850771549688
2019-05-03,1252.6121980849225
2019-05-06,1253.5222862890314
2019-05-07,1280.1314904855303
2019-05-08,1268.1596834177535
2019-05-09,1278.1659166503657
2019-05-10,1303.745676864518
2019-05-13,1293.8305961722524
2019-05-14,1296.9235772400682
2019-05-15,1306.328412838994
2019-05-16,1378.3415084484998
2019-05-17,1367.4275485411333
2019-05-20,1381.425969464173
2019-05-21,1368.3473410599017
2019-05-22,1382.6994915093182
2019-05-23,1383.610067513235
2019-05-24,1390.887707606581
2019-05-27,1387.5215055283581
2019-05-28,1403.0391026697619
2019-05-29,1404.6144463467158
2019-05-30,1405.9685287802718
2019-05-31,1407.3428356455897
2019-06-03,1393.9031308248502
2019-06-04,1397.6394420614415
2019-06-05,1404.6147691975866
2019-06-06,1412.9541830010514
2019-06-07,1399.2299500993706
2019-06-10,1401.7406783972638
2019-06-11,1364.029600541169
2019-06-12,1398.6179363030715
2019-06-13,1404.000390944691
2019-06-14,1397.1816773769
2019-06-17,1395.6139494324752
2019-06-18,1379.7567025406188
2019-06-19,1375.0962652961407
2019-06-20,1356.2030686715877
2019-06-21,1351.979678140135
2019-06-24,1342.7473148477004
2019-06-25,1324.4566893993588
2019-06-26,1345.6655386437067
2019-06-27,1344.7193431445494
2019-06-28,1343.6878489889357
2019-07-01,1366.356031944183
2019-07-02,1383.6659670556996
2019-07-03,1398.0625535753552
2019-07-04,1415.3830875566518
2019-07-05,1427.476507166397
2019-07-08,1420.0899169023298
2019-07-09,1483.3485239012527
2019-07-10,1446.1720905069337
2019-07-11,1389.36198116709
2019-07-12,1406.6782587878731
2019-07-15,1408.649045482105
2019-07-16,1447.2483124014766
2019-07-17,1442.5476347324711
2019-07-18,1385.3436691492843
2019-07-19,1431.9723628678362
2019-07-22,1411.985222852455
2019-07-23,1440.2285705192157
2019-07-24,1440.8636814274091
2019-07-25,1447.3466912278639
2019-07-26,1433.7718443147642
2019-07-29,1391.358240410815
2019-07-30,1457.1921638131214
2019-07-31,1470.1074755530494
2019-08-01,1483.1372658273974
2019-08-02,1493.268364635531
2019-08-05,1458.9819435739191
2019-08-06,1464.2472145428424
2019-08-07,1463.563331457295
2019-08-08,1463.8912626800454
2019-08-09,1455.8685209439159
2019-08-12,1442.500898740599
2019-08-13,1433.167782644664
2019-08-14,1425.4901501270683
2019-08-15,1431.5192959433894
2019-08-16,1420.0100770620763
2019-08-19,1458.0849431600816
2019-08-20,1481.7476700449718
2019-08-21,1471.0919851688968
2019-08-22,1464.2196253688035
2019-08-23,1457.4543875801144
2019-08-26,1450.6901381939037
2019-08-27,1443.5499796930355
2019-08-28,1449.57747778756
2019-08-29,1433.749867580178
2019-08-30,1453.292536259867
2019-09-02,1441.7410641982235
2019-09-03,1443.9409912759972
2019-09-04,1430.654617350055
2019-09-05,1432.088940569518
2019-09-06,1416.4785171105966
2019-09-09,1435.9753343507423
2019-09-10,1439.2030621573447
2019-09-11,1425.9572064017125
2019-09-12,1409.735221518391
2019-09-13,1395.6572725711385
2019-09-16,1424.736647111953
2019-09-17,1403.0742460189665
2019-09-18,1378.2039032122636
2019-09-19,1401.533527150012
2019-09-20,1419.8429412569446
2019-09-23,1412.6818435347186
2019-09-24,1358.474096316505
2019-09-25,1365.670836051311
2019-09-26,1373.0728918869634
2019-09-27,1395.2813415849967
2019-09-30,1373.5179733535526
2019-10-01,1397.45393157464
2019-10-02,1386.8848873233842
2019-10-03,1377.5260385394422
2019-10-04,1413.652537255615
2019-10-07,1352.4232711345433
2019-10-08,1389.457938750053
2019-10-09,1355.550888033476
2019-10-10,1342.7509602667287
2019-10-11,1344.7700396338298
2019-10-14,1341.3072812400248
2019-10-15,1346.6223309768202
2019-10-16,1307.3192814533354
2019-10-17,1293.7270621434593
2019-10-18,1283.8957029346748
2019-10-21,1277.3519111683831
2019-10-22,1262.8098171796305
2019-10-23,1291.437296747111
2019-10-24,1265.3820107693477
2019-10-25,1242.2656525452478
2019-10-28,1243.6204562830105
2019-10-29,1274.2215319285983
2019-10-30,1266.5568937256803
2019-10-31,1283.8330655501766
2019-11-01,1275.5962615606427
2019-11-04,1289.4306689009686
2019-11-05,1288.748317305312
2019-11-06,1264.1598003133665
2019-11-07,1293.786750354738
2019-11-08,1294.4498982534767
2019-11-11,1296.8350527820116
2019-11-12,1322.401688716388
2019-11-13,1310.6441456596306
2019-11-14,1316.3248201596582
2019-11-15,1304.7829075340853
2019-11-18,1305.726938069147
2019-11-19,1314.0086049564943
2019-11-20,1333.192579801519
2019-11-21,1338.3585755030808
2019-11-22,1353.0545076354897
2019-11-25,1380.2806224806618
2019-11-26,1390.029816242796
2019-11-27,1405.493278687231
2019-11-28,1405.0370343468996
2019-11-29,1389.8475725803487
2019-12-02,1391.1187842500512
2019-12-03,1398.3242442658993
2019-12-04,1390.7411658629856
2019-12-05,1392.609745233435
2019-12-06,1405.9269761011028
2019-12-09,1405.315335899184
2019-12-10,1407.8845172389658
2019-12-11,1411.0852131710649
2019-12-12,1398.2749070671398
2019-12-13,1400.4327961043932
2019-12-16,1404.8385392525538
2019-12-17,1382.8742776414829
2019-12-18,1381.3146406093
2019-12-19,1397.9381457056093
2019-12-20,1397.1394183804553
2019-12-23,1406.2788426603488
2019-12-24,1404.7867261667452
2019-12-25,1404.7867261667452
2019-12-26,1405.136110614214
2019-12-27,1394.404731653851
2019-12-30,1399.8324707092559
2019-12-31,1409.5399241719292
2020-01-01,1409.5399241719292
2020-01-02,1433.5146205799276
2020-01-03,1424.329906391577
2020-01-06,1420.2485096884616
2020-01-07,1426.7443555659752
2020-01-08,1418.3558094008558
2020-01-09,1423.728230586481
2020-01-10,1384.6571095480438
2020-01-13,1370.3594553700402
2020-01-14,1348.5723549402585
2020-01-15,1343.2131088435804
2020-01-16,1334.618798734564
2020-01-17,1331.2166979576834
2020-01-20,1334.6503436883686
2020-01-21,1326.4622261770626
2020-01-22,1314.43270280553
2020-01-23,1300.3628709652078
2020-01-24,1272.69227375475
2020-01-27,1291.4344580729387
2020-01-28,1264.6595799937659
2020-01-29,1283.6698619901313
2020-01-30,1287.7487303314083
2020-01-31,1265.350737933879
2020-02-03,1273.6046904936322
2020-02-04,1261.2271884014726
2020-02-05,1239.2885208551472
2020-02-06,1220.6603310341686
2020-02-07,1220.1441582506993
2020-02-10,1221.1987893104779
2020-02-11,1227.3151338700595
2020-02-12,1227.065773103061
2020-02-13,1242.3771203995168
2020-02-14,1256.5973412213946
2020-02-17,1262.311727117935
2020-02-18,1279.0007262324998
2020-02-19,1284.851652525553
2020-02-20,1298.0961610661618
2020-02-21,1303.2089480747122
2020-02-24,1311.464880055167
2020-02-25,1302.574310012356
2020-02-26,1306.9359779452143
2020-02-27,1272.0974618661226
2020-02-28,1272.81866852913
2020-03-02,1269.0979510974507
2020-03-03,1216.056606482495
2020-03-04,1207.8954875161721
2020-03-05,1159.5154156417773
2020-03-06,1125.0622338977987
2020-03-09,1111.5490777560424
2020-03-10,1097.3839534275555
2020-03-11,1082.6685355212614
2020-03-12,1076.2217766013332
2020-03-13,1085.0326998890414
2020-03-16,1068.9108532206174
2020-03-17,1037.687699973049
2020-03-18,988.1395236473719
2020-03-19,995.4253467514144
2020-03-20,956.3634028604816
2020-03-23,966.119538392169
2020-03-24,939.0498617828372
2020-03-25,919.1276120976519
2020-03-26,941.1915361759443
2020-03-27,934.928831565905
2020-03-30,958.483514002801
2020-03-31,1014.4793444131612
2020-04-01,1014.273354204484
2020-04-02,1035.8554467802412
2020-04-03,1036.7310066766659
2020-04-06,1063.8279296539727
2020-04-07,1052.792327228208
2020-04-08,1051.710845027264
2020-04-09,1065.8144986379318
2020-04-10,1065.8144986379316
2020-04-13,1076.8358750225684
2020-04-14,1094.1528765675055
2020-04-15,1063.4438886373712
2020-04-16,1027.091469773007
2020-04-17,1013.6303143937249
2020-04-20,999.4392651247131
2020-04-21,998.0887125369693
2020-04-22,1016.7376483701358
2020-04-23,980.9591134148437
2020-04-24,986.647041960156
2020-04-27,976.3813070214885
2020-04-28,942.2497197213662
2020-04-29,930.3125957860522
2020-04-30,931.2784685381063
2020-05-01,915.8829377922149
2020-05-04,924.5894444659274
2020-05-05,935.5543891721316
2020-05-06,957.6760553159332
2020-05-07,942.5682981109336
2020-05-08,927.854286833493
2020-05-11,938.8185802386253
2020-05-12,938.0014080637263
2020-05-13,940.4246751722901
2020-05-14,939.517381236714
2020-05-15,947.1672071425511
2020-05-18,938.4068904536826
2020-05-19,941.2034072734169
2020-05-20,951.3596982029875
2020-05-21,960.8364732040978
2020-05-22,964.7676591119198
2020-05-25,967.7466601398611
2020-05-26,970.4213578016825
2020-05-27,961.5892040792681
2020-05-28,954.844948261127
2020-05-29,964.8435084187117
2020-06-01,968.1372664832759
2020-06-02,965.6153304837602
2020-06-03,959.8018134224316
2020-06-04,949.6662905742347
2020-06-05,958.7556383763463
2020-06-08,970.982642581613
2020-06-09,966.9863247243386
2020-06-10,964.2771262452699
2020-06-11,955.8387534474776
2020-06-12,968.3431475950639
2020-06-15,957.3835551857112
2020-06-16,955.1443113231397
2020-06-17,959.4516825431662
2020-06-18,964.1878720318035
2020-06-19,968.7544545212063
2020-06-22,961.4193090024236
2020-06-23,945.0756396728858
2020-06-24,960.9544573370014
2020-06-25,969.4936911359428
2020-06-26,968.1365543730305
2020-06-29,955.1869628802974
2020-06-30,951.3323429865517
2020-07-01,944.7872620454762
2020-07-02,946.4078897634153
2020-07-03,944.2351900619278
2020-07-06,923.0771226688262
2020-07-07,914.6032077660428
2020-07-08,909.9909735783626
2020-07-09,915.8448191536471
2020-07-10,905.3557907337283
2020-07-13,903.53851114664
2020-07-14,897.1997475858651
2020-07-15,899.4614876780694
2020-07-16,901.8042492030918
2020-07-17,896.2221446968442
2020-07-20,892.4905732303204
2020-07-21,893.6480868700858
2020-07-22,873.3863302489897
2020-07-23,875.6542155749961
2020-07-24,872.6006034678344
2020-07-27,855.396906077948
2020-07-28,859.8470082522772
2020-07-29,848.1903508096593
2020-07-30,848.7310381450255
2020-07-31,860.7709334499165
2020-08-03,863.853683717006
2020-08-04,859.6690578861113
2020-08-05,844.7989464835526
2020-08-06,844.9738955928333
2020-08-07,850.2850545493802
2020-08-10,849.2246155987441
2020-08-11,845.7773361466981
2020-08-12,841.2164943208079
2020-08-13,814.6476032101643
2020-08-14,817.9219671999102
2020-08-17,812.3433973088235
2020-08-18,803.375702104931
2020-08-19,804.5689168534979
2020-08-20,814.3338850523918
2020-08-21,821.9319944570992
2020-08-24,803.5963108255315
2020-08-25,804.062782911605
2020-08-26,813.9915004016243
2020-08-27,807.4185093626742
2020-08-28,801.188489979459
2020-08-31,810.5461225297366
2020-09-01,807.9639901681784
2020-09-02,811.2167593400955
2020-09-03,820.589887565487
2020-09-04,824.8884755727358
2020-09-07,820.0092776446174
2020-09-08,831.4484633963905
2020-09-09,831.6181511597948
2020-09-10,835.907080237246
2020-09-11,830.8421659427621
2020-09-14,843.9665622579529
2020-09-15,858.9294958644973
2020-09-16,840.3209527121304
2020-09-17,854.4310149223592
2020-09-18,854.0939580501597
2020-09-21,854.7894170482346
2020-09-22,857.4205302259526
2020-09-23,860.3756540004456
2020-09-24,867.4528887466066
2020-09-25,878.5630345709307
2020-09-28,874.7034100266576
2020-09-29,861.3400256573028
2020-09-30,878.2860749977585
2020-10-01,883.8062933600316
2020-10-02,865.5910387554643
2020-10-05,871.0891000959751
2020-10-06,861.3814994302045
2020-10-07,859.4811864549071
2020-10-08,866.5784822563612
2020-10-09,851.6664938756925
2020-10-12,840.8682385077298
2020-10-13,831.7914820709584
2020-10-14,838.9588383690301
2020-10-15,829.5900695547423
2020-10-16,843.508231303727
2020-10-19,836.3044449978737
2020-10-20,836.3557752092694
2020-10-21,845.9634289912395
2020-10-22,843.5415440077709
2020-10-23,842.8402866920748
2020-10-26,856.3985024650736
2020-10-27,868.6307168240219
2020-10-28,877.4912259364361
2020-10-29,880.3762452288457
2020-10-30,884.1405062673591
2020-11-02,897.4417501503358
2020-11-03,889.0486408464554
2020-11-04,904.9006814697113
2020-11-05,880.8232747827079
2020-11-06,876.203466339246
2020-11-09,890.4988294217765
2020-11-10,899.9313535989418
2020-11-11,902.1921564657631
2020-11-12,886.8678458853979
2020-11-13,900.0050407660138
2020-11-16,901.0170128652035
2020-11-17,902.0020184344119
2020-11-18,920.0528011449953
2020-11-19,906.684504695061
2020-11-20,909.7652746270448
2020-11-23,911.729835908192
2020-11-24,920.5514547737334
2020-11-25,927.586554392749
2020-11-26,947.2807211101456
2020-11-27,964.5402216842318
2020-11-30,963.5421866724575
2020-12-01,958.8605059401791
2020-12-02,955.6785564714451
2020-12-03,942.9492118461058
2020-12-04,959.5150310198838
2020-12-07,953.5904740143781
2020-12-08,951.9955572413975
2020-12-09,967.6225233033704
2020-12-10,959.4765798750448
2020-12-11,957.3194455510511
2020-12-14,959.6145951369425
2020-12-15,955.8558772806939
2020-12-16,955.8008091955072
2020-12-17,938.8341684880293
2020-12-18,958.2879921339957
2020-12-21,948.2994929328703
2020-12-22,948.0575793627953
2020-12-23,955.7609196005079
2020-12-24,984.4017327336921
2020-12-25,984.4017327336985
2020-12-28,967.1449661182234
2020-12-29,961.8527170433651
2020-12-30,965.8884773952167
2020-12-31,999.3580969530304
2021-01-01,999.3580969530278
2021-01-04,979.7409109935414
2021-01-05,981.7214094279889
2021-01-06,955.5259812364916
2021-01-07,959.519396018826
2021-01-08,965.7574328993832
2021-01-11,967.2351239997911
2021-01-12,963.3814482415721
2021-01-13,966.9357210349194
2021-01-14,957.4727350889713
2021-01-15,963.2279795388989
2021-01-18,969.5062411504802
2021-01-19,951.6857481465491
2021-01-20,952.3149547705077
2021-01-21,945.8998456146479
2021-01-22,941.3342474131408
2021-01-25,940.1833262162071
2021-01-26,941.4465877010022
2021-01-27,921.5386209952869
2021-01-28,924.6111495640149
2021-01-29,911.1784854839902
2021-02-01,918.0113932729869
2021-02-02,939.66418309431
2021-02-03,935.4848336864335
2021-02-04,943.422473367464
2021-02-05,929.6462750003268
2021-02-08,932.6158307123159
2021-02-09,918.4732586980286
2021-02-10,917.4503335883852
2021-02-11,912.9788254606318
2021-02-12,900.3770050653075
2021-02-15,906.9124286835711
2021-02-16,922.658142928355
2021-02-17,922.3231335591048
2021-02-18,913.0306016173346
2021-02-19,914.190168392029
2021-02-22,910.9807528331245
2021-02-23,914.0579799835498
2021-02-24,918.3255617734043
2021-02-25,912.9787710632048
2021-02-26,924.0014662779591
2021-03-01,958.8243555424727
2021-03-02,950.5730852015407
2021-03-03,943.6306495750895
2021-03-04,958.2440383986615
2021-03-05,973.7485937647426
2021-03-08,984.7919703424496
2021-03-09,995.1226899120354
2021-03-10,988.6304844682717
2021-03-11,1010.3482089644566
2021-03-12,1023.8502498849285
2021-03-15,1019.5350147628659
2021-03-16,1018.5258103621588
2021-03-17,1022.6161040744768
2021-03-18,1015.5283286788118
2021-03-19,1020.9055380613686
2021-03-22,1024.9851199166424
2021-03-23,1007.4138192805685
2021-03-24,1025.0640073954928
2021-03-25,1034.3044749470166
2021-03-26,1022.2608458835242
2021-03-29,1029.586523300367
2021-03-30,1012.8059900555373
2021-03-31,1030.390290593969
2021-04-01,1052.8584524934618
2021-04-02,1052.8584524934577
2021-04-05,1040.835568157671
2021-04-06,1038.3282757561665
2021-04-07,1036.3674002608143
2021-04-08,1021.4717961540337
2021-04-09,1025.0620095126635
2021-04-12,1015.0573082594036
2021-04-13,1002.5036360576106
2021-04-14,1002.6902145318904
2021-04-15,995.7909167479177
2021-04-16,996.8212730600679
2021-04-19,991.9678143178975
2021-04-20,1000.6839191558902
2021-04-21,1007.6298760051594
2021-04-22,1006.6215450327128
2021-04-23,1000.3386162834754
2021-04-26,1000.9919672059275
2021-04-27,1011.2744459769461
2021-04-28,1022.2615207290745
2021-04-29,1046.3848793000147
2021-04-30,1066.0398520763067
2021-05-03,1023.0320590426596
2021-05-04,1046.9656498382828
2021-05-05,1067.0595572866598
2021-05-06,1064.478727471096
2021-05-07,1045.824190979904
2021-05-10,1048.5118937487102
2021-05-11,1062.7920628114055
2021-05-12,1073.7286276901664
2021-05-13,1070.9328222993047
2021-05-14,1075.4607976055618
2021-05-17,1084.3215746482113
2021-05-18,1080.0802804059213
2021-05-19,1082.4184290076648
2021-05-20,1094.2448028004412
2021-05-21,1106.2835977941868
2021-05-24,1106.1289212943186
2021-05-25,1100.3030086322583
2021-05-26,1098.0681621024771
2021-05-27,1101.094185464603
2021-05-28,1102.1044444855154
2021-05-31,1097.3125181721748
2021-06-01,1089.220048473237
2021-06-02,1084.2441809205052
2021-06-03,1120.744898895955
2021-06-04,1113.5539387740903
2021-06-07,1115.9336995997776
2021-06-08,1120.1231030175247
2021-06-09,1094.9407496008284
2021-06-10,1103.3528647517496
2021-06-11,1103.9697913457903
2021-06-14,1111.3688345484263
2021-06-15,1109.8476736557238
2021-06-16,1135.115676464475
2021-06-17,1166.4710632616222
2021-06-18,1185.0500909822204
2021-06-21,1178.0925650991742
2021-06-22,1167.1135393775191
2021-06-23,1157.720670594096
2021-06-24,1153.3179763728497
2021-06-25,1157.9400115999072
2021-06-28,1156.6535118938539
2021-06-29,1137.1499484638243
2021-06-30,1169.099424419282
2021-07-01,1163.739357130254
2021-07-02,1168.3133551220262
2021-07-05,1165.7360369772505
2021-07-06,1161.1927216437043
2021-07-07,1150.2831018451693
2021-07-08,1142.3797417591195
2021-07-09,1135.162026765957
2021-07-12,1134.3978539668747
2021-07-13,1130.855672871749
2021-07-14,1127.6699060117744
2021-07-15,1121.8195029931733
2021-07-16,1123.4281361552328
2021-07-19,1115.9685996556916
2021-07-20,1119.81909168979
2021-07-21,1111.6440574832068
2021-07-22,1115.6553020253762
2021-07-23,1122.5012574673915
2021-07-26,1111.6480532926776
2021-07-27,1108.8619051115236
2021-07-28,1114.275932772747
2021-07-29,1112.5689333956864
2021-07-30,1124.2384083974732
2021-08-02,1128.310182715243
2021-08-03,1121.9506347716613
2021-08-04,1114.2268075336806
2021-08-05,1124.6483321649803
2021-08-06,1134.3403727649447
2021-08-09,1127.3447130500015
2021-08-10,1139.078063575658
2021-08-11,1128.704052315155
2021-08-12,1131.9919546567742
2021-08-13,1134.0481126239054
2021-08-16,1128.0111815885316
2021-08-17,1119.930956344807
2021-08-18,1128.0892556311987
2021-08-19,1127.3885432958318
2021-08-20,1116.3090984833877
2021-08-23,1127.938637925898
2021-08-24,1130.3744980108847
2021-08-25,1142.0922026074018
2021-08-26,1155.7637805404422
2021-08-27,1157.3032173892796
2021-08-30,1154.6751488366608
2021-08-31,1155.6314968950644
2021-09-01,1149.2306206524406
2021-09-02,1138.893254528954
2021-09-03,1138.0867571960546
2021-09-06,1141.888487203747
2021-09-07,1148.4508016796162
2021-09-08,1140.5518038062303
2021-09-09,1124.027310503668
2021-09-10,1136.714394601217
2021-09-13,1142.4427754120945
2021-09-14,1137.2005865009723
2021-09-15,1138.4783137603888
2021-09-16,1142.9947983395152
2021-09-17,1148.6598630854025
2021-09-20,1148.4630559942902
2021-09-21,1145.094914693981
2021-09-22,1139.0663819994702
2021-09-23,1137.3976967863052
2021-09-24,1148.5232835861138
2021-09-27,1161.2765073233206
2021-09-28,1167.7638193971811
2021-09-29,1168.8655729507452
2021-09-30,1184.3330414277257
2021-10-01,1202.8264867370256
2021-10-04,1217.0892140979413
2021-10-05,1206.421027830302
2021-10-06,1198.4313762349962
2021-10-07,1201.7509853730016
2021-10-08,1207.0360049664991
2021-10-11,1188.5888337145245
2021-10-12,1166.0933885992574
2021-10-13,1157.4902302420896
2021-10-14,1153.6143165533322
2021-10-15,1159.779137681958
2021-10-18,1160.1790098149347
2021-10-19,1139.0958335051778
2021-10-20,1137.8880683959246
2021-10-21,1138.8575735280092
2021-10-22,1134.4432120250774
2021-10-25,1128.461016307536
2021-10-26,1126.2219952119633
2021-10-27,1118.1269361051343
2021-10-28,1087.4312431051699
2021-10-29,1120.4468147721122
2021-11-01,1113.2580495707384
2021-11-02,1102.8805836529048
2021-11-03,1084.5046745317488
2021-11-04,1096.9816455002929
2021-11-05,1085.2963273641658
2021-11-08,1092.5335941152346
2021-11-09,1101.7324386918845
2021-11-10,1098.440713448409
2021-11-11,1094.2756186025517
2021-11-12,1086.3364459045627
2021-11-15,1100.4949049921547
2021-11-16,1129.2093558630356
2021-11-17,1124.7865754145748
2021-11-18,1082.4767827173212
2021-11-19,1053.7003925555414
2021-11-22,1068.090209123614
2021-11-23,1069.1411780162186
2021-11-24,1092.0951828129694
2021-11-25,1092.0858947275487
2021-11-26,1073.9830728853306
2021-11-29,1083.549243023552
2021-11-30,1101.8755500254572
2021-12-01,1110.448723480057
2021-12-02,1094.164167438501
2021-12-03,1097.0112906832387
2021-12-06,1097.0984555351806
2021-12-07,1096.4296026949303
2021-12-08,1091.9498016554817
2021-12-09,1104.1230015036558
2021-12-10,1106.483940700415
2021-12-13,1104.27117002437
2021-12-14,1102.5023469326486
2021-12-15,1104.0707879672789
2021-12-16,1094.4759687656367
2021-12-17,1099.7642839178482
2021-12-20,1097.1482976970642
2021-12-21,1091.7777708803512
2021-12-22,1091.4362423593755
2021-12-23,1083.061163942077
2021-12-24,1082.885462050534
2021-12-27,1085.7687721876127
2021-12-28,1087.4592242429164
2021-12-29,1083.754403554981
2021-12-30,1087.6464308111592
2021-12-31,1092.6162694763693
2022-01-03,1098.8853992823265
2022-01-04,1094.9620625900377
2022-01-05,1098.8807682278755
2022-01-06,1100.7728074879067
2022-01-07,1085.88869209514
2022-01-10,1086.6037738441905
2022-01-11,1081.406806178183
2022-01-12,1075.6522269480404
2022-01-13,1071.549408614911
2022-01-14,1066.5017679766986
2022-01-17,1067.6027251753312
2022-01-18,1072.5501032979103
2022-01-19,1069.8689078327507
2022-01-20,1066.4593063412206
2022-01-21,1071.1714187368627
2022-01-24,1073.8782065199564
2022-01-25,1076.3939338774621
2022-01-26,1072.0770347281161
2022-01-27,1091.1174939479604
2022-01-28,1081.6858612476578
2022-01-31,1087.88254343732
2022-02-01,1086.7625518407099
2022-02-02,1096.9184315566167
2022-02-03,1111.9198141953593
2022-02-04,1114.4479670393703
2022-02-07,1114.8411385845939
2022-02-08,1125.0825429858191
2022-02-09,1138.8958070952099
2022-02-10,1126.004951700965
2022-02-11,1129.7721122912105
2022-02-14,1148.4104955107343
2022-02-15,1169.6442730335368
2022-02-16,1159.6202196572783
2022-02-17,1128.1389341859397
2022-02-18,1136.1649112513644
2022-02-21,1140.6728975120297
2022-02-22,1150.0150362557388
2022-02-23,1153.064809676754
2022-02-24,1163.8515289907552
2022-02-25,1152.6105331184274
2022-02-28,1155.2008767846614
2022-03-01,1168.9942405309255
2022-03-02,1178.3306501365541
2022-03-03,1143.6865020932237
2022-03-04,1184.3416271901765
2022-03-07,1184.931043004895
2022-03-08,1178.7710312926538
2022-03-09,1148.1448918228853
2022-03-10,1151.145527114949
2022-03-11,1163.1216439529387
2022-03-14,1148.431935877625
2022-03-15,1141.241389910644
2022-03-16,1142.1448093644533
2022-03-17,1130.7302241404827
2022-03-18,1141.5058157019812
2022-03-21,1151.2508137648897
2022-03-22,1169.8130550467129
2022-03-23,1157.6993553255038
2022-03-24,1168.5725468766789
2022-03-25,1193.45278149423
2022-03-28,1195.9525151087216
2022-03-29,1184.4446053974766
2022-03-30,1188.7535930565004
2022-03-31,1213.7498773888572
2022-04-01,1232.213577762942
2022-04-04,1264.1689110745858
2022-04-05,1363.6565076495065
2022-04-06,1387.975128851144
2022-04-07,1384.4693856213892
2022-04-08,1363.6145498044862
2022-04-11,1339.517908574941
2022-04-12,1316.1670644885987
2022-04-13,1325.30781485113
2022-04-14,1327.840731193537
2022-04-15,1327.840731193546
2022-04-18,1328.963400471065
2022-04-19,1307.57359431304
2022-04-20,1310.189374054733
2022-04-21,1319.0988077620204
2022-04-22,1396.218537655946
2022-04-25,1400.6308119369346
2022-04-26,1376.1814875481216
2022-04-27,1394.4503583582998
2022-04-28,1402.7100546087697
2022-04-29,1398.2861641795444
2022-05-02,1398.7475310095554
2022-05-03,1385.7934624933105
2022-05-04,1415.5674108814137
2022-05-05,1469.349627424
2022-05-06,1448.6921666256812
2022-05-09,1446.3858702463708
2022-05-10,1438.2997825307841
2022-05-11,1442.0497552282789
2022-05-12,1432.7317170115384
2022-05-13,1446.902548249662
2022-05-16,1425.6039921199476
2022-05-17,1431.921358465702
2022-05-18,1395.3378570110242
2022-05-19,1404.1684395425305
2022-05-20,1407.23065540635
2022-05-23,1390.8477105033985
2022-05-24,1341.836589469147
2022-05-25,1328.6491190180022
2022-05-26,1344.793678270693
2022-05-27,1367.6155691770487
2022-05-30,1372.3619195000379
2022-05-31,1412.4585384917082
2022-06-01,1417.7368130206303
2022-06-02,1393.420776963912
2022-06-03,1383.2260544228677
2022-06-06,1388.3705557941332
2022-06-07,1382.4835055688036
2022-06-08,1386.8798187341893
2022-06-09,1382.6499905894493
2022-06-10,1389.7892777658274
2022-06-13,1401.1761398502217
2022-06-14,1415.0283095767882
2022-06-15,1407.481785280893
2022-06-16,1387.8092454130112
2022-06-17,1401.8234305091512
2022-06-20,1386.2594606213688
2022-06-21,1385.4967569756218
2022-06-22,1380.1928204004
2022-06-23,1391.5326471928347
2022-06-24,1384.1145171603553
2022-06-27,1386.9081783108718
2022-06-28,1395.3080721002707
2022-06-29,1409.4407837370231
2022-06-30,1418.0721140281712
2022-07-01,1436.3997306097838
2022-07-04,1412.393247067346
2022-07-05,1438.0834473482842
2022-07-06,1430.4054072755978
2022-07-07,1445.506636112295
2022-07-08,1444.2844911220411
2022-07-11,1440.1668574205228
2022-07-12,1457.8605775256037
2022-07-13,1443.954811401071
2022-07-14,1455.6158108182797
2022-07-15,1442.0413191656937
2022-07-18,1431.6365123447947
2022-07-19,1419.6206049402604
2022-07-20,1435.64757167655
2022-07-21,1431.4982400430033
2022-07-22,1396.0621546306636
2022-07-25,1401.0727023427655
2022-07-26,1409.5843713692873
2022-07-27,1408.3307907570374
2022-07-28,1400.6238892843692
2022-07-29,1390.9509995913797
2022-08-01,1384.6194543033273
2022-08-02,1385.802145762817
2022-08-03,1390.3909542995398
2022-08-04,1381.666463805854
2022-08-05,1386.848233924006
2022-08-08,1380.9731574066718
2022-08-09,1381.6460014569207
2022-08-10,1361.280862878509
2022-08-11,1370.2333740261254
2022-08-12,1388.0708370319403
2022-08-15,1385.394210427437
2022-08-16,1379.101467658771
2022-08-17,1379.014245583427
2022-08-18,1384.6376872719839
2022-08-19,1391.7214293111601
2022-08-22,1386.7968409568275
2022-08-23,1363.896883161106
2022-08-24,1373.2652593789153
2022-08-25,1385.8833107398978
2022-08-26,1380.72587229909
2022-08-29,1379.9393867109206
2022-08-30,1392.5541091849836
2022-08-31,1377.947297330124
2022-09-01,1398.8316478175502
2022-09-02,1387.2540907698235
2022-09-05,1392.6392708480914
2022-09-06,1395.9413382346331
2022-09-07,1387.5591097735091
2022-09-08,1391.10113215929
2022-09-09,1370.3014717179174
2022-09-12,1370.0679439696326
2022-09-13,1376.3115374531926
2022-09-14,1375.0615258712992
2022-09-15,1383.5242333090068
2022-09-16,1360.464660339442
2022-09-19,1374.9113578117424
2022-09-20,1358.3044335062998
2022-09-21,1366.1189218442557
2022-09-22,1376.3541904741433
2022-09-23,1395.484078965858
2022-09-26,1407.8932614963794
2022-09-27,1389.6923704910314
2022-09-28,1377.0565431714274
2022-09-29,1369.6914180030578
2022-09-30,1357.9497682770925
2022-10-03,1346.6084301803373
2022-10-04,1314.8784264150527
2022-10-05,1316.8669579000539
2022-10-06,1318.7739212112488
2022-10-07,1319.93641557558
2022-10-10,1339.0860206669327
2022-10-11,1350.3538363121124
2022-10-12,1349.952516641282
2022-10-13,1346.6188695017509
2022-10-14,1336.2584044845928
2022-10-17,1328.0178245998181
2022-10-18,1330.5018750079803
2022-10-19,1331.460762841236
2022-10-20,1326.7565035646705
2022-10-21,1329.6142827504193
2022-10-24,1314.585229104593
2022-10-25,1299.2879073503254
2022-10-26,1275.9330903318212
2022-10-27,1289.3916321537909
2022-10-28,1283.3537263624135
2022-10-31,1270.0992387212705
2022-11-01,1260.6254226063095
2022-11-02,1262.0099692572326
2022-11-03,1272.335944998333
2022-11-04,1277.9589097401765
2022-11-07,1269.8185333089043
2022-11-08,1258.390050655133
2022-11-09,1263.9554357869943
2022-11-10,1242.522540906989
2022-11-11,1215.53246686833
2022-11-14,1234.0214202596371
2022-11-15,1227.6069027453213
2022-11-16,1204.28330052188
2022-11-17,1211.1549805109541
2022-11-18,1183.820407479423
2022-11-21,1186.5459142810287
2022-11-22,1165.274914686351
2022-11-23,1147.2879800601183
2022-11-24,1154.2642652315337
2022-11-25,1157.6044282005137
2022-11-28,1166.0393600917664
2022-11-29,1151.9602503128592
2022-11-30,1164.282807267296
2022-12-01,1157.19090308878
2022-12-02,1162.4289216501718
2022-12-05,1147.1314275486536
2022-12-06,1154.4730496720977
2022-12-07,1158.4789439724625
2022-12-08,1148.1453816074188
2022-12-09,1154.75178347303
2022-12-12,1165.685321701084
2022-12-13,1138.1944659051917
2022-12-14,1139.777809201783
2022-12-15,1140.9326602495462
2022-12-16,1143.8661447940392
2022-12-19,1140.4215797001048
2022-12-20,1135.2750807274901
2022-12-21,1149.0471626899928
2022-12-22,1151.230937190925
2022-12-23,1153.8263434469263
2022-12-26,1153.826343446927
2022-12-27,1149.2261814717856
2022-12-28,1165.2665825468805
2022-12-29,1166.928139623347
2022-12-30,1181.8513765313912
2023-01-02,1181.8513765313996
2023-01-03,1193.2761345930562
2023-01-04,1179.4931178477098
2023-01-05,1186.1194728024686
2023-01-06,1169.4743446518942
2023-01-09,1133.6726534000986
2023-01-10,1135.882053306133
2023-01-11,1121.1864396189671
2023-01-12,1119.9032655721699
2023-01-13,1129.3283310512745
2023-01-16,1119.331521313268
2023-01-17,1125.59516421819
2023-01-18,1123.903157686405
2023-01-19,1127.8630976508339
2023-01-20,1118.9297420756368
2023-01-23,1108.6981363034033
2023-01-24,1105.330345383445
2023-01-25,1097.0721678778875
2023-01-26,1109.5035676847374
2023-01-27,1116.954276791646
2023-01-30,1107.0021735638907
2023-01-31,1101.1961544037547
2023-02-01,1088.903480668083
2023-02-02,1078.1280825690524
2023-02-03,1081.4864022611116
2023-02-06,1093.30932502246
2023-02-07,1083.9908573534199
2023-02-08,1088.5816898502571
2023-02-09,1084.0678606046947
2023-02-10,1090.0459347340866
2023-02-13,1081.6869776231003
2023-02-14,1080.9485273547332
2023-02-15,1073.2324998042814
2023-02-16,1099.686115081676
2023-02-17,1069.4278347212191
2023-02-20,1065.014237788081
2023-02-21,1068.4205213398777
2023-02-22,1073.126063680788
2023-02-23,1095.9562896999655
2023-02-24,1109.6224548927908
2023-02-27,1087.4172639727442
2023-02-28,1099.858942507895
2023-03-01,1109.7472625746607
2023-03-02,1096.0051804404407
2023-03-03,1122.415872235428
2023-03-06,1112.517494523255
2023-03-07,1132.435912458494
2023-03-08,1128.2192312595967
2023-03-09,1125.475439081292
2023-03-10,1100.3742584782121
2023-03-13,1102.0592179502767
2023-03-14,1106.9690740278845
2023-03-15,1125.4458929728364
2023-03-16,1122.810590356432
2023-03-17,1109.179781753383
2023-03-20,1085.675685272536
2023-03-21,1101.0066019506728
2023-03-22,1090.310895647169
2023-03-23,1068.168939659799
2023-03-24,1090.102849514039
2023-03-27,1099.1678326995254
2023-03-28,1094.847306889303
2023-03-29,1098.4748331307767
2023-03-30,1111.8362126508325
2023-03-31,1112.1113495027112
2023-04-03,1101.5911387601534
2023-04-04,1082.3072002733504
2023-04-05,1075.9839481230324
2023-04-06,1076.5980158769482
2023-04-07,1076.598015876944
2023-04-10,1084.5525337117465
2023-04-11,1087.7688577472463
2023-04-12,1077.0415798933434
2023-04-13,1057.1055518781068
2023-04-14,1069.6983410202777
2023-04-17,1081.9994148235608
2023-04-18,1064.3184678730952
2023-04-19,1064.3259811746275
2023-04-20,1073.7952274628287
2023-04-21,1085.141185339197
2023-04-24,1090.4550998182606
2023-04-25,1087.7418879314541
2023-04-26,1082.6479802929616
2023-04-27,1100.6674610672476
2023-04-28,1090.1337033559882
2023-05-01,1092.4852785244336
2023-05-02,1060.0905789269923
2023-05-03,1061.0599189585207
2023-05-04,1065.058387262055
2023-05-05,1055.1277689634835
2023-05-08,1062.592326962477
2023-05-09,1057.1664575529396
2023-05-10,1055.4968541105154
2023-05-11,1054.0769530580171
2023-05-12,1070.662878248027
2023-05-15,1067.3556475361113
2023-05-16,1075.9483485695241
2023-05-17,1074.5545837593154
2023-05-18,1075.9570903652655
2023-05-19,1068.612182345201
2023-05-22,1072.3927783739732
2023-05-23,1075.2599684333948
2023-05-24,1093.5215878924735
2023-05-25,1095.5356397190208
2023-05-26,1112.1159098051435
2023-05-29,1111.0984271459088
2023-05-30,1098.8044167091714
2023-05-31,1098.4527807497116
2023-06-01,1094.8138621652452
2023-06-02,1098.9467146170969
2023-06-05,1094.3942642973534
2023-06-06,1102.7821425594934
2023-06-07,1095.851861894787
2023-06-08,1065.0977492727318
2023-06-09,1059.9843994329353
2023-06-12,1063.923711611925
2023-06-13,1071.8776399807932
2023-06-14,1047.2507305733732
2023-06-15,1050.3696293818257
2023-06-16,1046.2363804012377
2023-06-19,1056.547036074613
2023-06-20,1052.9226468991071
2023-06-21,1048.9110896858256
2023-06-22,1045.763133488119
2023-06-23,1055.2631859582532
2023-06-26,1059.7015672669822
2023-06-27,1063.4481412524422
2023-06-28,1069.5347295483596
2023-06-29,1081.9541046808672
2023-06-30,1103.0032818750162
2023-07-03,1089.2157305120832
2023-07-04,1083.6214843803482
2023-07-05,1084.9415873512569
2023-07-06,1090.6462163009191
2023-07-07,1072.199483429969
2023-07-10,1064.5771454660012
2023-07-11,1057.416160311363
2023-07-12,1047.1673178310486
2023-07-13,1028.9737020112007
2023-07-14,1023.9759305718721
2023-07-17,1022.3616018967051
2023-07-18,1035.9031132152427
2023-07-19,1031.3138545471922
2023-07-20,1033.1918360660438
2023-07-21,1035.6559263536772
2023-07-24,1050.2989497753786
2023-07-25,1055.4387898095983
2023-07-26,1046.9916137598143
2023-07-27,1062.643214274632
2023-07-28,1045.446892997206
2023-07-31,1042.784292436286
2023-08-01,1047.9329781171064
2023-08-02,1052.0028081303526
2023-08-03,1049.4991632308713
2023-08-04,1051.8787774402522
2023-08-07,1053.949079155172
2023-08-08,1056.7328822378554
2023-08-09,1054.4931436801405
2023-08-10,1046.1346657797944
2023-08-11,1043.0295287790907
2023-08-14,1051.9211254527065
2023-08-15,1038.3123468096562
2023-08-16,1049.3085623072632
2023-08-17,1051.9446917319817
2023-08-18,1051.4472337032746
2023-08-21,1055.5811936791317
2023-08-22,1055.5966223683356
2023-08-23,1052.6048685520286
2023-08-24,1050.0937768210958
2023-08-25,1058.230857258424
2023-08-28,1044.6432246488985
2023-08-29,1041.244749281195
2023-08-30,1034.0132408521404
2023-08-31,1035.0131167861941
2023-09-01,1018.8702220863354
2023-09-04,1038.1651816396054
2023-09-05,1038.5118918370424
2023-09-06,1053.7393144035282
2023-09-07,1035.1541056952944
2023-09-08,1038.7378065518908
2023-09-11,1022.5447680209913
2023-09-12,1024.7004913152296
2023-09-13,1016.8555543319715
2023-09-14,1017.7710737223604
2023-09-15,1023.4184115469488
2023-09-18,1020.1698096319841
2023-09-19,1017.5249341234231
2023-09-20,1021.4832569196356
2023-09-21,1028.1591017737423
2023-09-22,1021.0359215089443
2023-09-25,1026.3657558976743
2023-09-26,1024.7682048048543
2023-09-27,1039.4461981395334
2023-09-28,1048.495507948754
2023-09-29,1086.5866230597842
2023-10-02,1060.062220297874
2023-10-03,1067.8902213083816
2023-10-04,1052.777999468899
2023-10-05,1054.4653016980153
2023-10-06,1052.99867542376
2023-10-09,1053.7067452749898
2023-10-10,1047.5863728718953
2023-10-11,1061.8448442068632
2023-10-12,1059.9769953804266
2023-10-13,1064.0093711613013
2023-10-16,1057.257513044834
2023-10-17,1045.652276130436
2023-10-18,1039.6084179658249
2023-10-19,1048.3855205499294
2023-10-20,1054.1977293862703
2023-10-23,1057.1155124828506
2023-10-24,1052.210932327696
2023-10-25,1060.7434937470116
2023-10-26,1065.6214965308002
2023-10-27,1079.2052988321743
2023-10-30,1046.117385670823
2023-10-31,1063.9860339058393
2023-11-01,1067.5130176189148
2023-11-02,1050.2466777430382
2023-11-03,1033.8258233127028
2023-11-06,1037.9514091431756
2023-11-07,1026.4602154263941
2023-11-08,1025.3563807459116
2023-11-09,1024.6421202427034
2023-11-10,1029.7917065079166
2023-11-13,1030.9627223717937
2023-11-14,1014.3414048772479
2023-11-15,1014.3090796588833
2023-11-16,1015.6817990330072
2023-11-17,1011.2595351749337
2023-11-20,1002.961418213592
2023-11-21,992.6466154181439
2023-11-22,989.4235690239875
2023-11-23,993.9309131932724
2023-11-24,995.5997413817776
2023-11-27,1004.2043492667232
2023-11-28,1007.3422464978765
2023-11-29,1003.8717481708146
2023-11-30,1024.5773774163654
2023-12-01,1004.8696566227133
2023-12-04,1002.2481534686517
2023-12-05,990.6180126578982
2023-12-06,988.940882749782
2023-12-07,1001.3781768670075
2023-12-08,1012.8334183124297
2023-12-11,1001.5007451252537
2023-12-12,1005.488903248025
2023-12-13,995.1255911379496
2023-12-14,976.3634525799308
2023-12-15,981.599774912206
2023-12-18,993.0619051724921
2023-12-19,984.0683407560606
2023-12-20,1003.2378186947872
2023-12-21,995.3250015112338
2023-12-22,1004.2864696768626
2023-12-25,1004.2864696768677
2023-12-26,1004.3799906188565
2023-12-27,1022.2552615555976
2023-12-28,1042.1462572701566
2023-12-29,1078.4912081096913
2024-01-01,1078.491208109693
2024-01-02,1021.0126410642664
2024-01-03,1024.6361134368556
2024-01-04,1026.0052527337177
2024-01-05,1014.946622541053
2024-01-08,1080.0331748805752
2024-01-09,1077.3300514753194
2024-01-10,1068.2005362714674
2024-01-11,1107.3592892857719
2024-01-12,1117.8873279493525
2024-01-15,1080.142725687865
2024-01-16,1086.4723414791536
2024-01-17,1082.5604684629855
2024-01-18,1092.6431635668155
2024-01-19,1083.4362775467544
2024-01-22,1081.2281094283258
2024-01-23,1063.5029501190013
2024-01-24,1096.359102439984
2024-01-25,1095.6113628230405
2024-01-26,1096.0611579625577
2024-01-29,1114.853717251455
2024-01-30,1131.0651689352014
2024-01-31,1146.7251466686184
2024-02-01,1140.0757271949478
2024-02-02,1154.4950352569645
2024-02-05,1153.179003646409
2024-02-06,1157.0670733154484
2024-02-07,1150.35385625509
2024-02-08,1155.9014693344639
2024-02-09,1161.852449234898
2024-02-12,1166.2592677051114
2024-02-13,1163.7471345585518
2024-02-14,1159.5252275798732
2024-02-15,1153.412910760702
2024-02-16,1166.847775191759
2024-02-19,1212.5486361628205
2024-02-20,1211.8816053231583
2024-02-21,1332.540703983941
2024-02-22,1331.5208986184045
2024-02-23,1300.834159551109
2024-02-26,1261.8804156806077
2024-02-27,1282.2216083903563
2024-02-28,1331.7187565599047
2024-02-29,1324.7826033146926
2024-03-01,1291.7633755993331
2024-03-04,1277.4256024134836
2024-03-05,1295.3479437000783
2024-03-06,1302.2408361532111
2024-03-07,1179.8645094684903
2024-03-08,1251.1885748565155
2024-03-11,1276.1851605429563
