Date,MAURITIUS SMALL CAP
2010-11-30,1000.0
2010-12-01,1007.403677883774
2010-12-02,1003.1689278072087
2010-12-03,983.1207916348004
2010-12-06,982.7457796684041
2010-12-07,980.8673372134188
2010-12-08,972.8591160597158
2010-12-09,970.4042587407102
2010-12-10,973.436041137548
2010-12-13,949.1477418315355
2010-12-14,943.8612526731313
2010-12-15,951.6287925211163
2010-12-16,943.3372350270918
2010-12-17,952.9206520624598
2010-12-20,947.2455752684119
2010-12-21,935.0316830965589
2010-12-22,946.8195861657904
2010-12-23,955.8187287951413
2010-12-24,951.8769788544156
2010-12-27,944.2794509283794
2010-12-28,948.7100855741444
2010-12-29,956.2804064362688
2010-12-30,953.6382070126422
2010-12-31,967.3138151227475
2011-01-03,971.1868348135921
2011-01-04,968.0107261880735
2011-01-05,963.6896403787508
2011-01-06,980.8591820033387
2011-01-07,985.0273105173203
2011-01-10,1012.2806754232746
2011-01-11,1011.9628175691134
2011-01-12,1015.6085672055937
2011-01-13,996.4466467347589
2011-01-14,1001.8570183158697
2011-01-17,1009.4279518232728
2011-01-18,1014.4918112736231
2011-01-19,1013.5823645012637
2011-01-20,1019.7037611255256
2011-01-21,988.2687600269822
2011-01-24,981.2724123102437
2011-01-25,991.4936954396815
2011-01-26,993.434805411603
2011-01-27,994.0123751428233
2011-01-28,1001.7820865521965
2011-01-31,981.8717482380277
2011-02-01,976.034053679188
2011-02-02,1002.2700787118617
2011-02-03,1015.358192130592
2011-02-04,1022.8924976908332
2011-02-07,1015.183883797379
2011-02-08,1003.041348112208
2011-02-09,1016.8744458406551
2011-02-10,1018.3616081314794
2011-02-11,1016.9481996867981
2011-02-14,1036.9413073491805
2011-02-15,1028.1539711937703
2011-02-16,1031.354051503526
2011-02-17,1028.6037440277214
2011-02-18,1020.9325056758478
2011-02-21,1025.7945315604434
2011-02-22,1014.1494662092551
2011-02-23,1012.843410065678
2011-02-24,1011.5927897174458
2011-02-25,1012.9242699184991
2011-02-28,1003.5883385632912
2011-03-01,1014.793377379395
2011-03-02,1011.0646697247589
2011-03-03,1002.4680170921417
2011-03-04,995.4334634189725
2011-03-07,993.1843603181052
2011-03-08,1005.0543632445266
2011-03-09,989.5929788391912
2011-03-10,993.0725390605746
2011-03-11,996.293901183958
2011-03-14,986.0691185654598
2011-03-15,989.7253418663369
2011-03-16,978.1472365565303
2011-03-17,971.0985200948611
2011-03-18,961.0611537652057
2011-03-21,960.7471234991655
2011-03-22,969.4339306381225
2011-03-23,979.2733533859391
2011-03-24,988.0447483359553
2011-03-25,991.0507573381861
2011-03-28,1018.0157688990972
2011-03-29,1013.0686755124518
2011-03-30,1015.502718957635
2011-03-31,1005.0409796833662
2011-04-01,1008.493528637085
2011-04-04,1002.2234329340832
2011-04-05,1013.8346973936423
2011-04-06,1008.7640224339763
2011-04-07,1022.0050363358857
2011-04-08,996.6898536917846
2011-04-11,1003.6274238174371
2011-04-12,1013.374108556036
2011-04-13,1011.1254125117935
2011-04-14,1019.649270338303
2011-04-15,973.3742854343633
2011-04-18,1013.9804985438316
2011-04-19,1019.0920900022767
2011-04-20,999.9882735377903
2011-04-21,997.6615461868417
2011-04-22,993.8460716042537
2011-04-25,994.5627875212759
2011-04-26,976.3617580947891
2011-04-27,980.5857722434483
2011-04-28,985.166204569789
2011-04-29,984.3029556712037
2011-05-02,984.2200004819198
2011-05-03,991.8753285523871
2011-05-04,997.2915438949763
2011-05-05,1014.5355486810773
2011-05-06,1023.9759129653647
2011-05-09,1033.4985503109185
2011-05-10,1031.2475217686695
2011-05-11,1063.8814737216458
2011-05-12,1062.160515385978
2011-05-13,1053.80007388403
2011-05-16,1038.1937835913918
2011-05-17,1041.5124715456313
2011-05-18,1036.3642799246725
2011-05-19,1043.8253125108342
2011-05-20,1050.8095746264385
2011-05-23,1047.4451067417508
2011-05-24,1047.6351609172364
2011-05-25,1050.856323238296
2011-05-26,1046.753761644959
2011-05-27,1065.3287191440627
2011-05-30,1055.1241166918483
2011-05-31,1054.5136925224376
2011-06-01,1057.1342025089498
2011-06-02,1051.3748435944112
2011-06-03,1057.4393594006233
2011-06-06,1060.6356194678444
2011-06-07,1047.7921609419036
2011-06-08,1051.4805457978637
2011-06-09,1051.0179201112248
2011-06-10,1055.372457609684
2011-06-13,1045.4862439663443
2011-06-14,1040.1263201231732
2011-06-15,1044.247847260909
2011-06-16,1051.618356868171
2011-06-17,1039.1545227552772
2011-06-20,1040.5649940683224
2011-06-21,1037.2176165802393
2011-06-22,1026.9078111989745
2011-06-23,1049.166892280194
2011-06-24,1045.0365964702712
2011-06-27,1034.225226136469
2011-06-28,1034.5298950523102
2011-06-29,1034.4468610058932
2011-06-30,1038.803257112066
2011-07-01,1035.5242026088404
2011-07-04,1046.7393450078168
2011-07-05,1051.994781200645
2011-07-06,1062.3302087441741
2011-07-07,1056.7135392662935
2011-07-08,1066.3439092056383
2011-07-11,1088.26244966082
2011-07-12,1086.5147933648068
2011-07-13,1066.2407383400594
2011-07-14,1068.5673584645124
2011-07-15,1074.0153263830161
2011-07-18,1077.7115966828676
2011-07-19,1066.118993064451
2011-07-20,1066.7706920899896
2011-07-21,1049.5533295150756
2011-07-22,1058.995756733924
2011-07-25,1060.6601447190767
2011-07-26,1049.0876982891198
2011-07-27,1051.5038288674639
2011-07-28,1057.7231923814957
2011-07-29,1047.71633198243
2011-08-01,1054.8672374323137
2011-08-02,1056.5336577078863
2011-08-03,1041.683106201816
2011-08-04,1068.097321690502
2011-08-05,1058.1369567740467
2011-08-08,1030.3705939663241
2011-08-09,1027.0419417789062
2011-08-10,1054.2525938315005
2011-08-11,1037.9111677171172
2011-08-12,1045.2378187329068
2011-08-15,1032.7278073877942
2011-08-16,1039.4792382020846
2011-08-17,1049.9424154577725
2011-08-18,1054.256454431232
2011-08-19,1049.3932411040469
2011-08-22,1040.050248052814
2011-08-23,1059.0547808577473
2011-08-24,1055.6610735624022
2011-08-25,1057.9543280208077
2011-08-26,1063.1174412006599
2011-08-29,1050.281038659847
2011-08-30,1053.869152247248
2011-08-31,1054.5742822443835
2011-09-01,1067.1726770654775
2011-09-02,1062.709227718189
2011-09-05,1066.9683676713926
2011-09-06,1057.879536207253
2011-09-07,1061.7236245513623
2011-09-08,1065.095639104541
2011-09-09,1077.204748306681
2011-09-12,1076.718103367591
2011-09-13,1076.8516339949356
2011-09-14,1068.9320727442898
2011-09-15,1064.3284054782632
2011-09-16,1068.0801884486896
2011-09-19,1076.1266068864848
2011-09-20,1071.333667588034
2011-09-21,1061.6755286845564
2011-09-22,1078.6631081826204
2011-09-23,1068.6336600123823
2011-09-26,1066.8248061906597
2011-09-27,1046.8252390690288
2011-09-28,1057.6317497799876
2011-09-29,1054.805232961451
2011-09-30,1074.99968384866
2011-10-03,1077.293576898549
2011-10-04,1082.3431175128953
2011-10-05,1077.0752530034574
2011-10-06,1073.3613917422088
2011-10-07,1064.494847592121
2011-10-10,1051.1174268113366
2011-10-11,1045.3570962399247
2011-10-12,1046.1013986799085
2011-10-13,1043.872521932769
2011-10-14,1046.9275165897595
2011-10-17,1059.3993287908866
2011-10-18,1061.9120312684013
2011-10-19,1053.348623612855
2011-10-20,1057.495520905884
2011-10-21,1038.6927039974262
2011-10-24,1050.460602536249
2011-10-25,1049.783049467471
2011-10-26,1056.239746949724
2011-10-27,1034.9425112060428
2011-10-28,1021.6983441067216
2011-10-31,1033.000506804011
2011-11-01,1053.5457055354157
2011-11-02,1042.1971762685882
2011-11-03,1041.1914845907663
2011-11-04,1047.916008987295
2011-11-07,1049.8820360539585
2011-11-08,1044.634660548814
2011-11-09,1061.6665384562566
2011-11-10,1055.6937382046574
2011-11-11,1043.4195002381277
2011-11-14,1052.7160384407214
2011-11-15,1060.4283087170013
2011-11-16,1056.2499512663342
2011-11-17,1059.314400710421
2011-11-18,1058.6093922354971
2011-11-21,1064.7983678321893
2011-11-22,1057.591315940314
2011-11-23,1071.5496273339756
2011-11-24,1073.5465101690183
2011-11-25,1070.2600088478828
2011-11-28,1063.7951430829062
2011-11-29,1065.111425037227
2011-11-30,1058.889748792898
2011-12-01,1055.0401232067031
2011-12-02,1061.2013518087865
2011-12-05,1062.0152602971466
2011-12-06,1063.1777309479098
2011-12-07,1059.33122933343
2011-12-08,1063.5383933569453
2011-12-09,1062.4192728415949
2011-12-12,1073.4789258814833
2011-12-13,1082.2574048787508
2011-12-14,1088.9843960084038
2011-12-15,1075.863059740954
2011-12-16,1075.4267760097064
2011-12-19,1082.4246333822223
2011-12-20,1064.7530981090338
2011-12-21,1084.9499615969114
2011-12-22,1076.1634071281312
2011-12-23,1085.6572301507554
2011-12-26,1088.431125293158
2011-12-27,1080.0547625113418
2011-12-28,1094.666730508729
2011-12-29,1095.5136240324155
2011-12-30,1088.0028089736718
2012-01-02,1088.0028089736718
2012-01-03,1086.338397252892
2012-01-04,1097.3575938377924
2012-01-05,1111.0870462122136
2012-01-06,1106.6599329167104
2012-01-09,1102.755442500088
2012-01-10,1106.7802818275177
2012-01-11,1115.4992159128324
2012-01-12,1101.1985433135828
2012-01-13,1114.4232326704066
2012-01-16,1110.3485133226623
2012-01-17,1108.4642196214652
2012-01-18,1101.5884808893695
2012-01-19,1096.9508195611418
2012-01-20,1107.6090574879672
2012-01-23,1102.4096404007976
2012-01-24,1100.4970859183338
2012-01-25,1098.3018472435576
2012-01-26,1089.4395909589393
2012-01-27,1093.3794430740859
2012-01-30,1098.636213896898
2012-01-31,1089.4269046580037
2012-02-01,1086.1136422405339
2012-02-02,1088.2575045771764
2012-02-03,1091.3212343050175
2012-02-06,1087.5312857371437
2012-02-07,1081.431599195774
2012-02-08,1086.8566423977004
2012-02-09,1084.2405606261373
2012-02-10,1093.6944740746176
2012-02-13,1084.6249527204934
2012-02-14,1076.8390666003388
2012-02-15,1093.697734990389
2012-02-16,1078.845857952825
2012-02-17,1072.815215920484
2012-02-20,1066.2249149359784
2012-02-21,1068.1977102601252
2012-02-22,1060.5503669184168
2012-02-23,1058.3787222380593
2012-02-24,1048.5488990465244
2012-02-27,1053.8718796463875
2012-02-28,1049.8211970428706
2012-02-29,1060.7862643505134
2012-03-01,1066.3396145259874
2012-03-02,1072.9437507407447
2012-03-05,1066.0792441444362
2012-03-06,1079.3741470137159
2012-03-07,1065.0489093019412
2012-03-08,1038.892259869608
2012-03-09,1065.6301394487552
2012-03-12,1063.9676266741205
2012-03-13,1064.3038166776198
2012-03-14,1057.3156330493084
2012-03-15,1055.5171057620485
2012-03-16,1042.6707536647316
2012-03-19,1034.2999942541928
2012-03-20,1032.3310018488648
2012-03-21,1032.3721402597437
2012-03-22,1029.220192072271
2012-03-23,1022.1452470955543
2012-03-26,1022.5840046114603
2012-03-27,1022.1429612690301
2012-03-28,1024.2323578819905
2012-03-29,1027.0327542085681
2012-03-30,1031.5126889043827
2012-04-02,1029.1513817374957
2012-04-03,1031.5310638228643
2012-04-04,1042.9204763332777
2012-04-05,1048.2936239905405
2012-04-06,1046.098707836494
2012-04-09,1045.3655051490493
2012-04-10,1044.6920410562636
2012-04-11,1039.9224394665375
2012-04-12,1035.770650179478
2012-04-13,1042.7921186337446
2012-04-16,1046.257106981075
2012-04-17,1044.252173438532
2012-04-18,1041.116910565958
2012-04-19,1043.8863658491243
2012-04-20,1046.422531869972
2012-04-23,1060.82574801016
2012-04-24,1052.709703343312
2012-04-25,1066.4607546330037
2012-04-26,1070.6262319737289
2012-04-27,1062.7071482286772
2012-04-30,1076.320736197127
2012-05-01,1077.1752819612154
2012-05-02,1079.438334338527
2012-05-03,1079.7643741620748
2012-05-04,1079.2192991094385
2012-05-07,1084.5951328470514
2012-05-08,1097.2442808621265
2012-05-09,1103.362510566895
2012-05-10,1099.0574040703534
2012-05-11,1100.4159422706875
2012-05-14,1105.579980275998
2012-05-15,1108.1373782818343
2012-05-16,1112.1024480454623
2012-05-17,1111.3077565137805
2012-05-18,1109.218274480365
2012-05-21,1109.8099698992146
2012-05-22,1109.643678687481
2012-05-23,1116.803180045456
2012-05-24,1116.8919384940984
2012-05-25,1125.946087100084
2012-05-28,1124.6360787258068
2012-05-29,1123.7877098604886
2012-05-30,1134.0453098550147
2012-05-31,1137.328635636525
2012-06-01,1137.466627463222
2012-06-04,1123.7580751170226
2012-06-05,1126.6432049632795
2012-06-06,1117.2216670107362
2012-06-07,1105.1175580624092
2012-06-08,1104.3350325322247
2012-06-11,1093.127056615577
2012-06-12,1077.3015065062823
2012-06-13,1072.5637163930282
2012-06-14,1062.1957003521968
2012-06-15,1060.670852560134
2012-06-18,1049.280598755082
2012-06-19,1034.4791836422455
2012-06-20,1029.6658984172668
2012-06-21,1030.2714767190805
2012-06-22,1023.7809473647419
2012-06-25,1021.4442497689661
2012-06-26,1002.0998325919445
2012-06-27,1003.881010087121
2012-06-28,1011.8547077447815
2012-06-29,993.6378700352835
2012-07-02,1006.9036025415098
2012-07-03,991.3681589920786
2012-07-04,986.2110124913146
2012-07-05,1008.8644530602621
2012-07-06,1008.7044186075182
2012-07-09,1007.1173239249309
2012-07-10,1004.2747430386715
2012-07-11,1009.605015480677
2012-07-12,1019.4141033818248
2012-07-13,1006.30325907541
2012-07-16,1013.1160591280369
2012-07-17,1010.4742962619923
2012-07-18,999.4811066751892
2012-07-19,1000.9161473950696
2012-07-20,1019.5797858999134
2012-07-23,1040.8042170848041
2012-07-24,1044.62693167522
2012-07-25,1044.2762574616715
2012-07-26,1026.3671926256125
2012-07-27,1032.9666663944836
2012-07-30,1048.3048233674954
2012-07-31,1056.8074465182056
2012-08-01,1085.280515749798
2012-08-02,1097.5529012027855
2012-08-03,1051.3014626490271
2012-08-06,1053.4894056073365
2012-08-07,1049.482699645234
2012-08-08,981.4172741484342
2012-08-09,993.141753880428
2012-08-10,984.8443443764984
2012-08-13,958.3561040963567
2012-08-14,963.8238659005091
2012-08-15,968.5035493708157
2012-08-16,946.467941626144
2012-08-17,940.4559926206501
2012-08-20,935.5767103735426
2012-08-21,928.1798119068957
2012-08-22,935.9927106199591
2012-08-23,926.6385202505382
2012-08-24,933.0591634507234
2012-08-27,922.0703679345344
2012-08-28,901.4232783707115
2012-08-29,902.7472016954357
2012-08-30,903.3970472573337
2012-08-31,906.6200541222458
2012-09-03,914.3936197571712
2012-09-04,946.8913841818556
2012-09-05,946.9204752602884
2012-09-06,928.5300651537309
2012-09-07,927.1751630414955
2012-09-10,935.9218208368819
2012-09-11,918.3057248854661
2012-09-12,916.7879586312675
2012-09-13,926.6422111668546
2012-09-14,909.6916538908988
2012-09-17,915.442962283189
2012-09-18,920.1435763190591
2012-09-19,921.5202582278782
2012-09-20,929.0264647784529
2012-09-21,933.9756498926484
2012-09-24,937.7407679563834
2012-09-25,930.2450732821127
2012-09-26,873.5154783558592
2012-09-27,872.5671539662457
2012-09-28,872.3297668664493
2012-10-01,873.1566902110957
2012-10-02,869.7151135948603
2012-10-03,861.36155544472
2012-10-04,854.5064288788972
2012-10-05,861.3908877756137
2012-10-08,871.9921258614974
2012-10-09,882.4233224114752
2012-10-10,883.634737142899
2012-10-11,870.6008549336963
2012-10-12,865.1046664428133
2012-10-15,873.3012337914398
2012-10-16,871.7055939268039
2012-10-17,854.6548230676538
2012-10-18,856.5479631431933
2012-10-19,861.0506581120981
2012-10-22,857.7600895188505
2012-10-23,865.5007039385025
2012-10-24,868.2322348966607
2012-10-25,861.594832441548
2012-10-26,851.6675804557201
2012-10-29,847.5079317692051
2012-10-30,848.1690632873315
2012-10-31,843.0640196614594
2012-11-01,842.6565652959789
2012-11-02,854.2118888257928
2012-11-05,853.3141435847385
2012-11-06,846.6101575698999
2012-11-07,862.0349949614227
2012-11-08,863.9315125900015
2012-11-09,869.7927704413878
2012-11-12,871.0563258386685
2012-11-13,871.0563258386685
2012-11-14,862.018376271295
2012-11-15,859.1182846111615
2012-11-16,858.9369861012325
2012-11-19,864.9456652630008
2012-11-20,862.1436242085825
2012-11-21,862.4249223577574
2012-11-22,865.7615470285334
2012-11-23,865.0231256838448
2012-11-26,865.9884585726535
2012-11-27,880.1922986419465
2012-11-28,878.8141475321008
2012-11-29,874.1419453377246
2012-11-30,875.1166087758734
2012-12-03,873.420841560121
2012-12-04,861.656987711093
2012-12-05,861.4783075243905
2012-12-06,862.1897240847064
2012-12-07,875.8449920140231
2012-12-10,875.9805088006567
2012-12-11,864.9769249822144
2012-12-12,863.072990159246
2012-12-13,861.0826175861513
2012-12-14,853.4218183370392
2012-12-17,845.5852193926708
2012-12-18,845.4747328677927
2012-12-19,845.9780646590194
2012-12-20,870.1615783771687
2012-12-21,875.7182141024401
2012-12-24,872.9313234542312
2012-12-25,872.9313234542312
2012-12-26,868.939416116016
2012-12-27,882.7675891418569
2012-12-28,878.7244720281326
2012-12-31,883.339533626651
2013-01-01,883.339533626651
2013-01-02,879.6365732341682
2013-01-03,891.9462176189032
2013-01-04,892.4872661180686
2013-01-07,887.3651599388196
2013-01-08,892.5040645193176
2013-01-09,897.4520906521411
2013-01-10,904.8534618806019
2013-01-11,918.7430670547088
2013-01-14,939.5595793296626
2013-01-15,946.6336858962286
2013-01-16,936.0318756295529
2013-01-17,932.6408087567505
2013-01-18,939.7108513435533
2013-01-21,930.1686144168635
2013-01-22,930.6407145646741
2013-01-23,941.0172529447844
2013-01-24,937.4965654358687
2013-01-25,941.5089327342042
2013-01-28,941.2008140073367
2013-01-29,940.5754607796823
2013-01-30,946.7070734735825
2013-01-31,944.0105860230266
2013-02-01,934.0678400846997
2013-02-04,945.4808988002942
2013-02-05,947.5775412191882
2013-02-06,943.0378996230066
2013-02-07,954.8475442656068
2013-02-08,958.4249112816511
2013-02-11,967.452435352976
2013-02-12,974.5125008689695
2013-02-13,976.5432640903688
2013-02-14,983.5677238668359
2013-02-15,987.3577776134136
2013-02-18,970.8584102248461
2013-02-19,963.540049117619
2013-02-20,960.9849584796219
2013-02-21,967.9418737815434
2013-02-22,978.0366544511515
2013-02-25,973.5925032391626
2013-02-26,978.8707518147457
2013-02-27,973.9930726115092
2013-02-28,992.3563561773667
2013-03-01,995.1267713349204
2013-03-04,993.4055223120852
2013-03-05,1001.4601302650849
2013-03-06,1005.1201191394213
2013-03-07,995.3199172915955
2013-03-08,1008.9963419963436
2013-03-11,997.8180125460352
2013-03-12,997.3199081699084
2013-03-13,1010.3640640905803
2013-03-14,1018.187144824248
2013-03-15,1008.5810884071701
2013-03-18,1009.9550734872714
2013-03-19,1012.7995057847984
2013-03-20,1001.0849382928681
2013-03-21,1010.0797648493503
2013-03-22,1002.9080550060069
2013-03-25,1012.0817165709672
2013-03-26,1020.3853427556338
2013-03-27,1025.841781475744
2013-03-28,1033.7972756694978
2013-03-29,1037.6309360305756
2013-04-01,1037.1463259569255
2013-04-02,1037.9772804347353
2013-04-03,1038.2927446981614
2013-04-04,1025.7347819844622
2013-04-05,1000.1087526167339
2013-04-08,1000.4929074729283
2013-04-09,1002.7031147286611
2013-04-10,1001.4834611447907
2013-04-11,996.712216055225
2013-04-12,1000.8648541300344
2013-04-15,997.4689961869146
2013-04-16,998.2982237503263
2013-04-17,1009.1233447679491
2013-04-18,998.5812760093091
2013-04-19,1000.5221352868227
2013-04-22,1002.8206205801729
2013-04-23,1004.0149132900459
2013-04-24,1004.994552957951
2013-04-25,1002.3570359660902
2013-04-26,997.1410885605126
2013-04-29,1000.1901325504549
2013-04-30,992.8755950554875
2013-05-01,992.1982752377434
2013-05-02,1003.6063082516771
2013-05-03,997.320479193439
2013-05-06,1000.2849938051119
2013-05-07,1012.7762289382308
2013-05-08,1013.755774358952
2013-05-09,1036.8654215560023
2013-05-10,1060.4819407248012
2013-05-13,1046.1070637499097
2013-05-14,1026.9085008264497
2013-05-15,1027.9703797974767
2013-05-16,1019.7801041619718
2013-05-17,1028.4741810803775
2013-05-20,1020.3534520185383
2013-05-21,1020.7183430467841
2013-05-22,1023.7547280782662
2013-05-23,1019.1178481869456
2013-05-24,1010.7243109378174
2013-05-27,1018.4133063926532
2013-05-28,1021.276263195614
2013-05-29,1014.1197551536245
2013-05-30,999.1893832119188
2013-05-31,1009.7061989678696
2013-06-03,1001.895106000085
2013-06-04,998.8668016059024
2013-06-05,997.7600028420873
2013-06-06,992.7289596226066
2013-06-07,975.3621592007445
2013-06-10,979.8127043747381
2013-06-11,976.2208132818217
2013-06-12,979.5513528147658
2013-06-13,985.4709181345609
2013-06-14,983.4122935902226
2013-06-17,990.4165146301639
2013-06-18,991.7131269219705
2013-06-19,996.4286739736119
2013-06-20,1005.6921097249402
2013-06-21,1008.6395573878953
2013-06-24,998.1636766803614
2013-06-25,999.6186916168593
2013-06-26,1000.4013354831634
2013-06-27,996.6802595773668
2013-06-28,998.5161600100221
2013-07-01,990.0687853801968
2013-07-02,991.6212842359672
2013-07-03,986.3365453722018
2013-07-04,993.3283862493589
2013-07-05,994.2726988489271
2013-07-08,978.8289638407381
2013-07-09,978.7807803510108
2013-07-10,971.3004579757534
2013-07-11,956.158165980865
2013-07-12,941.8126196886835
2013-07-15,939.2208540798384
2013-07-16,931.4389090363002
2013-07-17,932.3019077594931
2013-07-18,929.2264426625678
2013-07-19,933.9205393329304
2013-07-22,930.0980730333149
2013-07-23,928.1875921735311
2013-07-24,935.8987816944269
2013-07-25,933.3887985015604
2013-07-26,930.2517607422087
2013-07-29,929.0279258226495
2013-07-30,930.1143423419021
2013-07-31,930.7210328752506
2013-08-01,929.9894485204793
2013-08-02,926.2245951288463
2013-08-05,932.2448259660467
2013-08-06,931.6728828936224
2013-08-07,912.3815452829108
2013-08-08,909.2937641213521
2013-08-09,910.1318215676065
2013-08-12,921.2874461385176
2013-08-13,920.1961538637289
2013-08-14,933.368405218329
2013-08-15,939.1521421475233
2013-08-16,937.0028629543066
2013-08-19,931.8730101958719
2013-08-20,922.4509681702993
2013-08-21,934.1500442122439
2013-08-22,934.4965915457547
2013-08-23,934.1453347910544
2013-08-26,938.4717871183233
2013-08-27,938.3133292667928
2013-08-28,940.5297217494222
2013-08-29,949.6048465828023
2013-08-30,947.8144828873395
2013-09-02,951.9422470226795
2013-09-03,953.3741012899701
2013-09-04,957.7146432226284
2013-09-05,966.3242526517545
2013-09-06,963.8950775506623
2013-09-09,960.2861568750246
2013-09-10,959.3089689868996
2013-09-11,967.0568402620453
2013-09-12,980.2497093756051
2013-09-13,991.5160772483822
2013-09-16,1001.818798840319
2013-09-17,1028.318141679877
2013-09-18,1020.7977430077316
2013-09-19,1002.721242209573
2013-09-20,1011.7185886788656
2013-09-23,1015.5427101737861
2013-09-24,1007.0795605104372
2013-09-25,1005.5711570447828
2013-09-26,1012.3769994466477
2013-09-27,1015.0080534310677
2013-09-30,1019.4578154345198
2013-10-01,1019.4643139006591
2013-10-02,1012.7132742616883
2013-10-03,1008.6013103315586
2013-10-04,1020.4993476612204
2013-10-07,1027.764588247982
2013-10-08,1017.26202629367
2013-10-09,1035.4258407709162
2013-10-10,1031.3688526144872
2013-10-11,1024.6582649324448
2013-10-14,1027.9374945525456
2013-10-15,1051.8045749617781
2013-10-16,1064.5732632066715
2013-10-17,1049.3357619118976
2013-10-18,1053.5281772595229
2013-10-21,1054.0309679729571
2013-10-22,1049.1937631046483
2013-10-23,1060.1434047713717
2013-10-24,1063.6036259738464
2013-10-25,1069.2236242124009
2013-10-28,1068.8801648967765
2013-10-29,1077.126906337227
2013-10-30,1084.0433695091995
2013-10-31,1102.3500231746455
2013-11-01,1111.1361308663065
2013-11-04,1103.5967446826958
2013-11-05,1098.2350565193854
2013-11-06,1088.0914486796062
2013-11-07,1091.839935338964
2013-11-08,1103.6465752770503
2013-11-11,1085.180109385994
2013-11-12,1081.5745861158925
2013-11-13,1083.4888962335306
2013-11-14,1079.6480575672992
2013-11-15,1078.130529050787
2013-11-18,1070.572347267531
2013-11-19,1065.4857162541261
2013-11-20,1076.129589953543
2013-11-21,1080.2809468801152
2013-11-22,1065.766616654683
2013-11-25,1052.6068810939826
2013-11-26,1047.0726075670163
2013-11-27,1041.3293869228664
2013-11-28,1045.191506975035
2013-11-29,1045.779498233352
2013-12-02,1051.2630145429537
2013-12-03,1048.8645487876024
2013-12-04,1049.9474252145862
2013-12-05,1041.0398531367214
2013-12-06,1035.1008167759485
2013-12-09,1039.8964331051284
2013-12-10,1044.5926894564298
2013-12-11,1059.733930990622
2013-12-12,1081.0745350349393
2013-12-13,1077.4382829013366
2013-12-16,1088.8688668103348
2013-12-17,1088.3221716920705
2013-12-18,1076.4581326258244
2013-12-19,1071.5991603146438
2013-12-20,1078.7171676092466
2013-12-23,1071.3733367071043
2013-12-24,1078.0448054702392
2013-12-25,1078.0448054702392
2013-12-26,1071.0715856917225
2013-12-27,1073.8389229585705
2013-12-30,1069.436682558726
2013-12-31,1072.1530571651745
2014-01-01,1072.1530571651745
2014-01-02,1079.8544471504813
2014-01-03,1088.433340208989
2014-01-06,1090.4934745948299
2014-01-07,1094.4372227526876
2014-01-08,1089.3946465455272
2014-01-09,1094.359962403451
2014-01-10,1085.7214473701997
2014-01-13,1090.7925361347434
2014-01-14,1083.6965229938537
2014-01-15,1087.3336990926055
2014-01-16,1082.3893853366003
2014-01-17,1089.4919703029248
2014-01-20,1079.9991507575305
2014-01-21,1080.2894984013449
2014-01-22,1081.1507520126781
2014-01-23,1063.7687163403548
2014-01-24,1060.3701141817153
2014-01-27,1065.3022190575973
2014-01-28,1060.104316089841
2014-01-29,1053.0576719083924
2014-01-30,1048.889846210711
2014-01-31,1053.221488803147
2014-02-03,1028.7807237069349
2014-02-04,1016.4900323230735
2014-02-05,1016.5066489853663
2014-02-06,1011.498674759695
2014-02-07,1013.9206546127263
2014-02-10,1010.1610896889033
2014-02-11,1005.47527002024
2014-02-12,1014.1598817090342
2014-02-13,1014.9418715980911
2014-02-14,1010.2691589991347
2014-02-17,1013.678840251275
2014-02-18,1012.8861571644006
2014-02-19,1027.1303965718903
2014-02-20,1033.984414701256
2014-02-21,1032.4951022372077
2014-02-24,1032.172084188723
2014-02-25,1033.3596810900658
2014-02-26,1036.9284037210437
2014-02-27,1035.8294407525127
2014-02-28,1026.6639409453978
2014-03-03,1016.4374000646924
2014-03-04,1022.155562427369
2014-03-05,1017.7407705504118
2014-03-06,1005.008729236274
2014-03-07,1007.2222818528682
2014-03-10,1001.1869855998955
2014-03-11,1004.0260653194747
2014-03-12,996.2565311381748
2014-03-13,996.5257502646572
2014-03-14,998.6961792746449
2014-03-17,995.1906108904598
2014-03-18,991.2812160903192
2014-03-19,991.1004287617008
2014-03-20,987.284244241376
2014-03-21,992.6296781167268
2014-03-24,994.437002925518
2014-03-25,996.5254307906927
2014-03-26,1012.5553593923019
2014-03-27,1024.9546928282193
2014-03-28,1026.3197732549622
2014-03-31,1025.7869496090948
2014-04-01,1023.1949459341671
2014-04-02,1029.9326545872104
2014-04-03,1034.9409549329164
2014-04-04,1059.7512892294048
2014-04-07,1057.7652525196052
2014-04-08,1045.805711996067
2014-04-09,1057.0307241515552
2014-04-10,1049.0093624968029
2014-04-11,1050.911973435675
2014-04-14,1055.3314549880242
2014-04-15,1056.6189760976977
2014-04-16,1057.9116902238966
2014-04-17,1056.0464970946284
2014-04-18,1053.134906651791
2014-04-21,1055.9402250152873
2014-04-22,1052.9202784121808
2014-04-23,1051.1619921952417
2014-04-24,1051.8691335751137
2014-04-25,1049.1011138817053
2014-04-28,1053.850742825154
2014-04-29,1051.1932785322547
2014-04-30,1044.5200732468636
2014-05-01,1042.779206458119
2014-05-02,1037.5481632190772
2014-05-05,1036.5762911780178
2014-05-06,1027.7206461920005
2014-05-07,1020.7504370949428
2014-05-08,1023.2455484012331
2014-05-09,1024.990596137408
2014-05-12,1025.289666091219
2014-05-13,1025.5422353392603
2014-05-14,1033.0725922364081
2014-05-15,1030.9082238071578
2014-05-16,1026.877590580697
2014-05-19,1029.2868326659086
2014-05-20,1028.2226975528147
2014-05-21,1030.17406618977
2014-05-22,1029.6838473780688
2014-05-23,1030.2719955398015
2014-05-26,1025.426237077281
2014-05-27,1029.8624351025699
2014-05-28,1028.2070862504368
2014-05-29,1019.4071707803457
2014-05-30,1016.8581253646241
2014-06-02,1019.6015789837546
2014-06-03,1025.1498706819743
2014-06-04,1024.8597753391691
2014-06-05,1031.6960131956266
2014-06-06,1031.7654416708517
2014-06-09,1036.1143161468929
2014-06-10,1033.5253260296506
2014-06-11,1037.273575635025
2014-06-12,1027.8850543016222
2014-06-13,1035.9259003697762
2014-06-16,1027.1677206505901
2014-06-17,1031.313535613677
2014-06-18,1020.9844722771476
2014-06-19,1023.2975291658771
2014-06-20,1030.2097715386947
2014-06-23,1044.055611535911
2014-06-24,1041.7695196168843
2014-06-25,1038.9422579287027
2014-06-26,1043.1600501631249
2014-06-27,1034.5109137357983
2014-06-30,1040.135513217376
2014-07-01,1042.7473416611792
2014-07-02,1040.4113287491148
2014-07-03,1040.051562389558
2014-07-04,1045.338869916688
2014-07-07,1041.0480944380413
2014-07-08,1041.2101445207177
2014-07-09,1037.6437374698999
2014-07-10,1041.6933631863649
2014-07-11,1032.8091121026039
2014-07-14,1033.7017638439784
2014-07-15,1036.550794029068
2014-07-16,1035.7348284781476
2014-07-17,1037.1386135579887
2014-07-18,1044.7920363332862
2014-07-21,1047.5583187105672
2014-07-22,1049.5575562155248
2014-07-23,1051.1632785284298
2014-07-24,1054.1867822736597
2014-07-25,1057.0119683201015
2014-07-28,1057.5934330549799
2014-07-29,1058.100650126043
2014-07-30,1053.9476933401281
2014-07-31,1054.231790631783
2014-08-01,1052.1070316549014
2014-08-04,1050.670388473024
2014-08-05,1054.5997440527883
2014-08-06,1053.3827251459445
2014-08-07,1056.173948066331
2014-08-08,1055.5123388215109
2014-08-11,1050.6577703961214
2014-08-12,1049.5818536023935
2014-08-13,1051.2974500835674
2014-08-14,1054.0919825727385
2014-08-15,1053.2069281540673
2014-08-18,1061.1439086121122
2014-08-19,1065.3069075190567
2014-08-20,1069.7914553064313
2014-08-21,1077.5427600429903
2014-08-22,1070.6868798769974
2014-08-25,1073.8080135204625
2014-08-26,1067.1319267942918
2014-08-27,1068.8995422321982
2014-08-28,1073.7333938482564
2014-08-29,1068.4789678260333
2014-09-01,1066.7735407055802
2014-09-02,1068.204797207854
2014-09-03,1067.6735308092177
2014-09-04,1073.734727772013
2014-09-05,1080.3350361644195
2014-09-08,1081.0146703335975
2014-09-09,1082.2813373828499
2014-09-10,1083.8479128352594
2014-09-11,1076.1130587374225
2014-09-12,1081.8178029886735
2014-09-15,1073.8628101149338
2014-09-16,1082.3696874387676
2014-09-17,1081.722196086544
2014-09-18,1079.6739687326553
2014-09-19,1092.562369827325
2014-09-22,1094.053428196816
2014-09-23,1097.9219880877274
2014-09-24,1112.2182299564888
2014-09-25,1115.198788412164
2014-09-26,1132.9242758247506
2014-09-29,1132.236840753051
2014-09-30,1130.4883509904591
2014-10-01,1120.7041806920263
2014-10-02,1114.011939321154
2014-10-03,1122.8356481971143
2014-10-06,1119.4702724634565
2014-10-07,1117.0198413359933
2014-10-08,1111.979127753863
2014-10-09,1113.2412178930658
2014-10-10,1104.8634064742776
2014-10-13,1099.4495928628073
2014-10-14,1092.7483505210575
2014-10-15,1083.0105632854702
2014-10-16,1071.6485143246866
2014-10-17,1072.1621800895039
2014-10-20,1076.486398023871
2014-10-21,1082.1809326085897
2014-10-22,1085.0509689726564
2014-10-23,1086.2480540070687
2014-10-24,1084.228454971401
2014-10-27,1085.1412068784402
2014-10-28,1084.0136650910208
2014-10-29,1080.204776785692
2014-10-30,1086.363151406413
2014-10-31,1093.3780922540948
2014-11-03,1092.5753909407495
2014-11-04,1084.2500610699649
2014-11-05,1090.8106453027824
2014-11-06,1092.130683299243
2014-11-07,1088.1207220287145
2014-11-10,1082.0561174231577
2014-11-11,1072.4161556340339
2014-11-12,1071.9752447812218
2014-11-13,1074.991374181986
2014-11-14,1069.2620079782623
2014-11-17,1069.2108423870818
2014-11-18,1060.8492163537069
2014-11-19,1059.3889483920993
2014-11-20,1062.310580397467
2014-11-21,1072.5803652546697
2014-11-24,1070.553618293428
2014-11-25,1067.7342632325606
2014-11-26,1060.8224996425345
2014-11-27,1069.0811855373058
2014-11-28,1069.9167445023347
2014-12-01,1067.5355991126012
2014-12-02,1075.485612369424
2014-12-03,1083.9123128262245
2014-12-04,1073.848478589628
2014-12-05,1087.5435240976901
2014-12-08,1081.863933646182
2014-12-09,1066.6661362331695
2014-12-10,1067.2674862878255
2014-12-11,1068.2866725636536
2014-12-12,1061.6189482026243
2014-12-15,1068.0010095831165
2014-12-16,1056.0321778665282
2014-12-17,1052.3401242437342
2014-12-18,1043.1125404284685
2014-12-19,1043.4803131342162
2014-12-22,1050.0108227144876
2014-12-23,1070.7049660792795
2014-12-24,1062.3886415551071
2014-12-25,1062.3886415551071
2014-12-26,1064.7081688499948
2014-12-29,1061.151843744444
2014-12-30,1055.000396508274
2014-12-31,1061.4154359435233
2015-01-01,1061.4154359435233
2015-01-02,1065.9127262067625
2015-01-05,1075.072846086571
2015-01-06,1071.5303056282416
2015-01-07,1067.545627487424
2015-01-08,1066.8822042424504
2015-01-09,1066.4077222652052
2015-01-12,1064.8357993618292
2015-01-13,1064.032245146655
2015-01-14,1053.3855743455074
2015-01-15,1058.7779406419572
2015-01-16,1056.0585041646154
2015-01-19,1039.035931141431
2015-01-20,1041.4534376060242
2015-01-21,1038.2349307495397
2015-01-22,1053.1582265159805
2015-01-23,1053.9523920350687
2015-01-26,1043.535788223531
2015-01-27,1031.0009430598889
2015-01-28,1044.499300177595
2015-01-29,1031.1153694809132
2015-01-30,1032.9419941386648
2015-02-02,1019.9399069331727
2015-02-03,1011.5135147994077
2015-02-04,1007.8791630591783
2015-02-05,1001.6766198354088
2015-02-06,992.477743318621
2015-02-09,982.1006371552426
2015-02-10,980.2013473670361
2015-02-11,980.2513965302691
2015-02-12,966.0374835288782
2015-02-13,965.4246744336474
2015-02-16,984.0045961482947
2015-02-17,981.5229823301802
2015-02-18,983.0895417164161
2015-02-19,981.1750249363348
2015-02-20,977.1712481370075
2015-02-23,985.1965771952166
2015-02-24,981.7800810076966
2015-02-25,983.9808636131762
2015-02-26,1008.6675123074498
2015-02-27,1000.7425880380728
2015-03-02,1001.0343100150018
2015-03-03,1000.045515497443
2015-03-04,1000.6119975744647
2015-03-05,995.7759454528444
2015-03-06,998.7300246750682
2015-03-09,987.0779153889429
2015-03-10,992.1980843241669
2015-03-11,1003.1547413861301
2015-03-12,999.2806449893106
2015-03-13,985.5918468834866
2015-03-16,973.5284372537469
2015-03-17,965.3074713790819
2015-03-18,949.0535167534492
2015-03-19,965.0025216816757
2015-03-20,936.4708495987957
2015-03-23,935.0031346940777
2015-03-24,941.5659145424316
2015-03-25,941.5287165431178
2015-03-26,954.0130900010298
2015-03-27,962.6442121638007
2015-03-30,969.562710070064
2015-03-31,976.1516012882025
2015-04-01,972.6998108306152
2015-04-02,960.6547121561323
2015-04-03,961.1909011253452
2015-04-06,941.4866671912357
2015-04-07,957.298180920496
2015-04-08,963.4473870475047
2015-04-09,965.0389393040344
2015-04-10,960.2273065598929
2015-04-13,960.3295831831346
2015-04-14,948.8506069849494
2015-04-15,953.9089496523893
2015-04-16,950.9758220042831
2015-04-17,945.5615024482705
2015-04-20,950.606973273481
2015-04-21,948.466453300646
2015-04-22,953.1782891817516
2015-04-23,947.8118930220179
2015-04-24,943.447665045142
2015-04-27,948.3726138621288
2015-04-28,945.1896311781547
2015-04-29,940.1488602951918
2015-04-30,941.5038348819664
2015-05-01,950.9770825038173
2015-05-04,951.970291553843
2015-05-05,938.9952167457477
2015-05-06,914.7827594753039
2015-05-07,929.483855854432
2015-05-08,929.7273777585929
2015-05-11,918.3996899077205
2015-05-12,913.5056960617734
2015-05-13,916.2537141245667
2015-05-14,922.8685345668953
2015-05-15,913.266520179897
2015-05-18,929.360757629137
2015-05-19,942.5508031348767
2015-05-20,937.9484799042405
2015-05-21,938.0602585106739
2015-05-22,960.6155732716942
2015-05-25,963.2890361687773
2015-05-26,963.572434411316
2015-05-27,960.0540078449771
2015-05-28,948.2986814550395
2015-05-29,937.5667277743692
2015-06-01,949.1228740897816
2015-06-02,923.5497600676928
2015-06-03,917.7290896032321
2015-06-04,925.8524350553844
2015-06-05,944.4129163789092
2015-06-08,939.8517709717605
2015-06-09,943.2018876446066
2015-06-10,946.9285141083498
2015-06-11,950.9765993520601
2015-06-12,936.5388250626864
2015-06-15,933.1175055254903
2015-06-16,941.9669300507874
2015-06-17,940.7126431121536
2015-06-18,934.5318953359001
2015-06-19,938.7549005305184
2015-06-22,933.0141062296606
2015-06-23,950.438691917187
2015-06-24,942.319283820405
2015-06-25,947.528982850031
2015-06-26,948.8224715981369
2015-06-29,939.0248417197347
2015-06-30,939.959490000798
2015-07-01,931.7139729227821
2015-07-02,924.6091630000694
2015-07-03,936.6589829070482
2015-07-06,939.0472256989432
2015-07-07,948.8123299413252
2015-07-08,937.7793897509638
2015-07-09,932.6570514251579
2015-07-10,924.7202585352486
2015-07-13,938.851143826084
2015-07-14,939.3919822619029
2015-07-15,947.7003057508015
2015-07-16,948.9030185549639
2015-07-17,955.1528496365595
2015-07-20,947.7424275806603
2015-07-21,936.4728717704451
2015-07-22,940.7361173742125
2015-07-23,927.7247657546202
2015-07-24,925.1257696137443
2015-07-27,916.0787151579997
2015-07-28,925.8576216320366
2015-07-29,929.4082034789981
2015-07-30,936.0397577244061
2015-07-31,924.6600366015897
2015-08-03,924.7958082120069
2015-08-04,936.2032585077767
2015-08-05,942.3786945488868
2015-08-06,937.060681175122
2015-08-07,936.7456997862478
2015-08-10,932.8625013050366
2015-08-11,923.9179926888681
2015-08-12,919.8235267565934
2015-08-13,924.9332463492332
2015-08-14,924.0842621459698
2015-08-17,934.053066160492
2015-08-18,937.1011399793042
2015-08-19,935.8727891295157
2015-08-20,925.5672835760924
2015-08-21,915.6532626442433
2015-08-24,898.3610310705781
2015-08-25,917.5766192265502
2015-08-26,916.6581000749748
2015-08-27,930.7532929399385
2015-08-28,929.89240713694
2015-08-31,925.3167908984569
2015-09-01,925.3171467126776
2015-09-02,925.7001286496248
2015-09-03,927.9556321239692
2015-09-04,923.1656558347095
2015-09-07,919.0478831600445
2015-09-08,924.2938844165832
2015-09-09,920.7648582685774
2015-09-10,913.9705353818546
2015-09-11,906.602122595268
2015-09-14,904.3933395046782
2015-09-15,904.7250547106773
2015-09-16,900.895411317554
2015-09-17,895.7034803178988
2015-09-18,888.931471740488
2015-09-21,909.6575735769978
2015-09-22,909.5905781574031
2015-09-23,903.2576287962172
2015-09-24,894.9875556179468
2015-09-25,905.5676891633042
2015-09-28,903.4283626782096
2015-09-29,908.7989949586364
2015-09-30,911.2010296549327
2015-10-01,910.4625114983967
2015-10-02,902.9679466336513
2015-10-05,911.6005987374991
2015-10-06,906.6371892059735
2015-10-07,905.551974179616
2015-10-08,901.2291536799955
2015-10-09,896.1250717580863
2015-10-12,893.3713292763363
2015-10-13,888.1071608751728
2015-10-14,892.0778375154571
2015-10-15,893.8128360587194
2015-10-16,890.9154504287204
2015-10-19,895.5667813105287
2015-10-20,889.2274450402246
2015-10-21,890.2188385817135
2015-10-22,903.3690667792428
2015-10-23,917.1869268033834
2015-10-26,921.2537286100519
2015-10-27,915.4150409050602
2015-10-28,917.4770086448941
2015-10-29,922.2283758104396
2015-10-30,912.7472115285877
2015-11-02,913.9944171153278
2015-11-03,921.3369604910434
2015-11-04,925.652400571031
2015-11-05,923.5023802345105
2015-11-06,928.6722234131846
2015-11-09,920.9595417524142
2015-11-10,925.2595547771091
2015-11-11,922.2410447880894
2015-11-12,922.8155773622399
2015-11-13,922.9711461384908
2015-11-16,932.4899598168656
2015-11-17,925.5783997042743
2015-11-18,924.3500177374351
2015-11-19,916.1027181307097
2015-11-20,915.7575822166194
2015-11-23,914.9079853836047
2015-11-24,914.282666721922
2015-11-25,913.4677993395187
2015-11-26,912.6722954359931
2015-11-27,914.3487899882194
2015-11-30,913.9572035769576
2015-12-01,908.7098090827404
2015-12-02,915.2102969946345
2015-12-03,889.7071485824476
2015-12-04,892.513961613653
2015-12-07,876.0955292492681
2015-12-08,876.4401937267245
2015-12-09,868.0640620532748
2015-12-10,869.1590580717719
2015-12-11,863.4609481502896
2015-12-14,862.0260818980705
2015-12-15,870.1141810248959
2015-12-16,868.80588038286
2015-12-17,881.1271424484753
2015-12-18,882.1458236812321
2015-12-21,876.9369915945279
2015-12-22,877.2225081550944
2015-12-23,885.1307341326443
2015-12-24,878.9942493220375
2015-12-25,878.9942493220375
2015-12-28,880.2401944132265
2015-12-29,887.3622377428613
2015-12-30,887.1413933713015
2015-12-31,892.36501905919
2016-01-01,892.36501905919
2016-01-04,897.0475824055594
2016-01-05,898.0128985129352
2016-01-06,887.2478800241702
2016-01-07,881.6660782429143
2016-01-08,879.9093989084305
2016-01-11,885.8190521160716
2016-01-12,899.4029581197002
2016-01-13,913.099796621419
2016-01-14,920.2164851828965
2016-01-15,919.8820604912218
2016-01-18,931.8567212100022
2016-01-19,929.505682045555
2016-01-20,929.2471537291398
2016-01-21,929.4223855838042
2016-01-22,932.0320419389104
2016-01-25,932.5458051023776
2016-01-26,932.1922515761069
2016-01-27,935.0748571945339
2016-01-28,939.2806322265116
2016-01-29,970.1303712393598
2016-02-01,962.8280471774283
2016-02-02,965.7312397716831
2016-02-03,944.8232350734933
2016-02-04,935.0432325777705
2016-02-05,953.5783148276261
2016-02-08,954.0356184217816
2016-02-09,957.2637195292691
2016-02-10,972.9492689254911
2016-02-11,948.8040648282291
2016-02-12,956.6711190704358
2016-02-15,964.1771890777302
2016-02-16,956.9448886268093
2016-02-17,955.2297468501375
2016-02-18,943.0628781630556
2016-02-19,944.4464764391432
2016-02-22,939.4819921742302
2016-02-23,930.9952428566088
2016-02-24,923.2625252461919
2016-02-25,904.806139789591
2016-02-26,915.7799795220126
2016-02-29,923.6741137207305
2016-03-01,923.4657593520043
2016-03-02,927.1689678058597
2016-03-03,921.3140870293109
2016-03-04,924.7624632663794
2016-03-07,926.741060060367
2016-03-08,922.3206425722791
2016-03-09,925.0995472058806
2016-03-10,910.8276352313499
2016-03-11,916.0506415766685
2016-03-14,920.6752593557086
2016-03-15,916.8200061974103
2016-03-16,916.9887200470364
2016-03-17,902.3245944380441
2016-03-18,901.8996307379367
2016-03-21,904.4628696192025
2016-03-22,906.5394447033849
2016-03-23,905.2298876712747
2016-03-24,902.0702224591154
2016-03-25,906.6203072350515
2016-03-28,904.4695937150454
2016-03-29,902.9216958645602
2016-03-30,889.2501341428522
2016-03-31,898.1022815106082
2016-04-01,902.1000043150403
2016-04-04,903.9454850368963
2016-04-05,906.4541121244425
2016-04-06,899.652215401033
2016-04-07,901.398111102153
2016-04-08,899.8963515714015
2016-04-11,891.2216766904642
2016-04-12,895.7891744314709
2016-04-13,902.1538001123811
2016-04-14,903.2961930235724
2016-04-15,899.2560097430154
2016-04-18,889.0380421509242
2016-04-19,885.6161969221406
2016-04-20,884.9699166012161
2016-04-21,885.709298870744
2016-04-22,887.4036710289766
2016-04-25,882.0312786038415
2016-04-26,886.0855598007153
2016-04-27,888.4208099213722
2016-04-28,888.7138184856453
2016-04-29,886.150619443965
2016-05-02,885.1297420539267
2016-05-03,875.3583198675324
2016-05-04,881.0020846919356
2016-05-05,895.1472371198424
2016-05-06,880.4962245068693
2016-05-09,879.9002872502134
2016-05-10,872.1074150457898
2016-05-11,863.9220143104442
2016-05-12,867.1652981012736
2016-05-13,868.6896646910067
2016-05-16,867.1580273783235
2016-05-17,872.7505825473696
2016-05-18,874.159055770783
2016-05-19,877.6989106820599
2016-05-20,866.3438864856797
2016-05-23,869.5927517984081
2016-05-24,859.4338014201516
2016-05-25,858.6503678908612
2016-05-26,850.727591449884
2016-05-27,860.0115534492113
2016-05-30,859.5096612695186
2016-05-31,853.9514940631725
2016-06-01,852.8321539782796
2016-06-02,851.1432218108092
2016-06-03,835.8423097330864
2016-06-06,840.0158199293081
2016-06-07,841.5181559467035
2016-06-08,841.5737551948902
2016-06-09,841.9924435901667
2016-06-10,845.9306440019631
2016-06-13,847.7992020819611
2016-06-14,846.6539373207311
2016-06-15,844.6002113027206
2016-06-16,843.0256158102652
2016-06-17,840.4519522378292
2016-06-20,834.3388057449928
2016-06-21,841.2592604116484
2016-06-22,845.0919575760466
2016-06-23,841.6608634050035
2016-06-24,849.9221580956538
2016-06-27,856.2647692350334
2016-06-28,852.001658235834
2016-06-29,849.6094028026517
2016-06-30,846.0635702790578
2016-07-01,850.461308784234
2016-07-04,850.692039804561
2016-07-05,854.8844986856653
2016-07-06,857.9014691377656
2016-07-07,861.2929533589835
2016-07-08,859.348400805575
2016-07-11,858.2449218785781
2016-07-12,858.6498034209709
2016-07-13,856.828331915483
2016-07-14,863.3293085045824
2016-07-15,866.5009146604634
2016-07-18,859.4702199597901
2016-07-19,862.5472972024417
2016-07-20,868.1616907268119
2016-07-21,871.6233339957071
2016-07-22,876.2965240697099
2016-07-25,880.5361462376717
2016-07-26,883.4650377665014
2016-07-27,900.7586738821828
2016-07-28,896.5230247017947
2016-07-29,891.6054678485831
2016-08-01,899.8761744451587
2016-08-02,902.3813589815378
2016-08-03,896.3190158309059
2016-08-04,921.9356232472638
2016-08-05,928.5612318615555
2016-08-08,930.9584997173024
2016-08-09,924.3487434397539
2016-08-10,919.3540072619944
2016-08-11,913.4714411717832
2016-08-12,918.5451456041942
2016-08-15,916.5072677807032
2016-08-16,897.5441929075074
2016-08-17,897.7582744786828
2016-08-18,891.2963208811354
2016-08-19,892.3709216041278
2016-08-22,897.0704129654775
2016-08-23,896.157530340702
2016-08-24,895.2680082720717
2016-08-25,898.0768484962092
2016-08-26,898.7476541263992
2016-08-29,897.3519730237047
2016-08-30,902.2403837880863
2016-08-31,903.8736799210633
2016-09-01,899.5154012459071
2016-09-02,901.8364138157712
2016-09-05,898.4754083843721
2016-09-06,891.7579953514497
2016-09-07,893.5153526704286
2016-09-08,892.6307632316626
2016-09-09,894.759467624915
2016-09-12,887.2233390016218
2016-09-13,884.5341997167754
2016-09-14,874.6015064738417
2016-09-15,873.6824336694127
2016-09-16,881.0770869628639
2016-09-19,879.6823974655065
2016-09-20,881.4152206667612
2016-09-21,880.1184475335591
2016-09-22,878.3134914762446
2016-09-23,875.9010045821951
2016-09-26,880.9636164207244
2016-09-27,891.1798242402242
2016-09-28,885.4635351844325
2016-09-29,884.9716232223449
2016-09-30,880.6738772213752
2016-10-03,880.9027339680969
2016-10-04,884.9146282385038
2016-10-05,883.6149015097598
2016-10-06,885.7304832666878
2016-10-07,881.7684512296693
2016-10-10,880.3279542119311
2016-10-11,887.6697974852865
2016-10-12,887.8441112597383
2016-10-13,885.4763993173319
2016-10-14,888.7245710283148
2016-10-17,887.5089040519833
2016-10-18,886.9373186141104
2016-10-19,890.6297792774185
2016-10-20,890.1808111559573
2016-10-21,892.3422538124254
2016-10-24,887.4898335742016
2016-10-25,887.9956333245606
2016-10-26,883.1124757329297
2016-10-27,883.565751253634
2016-10-28,882.4813748502288
2016-10-31,877.9467929221165
2016-11-01,867.9818788942715
2016-11-02,860.8477367188572
2016-11-03,863.012792696472
2016-11-04,858.1405497135897
2016-11-07,862.8858357874091
2016-11-08,862.9694945726721
2016-11-09,876.1330805931121
2016-11-10,884.8353874447087
2016-11-11,892.2403564509348
2016-11-14,897.0081746092313
2016-11-15,907.1593484596661
2016-11-16,914.2788889980607
2016-11-17,915.1221013969279
2016-11-18,928.5181028607908
2016-11-21,917.6354673851798
2016-11-22,908.0047875176793
2016-11-23,917.7962844978456
2016-11-24,913.1821192682752
2016-11-25,904.3248905118469
2016-11-28,900.9832486302238
2016-11-29,902.9572939282214
2016-11-30,902.9735250399771
2016-12-01,908.9895105266185
2016-12-02,906.321960141013
2016-12-05,902.0066968033734
2016-12-06,904.9131898850992
2016-12-07,901.6269735118831
2016-12-08,918.5711127396333
2016-12-09,918.1065125775287
2016-12-12,919.2041557396036
2016-12-13,913.8916901033055
2016-12-14,915.6477138882967
2016-12-15,939.9239763993907
2016-12-16,935.976985092737
2016-12-19,936.2105764756659
2016-12-20,941.0555417745965
2016-12-21,933.1290578947571
2016-12-22,929.8055034168239
2016-12-23,926.9329444063608
2016-12-26,924.4587978661135
2016-12-27,920.1191373302648
2016-12-28,923.3908348340825
2016-12-29,916.7636897765202
2016-12-30,911.7289779714927
2017-01-02,911.7289779714927
2017-01-03,925.8273920527454
2017-01-04,918.4483737204345
2017-01-05,905.3509694401778
2017-01-06,903.5697360203044
2017-01-09,905.8093674657578
2017-01-10,903.7532184486082
2017-01-11,925.3663061755066
2017-01-12,909.0721393074184
2017-01-13,920.9166478945269
2017-01-16,922.747423843714
2017-01-17,923.1640833281492
2017-01-18,927.0873052187949
2017-01-19,940.065868114333
2017-01-20,932.8706644184122
2017-01-23,928.7701007306844
2017-01-24,933.0349187653715
2017-01-25,943.9704534489584
2017-01-26,955.329688081285
2017-01-27,968.2147204930815
2017-01-30,964.5424486097958
2017-01-31,954.9944830997824
2017-02-01,960.8754408100184
2017-02-02,956.9004891272791
2017-02-03,958.3469476445923
2017-02-06,963.8189700261083
2017-02-07,971.3237876735451
2017-02-08,965.0056455852198
2017-02-09,969.6701187549107
2017-02-10,972.2180027889475
2017-02-13,973.8680828464835
2017-02-14,984.9247896561992
2017-02-15,982.9479826556727
2017-02-16,970.3096012130322
2017-02-17,978.6766201826649
2017-02-20,977.567610681593
2017-02-21,983.1232552587804
2017-02-22,981.3657133209902
2017-02-23,977.7558567439324
2017-02-24,981.3108419628345
2017-02-27,977.7923821441816
2017-02-28,973.9228383109104
2017-03-01,979.869863629181
2017-03-02,981.6524078989783
2017-03-03,975.6685801419404
2017-03-06,972.0061296191849
2017-03-07,973.8031599278435
2017-03-08,975.6938624874075
2017-03-09,971.6061568622359
2017-03-10,966.9647094363452
2017-03-13,966.0509677582767
2017-03-14,967.5831101433164
2017-03-15,968.271610004105
2017-03-16,959.9308123154718
2017-03-17,957.5619727225744
2017-03-20,956.1761180224196
2017-03-21,951.1239540767571
2017-03-22,953.8433421763111
2017-03-23,953.0375622980974
2017-03-24,951.6939678330808
2017-03-27,944.5730934928669
2017-03-28,950.6765629381886
2017-03-29,959.7063931945701
2017-03-30,962.4119377246168
2017-03-31,970.6873136826242
2017-04-03,974.0672723831475
2017-04-04,983.1538067997956
2017-04-05,983.2742239944994
2017-04-06,988.308802920408
2017-04-07,996.7476166000191
2017-04-10,1002.3972999472131
2017-04-11,1001.5246904800379
2017-04-12,1021.0061720713362
2017-04-13,1027.3185826359543
2017-04-14,1026.4520696820107
2017-04-17,1023.6320729016597
2017-04-18,1017.1990550576926
2017-04-19,1023.1639025282744
2017-04-20,1032.258080672146
2017-04-21,1040.2012444314378
2017-04-24,1027.9710827515955
2017-04-25,1026.224444580343
2017-04-26,1039.8975834451885
2017-04-27,1038.579476054211
2017-04-28,1044.8829242126312
2017-05-01,1043.7026965599166
2017-05-02,1045.5759697779101
2017-05-03,1046.2126612281884
2017-05-04,1041.9954080977484
2017-05-05,1045.7023482111588
2017-05-08,1052.0068982740568
2017-05-09,1057.740983218177
2017-05-10,1049.6157508207398
2017-05-11,1039.633214332602
2017-05-12,1032.6964012185344
2017-05-15,1030.7513041199497
2017-05-16,1025.3169053637748
2017-05-17,1027.2174863125101
2017-05-18,1017.292981751275
2017-05-19,1015.4908238024717
2017-05-22,1018.5538429994475
2017-05-23,1019.3731253669745
2017-05-24,1029.579479066423
2017-05-25,1034.2959475994799
2017-05-26,1033.142355691015
2017-05-29,1029.4611211954307
2017-05-30,1026.0008227845594
2017-05-31,1018.9770263862588
2017-06-01,1007.5660937719268
2017-06-02,1003.0542782286816
2017-06-05,1011.2542660004191
2017-06-06,1016.3587305481593
2017-06-07,1019.1072623364399
2017-06-08,1021.017207301014
2017-06-09,1022.4366471868266
2017-06-12,1015.1054421801864
2017-06-13,1018.6538745960851
2017-06-14,1009.0420786905662
2017-06-15,1020.0569909343996
2017-06-16,1013.0425351760086
2017-06-19,1014.2547257575751
2017-06-20,1016.2310997785096
2017-06-21,1014.1854304533596
2017-06-22,1007.7994640803208
2017-06-23,1013.0436504309015
2017-06-26,1012.4257637616664
2017-06-27,1007.29907032225
2017-06-28,1004.5120448855383
2017-06-29,1001.6528066814659
2017-06-30,1004.6354890354825
2017-07-03,1006.2446867310038
2017-07-04,1007.4901237325435
2017-07-05,1011.498481328173
2017-07-06,1007.6904238064728
2017-07-07,1008.0250566655279
2017-07-10,1017.1230201907985
2017-07-11,1020.5580006824907
2017-07-12,1016.9649105780018
2017-07-13,1023.3914013474292
2017-07-14,1019.2215288046923
2017-07-17,1023.2211010251854
2017-07-18,1016.1740507240196
2017-07-19,1022.1726281879769
2017-07-20,1016.9641955732857
2017-07-21,1023.8502461397595
2017-07-24,1026.0078735118861
2017-07-25,1044.2514513142455
2017-07-26,1043.5262502979936
2017-07-27,1036.2424827690236
2017-07-28,1027.4478651179666
2017-07-31,1020.5191502630265
2017-08-01,1026.9267755817546
2017-08-02,1023.1894200108152
2017-08-03,1013.8928363854595
2017-08-04,1026.4416249457202
2017-08-07,1032.2122188548426
2017-08-08,1031.563247970745
2017-08-09,1033.2843626649537
2017-08-10,1035.771700236915
2017-08-11,1026.3969818192204
2017-08-14,1030.8308890538624
2017-08-15,1036.3383601123567
2017-08-16,1043.4864356834933
2017-08-17,1036.486130214998
2017-08-18,1038.2798646530978
2017-08-21,1031.8953934896517
2017-08-22,1023.5919425409571
2017-08-23,1026.7787651160097
2017-08-24,1031.0585432418752
2017-08-25,1028.7804494190336
2017-08-28,1032.1451265091996
2017-08-29,1031.0377020932997
2017-08-30,1040.6268532773747
2017-08-31,1037.761506368482
2017-09-01,1028.5199523238482
2017-09-04,1022.0448018156367
2017-09-05,1015.392620454096
2017-09-06,1016.4186893297593
2017-09-07,1009.3535541897421
2017-09-08,1010.7152548677972
2017-09-11,1009.0471360274747
2017-09-12,1006.3929965616178
2017-09-13,1007.3037735347735
2017-09-14,1007.5169898818697
2017-09-15,998.1252645155797
2017-09-18,996.150625745127
2017-09-19,990.5277750849519
2017-09-20,992.283524174221
2017-09-21,998.0811348166122
2017-09-22,995.6819193786282
2017-09-25,1008.1917118266965
2017-09-26,1019.5499439479117
2017-09-27,1018.5910276571124
2017-09-28,1005.9220977160427
2017-09-29,1003.4069741085264
2017-10-02,1008.3090065884733
2017-10-03,1004.9595109026587
2017-10-04,1005.3937802351032
2017-10-05,1008.0034351675396
2017-10-06,1005.2754955822447
2017-10-09,1007.618120517118
2017-10-10,1002.6456146610733
2017-10-11,997.5350512381943
2017-10-12,1004.9179408836978
2017-10-13,997.3559121883599
2017-10-16,997.1668358106122
2017-10-17,999.6877467878414
2017-10-18,997.4773731244958
2017-10-19,990.9977883832304
2017-10-20,997.5791062403766
2017-10-23,997.5465773921571
2017-10-24,994.396113209011
2017-10-25,983.9941150861994
2017-10-26,991.3747625438174
2017-10-27,990.6848930740567
2017-10-30,984.4153352622876
2017-10-31,980.0941131857305
2017-11-01,988.043843683744
2017-11-02,983.219369525182
2017-11-03,983.8391706352663
2017-11-06,982.2186144644656
2017-11-07,981.3350708692514
2017-11-08,979.7958195716049
2017-11-09,979.5859768255843
2017-11-10,978.5915694002055
2017-11-13,984.2004700945917
2017-11-14,979.9767033507396
2017-11-15,982.1084030493689
2017-11-16,993.5809460519216
2017-11-17,990.9359205491213
2017-11-20,994.269286084483
2017-11-21,995.5059151073144
2017-11-22,986.9283544686406
2017-11-23,981.0077701720995
2017-11-24,982.4799925125944
2017-11-27,989.5230956235589
2017-11-28,996.4303793381401
2017-11-29,999.105208447803
2017-11-30,989.0736080399494
2017-12-01,999.28509495204
2017-12-04,993.272858631475
2017-12-05,992.2604060120591
2017-12-06,991.9317826172486
2017-12-07,988.3680986936646
2017-12-08,973.1021583222926
2017-12-11,969.9036830979859
2017-12-12,982.1806934995622
2017-12-13,970.3159398190417
2017-12-14,972.2426188875884
2017-12-15,968.6580647381518
2017-12-18,974.1391847162428
2017-12-19,977.0816185140179
2017-12-20,986.1211251854004
2017-12-21,980.4170004580764
2017-12-22,994.3152100393205
2017-12-25,994.3152100393205
2017-12-26,979.2583611421962
2017-12-27,989.5388143733871
2017-12-28,977.8542647505601
2017-12-29,972.3410749768074
2018-01-01,972.3410749768074
2018-01-02,969.3542240200502
2018-01-03,981.8635907754463
2018-01-04,988.3836202880165
2018-01-05,994.2637819136853
2018-01-08,997.8601396484678
2018-01-09,1008.0446464786032
2018-01-10,1003.3862606603096
2018-01-11,999.9674496463088
2018-01-12,1007.3994566606494
2018-01-15,1007.9653807584982
2018-01-16,1008.8469415964663
2018-01-17,1007.858077941236
2018-01-18,1009.0229619456308
2018-01-19,1009.8548574302781
2018-01-22,1013.4094831888183
2018-01-23,1009.2425324698854
2018-01-24,1011.0672540477342
2018-01-25,1009.8731123752372
2018-01-26,1016.1318458990205
2018-01-29,1013.9845569670937
2018-01-30,1014.5297899583202
2018-01-31,1013.5956550209904
2018-02-01,1014.1064197522652
2018-02-02,1020.4092165719978
2018-02-05,1021.6828349300397
2018-02-06,1019.7766690020551
2018-02-07,1023.8437230858456
2018-02-08,1021.4288400242946
2018-02-09,1019.5142804951379
2018-02-12,1015.9313675943176
2018-02-13,1009.3536313198317
2018-02-14,1016.4669567491138
2018-02-15,1014.2358304380025
2018-02-16,1016.7615412259348
2018-02-19,1012.1440515102746
2018-02-20,1013.1814937926314
2018-02-21,1013.2708044855179
2018-02-22,1009.9882975895861
2018-02-23,1001.2546641297679
2018-02-26,1013.3814559242766
2018-02-27,1018.9534911786237
2018-02-28,993.6213905521006
2018-03-01,1000.489905058749
2018-03-02,990.1788032622562
2018-03-05,986.3733948263093
2018-03-06,989.6041860391113
2018-03-07,989.1153199755452
2018-03-08,992.0180159475279
2018-03-09,983.2513744344831
2018-03-12,983.3311935175236
2018-03-13,983.968396980155
2018-03-14,991.3141808719867
2018-03-15,995.7037253444173
2018-03-16,990.990953844877
2018-03-19,983.7670825356248
2018-03-20,993.588674169798
2018-03-21,991.5391971491973
2018-03-22,987.8792170803542
2018-03-23,978.8197052129036
2018-03-26,984.2972329933594
2018-03-27,991.7637492870599
2018-03-28,976.1191602836778
2018-03-29,978.5029075831986
2018-03-30,985.8507586513988
2018-04-02,976.989286042219
2018-04-03,979.4478438386177
2018-04-04,966.8850269545129
2018-04-05,969.2500101455447
2018-04-06,963.838953986554
2018-04-09,957.2289335361212
2018-04-10,954.1703780107093
2018-04-11,955.9153862347849
2018-04-12,958.2976736582077
2018-04-13,960.3032388731028
2018-04-16,955.8023730122974
2018-04-17,961.0262754605826
2018-04-18,954.1806236382681
2018-04-19,957.1310918684568
2018-04-20,960.6712487196932
2018-04-23,958.6479027805601
2018-04-24,949.1970578836314
2018-04-25,964.9657950942945
2018-04-26,959.8727161901287
2018-04-27,965.9742053652944
2018-04-30,958.7426051857358
2018-05-01,974.6391449345634
2018-05-02,968.9466189966464
2018-05-03,964.3028809978521
2018-05-04,958.6692450768619
2018-05-07,963.6911662142078
2018-05-08,959.613178165271
2018-05-09,969.9349627077258
2018-05-10,964.6627711659588
2018-05-11,960.4857633272967
2018-05-14,965.1076819443568
2018-05-15,971.5308131056047
2018-05-16,983.3779800801584
2018-05-17,968.5096644947149
2018-05-18,977.2566446636671
2018-05-21,979.1582406705321
2018-05-22,978.977212800136
2018-05-23,983.6723666039971
2018-05-24,979.4782094157143
2018-05-25,983.1056289332943
2018-05-28,986.3946478260239
2018-05-29,994.9230068925383
2018-05-30,975.4092713664054
2018-05-31,972.0716837621055
2018-06-01,978.5554677414592
2018-06-04,952.5803444700874
2018-06-05,964.3263973948522
2018-06-06,956.5409754000135
2018-06-07,963.9589152199125
2018-06-08,969.5112334357549
2018-06-11,967.1466653542516
2018-06-12,964.3691073984951
2018-06-13,954.4393885543336
2018-06-14,961.4538394119915
2018-06-15,944.5872417634406
2018-06-18,947.2385871020681
2018-06-19,943.0922453054321
2018-06-20,943.8053192375789
2018-06-21,943.7915651533651
2018-06-22,945.9666479112092
2018-06-25,948.9938674603164
2018-06-26,955.7054969737087
2018-06-27,963.5843329412879
2018-06-28,959.2385218215013
2018-06-29,958.0682252465051
2018-07-02,962.1638343978947
2018-07-03,954.4592461843692
2018-07-04,955.6132587737209
2018-07-05,955.5833490765372
2018-07-06,947.743234890398
2018-07-09,963.7831880638839
2018-07-10,960.9202207577475
2018-07-11,957.7860460883838
2018-07-12,959.1488164883549
2018-07-13,963.126656575996
2018-07-16,965.8877838760579
2018-07-17,971.1674940498988
2018-07-18,970.0777009978844
2018-07-19,980.6477684992169
2018-07-20,978.4057419243709
2018-07-23,987.7207011934901
2018-07-24,991.6175693614078
2018-07-25,1001.1580982315372
2018-07-26,1013.2560619610409
2018-07-27,1003.9659186127764
2018-07-30,993.7829660609793
2018-07-31,993.8812844747342
2018-08-01,995.1750577315853
2018-08-02,998.7868945075027
2018-08-03,1002.5996156919002
2018-08-06,993.1973815853995
2018-08-07,991.852158556574
2018-08-08,983.3156113320324
2018-08-09,978.7394659438924
2018-08-10,984.1333149671162
2018-08-13,979.3474443594947
2018-08-14,979.4116158862954
2018-08-15,984.6062852302223
2018-08-16,969.5340444935225
2018-08-17,973.3758544872304
2018-08-20,967.649292494433
2018-08-21,963.6093136872911
2018-08-22,964.9809106224993
2018-08-23,961.8883614577397
2018-08-24,966.5240403096433
2018-08-27,961.3812053992832
2018-08-28,947.0095585882514
2018-08-29,954.9261424905645
2018-08-30,956.5353605757414
2018-08-31,957.4895122958584
2018-09-03,952.694064640562
2018-09-04,955.3867219654644
2018-09-05,948.8341823954006
2018-09-06,949.4359320855636
2018-09-07,947.902205610743
2018-09-10,946.9625631617001
2018-09-11,947.67239858468
2018-09-12,951.486530841044
2018-09-13,942.1276185949666
2018-09-14,941.4033476414438
2018-09-17,938.1874188654319
2018-09-18,951.5711023611225
2018-09-19,951.8871501840215
2018-09-20,945.4427677654711
2018-09-21,948.1879068209287
2018-09-24,942.5235687750138
2018-09-25,938.0136079278759
2018-09-26,937.4741273080011
2018-09-27,948.7420069360903
2018-09-28,948.0180039857377
2018-10-01,950.0741932988999
2018-10-02,949.5551614611182
2018-10-03,955.1963529615866
2018-10-04,946.6573905195338
2018-10-05,951.451818446016
2018-10-08,950.1397493035859
2018-10-09,947.3441372440102
2018-10-10,931.0663588259436
2018-10-11,935.3590845271848
2018-10-12,942.7596466412793
2018-10-15,931.545630437647
2018-10-16,937.44687270993
2018-10-17,938.6403409798864
2018-10-18,943.0689169140265
2018-10-19,944.3330840679678
2018-10-22,945.0432526134811
2018-10-23,954.0217137251923
2018-10-24,953.6969355347406
2018-10-25,962.6918847650998
2018-10-26,951.8914133973883
2018-10-29,955.1433035630323
2018-10-30,957.8315043045745
2018-10-31,967.4594361817921
2018-11-01,953.0643263811481
2018-11-02,953.7909452704005
2018-11-05,958.2287694327499
2018-11-06,956.0736040195058
2018-11-07,951.5728652332577
2018-11-08,954.2110542499602
2018-11-09,956.6478030104929
2018-11-12,960.3209858251206
2018-11-13,950.1959144936652
2018-11-14,948.666568804844
2018-11-15,945.1071200165036
2018-11-16,944.4004537003175
2018-11-19,939.7993813218018
2018-11-20,947.2561690202485
2018-11-21,941.4396234702218
2018-11-22,940.9471295674673
2018-11-23,940.0519636290558
2018-11-26,940.8845152298418
2018-11-27,943.6466055403544
2018-11-28,939.296255710436
2018-11-29,938.0495724357384
2018-11-30,945.9957713484157
2018-12-03,944.0262937954284
2018-12-04,943.1527203592398
2018-12-05,937.5472002229931
2018-12-06,946.3112661523278
2018-12-07,955.746337542661
2018-12-10,938.226806152192
2018-12-11,935.4828634181603
2018-12-12,931.6718433203938
2018-12-13,937.0157134368969
2018-12-14,947.1796394626916
2018-12-17,941.8667475147886
2018-12-18,936.5363652135823
2018-12-19,933.6654880774214
2018-12-20,933.927292213892
2018-12-21,927.4981931438366
2018-12-24,927.5424941090432
2018-12-25,927.5424941090432
2018-12-26,927.3637733670479
2018-12-27,927.490546785136
2018-12-28,924.712520819599
2018-12-31,925.8566226869171
2019-01-01,925.8566226869171
2019-01-02,937.689821168991
2019-01-03,936.897622357496
2019-01-04,932.6258180810372
2019-01-07,930.843718095897
2019-01-08,936.4769222575877
2019-01-09,933.7434099175302
2019-01-10,935.3735002150968
2019-01-11,938.4133610774595
2019-01-14,937.7597578360811
2019-01-15,939.400918234471
2019-01-16,940.1790789468671
2019-01-17,937.2009801515917
2019-01-18,936.3438547546266
2019-01-21,939.6398184778199
2019-01-22,931.7635077186304
2019-01-23,938.1366118902863
2019-01-24,937.3661289814861
2019-01-25,928.7274953771034
2019-01-28,924.1736335550759
2019-01-29,925.5900765833094
2019-01-30,925.7541314893916
2019-01-31,928.11986545576
2019-02-01,928.4146049244166
2019-02-04,932.281716306229
2019-02-05,928.4595582024713
2019-02-06,926.484981616489
2019-02-07,923.4899455768264
2019-02-08,924.3621150705732
2019-02-11,920.2208484691179
2019-02-12,925.4732534066169
2019-02-13,918.2262704234467
2019-02-14,915.9099899421451
2019-02-15,913.313679002893
2019-02-18,910.0795786846008
2019-02-19,907.3853584021695
2019-02-20,913.6892936801945
2019-02-21,918.8323404373195
2019-02-22,919.465518530983
2019-02-25,913.1079083486183
2019-02-26,910.8191791786882
2019-02-27,911.9340978242703
2019-02-28,917.7038406914356
2019-03-01,914.1337863138862
2019-03-04,913.6121591659731
2019-03-05,909.7771159117733
2019-03-06,903.8490374308459
2019-03-07,906.4888995683317
2019-03-08,899.3483374559145
2019-03-11,900.1080653644037
2019-03-12,895.5265972303649
2019-03-13,889.6520516292801
2019-03-14,894.4651447920141
2019-03-15,891.6427093004309
2019-03-18,887.8924415998366
2019-03-19,887.3433446494846
2019-03-20,879.6630170545468
2019-03-21,889.5475335751541
2019-03-22,886.7779198686769
2019-03-25,876.3446722672358
2019-03-26,877.9193239411497
2019-03-27,881.9170270322387
2019-03-28,875.5727034631456
2019-03-29,871.5034989479225
2019-04-01,878.1819344220324
2019-04-02,875.05084025267
2019-04-03,870.8011036493573
2019-04-04,873.4665884938823
2019-04-05,877.8669252580107
2019-04-08,875.2023481053292
2019-04-09,875.3595290405098
2019-04-10,880.2953209875237
2019-04-11,868.649426918701
2019-04-12,860.9306948686574
2019-04-15,867.4717199204642
2019-04-16,858.567857644562
2019-04-17,864.4886543601585
2019-04-18,863.0403677545551
2019-04-19,862.2411686253234
2019-04-22,859.508323253359
2019-04-23,860.0327159965659
2019-04-24,852.0349539458346
2019-04-25,855.4669682299659
2019-04-26,849.1520580907834
2019-04-29,845.9619097821482
2019-04-30,845.6261411841123
2019-05-01,839.7653463576414
2019-05-02,842.9680534634806
2019-05-03,836.9041207352471
2019-05-06,835.290514663107
2019-05-07,830.9368776381245
2019-05-08,834.1267600315523
2019-05-09,830.605815019543
2019-05-10,841.5893537324779
2019-05-13,844.0261370382385
2019-05-14,837.392580555706
2019-05-15,835.8696697037935
2019-05-16,839.5550066488597
2019-05-17,838.5352810664513
2019-05-20,852.571079383215
2019-05-21,837.4248876516007
2019-05-22,836.5479857998503
2019-05-23,828.8381877913633
2019-05-24,822.3269014774568
2019-05-27,820.9985317937299
2019-05-28,821.3680701899765
2019-05-29,820.5945297542909
2019-05-30,820.531455085934
2019-05-31,808.4808195095171
2019-06-03,806.8191001414688
2019-06-04,802.9335028050244
2019-06-05,802.043510349806
2019-06-06,798.9584497493984
2019-06-07,797.6117146685665
2019-06-10,797.0389540514338
2019-06-11,798.5104168946989
2019-06-12,797.0852749069937
2019-06-13,789.4030582848185
2019-06-14,786.6760994391055
2019-06-17,784.0181360136714
2019-06-18,791.5461473203994
2019-06-19,784.3235821194077
2019-06-20,786.3780255030946
2019-06-21,787.4982261419956
2019-06-24,785.9138977102671
2019-06-25,789.6196755521806
2019-06-26,788.5459126105279
2019-06-27,800.2785094248975
2019-06-28,797.5832029463139
2019-07-01,796.9615848348324
2019-07-02,792.7304224448665
2019-07-03,795.9052963025997
2019-07-04,797.4753771084191
2019-07-05,801.291947661982
2019-07-08,795.4837962008859
2019-07-09,792.3247000195238
2019-07-10,797.5677947605808
2019-07-11,800.379213310993
2019-07-12,805.202538297965
2019-07-15,799.9658082687488
2019-07-16,801.6553925659315
2019-07-17,794.1919655769923
2019-07-18,792.2307554388036
2019-07-19,801.9348008541554
2019-07-22,800.1942644253232
2019-07-23,796.5641535749625
2019-07-24,798.6439215994191
2019-07-25,801.0081669140263
2019-07-26,800.9481882772524
2019-07-29,804.6402205017607
2019-07-30,814.5633848618954
2019-07-31,828.4122480556655
2019-08-01,827.585183624265
2019-08-02,821.0965379079456
2019-08-05,814.3774368953401
2019-08-06,817.0978585322644
2019-08-07,806.7216342539689
2019-08-08,808.6854994452974
2019-08-09,807.5310748465129
2019-08-12,803.5312699838581
2019-08-13,806.0376692682884
2019-08-14,804.8799633085789
2019-08-15,804.9823192332952
2019-08-16,805.1396042659804
2019-08-19,804.9966831150876
2019-08-20,801.8627459527066
2019-08-21,800.5605470403849
2019-08-22,796.2260060259295
2019-08-23,794.7899004835518
2019-08-26,791.4677897954294
2019-08-27,796.4363351064301
2019-08-28,790.6303987374863
2019-08-29,794.1476647295895
2019-08-30,798.1480379478185
2019-09-02,794.6112053732313
2019-09-03,793.7936460633595
2019-09-04,791.3143560911936
2019-09-05,785.00037519147
2019-09-06,780.1262259642843
2019-09-09,779.9822951146339
2019-09-10,777.4863423541523
2019-09-11,772.1295330753245
2019-09-12,744.8843803168315
2019-09-13,753.1569449654856
2019-09-16,758.1397797142042
2019-09-17,746.6223373898484
2019-09-18,753.4986547068262
2019-09-19,753.6418403559861
2019-09-20,762.0734613379612
2019-09-23,751.9351321119518
2019-09-24,743.9999777935577
2019-09-25,741.0177027610684
2019-09-26,740.4485420929482
2019-09-27,745.3827144914478
2019-09-30,752.4982228670088
2019-10-01,755.6846425181404
2019-10-02,752.2535119004584
2019-10-03,747.947481018891
2019-10-04,747.6651265853912
2019-10-07,745.9393544791558
2019-10-08,750.3464642482533
2019-10-09,756.6316447735725
2019-10-10,757.141961642325
2019-10-11,759.8209349007731
2019-10-14,769.3204650195147
2019-10-15,763.7865195846671
2019-10-16,765.1123029552608
2019-10-17,760.4691339543984
2019-10-18,758.5039260296684
2019-10-21,760.0702531942839
2019-10-22,764.0914025163393
2019-10-23,760.645459226599
2019-10-24,762.2389507655208
2019-10-25,771.3332316476469
2019-10-28,766.700999467276
2019-10-29,762.4534245837573
2019-10-30,767.1941835483722
2019-10-31,769.9551858379442
2019-11-01,763.4426137216001
2019-11-04,774.1100636198641
2019-11-05,773.3762254330003
2019-11-06,772.0700296060048
2019-11-07,776.4084300131833
2019-11-08,775.5291773309137
2019-11-11,774.8327299984903
2019-11-12,773.7864177649597
2019-11-13,777.4716781923357
2019-11-14,779.3433843463906
2019-11-15,778.1884706970709
2019-11-18,776.8138368750656
2019-11-19,771.117549523267
2019-11-20,779.367693323668
2019-11-21,780.0174024008654
2019-11-22,781.740941188411
2019-11-25,780.8989561263176
2019-11-26,787.9692812184549
2019-11-27,785.7389745280219
2019-11-28,781.4951930701321
2019-11-29,782.9460968213554
2019-12-02,779.8817761125147
2019-12-03,776.9338159760538
2019-12-04,779.4949981081595
2019-12-05,777.8267805292344
2019-12-06,784.5474440393285
2019-12-09,781.5857996206762
2019-12-10,773.3801516253621
2019-12-11,767.1794703448635
2019-12-12,771.089513403956
2019-12-13,771.3659275372888
2019-12-16,773.4131321790817
2019-12-17,769.8109098506269
2019-12-18,779.7491766776756
2019-12-19,779.911325215997
2019-12-20,786.4674706010509
2019-12-23,783.8630788042054
2019-12-24,779.3390633255308
2019-12-25,779.3390633255308
2019-12-26,779.372459181082
2019-12-27,792.9116267668871
2019-12-30,787.5464609294651
2019-12-31,787.8013806354887
2020-01-01,787.8013806354887
2020-01-02,785.5980226649104
2020-01-03,797.402119022414
2020-01-06,796.1141856656935
2020-01-07,797.4659931505298
2020-01-08,797.8878457341949
2020-01-09,794.0386174891265
2020-01-10,794.4968312485815
2020-01-13,793.9783557856086
2020-01-14,797.6194210804455
2020-01-15,793.6283345328995
2020-01-16,785.3752684053253
2020-01-17,786.3042728105368
2020-01-20,784.7267512596472
2020-01-21,779.1326110793667
2020-01-22,783.0569270713821
2020-01-23,782.1827659663383
2020-01-24,775.3045268150767
2020-01-27,776.0051743631899
2020-01-28,775.7057193898852
2020-01-29,773.4291914905847
2020-01-30,764.9469084053117
2020-01-31,760.0379627494959
2020-02-03,759.3124654009614
2020-02-04,762.4037951960271
2020-02-05,759.8938764175922
2020-02-06,763.7003780050095
2020-02-07,759.195389191129
2020-02-10,760.5212452795238
2020-02-11,760.8436401809251
2020-02-12,759.4031282749653
2020-02-13,755.5209166060982
2020-02-14,753.4792911178375
2020-02-17,752.8517463552531
2020-02-18,750.430824462148
2020-02-19,751.5624395283406
2020-02-20,742.9319615891844
2020-02-21,736.9424966767331
2020-02-24,738.1025625615359
2020-02-25,728.1037240009284
2020-02-26,719.2105831387103
2020-02-27,703.3985135251023
2020-02-28,687.258184524461
2020-03-02,676.8323345135501
2020-03-03,680.6849860380587
2020-03-04,686.0840603457309
2020-03-05,679.3908475889822
2020-03-06,651.8047411717288
2020-03-09,598.150398224881
2020-03-10,614.9780977042757
2020-03-11,636.9831435779054
2020-03-12,633.063432312196
2020-03-13,600.1285104279932
2020-03-16,562.2457465022749
2020-03-17,529.9061983638004
2020-03-18,518.2171861780988
2020-03-19,492.83461530605445
2020-03-20,494.0299388599859
2020-03-23,485.277879034688
2020-03-24,483.94859120401946
2020-03-25,489.8295052251862
2020-03-26,494.7427955008563
2020-03-27,493.6779704512306
2020-03-30,489.8843843463038
2020-03-31,488.458704391725
2020-04-01,487.70222033363814
2020-04-02,491.9781448073592
2020-04-03,499.1937124091392
2020-04-06,476.0987880944783
2020-04-07,485.51367970899395
2020-04-08,523.3224301575326
2020-04-09,557.0485811597637
2020-04-10,591.3689266153275
2020-04-13,580.3692898277427
2020-04-14,599.9152171200304
2020-04-15,573.8889718591147
2020-04-16,572.4153154817001
2020-04-17,570.0065789978057
2020-04-20,564.1060536954617
2020-04-21,549.5272822799408
2020-04-22,542.1327660649981
2020-04-23,542.490477317905
2020-04-24,532.3905632705155
2020-04-27,522.4368731801894
2020-04-28,516.5990438098081
2020-04-29,514.6213066278782
2020-04-30,510.5865150449277
2020-05-01,503.9306474041091
2020-05-04,502.12267239062186
2020-05-05,507.1139584752377
2020-05-06,510.3930752354359
2020-05-07,499.2382119365366
2020-05-08,496.50493530055695
2020-05-11,502.84207671603133
2020-05-12,503.6495170933933
2020-05-13,497.42526272127816
2020-05-14,494.27197705775455
2020-05-15,500.33946322043045
2020-05-18,501.8482071523563
2020-05-19,495.4116528423038
2020-05-20,503.07804509479297
2020-05-21,507.69418583718306
2020-05-22,513.1060632133216
2020-05-25,516.6520728723333
2020-05-26,529.1166681976757
2020-05-27,526.3587451050118
2020-05-28,525.0810421081171
2020-05-29,513.9127912752502
2020-06-01,518.9018776628753
2020-06-02,535.3487969633738
2020-06-03,551.5932069610047
2020-06-04,557.2484148091613
2020-06-05,575.2324739387162
2020-06-08,594.6833561114172
2020-06-09,584.7416085319607
2020-06-10,585.4802614415423
2020-06-11,570.9287159420056
2020-06-12,579.7104492564749
2020-06-15,570.1349912458056
2020-06-16,574.3862742469256
2020-06-17,581.4328247632361
2020-06-18,573.9017940094602
2020-06-19,582.8101408406011
2020-06-22,567.978513294655
2020-06-23,565.8830386383668
2020-06-24,562.8761832232802
2020-06-25,571.2183212713218
2020-06-26,553.985442108985
2020-06-29,557.2861653406488
2020-06-30,547.7505815682547
2020-07-01,550.1926584975689
2020-07-02,562.415690561499
2020-07-03,558.3519112608142
2020-07-06,561.3498185883587
2020-07-07,553.6570007327568
2020-07-08,559.3367790099197
2020-07-09,561.4237406814359
2020-07-10,557.6490146138825
2020-07-13,558.9829540150439
2020-07-14,550.801865460489
2020-07-15,547.4857505728978
2020-07-16,547.3304407890647
2020-07-17,534.7945043323573
2020-07-20,532.4424350659338
2020-07-21,519.2354585708437
2020-07-22,518.644823162473
2020-07-23,513.9217964699839
2020-07-24,506.61411304332415
2020-07-27,507.14353977974525
2020-07-28,503.7640712932681
2020-07-29,499.6978508563799
2020-07-30,483.3630536309351
2020-07-31,479.1780929091778
2020-08-03,480.40088269867107
2020-08-04,481.42160499391423
2020-08-05,471.7695548560301
2020-08-06,461.7384773046005
2020-08-07,461.71905392448366
2020-08-10,455.36926879248017
2020-08-11,455.84036801686347
2020-08-12,461.72445146157725
2020-08-13,466.14198819153097
2020-08-14,465.3893555721236
2020-08-17,460.2169823165447
2020-08-18,457.011300247961
2020-08-19,455.8399220254669
2020-08-20,453.9088500067556
2020-08-21,465.96342112594004
2020-08-24,464.33030936552314
2020-08-25,463.36384297669457
2020-08-26,466.06995343789856
2020-08-27,468.23049413381574
2020-08-28,467.5778366653044
2020-08-31,460.19359358423884
2020-09-01,463.2208943987604
2020-09-02,475.3786541516314
2020-09-03,477.9257706465262
2020-09-04,475.1543148252339
2020-09-07,471.8823446925554
2020-09-08,472.6444100541972
2020-09-09,470.1007643239828
2020-09-10,462.5057664618288
2020-09-11,463.9612882103153
2020-09-14,462.0323994018385
2020-09-15,461.8811763057943
2020-09-16,462.71835672059757
2020-09-17,465.5127235807567
2020-09-18,468.1377689796372
2020-09-21,459.21798904269855
2020-09-22,462.97348274407113
2020-09-23,458.11843106254014
2020-09-24,459.02794481935007
2020-09-25,457.64950232039945
2020-09-28,443.8723703206653
2020-09-29,445.26340407466694
2020-09-30,447.2828057766243
2020-10-01,444.96966224658945
2020-10-02,441.195025636298
2020-10-05,438.80246216248537
2020-10-06,435.18564195544445
2020-10-07,436.9548577396367
2020-10-08,435.7918066997437
2020-10-09,434.868910893212
2020-10-12,429.20072272024623
2020-10-13,432.71954761837605
2020-10-14,428.97622294433296
2020-10-15,423.46162370408774
2020-10-16,416.19460261868784
2020-10-19,418.6095552510534
2020-10-20,411.72823582653615
2020-10-21,417.6377078339395
2020-10-22,421.05370574746325
2020-10-23,422.9230318587336
2020-10-26,422.2715671849397
2020-10-27,418.7425518436878
2020-10-28,416.71624495824386
2020-10-29,413.1191518532649
2020-10-30,414.12421470888654
2020-11-02,414.44192119200727
2020-11-03,411.1893870453536
2020-11-04,411.48738069244206
2020-11-05,407.7755892186021
2020-11-06,405.3034751048886
2020-11-09,417.0283185016305
2020-11-10,422.6517587581658
2020-11-11,428.5955972972277
2020-11-12,420.569605089717
2020-11-13,417.6848128864287
2020-11-16,427.35548422011317
2020-11-17,434.7495168216401
2020-11-18,438.05971009153205
2020-11-19,443.3244739055148
2020-11-20,445.77571202723703
2020-11-23,446.8063962217794
2020-11-24,448.48540928605547
2020-11-25,447.3101897827589
2020-11-26,451.25672135142935
2020-11-27,456.4543654547141
2020-11-30,457.71282939630294
2020-12-01,458.11726504547323
2020-12-02,464.61178486627665
2020-12-03,459.2834855231792
2020-12-04,463.3878608396069
2020-12-07,465.40036718335386
2020-12-08,474.18751680073854
2020-12-09,478.26278862401216
2020-12-10,480.38982270539947
2020-12-11,479.64604129210227
2020-12-14,482.55002900247547
2020-12-15,498.7177520452086
2020-12-16,513.6320539695773
2020-12-17,506.32092374800396
2020-12-18,508.43285606619145
2020-12-21,490.79021011132465
2020-12-22,490.63161073767816
2020-12-23,492.5909146179478
2020-12-24,507.2471169232308
2020-12-25,507.24711692323046
2020-12-28,500.00801248140476
2020-12-29,500.75313021457697
2020-12-30,505.36974757941584
2020-12-31,504.06857750636135
2021-01-01,504.06857750636146
2021-01-04,504.36299458732475
2021-01-05,491.10322786270655
2021-01-06,489.70583645254413
2021-01-07,488.73182283677977
2021-01-08,493.4041655615469
2021-01-11,492.56433788196784
2021-01-12,506.4221518280812
2021-01-13,506.29828692929084
2021-01-14,509.5433194410979
2021-01-15,509.5657254135945
2021-01-18,504.1558090435344
2021-01-19,503.93408712194287
2021-01-20,512.3358726794153
2021-01-21,508.31138212817194
2021-01-22,489.50931680439123
2021-01-25,483.4504718216542
2021-01-26,496.5060072951055
2021-01-27,486.398793413308
2021-01-28,499.3802717018664
2021-01-29,500.04003161585257
2021-02-01,500.9196153634705
2021-02-02,497.6990041210736
2021-02-03,504.0928199951347
2021-02-04,505.353924243488
2021-02-05,507.63934140543284
2021-02-08,499.16088222673596
2021-02-09,500.05764749579834
2021-02-10,504.5604838033108
2021-02-11,510.5119105105716
2021-02-12,507.74930850811324
2021-02-15,504.25310180439436
2021-02-16,496.981634998596
2021-02-17,500.3278313795113
2021-02-18,501.4331619505767
2021-02-19,496.7796649575891
2021-02-22,504.93767043637706
2021-02-23,507.50959894055813
2021-02-24,504.01607276576203
2021-02-25,497.88602318464115
2021-02-26,497.31416652228256
2021-03-01,508.57076648702207
2021-03-02,514.5579958178655
2021-03-03,523.786502172928
2021-03-04,528.6697967117946
2021-03-05,538.037313067986
2021-03-08,535.5114268120766
2021-03-09,540.8295316764994
2021-03-10,543.440452199215
2021-03-11,542.5652609189798
2021-03-12,541.8842410830335
2021-03-15,537.9458386169756
2021-03-16,564.8170358814089
2021-03-17,556.0263329097392
2021-03-18,546.8736327488642
2021-03-19,548.6607206394899
2021-03-22,552.138775378149
2021-03-23,538.4493954999077
2021-03-24,546.0798048658337
2021-03-25,558.3591664245229
2021-03-26,573.7368138219391
2021-03-29,571.3901246458983
2021-03-30,590.173332936413
2021-03-31,579.2909682482991
2021-04-01,588.4016301223306
2021-04-02,585.0981895184
2021-04-05,585.6417800817331
2021-04-06,578.1159063705758
2021-04-07,599.0490001435387
2021-04-08,600.5567900200067
2021-04-09,598.618976580747
2021-04-12,581.9156993634529
2021-04-13,582.6499609164199
2021-04-14,592.9516400648027
2021-04-15,599.2441875229853
2021-04-16,598.5163093948945
2021-04-19,597.561417619251
2021-04-20,594.2826801224444
2021-04-21,599.5782820731414
2021-04-22,602.9093949738922
2021-04-23,603.0660226167682
2021-04-26,603.0298038692534
2021-04-27,603.5707915907549
2021-04-28,609.3334996674954
2021-04-29,611.907496258791
2021-04-30,611.0762961736132
2021-05-03,616.2126800311496
2021-05-04,617.7557612755706
2021-05-05,628.3272998990595
2021-05-06,622.7994984050986
2021-05-07,627.5550667361755
2021-05-10,624.7955104454121
2021-05-11,619.2631767496046
2021-05-12,640.2482435918624
2021-05-13,636.6602139021397
2021-05-14,628.8399406828569
2021-05-17,630.0886074039993
2021-05-18,637.2670900850512
2021-05-19,645.4642244070352
2021-05-20,642.8676140882601
2021-05-21,641.8269346950111
2021-05-24,647.5648096907196
2021-05-25,639.142087497285
2021-05-26,640.2288767979976
2021-05-27,635.7782429282515
2021-05-28,659.4505084874556
2021-05-31,637.5975664515066
2021-06-01,634.9266328665813
2021-06-02,649.8643420321987
2021-06-03,656.0481626739593
2021-06-04,668.0814197213267
2021-06-07,649.8281270207323
2021-06-08,672.6494959368667
2021-06-09,684.285261973409
2021-06-10,675.691351688324
2021-06-11,677.9032394656734
2021-06-14,675.8859786112429
2021-06-15,671.1857248908813
2021-06-16,674.2872570546158
2021-06-17,668.9574838917296
2021-06-18,687.9548975826957
2021-06-21,676.526456638846
2021-06-22,665.3028186384254
2021-06-23,662.5850948066264
2021-06-24,660.6680576400119
2021-06-25,654.5699968535492
2021-06-28,687.0769653296541
2021-06-29,658.6092181279963
2021-06-30,658.0174326885419
2021-07-01,655.6492842686941
2021-07-02,659.4608751347974
2021-07-05,680.8014338950281
2021-07-06,684.4325314959422
2021-07-07,685.1060129955861
2021-07-08,676.7820016868748
2021-07-09,684.0434548894474
2021-07-12,664.6993689320248
2021-07-13,662.2429845945472
2021-07-14,661.7003640247049
2021-07-15,661.4612141875126
2021-07-16,661.6582344301303
2021-07-19,656.0539164707401
2021-07-20,648.4077675945119
2021-07-21,658.4486056857231
2021-07-22,656.9361616125755
2021-07-23,655.0486275363176
2021-07-26,650.9292907668896
2021-07-27,659.8965896449865
2021-07-28,657.004729333621
2021-07-29,665.5713177982947
2021-07-30,655.5962263571216
2021-08-02,671.8402521442956
2021-08-03,664.3269182542856
2021-08-04,662.0024296989247
2021-08-05,668.4120088600565
2021-08-06,640.0391960656925
2021-08-09,636.7624586212842
2021-08-10,639.0318583019215
2021-08-11,644.8004767711084
2021-08-12,642.285303363539
2021-08-13,643.5338985835142
2021-08-16,638.9422447982857
2021-08-17,634.4946191630069
2021-08-18,634.3640709291518
2021-08-19,628.922966079007
2021-08-20,623.0247585827725
2021-08-23,628.0364878345791
2021-08-24,637.6870695841019
2021-08-25,637.5951061075975
2021-08-26,655.5454528346681
2021-08-27,657.961484742315
2021-08-30,660.142536595394
2021-08-31,696.152367567853
2021-09-01,692.6108626477749
2021-09-02,690.2201075547291
2021-09-03,707.7098248413441
2021-09-06,710.0849541803719
2021-09-07,707.876300864234
2021-09-08,698.8289423443499
2021-09-09,706.1433380254813
2021-09-10,699.7553066819476
2021-09-13,708.8017186471636
2021-09-14,702.8913315236208
2021-09-15,697.8950462719488
2021-09-16,694.8190397394
2021-09-17,648.9904544014768
2021-09-20,653.1234769072806
2021-09-21,651.7233763145841
2021-09-22,686.3689101577
2021-09-23,684.3738733676569
2021-09-24,670.5632141210294
2021-09-27,672.2612579721225
2021-09-28,667.2736445192687
2021-09-29,667.0708253235886
2021-09-30,672.8456741422573
2021-10-01,671.3121326652092
2021-10-04,669.8236127540231
2021-10-05,663.5490974350639
2021-10-06,665.2017199372297
2021-10-07,668.4549730086288
2021-10-08,666.4445442908309
2021-10-11,668.9418377929894
2021-10-12,663.8109673351972
2021-10-13,678.6939837894405
2021-10-14,675.9925001381108
2021-10-15,674.0516111440386
2021-10-18,667.097132636881
2021-10-19,686.4135418622005
2021-10-20,676.2455190683922
2021-10-21,687.5100005005999
2021-10-22,677.782568178077
2021-10-25,676.674781027748
2021-10-26,677.0091430120015
2021-10-27,647.8274412439296
2021-10-28,662.3541248876822
2021-10-29,667.76055221242
2021-11-01,658.4923681519275
2021-11-02,640.7248961017741
2021-11-03,646.4479200086629
2021-11-04,668.1927908822594
2021-11-05,671.6212834340457
2021-11-08,673.9375892058838
2021-11-09,671.166627872063
2021-11-10,658.2688602925339
2021-11-11,677.1922615483959
2021-11-12,665.7495443763949
2021-11-15,662.1425589215667
2021-11-16,659.2147174790131
2021-11-17,660.651739387883
2021-11-18,653.1640749462207
2021-11-19,653.7964225608588
2021-11-22,653.9921352332278
2021-11-23,650.1002517634104
2021-11-24,646.016850028775
2021-11-25,657.6372576810751
2021-11-26,631.1809134410875
2021-11-29,640.9169245111211
2021-11-30,631.7916231002001
2021-12-01,642.8697986714483
2021-12-02,641.1306291269633
2021-12-03,647.8483507760608
2021-12-06,685.3495504623626
2021-12-07,694.2056027904406
2021-12-08,718.3529512656654
2021-12-09,703.7508583942184
2021-12-10,705.9135935828664
2021-12-13,686.0938222463836
2021-12-14,700.1791378239459
2021-12-15,681.1595986797507
2021-12-16,706.6092414986092
2021-12-17,697.3207265825105
2021-12-20,675.866816863847
2021-12-21,680.4943151649468
2021-12-22,677.6064376930368
2021-12-23,680.9428229027307
2021-12-24,685.2303384000976
2021-12-27,685.8357190330158
2021-12-28,709.453408804071
2021-12-29,704.0538777246139
2021-12-30,699.6061939708795
2021-12-31,700.1976349656275
2022-01-03,705.158298337683
2022-01-04,709.9081621105676
2022-01-05,708.2173827362471
2022-01-06,719.021194235131
2022-01-07,710.7903753670862
2022-01-10,725.3599967692211
2022-01-11,723.1879280544829
2022-01-12,727.9979506112717
2022-01-13,730.0024856297496
2022-01-14,741.3347731317995
2022-01-17,746.7351993877919
2022-01-18,750.6851343224007
2022-01-19,745.4120241248959
2022-01-20,747.0057313602847
2022-01-21,746.9860869483061
2022-01-24,747.5922217261033
2022-01-25,731.9494155312669
2022-01-26,721.5364343202447
2022-01-27,734.3391532353778
2022-01-28,760.3562951446191
2022-01-31,748.4056280617116
2022-02-01,745.8109245774546
2022-02-02,742.6749073227802
2022-02-03,734.2997120314976
2022-02-04,732.2444196134901
2022-02-07,732.1682118446455
2022-02-08,725.5667323737185
2022-02-09,725.3589089216575
2022-02-10,730.6799994451422
2022-02-11,725.7865329369121
2022-02-14,728.0579361053988
2022-02-15,724.9806868707702
2022-02-16,730.4979524286737
2022-02-17,740.1410648708683
2022-02-18,741.9030724317299
2022-02-21,734.8165918364356
2022-02-22,737.0622309367214
2022-02-23,739.9792976489447
2022-02-24,742.6559173214579
2022-02-25,732.3222466732796
2022-02-28,739.5719609623155
2022-03-01,745.5793443906767
2022-03-02,754.7125494071455
2022-03-03,754.1995293215369
2022-03-04,759.8111564401019
2022-03-07,778.8266024254372
2022-03-08,766.4453884214261
2022-03-09,742.8609530437749
2022-03-10,756.2033465945109
2022-03-11,760.3538941816795
2022-03-14,761.4080376659692
2022-03-15,762.7630709647952
2022-03-16,769.1799405632366
2022-03-17,757.4725785958761
2022-03-18,773.4095220838709
2022-03-21,775.7901090152977
2022-03-22,785.7336410561987
2022-03-23,790.739710379736
2022-03-24,769.6314905832859
2022-03-25,766.8383555920277
2022-03-28,779.777582407296
2022-03-29,775.1100387522986
2022-03-30,797.393047045972
2022-03-31,812.0361734887722
2022-04-01,812.2837092247256
2022-04-04,819.7979072267306
2022-04-05,826.1838219046493
2022-04-06,827.8044388119204
2022-04-07,823.9920584599156
2022-04-08,844.3073082697892
2022-04-11,842.4865115602047
2022-04-12,848.2116195219039
2022-04-13,852.2151083627544
2022-04-14,866.3506097772153
2022-04-15,871.6332354465882
2022-04-18,867.2281277404461
2022-04-19,871.2971494939101
2022-04-20,870.1832922912342
2022-04-21,868.3808987174
2022-04-22,882.5766070462436
2022-04-25,886.111223067958
2022-04-26,894.4169818021842
2022-04-27,912.9443643500986
2022-04-28,923.8576316363965
2022-04-29,933.1825726367351
2022-05-02,931.890118985746
2022-05-03,930.5637108835695
2022-05-04,929.6815345448641
2022-05-05,918.7378797766077
2022-05-06,907.0659746733635
2022-05-09,901.5001394719814
2022-05-10,910.5073707643179
2022-05-11,904.1115577728907
2022-05-12,929.1495071296579
2022-05-13,928.8845192753432
2022-05-16,928.0363452141056
2022-05-17,913.2671420652888
2022-05-18,931.7847276049605
2022-05-19,923.9412511041411
2022-05-20,921.6880892740628
2022-05-23,910.2989071856389
2022-05-24,889.7878888007518
2022-05-25,893.7038053486833
2022-05-26,889.5126581253713
2022-05-27,894.2423046320796
2022-05-30,884.3964853155222
2022-05-31,886.2954747253746
2023-09-01,999.9485608800735
2023-09-04,1003.5511565100464
2023-09-05,1012.9179249591018
2023-09-06,1058.4748083914494
2023-09-07,1062.4462515623834
2023-09-08,1055.403307154978
2023-09-11,1057.937482232899
2023-09-12,1059.4193733964835
2023-09-13,1052.5224429941595
2023-09-14,1060.9813830435446
2023-09-15,1058.5191485281516
2023-09-18,1057.553454731247
2023-09-19,1041.582295514867
2023-09-20,1038.0216931414056
2023-09-21,1055.0164216913386
2023-09-22,1047.7811863052066
2023-09-25,1055.755318708664
2023-09-26,1053.413918434024
2023-09-27,1074.1411745142268
2023-09-28,1067.6285179688387
2023-09-29,1063.2009097804162
2023-10-02,1077.5055421628833
2023-10-03,1066.1672261688639
2023-10-04,1081.0155386423442
2023-10-05,1067.7851467452936
2023-10-06,1068.644030026527
2023-10-09,1078.2263662361268
2023-10-10,1073.064843485182
2023-10-11,1069.2290847669767
2023-10-12,1079.090832949842
2023-10-13,1081.5270980617468
2023-10-16,1073.8743185204323
2023-10-17,1070.0557545362076
2023-10-18,1071.3074916371045
2023-10-19,1069.470811272981
2023-10-20,1067.3736296657605
2023-10-23,1050.1834501008288
2023-10-24,1053.0412946454653
2023-10-25,1048.2398770684433
2023-10-26,1040.647804909224
2023-10-27,1039.3171109862515
2023-10-30,1029.1496690298818
2023-10-31,1037.619041098344
2023-11-01,1040.819289623677
2023-11-02,1032.8797160059794
2023-11-03,1019.0044172743264
2023-11-06,1019.3584790693034
2023-11-07,1027.0088731332703
2023-11-08,1024.375270954971
2023-11-09,1025.3552433799837
2023-11-10,1028.7301658020542
2023-11-13,1026.805596949705
2023-11-14,1012.8779916208367
2023-11-15,1009.32509125391
2023-11-16,1007.5802132830646
2023-11-17,1010.067923015817
2023-11-20,1007.3635574267012
2023-11-21,1009.347052592866
2023-11-22,1016.6866272014707
2023-11-23,1011.3845578887392
2023-11-24,1008.5008639869413
2023-11-27,1006.760667922531
2023-11-28,993.7978196327774
2023-11-29,1015.9594515230011
2023-11-30,1022.1640564218574
2023-12-01,1020.0164401271375
2023-12-04,1026.83601036508
2023-12-05,1014.8193830789099
2023-12-06,1022.6349640289171
2023-12-07,1023.2513233655749
2023-12-08,1024.7897840153682
2023-12-11,1035.0872322400426
2023-12-12,1023.8939307049337
2023-12-13,1022.4029716791661
2023-12-14,1003.8045275174641
2023-12-15,1009.1634015704681
2023-12-18,1010.5858248025193
2023-12-19,1000.371231746492
2023-12-20,1009.956174678906
2023-12-21,1005.0097943931155
2023-12-22,1005.2358723367514
2023-12-25,1005.2358723367502
2023-12-26,1003.5930883103183
2023-12-27,998.3126785099957
2023-12-28,999.4047109346724
2023-12-29,1003.2665505586886
2024-01-01,1003.266550558689
2024-01-02,1012.7092749802669
2024-01-03,1014.1645555000654
2024-01-04,1002.2572431429159
2024-01-05,1002.0098187741677
2024-01-08,1005.6914770432646
2024-01-09,1017.7135875776462
2024-01-10,1015.7628038101225
2024-01-11,1014.5366866399983
2024-01-12,1015.184199310015
2024-01-15,1018.0766330821406
2024-01-16,1025.0032795996856
2024-01-17,1021.6911001727817
2024-01-18,1020.1705119112405
2024-01-19,1019.1714641876857
2024-01-22,1010.1495193484633
2024-01-23,1021.7294410466521
2024-01-24,1003.5526720203195
2024-01-25,1010.1315224624451
2024-01-26,1003.3164042691502
2024-01-29,1008.2152038663747
2024-01-30,988.5069281696863
2024-01-31,983.1923737365026
2024-02-01,986.2339236968106
2024-02-02,984.7556478492456
2024-02-05,987.6215059669199
2024-02-06,982.4965524695789
2024-02-07,978.6739365190068
2024-02-08,976.3208753319126
2024-02-09,968.8971296002002
2024-02-12,982.4335814479357
2024-02-13,983.2609053431605
2024-02-14,979.3167928507685
2024-02-15,974.166772075924
2024-02-16,974.0770784724957
2024-02-19,970.6200949705988
2024-02-20,962.0140793162382
2024-02-21,967.8308069085653
2024-02-22,967.3831722908752
2024-02-23,966.7855348720883
2024-02-26,964.9233497258535
2024-02-27,963.1836531573834
2024-02-28,964.7108400588716
2024-02-29,965.2964553700083
2024-03-01,956.4578657247223
2024-03-04,970.0595960703114
2024-03-05,958.8739216597742
2024-03-06,964.6604035706551
2024-03-07,964.3460134879926
2024-03-08,959.774305750441
2024-03-11,950.911722966494
