Date,ACWI SRI
2011-05-31,1000.0
2011-06-01,984.507846415624
2011-06-02,976.8642292622322
2011-06-03,965.218694146587
2011-06-06,957.444843740147
2011-06-07,953.8469448786299
2011-06-08,950.5612215666893
2011-06-09,959.9651458837644
2011-06-10,956.7056368100266
2011-06-13,955.5592222914698
2011-06-14,961.4519688419674
2011-06-15,959.6253015612282
2011-06-16,961.443188801405
2011-06-17,955.4945518650641
2011-06-20,955.8966586199072
2011-06-21,965.7717663053364
2011-06-22,959.7954756845139
2011-06-23,964.9644556996192
2011-06-24,960.2826802582255
2011-06-27,956.0509785074693
2011-06-28,960.8911908146505
2011-06-29,971.7268738218634
2011-06-30,977.2886307455609
2011-07-01,987.6300116403045
2011-07-04,989.076733206291
2011-07-05,990.4961331115956
2011-07-06,998.077546646713
2011-07-07,1000.9652977879845
2011-07-08,1001.6767441589283
2011-07-11,1001.1256596389177
2011-07-12,995.2508951201121
2011-07-13,993.8784295052576
2011-07-14,987.2980306785677
2011-07-15,990.8816443130186
2011-07-18,985.8559143654569
2011-07-19,988.1884211299475
2011-07-20,993.1101200090773
2011-07-21,993.4977451310683
2011-07-22,998.8412636619488
2011-07-25,995.6361423547328
2011-07-26,987.5745036025129
2011-07-27,978.8376925585404
2011-07-28,980.9582115589229
2011-07-29,972.6902545770024
2011-08-01,978.4277479467016
2011-08-02,956.2942431841767
2011-08-03,946.1299306654278
2011-08-04,917.3757957890319
2011-08-05,902.4224124101272
2011-08-08,860.8282989048516
2011-08-09,877.0379948296967
2011-08-10,859.2978921793407
2011-08-11,879.8631918469287
2011-08-12,893.0799537165834
2011-08-15,895.3665345203633
2011-08-16,894.0905498989491
2011-08-17,893.635416486574
2011-08-18,864.9959116626247
2011-08-19,844.94899538244
2011-08-22,848.1317611011357
2011-08-23,865.9936950724473
2011-08-24,872.4429781633719
2011-08-25,864.083103751526
2011-08-26,869.385108374128
2011-08-29,879.2537109379678
2011-08-30,889.5482568339992
2011-08-31,903.4105421043802
2011-09-01,909.6833360208444
2011-09-02,893.0806823314681
2011-09-05,880.9057731818419
2011-09-06,877.2177147126023
2011-09-07,899.6802849811404
2011-09-08,901.2697338644952
2011-09-09,894.6590577297653
2011-09-12,889.4475333335034
2011-09-13,892.8926828190228
2011-09-14,898.9909557071476
2011-09-15,905.4186717065095
2011-09-16,915.7261085175043
2011-09-19,910.9687100669098
2011-09-20,909.22410127478
2011-09-21,894.4333443565316
2011-09-22,871.3238942665822
2011-09-23,868.8108733922612
2011-09-26,881.1160181443116
2011-09-27,899.0467017846432
2011-09-28,892.0347942287348
2011-09-29,895.406769946722
2011-09-30,892.2291677315536
2011-10-03,880.4816048029595
2011-10-04,876.1218309127489
2011-10-05,888.0094071647936
2011-10-06,904.3608108429422
2011-10-07,903.3616727580231
2011-10-10,914.4518847100786
2011-10-11,917.1066282062491
2011-10-12,919.0922925835547
2011-10-13,920.3311472051713
2011-10-14,921.0710347582949
2011-10-17,918.8735357150155
2011-10-18,925.2301609351397
2011-10-19,916.9269637679843
2011-10-20,914.9361185412979
2011-10-21,924.3759038126294
2011-10-24,938.1599077014804
2011-10-25,926.1304325325817
2011-10-26,935.2003815252056
2011-10-27,949.1291411774321
2011-10-28,950.53150736488
2011-10-31,940.736064835656
2011-11-01,927.415328424427
2011-11-02,929.0208285989586
2011-11-03,944.585516266576
2011-11-04,943.1152734138982
2011-11-07,943.9280180728153
2011-11-08,947.5072536429103
2011-11-09,937.9570611645074
2011-11-10,935.3577235355242
2011-11-11,945.8796055389173
2011-11-14,945.7191113378531
2011-11-15,949.9076523771964
2011-11-16,941.7163506988106
2011-11-17,931.2073080537506
2011-11-18,926.0125163368795
2011-11-21,908.4393766174212
2011-11-22,904.604130979978
2011-11-23,895.6887979883531
2011-11-24,895.3709917738745
2011-11-25,896.5948087027562
2011-11-28,918.5068445993566
2011-11-29,925.9897754075483
2011-11-30,950.9982346286616
2011-12-01,951.9758318443133
2011-12-02,956.1844178494501
2011-12-05,960.7451057746845
2011-12-06,962.2312666724615
2011-12-07,965.6322516293827
2011-12-08,955.4903956990662
2011-12-09,959.0661577385431
2011-12-12,956.6026960468877
2011-12-13,958.0190229739785
2011-12-14,951.4384110323782
2011-12-15,951.4076768596956
2011-12-16,950.0964570292886
2011-12-19,943.7138402776685
2011-12-20,957.8707694423952
2011-12-21,961.8255214811514
2011-12-22,965.868735841161
2011-12-23,975.1079117884545
2011-12-26,975.6820673702026
2011-12-27,974.5439411028364
2011-12-28,971.7616620795771
2011-12-29,980.7893886664158
2011-12-30,980.7094862151581
2012-01-02,983.0195449397612
2012-01-03,992.7797695024673
2012-01-04,1001.272780135906
2012-01-05,1003.3899880841453
2012-01-06,1005.0964668633211
2012-01-09,1004.0899855920096
2012-01-10,1013.1344661085442
2012-01-11,1016.9499654462363
2012-01-12,1011.9131379155896
2012-01-13,1017.4192439316109
2012-01-16,1017.8119855694479
2012-01-17,1021.0524203141681
2012-01-18,1023.2035037304543
2012-01-19,1025.8364203961794
2012-01-20,1026.4815741653065
2012-01-23,1021.720979047166
2012-01-24,1023.1429051756177
2012-01-25,1025.547393373028
2012-01-26,1018.6647135276813
2012-01-27,1017.0944741564647
2012-01-30,1012.4745496938449
2012-01-31,1017.9981353780535
2012-02-01,1021.9547972307569
2012-02-02,1027.3994152846246
2012-02-03,1042.2749304793338
2012-02-06,1045.5737797642123
2012-02-07,1036.5986531653125
2012-02-08,1038.7043090770394
2012-02-09,1037.3361180482282
2012-02-10,1034.3887166969573
2012-02-13,1039.1226940604186
2012-02-14,1041.4066166089144
2012-02-15,1051.1123349452853
2012-02-16,1055.7928285865437
2012-02-17,1053.6159919077245
2012-02-20,1052.9282503286763
2012-02-21,1050.863922888084
2012-02-22,1047.684287968088
2012-02-23,1046.7132911180508
2012-02-24,1039.148264423856
2012-02-27,1041.985226868794
2012-02-28,1043.2992115823965
2012-02-29,1045.6484416519636
2012-03-01,1051.8208566236708
2012-03-02,1057.359044830257
2012-03-05,1050.6728088912184
2012-03-06,1039.0789574731964
2012-03-07,1041.520413875963
2012-03-08,1045.1666483009715
2012-03-09,1059.2087080703257
2012-03-12,1054.8386891653042
2012-03-13,1070.9561401241688
2012-03-14,1076.095280662877
2012-03-15,1079.362891174067
2012-03-16,1076.2462483700235
2012-03-19,1073.6695636296693
2012-03-20,1067.9541963894699
2012-03-21,1067.7249651751285
2012-03-22,1061.8764733880612
2012-03-23,1058.8133119152906
2012-03-26,1064.6389015304203
2012-03-27,1065.442232242137
2012-03-28,1062.9246416466435
2012-03-29,1057.9268482384323
2012-03-30,1061.2221424176537
2012-04-02,1072.5362355654825
2012-04-03,1064.9196634264588
2012-04-04,1061.3058151737805
2012-04-05,1064.9435550806625
2012-04-06,1064.3332497903039
2012-04-09,1056.7777622272831
2012-04-10,1039.5321345107377
2012-04-11,1043.2276060208508
2012-04-12,1052.3820906706105
2012-04-13,1049.0637705164913
2012-04-16,1050.3996367554562
2012-04-17,1058.176915092564
2012-04-18,1056.640253514999
2012-04-19,1051.741400250658
2012-04-20,1050.7095752669775
2012-04-23,1043.0135697760156
2012-04-24,1042.5998921801545
2012-04-25,1052.9685960665977
2012-04-26,1054.6307106195354
2012-04-27,1056.0481614855692
2012-04-30,1056.912521825654
2012-05-01,1058.0596088134146
2012-05-02,1060.455015868729
2012-05-03,1056.2978852676363
2012-05-04,1045.4268750437946
2012-05-07,1045.9381724414707
2012-05-08,1040.7824133985455
2012-05-09,1037.4440378404195
2012-05-10,1037.160846153207
2012-05-11,1036.8063008571785
2012-05-14,1030.6542718517555
2012-05-15,1027.787096390362
2012-05-16,1021.943016640969
2012-05-17,1014.3453792387751
2012-05-18,1001.4323991680827
2012-05-21,1007.3393981511612
2012-05-22,1016.8514326335995
2012-05-23,1015.7978506334347
2012-05-24,1019.7871574460322
2012-05-25,1023.4923620212003
2012-05-28,1023.7328096762175
2012-05-29,1033.6041668910896
2012-05-30,1027.9922138092575
2012-05-31,1027.2322902633161
2012-06-01,1004.5245960890429
2012-06-04,990.3677183975789
2012-06-05,999.2133567976156
2012-06-06,1017.632800371757
2012-06-07,1020.3437287494637
2012-06-08,1022.9305787000164
2012-06-11,1017.15572330313
2012-06-12,1026.90476079004
2012-06-13,1016.4213540647662
2012-06-14,1018.2840966343881
2012-06-15,1025.9486008728318
2012-06-18,1032.7207646566915
2012-06-19,1037.494118058412
2012-06-20,1038.0865807294285
2012-06-21,1028.1179117142883
2012-06-22,1030.7831644604544
2012-06-25,1021.9245278848381
2012-06-26,1023.2197584960761
2012-06-27,1033.101373189139
2012-06-28,1034.2047168096847
2012-06-29,1042.210437799968
2012-07-02,1054.8962905951685
2012-07-03,1063.6533117707818
2012-07-04,1071.1886834143615
2012-07-05,1076.8973021530717
2012-07-06,1071.4785666032158
2012-07-09,1066.591682818377
2012-07-10,1066.6533657850441
2012-07-11,1066.7032313723187
2012-07-12,1061.9597859081118
2012-07-13,1070.9070736608787
2012-07-16,1071.1063041323362
2012-07-17,1076.2981611071725
2012-07-18,1080.9931851084082
2012-07-19,1090.6220759372923
2012-07-20,1084.0285793661703
2012-07-23,1068.9324968543824
2012-07-24,1063.6667326074567
2012-07-25,1059.0840620818278
2012-07-26,1064.775387567062
2012-07-27,1077.487480264819
2012-07-30,1092.0681196547077
2012-07-31,1083.1917411261586
2012-08-01,1082.4379081532607
2012-08-02,1084.2605278679696
2012-08-03,1088.9042903205686
2012-08-06,1090.2750612894954
2012-08-07,1095.6812353046046
2012-08-08,1102.4646936173467
2012-08-09,1108.4817955927267
2012-08-10,1107.887894789516
2012-08-13,1101.9841492685046
2012-08-14,1106.0939424195446
2012-08-15,1109.961744783856
2012-08-16,1111.0614701014065
2012-08-17,1119.2355265225362
2012-08-20,1114.4299179035024
2012-08-21,1107.261186971804
2012-08-22,1102.5307093217434
2012-08-23,1091.3350609167494
2012-08-24,1096.8857239761674
2012-08-27,1097.32569961315
2012-08-28,1090.6259676832717
2012-08-29,1093.2508080361397
2012-08-30,1087.4801715260826
2012-08-31,1083.6222785496093
2012-09-03,1087.061712955491
2012-09-04,1083.68536659459
2012-09-05,1077.6453121977868
2012-09-06,1094.0354573686493
2012-09-07,1091.6947847165075
2012-09-10,1090.102173660837
2012-09-11,1088.1678154541974
2012-09-12,1087.8264816786311
2012-09-13,1094.8143166791842
2012-09-14,1091.0311354180792
2012-09-17,1088.066956303966
2012-09-18,1090.6618314664613
2012-09-19,1094.365458901041
2012-09-20,1096.2288202447521
2012-09-21,1096.7333664061755
2012-09-24,1097.6758186109632
2012-09-25,1092.0635650455924
2012-09-26,1089.0963157566134
2012-09-27,1094.826851236909
2012-09-28,1090.547549853171
2012-10-01,1093.47006920034
2012-10-02,1090.8400699324761
2012-10-03,1090.4162006880151
2012-10-04,1089.5216853039608
2012-10-05,1089.945657622519
2012-10-08,1090.5695645060991
2012-10-09,1087.3152461759823
2012-10-10,1079.4923699445173
2012-10-11,1080.176338058017
2012-10-12,1077.1887908719505
2012-10-15,1084.0562669458664
2012-10-16,1089.5304011938422
2012-10-17,1089.434736452471
2012-10-18,1093.8375592942539
2012-10-19,1086.4126211326698
2012-10-22,1081.020052410114
2012-10-23,1074.7427806265173
2012-10-24,1072.1730886926218
2012-10-25,1077.4777368777964
2012-10-26,1077.3312282818542
2012-10-29,1077.456981651634
2012-10-30,1075.514414425251
2012-10-31,1077.1373673461471
2012-11-01,1085.5808969040374
2012-11-02,1089.3494177725713
2012-11-05,1092.3604866152075
2012-11-06,1096.2064269309667
2012-11-07,1087.3229993645136
2012-11-08,1079.7034652837494
2012-11-09,1079.590309672236
2012-11-12,1077.9743920406838
2012-11-13,1075.668261771053
2012-11-14,1065.2777908590688
2012-11-15,1057.6632602827312
2012-11-16,1064.2407486806862
2012-11-19,1074.4794647010442
2012-11-20,1076.7484396382824
2012-11-21,1077.7405099074153
2012-11-22,1077.978673437759
2012-11-23,1082.9316143074482
2012-11-26,1080.7774257336268
2012-11-27,1081.706945906208
2012-11-28,1085.5919677229153
2012-11-29,1088.5627935822424
2012-11-30,1087.7448425466796
2012-12-03,1082.3946563592976
2012-12-04,1080.7859074248256
2012-12-05,1084.542985222371
2012-12-06,1095.5122774401902
2012-12-07,1102.6700386678967
2012-12-10,1105.665007578139
2012-12-11,1106.103665650148
2012-12-12,1104.8932027092799
2012-12-13,1099.0893645497845
2012-12-14,1097.379820201278
2012-12-17,1097.8623454769165
2012-12-18,1102.3959829024554
2012-12-19,1102.5708089224179
2012-12-20,1105.476991021408
2012-12-21,1103.4386900563175
2012-12-24,1100.002884552818
2012-12-25,1101.018215876759
2012-12-26,1096.6797699786362
2012-12-27,1097.1093862510506
2012-12-28,1091.8203688248118
2012-12-31,1101.4314775803896
2013-01-01,1101.4800670827829
2013-01-02,1119.0367637729737
2013-01-03,1130.1435974265034
2013-01-04,1138.268158033957
2013-01-07,1130.782159719092
2013-01-08,1130.177477505901
2013-01-09,1136.4411584834975
2013-01-10,1129.139258100956
2013-01-11,1122.3202730994979
2013-01-14,1121.8669869335793
2013-01-15,1125.7515384797236
2013-01-16,1125.3937505916126
2013-01-17,1126.2630335013473
2013-01-18,1134.1342938264913
2013-01-21,1133.0672832119942
2013-01-22,1137.54773782184
2013-01-23,1137.5691788715123
2013-01-24,1134.7273824120412
2013-01-25,1134.7348201269322
2013-01-28,1133.136603636008
2013-01-29,1137.7647191876076
2013-01-30,1129.2734776102948
2013-01-31,1125.849656513508
2013-02-01,1123.5334426130778
2013-02-04,1124.5284313190227
2013-02-05,1129.656051196919
2013-02-06,1131.976575846211
2013-02-07,1140.164880598657
2013-02-08,1146.9554178479714
2013-02-11,1141.6226837755892
2013-02-12,1140.9194627722993
2013-02-13,1143.989016120241
2013-02-14,1150.6173483029932
2013-02-15,1147.0310437774492
2013-02-18,1149.4126780234012
2013-02-19,1156.9852725152207
2013-02-20,1151.5150105524826
2013-02-21,1149.2572801721178
2013-02-22,1163.7488092085637
2013-02-25,1154.3603609220477
2013-02-26,1161.419746990304
2013-02-27,1167.9899562965265
2013-02-28,1177.093484548966
2013-03-01,1183.7602708966822
2013-03-04,1183.0629397736338
2013-03-05,1195.029477566831
2013-03-06,1202.0853660658481
2013-03-07,1195.570058165603
2013-03-08,1209.2709343923548
2013-03-11,1210.9115810934832
2013-03-12,1209.113513927054
2013-03-13,1213.2729517988334
2013-03-14,1218.2835255225193
2013-03-15,1213.6883453524938
2013-03-18,1211.6642532941944
2013-03-19,1216.099762069731
2013-03-20,1215.3157228024618
2013-03-21,1210.5505241797728
2013-03-22,1208.249955983614
2013-03-25,1216.667801654589
2013-03-26,1224.810292057679
2013-03-27,1231.2234756314951
2013-03-28,1231.4380461631297
2013-03-29,1231.4503781243443
2013-04-01,1225.119496498454
2013-04-02,1231.9843049180397
2013-04-03,1224.2935433858584
2013-04-04,1219.0160514970737
2013-04-05,1199.7962144027506
2013-04-08,1205.452613763922
2013-04-09,1206.6238916302561
2013-04-10,1219.1907100351875
2013-04-11,1225.8449983701007
2013-04-12,1222.791060755819
2013-04-15,1205.4140847327385
2013-04-16,1206.833602765763
2013-04-17,1202.5380863673527
2013-04-18,1194.3389273837581
2013-04-19,1199.7823146083797
2013-04-22,1205.8479178526677
2013-04-23,1218.100296046618
2013-04-24,1223.024293727722
2013-04-25,1230.4071596754532
2013-04-26,1227.9891956531794
2013-04-29,1230.7644652532456
2013-04-30,1229.0069863610427
2013-05-01,1220.7878141669853
2013-05-02,1234.4184203898812
2013-05-03,1240.7401969618238
2013-05-06,1244.4341365322043
2013-05-07,1249.948977992973
2013-05-08,1251.4843984888203
2013-05-09,1253.375149201747
2013-05-10,1264.2400824261238
2013-05-13,1264.6505017268614
2013-05-14,1272.797169310335
2013-05-15,1288.3672971159274
2013-05-16,1283.079846240928
2013-05-17,1294.1129455243445
2013-05-20,1294.1440889516912
2013-05-21,1295.5400682838595
2013-05-22,1288.7506267820952
2013-05-23,1268.127290689605
2013-05-24,1265.0903294132484
2013-05-27,1260.8836106441493
2013-05-28,1273.8984914745745
2013-05-29,1255.1070409546949
2013-05-30,1246.8821346690909
2013-05-31,1240.5270213891533
2013-06-03,1232.4190296984766
2013-06-04,1230.65085048043
2013-06-05,1209.7010387503951
2013-06-06,1201.298866260857
2013-06-07,1210.876027441669
2013-06-10,1215.1665004164843
2013-06-11,1200.0003162566131
2013-06-12,1191.4531219386413
2013-06-13,1197.4296167462105
2013-06-14,1196.4198915777617
2013-06-17,1206.3338549214614
2013-06-18,1205.308058397062
2013-06-19,1198.7666532968055
2013-06-20,1176.1145458017368
2013-06-21,1176.8319435662731
2013-06-24,1165.8728755674108
2013-06-25,1177.5685764058276
2013-06-26,1196.9880723717447
2013-06-27,1208.4367185912859
2013-06-28,1210.5931283635136
2013-07-01,1215.4064160742894
2013-07-02,1215.941478669127
2013-07-03,1216.5355883320603
2013-07-04,1229.0599566523324
2013-07-05,1235.0498758730614
2013-07-08,1234.8720323829186
2013-07-09,1252.9028349123691
2013-07-10,1251.759090485589
2013-07-11,1252.9769543948673
2013-07-12,1254.0276962167
2013-07-15,1256.9864409643292
2013-07-16,1247.7167384943202
2013-07-17,1253.079827772118
2013-07-18,1258.1626250677837
2013-07-19,1255.2153418154207
2013-07-22,1254.5542695454624
2013-07-23,1251.9288437471535
2013-07-24,1248.4941591959705
2013-07-25,1249.3588183313075
2013-07-26,1245.7313371178866
2013-07-29,1240.523578801053
2013-07-30,1241.217079900268
2013-07-31,1234.6219448328238
2013-08-01,1252.5895930489387
2013-08-02,1254.9467249887425
2013-08-05,1256.4134528506866
2013-08-06,1248.4670802464348
2013-08-07,1239.8034046969897
2013-08-08,1240.7140677152756
2013-08-09,1243.554499944014
2013-08-12,1247.386592899147
2013-08-13,1255.820800085442
2013-08-14,1252.6598822342314
2013-08-15,1238.0513157679543
2013-08-16,1230.3129053710493
2013-08-19,1223.1628222952322
2013-08-20,1213.7614066242086
2013-08-21,1210.2405393362812
2013-08-22,1216.5258196450175
2013-08-23,1220.7583129930201
2013-08-26,1219.8720414348531
2013-08-27,1202.431306046725
2013-08-28,1201.7481079260713
2013-08-29,1216.7787546477903
2013-08-30,1215.311540560758
2013-09-02,1223.48023799158
2013-09-03,1228.3173327824024
2013-09-04,1233.0727812105918
2013-09-05,1241.3925059096782
2013-09-06,1242.90457516886
2013-09-09,1246.7543236647577
2013-09-10,1258.1067833052384
2013-09-11,1259.923037280796
2013-09-12,1258.0663573615905
2013-09-13,1261.9429553200027
2013-09-16,1265.5112985570297
2013-09-17,1265.4965374233195
2013-09-18,1275.5882292839626
2013-09-19,1268.7337603105768
2013-09-20,1263.229929660966
2013-09-23,1262.1084447890535
2013-09-24,1261.316045594188
2013-09-25,1258.7249963452184
2013-09-26,1263.1772974139897
2013-09-27,1255.204181387792
2013-09-30,1246.2633402098134
2013-10-01,1254.5682588304867
2013-10-02,1245.9535505843696
2013-10-03,1238.9881126688986
2013-10-04,1243.7996583295014
2013-10-07,1236.4169059944238
2013-10-08,1225.643885584657
2013-10-09,1230.6022964030876
2013-10-10,1250.5692641666778
2013-10-11,1257.8254414144747
2013-10-14,1259.5259860053811
2013-10-15,1265.1245264507884
2013-10-16,1275.2465735030378
2013-10-17,1270.4637685494492
2013-10-18,1275.6522277386018
2013-10-21,1277.9282480833192
2013-10-22,1278.8657903808187
2013-10-23,1271.343748924361
2013-10-24,1273.0309269926893
2013-10-25,1271.9131775159958
2013-10-28,1275.196490930714
2013-10-29,1280.4490054887162
2013-10-30,1278.6481584617597
2013-10-31,1287.3907416340373
2013-11-01,1293.573978915487
2013-11-04,1294.8635482448321
2013-11-05,1293.3941332502202
2013-11-06,1294.8478876920922
2013-11-07,1293.817463395622
2013-11-08,1299.1226508013533
2013-11-11,1296.4779354725745
2013-11-12,1292.8409289439574
2013-11-13,1296.966454858537
2013-11-14,1299.9794586805747
2013-11-15,1306.5378626821628
2013-11-18,1304.9292275284083
2013-11-19,1300.2762374438867
2013-11-20,1302.635566425329
2013-11-21,1304.4145107701454
2013-11-22,1303.28452546926
2013-11-25,1305.963348639322
2013-11-26,1299.5248711116942
2013-11-27,1300.7798830614809
2013-11-28,1302.2079624576588
2013-11-29,1300.4086554427904
2013-12-02,1299.5210960793493
2013-12-03,1289.6299075934783
2013-12-04,1283.5508738334488
2013-12-05,1270.2979957886164
2013-12-06,1278.5936350063273
2013-12-09,1279.574934788699
2013-12-10,1271.236843614981
2013-12-11,1259.414334883094
2013-12-12,1251.1710131871537
2013-12-13,1253.2267500637886
2013-12-16,1258.501539574393
2013-12-17,1257.835700047866
2013-12-18,1269.284435558534
2013-12-19,1283.659344656417
2013-12-20,1289.064463071701
2013-12-23,1293.9443671322417
2013-12-24,1299.6664394098207
2013-12-25,1299.8660441164777
2013-12-26,1301.1793584939032
2013-12-27,1300.2072049976862
2013-12-30,1301.0077294833588
2013-12-31,1306.8520844177647
2014-01-01,1306.8009614786945
2014-01-02,1305.352894265635
2014-01-03,1310.501434671961
2014-01-06,1302.1897287187653
2014-01-07,1309.3494695992501
2014-01-08,1311.412887211403
2014-01-09,1309.0227341698637
2014-01-10,1308.7294215915097
2014-01-13,1304.7312412449721
2014-01-14,1303.1644833125958
2014-01-15,1317.6330753712255
2014-01-16,1316.862922866784
2014-01-17,1320.1132022688378
2014-01-20,1319.1669580449493
2014-01-21,1322.0091025642903
2014-01-22,1322.2966534590246
2014-01-23,1301.0709948644576
2014-01-24,1277.4984361574584
2014-01-27,1263.083469055644
2014-01-28,1268.2947700903749
2014-01-29,1265.595691145627
2014-01-30,1273.7919957280224
2014-01-31,1275.4025681380608
2014-02-03,1254.8137902059934
2014-02-04,1252.293606590924
2014-02-05,1253.179434894234
2014-02-06,1264.1290797885715
2014-02-07,1275.2688477489992
2014-02-10,1276.6664427398623
2014-02-11,1286.0477468140778
2014-02-12,1298.0698799828706
2014-02-13,1293.7519243361946
2014-02-14,1298.4072517051684
2014-02-17,1300.7106426776156
2014-02-18,1300.555748053987
2014-02-19,1297.5000326237332
2014-02-20,1300.3986650904292
2014-02-21,1302.389700205244
2014-02-24,1310.7049547582421
2014-02-25,1312.0840902047212
2014-02-26,1314.5048112298684
2014-02-27,1314.2803898525403
2014-02-28,1307.9653379866782
2014-03-03,1294.4144083544418
2014-03-04,1313.4752931212272
2014-03-05,1315.1226343965418
2014-03-06,1313.4547059789559
2014-03-07,1307.9195168308163
2014-03-10,1300.1062220799402
2014-03-11,1300.8473019111852
2014-03-12,1291.5934931891509
2014-03-13,1279.8980012876427
2014-03-14,1270.2688175160986
2014-03-17,1279.7766958083137
2014-03-18,1288.9675872096632
2014-03-19,1284.2517705273872
2014-03-20,1290.488858558975
2014-03-21,1289.505072428838
2014-03-24,1286.287714486531
2014-03-25,1296.7575042780306
2014-03-26,1297.4096509736532
2014-03-27,1302.648459242765
2014-03-28,1308.4000975055096
2014-03-31,1315.8075358038063
2014-04-01,1321.83184250622
2014-04-02,1327.5765246578005
2014-04-03,1330.8377525081853
2014-04-04,1328.595584393851
2014-04-07,1313.8352112223076
2014-04-08,1312.341647954153
2014-04-09,1316.0220040439735
2014-04-10,1299.8474143551298
2014-04-11,1286.6040548161172
2014-04-14,1296.5797807702363
2014-04-15,1296.3242178418657
2014-04-16,1309.42215204109
2014-04-17,1309.8265902883659
2014-04-18,1311.109656731518
2014-04-21,1314.3306223626944
2014-04-22,1320.6740073931192
2014-04-23,1316.8701269252342
2014-04-24,1317.847806064531
2014-04-25,1309.2749343469106
2014-04-28,1308.3387088175778
2014-04-29,1319.265673166511
2014-04-30,1319.6494381428654
2014-05-01,1321.1367445570445
2014-05-02,1321.0681112221591
2014-05-05,1319.4534117830476
2014-05-06,1312.4996795241982
2014-05-07,1314.4367891679728
2014-05-08,1324.4374557529127
2014-05-09,1333.5977687580623
2014-05-12,1341.2534757003289
2014-05-13,1349.8298840287305
2014-05-14,1348.5780856120225
2014-05-15,1340.528085024382
2014-05-16,1343.343411930548
2014-05-19,1343.7827660893727
2014-05-20,1339.346053725246
2014-05-21,1347.2119423235656
2014-05-22,1353.698508821912
2014-05-23,1360.0759966545384
2014-05-26,1362.0358409504536
2014-05-27,1367.7012143853374
2014-05-28,1368.0166360584983
2014-05-29,1370.2907484723873
2014-05-30,1365.826514277797
2014-06-02,1373.4148478019702
2014-06-03,1371.410386117124
2014-06-04,1372.1226933054998
2014-06-05,1378.1120218902263
2014-06-06,1383.887600738159
2014-06-09,1389.5321868467338
2014-06-10,1394.1948067815315
2014-06-11,1393.940993773201
2014-06-12,1388.8840768599835
2014-06-13,1390.8293797142123
2014-06-16,1385.7382806573821
2014-06-17,1390.1157559613823
2014-06-18,1391.679727093498
2014-06-19,1395.070003392498
2014-06-20,1399.0018418534426
2014-06-23,1395.9599427308967
2014-06-24,1390.741577764763
2014-06-25,1385.853454190201
2014-06-26,1391.3862287074674
2014-06-27,1389.5971802872652
2014-06-30,1388.1069300589038
2014-07-01,1396.935293719413
2014-07-02,1402.6293629703746
2014-07-03,1413.0292343903368
2014-07-04,1415.610679083941
2014-07-07,1409.323963183568
2014-07-08,1399.8966653500115
2014-07-09,1400.7190269669816
2014-07-10,1395.963797215094
2014-07-11,1396.2612671075815
2014-07-14,1401.5222542605843
2014-07-15,1404.307550016194
2014-07-16,1414.9415710070332
2014-07-17,1405.8069890297916
2014-07-18,1413.441804196008
2014-07-21,1409.3155262627904
2014-07-22,1424.5804045211892
2014-07-23,1426.370286306405
2014-07-24,1426.2144409152697
2014-07-25,1425.1821948833897
2014-07-28,1425.387298877844
2014-07-29,1425.861272694938
2014-07-30,1426.4244190017587
2014-07-31,1404.7057021684373
2014-08-01,1392.664797308456
2014-08-04,1398.0327161912642
2014-08-05,1394.4297272842118
2014-08-06,1390.703133796214
2014-08-07,1384.2240297868507
2014-08-08,1379.9597570540307
2014-08-11,1394.2094319430062
2014-08-12,1396.7238898014095
2014-08-13,1401.4580396759336
2014-08-14,1407.3791945390724
2014-08-15,1406.5430612034643
2014-08-18,1418.524494340297
2014-08-19,1429.091767428042
2014-08-20,1432.9467599461982
2014-08-21,1437.8806296613536
2014-08-22,1440.1604358046436
2014-08-25,1451.7714838142992
2014-08-26,1454.3539454029442
2014-08-27,1456.9483846398484
2014-08-28,1456.2554903413832
2014-08-29,1458.7754837840034
2014-09-01,1463.6654416035583
2014-09-02,1464.040527710663
2014-09-03,1469.2569025678984
2014-09-04,1484.9968334763464
2014-09-05,1485.2390961757455
2014-09-08,1481.4388471283994
2014-09-09,1476.0513519417916
2014-09-10,1475.80991722507
2014-09-11,1473.285199797283
2014-09-12,1466.4901742566892
2014-09-15,1462.2726326521663
2014-09-16,1465.3292014463698
2014-09-17,1466.9256231920206
2014-09-18,1477.7588271410632
2014-09-19,1484.0288248773618
2014-09-22,1475.3631153491767
2014-09-23,1461.4453605969127
2014-09-24,1474.491885710406
2014-09-25,1465.2085402875875
2014-09-26,1474.2560121626332
2014-09-29,1471.2127563268634
2014-09-30,1472.5712563189672
2014-10-01,1461.5474062418964
2014-10-02,1445.2998920067191
2014-10-03,1466.9494062882602
2014-10-06,1466.0913028756222
2014-10-07,1445.2168282899256
2014-10-08,1444.8951832489681
2014-10-09,1428.8872695704508
2014-10-10,1415.025879655285
2014-10-13,1398.466083510115
2014-10-14,1397.501964649469
2014-10-15,1379.178755543019
2014-10-16,1374.4812179802939
2014-10-17,1392.9833150429313
2014-10-20,1399.4677492892774
2014-10-21,1421.839055132391
2014-10-22,1427.2801891785764
2014-10-23,1437.238892642671
2014-10-24,1442.2372330133037
2014-10-27,1439.26178758313
2014-10-28,1450.2514681288087
2014-10-29,1451.8804569491601
2014-10-30,1470.6492938715514
2014-10-31,1494.6734557903103
2014-11-03,1491.2309857512846
2014-11-04,1482.1185870901886
2014-11-05,1497.8463013288044
2014-11-06,1503.8271197885074
2014-11-07,1504.8829217888583
2014-11-10,1508.3850768852578
2014-11-11,1514.2606797505284
2014-11-12,1507.3212359958202
2014-11-13,1507.028084311262
2014-11-14,1507.3374965138553
2014-11-17,1507.2600354160375
2014-11-18,1509.9192211469062
2014-11-19,1506.1052944160713
2014-11-20,1506.2129829381367
2014-11-21,1531.7980107607852
2014-11-24,1531.1149929643109
2014-11-25,1529.1587283630734
2014-11-26,1527.6290944756136
2014-11-27,1531.532633275738
2014-11-28,1529.4116347720762
2014-12-01,1518.908716690375
2014-12-02,1533.218599782602
2014-12-03,1547.320529843642
2014-12-04,1531.0092761052224
2014-12-05,1548.364282223167
2014-12-08,1537.808017921074
2014-12-09,1519.4391992710441
2014-12-10,1501.3533336743997
2014-12-11,1504.282802493679
2014-12-12,1474.9140158044702
2014-12-15,1461.6188714142393
2014-12-16,1451.801790724209
2014-12-17,1478.0541185422553
2014-12-18,1522.1793857717116
2014-12-19,1533.3086089964504
2014-12-22,1537.8613357575477
2014-12-23,1546.7505618744392
2014-12-24,1546.9059728368577
2014-12-25,1546.5111211458786
2014-12-26,1552.7567505640518
2014-12-29,1554.9724544452247
2014-12-30,1547.5640520704126
2014-12-31,1547.6615257620933
2015-01-01,1547.5939631394913
2015-01-02,1550.7178045116536
2015-01-05,1535.494603750901
2015-01-06,1521.3523562823987
2015-01-07,1543.3022473427718
2015-01-08,1573.582528231029
2015-01-09,1562.0021556515173
2015-01-12,1558.2563035541461
2015-01-13,1565.7059450441393
2015-01-14,1554.9891510291236
2015-01-15,1583.3123900611413
2015-01-16,1605.3101163501274
2015-01-19,1593.7125101542717
2015-01-20,1604.6444541371143
2015-01-21,1613.1758700859195
2015-01-22,1651.2781779234008
2015-01-23,1674.725481744812
2015-01-26,1677.2690440910933
2015-01-27,1651.4941208950634
2015-01-28,1644.0818944492785
2015-01-29,1643.4861611861004
2015-01-30,1634.6366816886416
2015-02-02,1640.8802037424161
2015-02-03,1646.1208651919105
2015-02-04,1649.572987295194
2015-02-05,1660.6288284465631
2015-02-06,1664.8275988991838
2015-02-09,1658.233140279866
2015-02-10,1668.2819620576695
2015-02-11,1667.1659421665188
2015-02-12,1676.560232650259
2015-02-13,1683.722820863909
2015-02-16,1682.5623148720933
2015-02-17,1685.0155114226764
2015-02-18,1696.315299773381
2015-02-19,1695.4957045073481
2015-02-20,1705.0068136882542
2015-02-23,1708.9833592391403
2015-02-24,1715.2377805038877
2015-02-25,1716.5156564314505
2015-02-26,1734.578042151129
2015-02-27,1733.5885782890714
2015-03-02,1739.6600372260582
2015-03-03,1735.3907595940334
2015-03-04,1743.9378912256645
2015-03-05,1754.7115922940832
2015-03-06,1762.3816631062832
2015-03-09,1761.2818194696476
2015-03-10,1754.617278148676
2015-03-11,1772.178343629939
2015-03-12,1784.419292966034
2015-03-13,1790.2833097803825
2015-03-16,1800.4456917414861
2015-03-17,1794.9630095339662
2015-03-18,1806.3103324770252
2015-03-19,1810.6614681487556
2015-03-20,1808.7621603015996
2015-03-23,1790.4118288828588
2015-03-24,1789.1163667729388
2015-03-25,1760.5131582517902
2015-03-26,1756.2222329978395
2015-03-27,1762.2676558267017
2015-03-30,1782.1279084231346
2015-03-31,1786.4901159838573
2015-04-01,1781.055799021966
2015-04-02,1773.7985913177213
2015-04-03,1775.5352944253198
2015-04-06,1765.9012239711647
2015-04-07,1793.3719820314177
2015-04-08,1810.5061907967527
2015-04-09,1833.7542880809206
2015-04-10,1849.5253181400883
2015-04-13,1851.5221330788313
2015-04-14,1838.417248731918
2015-04-15,1854.8490126696295
2015-04-16,1843.9186856739298
2015-04-17,1811.4734054680873
2015-04-20,1823.6253980774586
2015-04-21,1830.6427295346616
2015-04-22,1837.063573336011
2015-04-23,1830.4920185056756
2015-04-24,1824.4611099494264
2015-04-27,1824.450201998299
2015-04-28,1809.5716805023958
2015-04-29,1775.4930619323536
2015-04-30,1748.0739596646656
2015-05-01,1752.7310751041584
2015-05-04,1765.3921746747292
2015-05-05,1746.5296773165383
2015-05-06,1720.8116482527714
2015-05-07,1727.6474566980087
2015-05-08,1756.4603275309232
2015-05-11,1765.0382802599502
2015-05-12,1745.9728713660556
2015-05-13,1738.1970587295186
2015-05-14,1745.4642561055687
2015-05-15,1742.7674860622699
2015-05-18,1754.9013012438768
2015-05-19,1786.9351513525892
2015-05-20,1790.5134102250172
2015-05-21,1793.1217670752853
2015-05-22,1803.8875343231282
2015-05-25,1804.8005840019405
2015-05-26,1802.510043879918
2015-05-27,1815.8915634054972
2015-05-28,1805.0689760279713
2015-05-29,1786.1481411994234
2015-06-01,1795.2884183084
2015-06-02,1759.9051911438712
2015-06-03,1743.8556280025314
2015-06-04,1726.204897953808
2015-06-05,1738.614177682579
2015-06-08,1716.1711702742389
2015-06-09,1709.6131449959441
2015-06-10,1726.561891026558
2015-06-11,1740.683247012213
2015-06-12,1725.8912489072661
2015-06-15,1717.0890811931972
2015-06-16,1726.4937389968327
2015-06-17,1726.5028700437076
2015-06-18,1719.268281674237
2015-06-19,1725.8607775060286
2015-06-22,1736.5989396331345
2015-06-23,1769.0311014586728
2015-06-24,1759.502270103817
2015-06-25,1755.171334279615
2015-06-26,1757.9008165898106
2015-06-29,1718.911373608353
2015-06-30,1720.749721897365
2015-07-01,1738.5727989198504
2015-07-02,1738.3962910950743
2015-07-03,1736.0523257708699
2015-07-06,1723.7095362470764
2015-07-07,1739.0463079429624
2015-07-08,1701.0801682398753
2015-07-09,1714.6925662012204
2015-07-10,1716.9316831316582
2015-07-13,1755.718039102706
2015-07-14,1766.8798991956437
2015-07-15,1773.5125495244424
2015-07-16,1792.8638123907472
2015-07-17,1796.5607709723602
2015-07-20,1794.0214324239987
2015-07-21,1779.4839871055838
2015-07-22,1774.1868186061743
2015-07-23,1756.2819107458042
2015-07-24,1738.9270827428181
2015-07-27,1706.2160393408149
2015-07-28,1726.7102067293536
2015-07-29,1741.9107221070517
2015-07-30,1757.7613332241617
2015-07-31,1746.7797319177268
2015-08-03,1756.026436081351
2015-08-04,1758.3658542252779
2015-08-05,1772.0646080812035
2015-08-06,1754.4963898837595
2015-08-07,1745.0456370211637
2015-08-10,1756.0561414966949
2015-08-11,1729.6357224137819
2015-08-12,1696.051284728875
2015-08-13,1705.9954532467955
2015-08-14,1710.5307736077946
2015-08-17,1719.8179503179238
2015-08-18,1721.1526431215689
2015-08-19,1700.8120597024217
2015-08-20,1651.780227295339
2015-08-21,1595.5654735281864
2015-08-24,1501.859734528281
2015-08-25,1523.0304605222007
2015-08-26,1547.088676289174
2015-08-27,1603.5137945226497
2015-08-28,1610.9035963997096
2015-08-31,1603.253412520828
2015-09-01,1554.6960356299735
2015-09-02,1568.9764435606373
2015-09-03,1597.1534185685618
2015-09-04,1567.5613114820662
2015-09-07,1562.2372544909651
2015-09-08,1582.3217769458477
2015-09-09,1592.034752530359
2015-09-10,1580.5654426036735
2015-09-11,1572.6762247298325
2015-09-14,1566.6159759819318
2015-09-15,1578.9837898023554
2015-09-16,1597.4729664869806
2015-09-17,1595.7299598767227
2015-09-18,1569.0206611850792
2015-09-21,1589.9490016684538
2015-09-22,1572.449479986016
2015-09-23,1562.945504433923
2015-09-24,1533.5299062267256
2015-09-25,1559.4807523269549
2015-09-28,1527.3177149423416
2015-09-29,1516.7851161552476
2015-09-30,1555.6920270453868
2015-10-01,1555.5742028830455
2015-10-02,1560.7578862537034
2015-10-05,1600.7471567015987
2015-10-06,1598.956040569597
2015-10-07,1613.5192765132026
2015-10-08,1619.4506870962186
2015-10-09,1619.8996185121591
2015-10-12,1617.9509094494072
2015-10-13,1603.7717099241404
2015-10-14,1587.8222277259088
2015-10-15,1616.7214770022572
2015-10-16,1625.568315936583
2015-10-19,1633.338668299247
2015-10-20,1626.4911212089464
2015-10-21,1620.7866418104438
2015-10-22,1666.3079730302409
2015-10-23,1699.1959469568997
2015-10-26,1693.9149800897794
2015-10-27,1683.339029332718
2015-10-28,1694.7426963602545
2015-10-29,1702.2226693598038
2015-10-30,1688.9213265513115
2015-11-02,1697.784056463019
2015-11-03,1714.3543645430666
2015-11-04,1724.761066567738
2015-11-05,1718.7303373231068
2015-11-06,1727.3903721415265
2015-11-09,1717.389127315275
2015-11-10,1722.8816785468925
2015-11-11,1721.300057588075
2015-11-12,1699.8680458284355
2015-11-13,1685.8377091986324
2015-11-16,1697.7829431853427
2015-11-17,1719.3684164121864
2015-11-18,1730.0987935833411
2015-11-19,1730.2151666563354
2015-11-20,1746.1176343482036
2015-11-23,1748.8916752446448
2015-11-24,1741.5591755332662
2015-11-25,1752.398017005833
2015-11-26,1756.2866893347475
2015-11-27,1754.8210768996798
2015-11-30,1753.441135950172
2015-12-01,1762.0406560592767
2015-12-02,1754.8071817752557
2015-12-03,1691.617740666639
2015-12-04,1697.4814944479053
2015-12-07,1697.998063890324
2015-12-08,1679.3458207288681
2015-12-09,1659.4240158747732
2015-12-10,1658.720648801968
2015-12-11,1625.2415678134578
2015-12-14,1616.4631719868519
2015-12-15,1646.1414064368792
2015-12-16,1664.176111120069
2015-12-17,1672.4619552022384
2015-12-18,1648.039634572434
2015-12-21,1641.9330349060394
2015-12-22,1646.2642871307382
2015-12-23,1678.8518635780672
2015-12-24,1670.209499019243
2015-12-25,1670.1089369082388
2015-12-28,1667.0986551211354
2015-12-29,1691.0173615581514
2015-12-30,1681.0817832021464
2015-12-31,1677.0979313658538
2016-01-01,1677.0440573450314
2016-01-04,1651.148042137957
2016-01-05,1665.5469770990685
2016-01-06,1640.710784451682
2016-01-07,1595.045917159329
2016-01-08,1573.633423285663
2016-01-11,1573.3858684603392
2016-01-12,1581.123572413774
2016-01-13,1566.676278047443
2016-01-14,1566.3952824941562
2016-01-15,1522.335839590553
2016-01-18,1526.7852675504394
2016-01-19,1531.6608369552541
2016-01-20,1502.7359848323963
2016-01-21,1518.8087446248771
2016-01-22,1557.4577865101953
2016-01-25,1544.098543958699
2016-01-26,1552.7677579892395
2016-01-27,1551.182552612645
2016-01-28,1541.5101561987851
2016-01-29,1592.656708467498
2016-02-01,1589.6187901068015
2016-02-02,1559.436453254638
2016-02-03,1540.5224133451065
2016-02-04,1536.1042049529663
2016-02-05,1515.5020900404593
2016-02-08,1489.4494764526669
2016-02-09,1458.5628740563095
2016-02-10,1471.8487596417763
2016-02-11,1438.6059858989213
2016-02-12,1463.190688491859
2016-02-15,1496.338237121873
2016-02-16,1509.2544154375264
2016-02-17,1534.7369250456888
2016-02-18,1545.1504903047053
2016-02-19,1536.4113673390718
2016-02-22,1565.6583479966287
2016-02-23,1549.108793508384
2016-02-24,1540.055572141426
2016-02-25,1559.7049097914771
2016-02-26,1573.5466693083627
2016-02-29,1577.9431033615992
2016-03-01,1607.0694413120505
2016-03-02,1626.1934094851963
2016-03-03,1622.1163611050263
2016-03-04,1621.2081207203296
2016-03-07,1627.902108578187
2016-03-08,1606.3378444838615
2016-03-09,1617.869949742074
2016-03-10,1595.5132786229321
2016-03-11,1621.764174706169
2016-03-14,1632.7549186200665
2016-03-15,1621.9839455370113
2016-03-16,1631.2181858036436
2016-03-17,1624.878837170847
2016-03-18,1630.486578932515
2016-03-21,1633.9989908758619
2016-03-22,1638.9213013769424
2016-03-23,1632.340807176369
2016-03-24,1626.2049389205245
2016-03-25,1627.167636806815
2016-03-28,1623.741564785741
2016-03-29,1637.5357184324541
2016-03-30,1631.9594660247726
2016-03-31,1624.8772092538813
2016-04-01,1620.8835742595145
2016-04-04,1618.8396695711479
2016-04-05,1598.7011415427653
2016-04-06,1609.6623612434016
2016-04-07,1600.525055339644
2016-04-08,1607.7833099355303
2016-04-11,1604.2615657931092
2016-04-12,1625.2195889068078
2016-04-13,1659.0136250423432
2016-04-14,1668.1542664277715
2016-04-15,1663.3015405743413
2016-04-18,1664.407050434494
2016-04-19,1675.9567173434539
2016-04-20,1681.7783969476711
2016-04-21,1685.9332813642593
2016-04-22,1685.7098424364485
2016-04-25,1679.073109649942
2016-04-26,1676.096437753045
2016-04-27,1676.4665341481927
2016-04-28,1665.378360292125
2016-04-29,1636.4498938936565
2016-05-02,1630.6071213824762
2016-05-03,1612.2391158678909
2016-05-04,1602.4617659742644
2016-05-05,1613.8055004743508
2016-05-06,1612.7575059230562
2016-05-09,1615.7898804854308
2016-05-10,1634.6222127296762
2016-05-11,1621.6151015954397
2016-05-12,1624.8868037128934
2016-05-13,1625.5207517715444
2016-05-16,1631.8390308529472
2016-05-17,1626.6400767967953
2016-05-18,1632.6655840252693
2016-05-19,1629.5113002260557
2016-05-20,1641.8891117113935
2016-05-23,1640.947945620776
2016-05-24,1664.6687689988544
2016-05-25,1682.2816814816251
2016-05-26,1679.698787147022
2016-05-27,1693.831528872037
2016-05-30,1693.036800272848
2016-05-31,1693.535325749019
2016-06-01,1686.0132571208812
2016-06-02,1687.2108303212342
2016-06-03,1668.6909199185675
2016-06-06,1673.2940811634799
2016-06-07,1683.6835522396796
2016-06-08,1683.653422045879
2016-06-09,1682.3713056877027
2016-06-10,1662.5139624552296
2016-06-13,1640.697490749572
2016-06-14,1636.5486301050476
2016-06-15,1636.0827119732735
2016-06-16,1641.0697152557684
2016-06-17,1637.8146560700604
2016-06-20,1656.4333868177494
2016-06-21,1672.449765886662
2016-06-22,1670.9577744926469
2016-06-23,1682.8152655855574
2016-06-24,1630.7886542085691
2016-06-27,1609.7348952015006
2016-06-28,1629.4591141265646
2016-06-29,1660.9901218449024
2016-06-30,1680.1004528084002
2016-07-01,1685.3919010989234
2016-07-04,1686.0084443891815
2016-07-05,1672.6820971946704
2016-07-06,1669.7030845913357
2016-07-07,1674.5944076849871
2016-07-08,1698.3308506155706
2016-07-11,1713.8473021498742
2016-07-12,1725.9338873518418
2016-07-13,1724.888288784913
2016-07-14,1732.4010585968463
2016-07-15,1735.53543907728
2016-07-18,1737.3411365011455
2016-07-19,1739.8519274369442
2016-07-20,1752.9353086600452
2016-07-21,1752.6728000267644
2016-07-22,1758.0807065358185
2016-07-25,1758.7626196859972
2016-07-26,1759.833044239974
2016-07-27,1755.287110954344
2016-07-28,1742.7792223870654
2016-07-29,1740.773143208807
2016-08-01,1741.4853466537338
2016-08-02,1724.2923134610578
2016-08-03,1727.6292287521671
2016-08-04,1740.0550732740744
2016-08-05,1757.726346390697
2016-08-08,1762.266884775498
2016-08-09,1766.6489979640617
2016-08-10,1760.4132912006282
2016-08-11,1766.114852135393
2016-08-12,1766.3212657727918
2016-08-15,1767.4677789982882
2016-08-16,1749.7021654965022
2016-08-17,1746.6481385659613
2016-08-18,1744.5248297768142
2016-08-19,1740.5196138396516
2016-08-22,1738.7564150030946
2016-08-23,1748.3830210177496
2016-08-24,1751.6186638242846
2016-08-25,1745.4946914726302
2016-08-26,1744.2929044898838
2016-08-29,1758.0885205316329
2016-08-30,1759.6900942873945
2016-08-31,1755.9852032681817
2016-09-01,1750.470341422843
2016-09-02,1767.413254836809
2016-09-05,1774.520710019151
2016-09-06,1769.8391852632617
2016-09-07,1772.184461572558
2016-09-08,1761.2591461277186
2016-09-09,1731.67113257137
2016-09-12,1733.9684952782466
2016-09-13,1710.3245213613318
2016-09-14,1705.8482209764295
2016-09-15,1719.3295142684835
2016-09-16,1725.7216798018683
2016-09-19,1734.2663617862584
2016-09-20,1737.570309082721
2016-09-21,1759.7371315398684
2016-09-22,1764.7865069700913
2016-09-23,1757.8896579004663
2016-09-26,1735.9979036286616
2016-09-27,1751.9705677924262
2016-09-28,1760.0580587020709
2016-09-29,1750.3613091613893
2016-09-30,1753.2194641780097
2016-10-03,1753.4392539125972
2016-10-04,1757.138070075612
2016-10-05,1751.3864527460842
2016-10-06,1752.4044901516575
2016-10-07,1744.2266972609075
2016-10-10,1753.7481892595822
2016-10-11,1750.016356299152
2016-10-12,1752.317989922173
2016-10-13,1741.3903048307118
2016-10-14,1751.3840589358774
2016-10-17,1745.7836195597295
2016-10-18,1764.4945923883276
2016-10-19,1769.7088662704589
2016-10-20,1773.0545930234289
2016-10-21,1781.634873827291
2016-10-24,1784.1620115831195
2016-10-25,1782.6080866751972
2016-10-26,1771.0269818427207
2016-10-27,1762.7760624703176
2016-10-28,1758.1461905209921
2016-10-31,1755.1612628961607
2016-11-01,1734.5185594977945
2016-11-02,1712.2135071379655
2016-11-03,1712.0558473106921
2016-11-04,1700.1153619248003
2016-11-07,1741.7127189047937
2016-11-08,1748.7997631056614
2016-11-09,1757.9258477835922
2016-11-10,1766.6502292698237
2016-11-11,1760.3470291025658
2016-11-14,1777.6228495020882
2016-11-15,1786.6304484241164
2016-11-16,1794.4750820661595
2016-11-17,1801.563610557245
2016-11-18,1806.4568151359247
2016-11-21,1809.3260305391868
2016-11-22,1820.2260150282275
2016-11-23,1825.833214584923
2016-11-24,1823.131978524703
2016-11-25,1826.0609467071329
2016-11-28,1824.351627455437
2016-11-29,1820.8775858642111
2016-11-30,1820.1044943236323
2016-12-01,1813.171085244599
2016-12-02,1803.1360236072103
2016-12-05,1801.8179622151085
2016-12-06,1809.1311749702033
2016-12-07,1826.2785758506918
2016-12-08,1857.9167084348173
2016-12-09,1877.7618034518553
2016-12-12,1866.718408977907
2016-12-13,1875.8340333245367
2016-12-14,1863.3321354453826
2016-12-15,1891.1786251134624
2016-12-16,1891.0869548705798
2016-12-19,1892.218227079548
2016-12-20,1904.5178363454957
2016-12-21,1892.245563622263
2016-12-22,1886.615746738293
2016-12-23,1886.1912465762255
2016-12-26,1885.470106621951
2016-12-27,1888.6911273070546
2016-12-28,1892.3070746024553
2016-12-29,1881.1879722474075
2016-12-30,1869.357294184296
2017-01-02,1870.6196778802957
2017-01-03,1903.4265855339456
2017-01-04,1903.665740552272
2017-01-05,1891.4719372302986
2017-01-06,1896.3740389366621
2017-01-09,1892.1531530017694
2017-01-10,1888.0976679356072
2017-01-11,1908.8597760067214
2017-01-12,1884.625631356712
2017-01-13,1893.6234219233231
2017-01-16,1891.480297854066
2017-01-17,1878.7784917357576
2017-01-18,1880.7090549977165
2017-01-19,1884.1897905225533
2017-01-20,1881.2518196781573
2017-01-23,1871.3023587621935
2017-01-24,1880.1070501641448
2017-01-25,1895.215289494945
2017-01-26,1906.648099522173
2017-01-27,1902.3360544625707
2017-01-30,1895.0056266064116
2017-01-31,1872.9008867301527
2017-02-01,1879.715421525052
2017-02-02,1872.9372937597127
2017-02-03,1887.1642124538243
2017-02-06,1886.880942711957
2017-02-07,1894.7450297276807
2017-02-08,1896.2065792772348
2017-02-09,1910.890790977459
2017-02-10,1926.2188578141916
2017-02-13,1939.426418111456
2017-02-14,1945.4711489320669
2017-02-15,1956.0130256523291
2017-02-16,1941.8359631791564
2017-02-17,1950.4542608632175
2017-02-20,1951.0501983335732
2017-02-21,1973.5663310570624
2017-02-22,1971.5802915284605
2017-02-23,1966.0491964343025
2017-02-24,1965.946947154941
2017-02-27,1956.5670614588173
2017-02-28,1950.6427478489484
2017-03-01,1978.0410599689867
2017-03-02,1977.3688348879518
2017-03-03,1967.646536453109
2017-03-06,1960.3982100921287
2017-03-07,1960.5035742092948
2017-03-08,1957.9842094263392
2017-03-09,1952.2838923242066
2017-03-10,1948.9879517380787
2017-03-13,1953.0892028603741
2017-03-14,1951.143022260587
2017-03-15,1965.4007883465122
2017-03-16,1959.4698323272441
2017-03-17,1960.7352231599868
2017-03-20,1958.7752067227582
2017-03-21,1938.2859305046122
2017-03-22,1936.2697935170363
2017-03-23,1942.6276000700766
2017-03-24,1940.9882368941367
2017-03-27,1927.5517129985762
2017-03-28,1943.8045463427893
2017-03-29,1964.8471834027998
2017-03-30,1970.8599347937748
2017-03-31,1972.024196423115
2017-04-03,1973.9782495827271
2017-04-04,1974.027846082643
2017-04-05,1970.5533554785902
2017-04-06,1973.044522582411
2017-04-07,1978.8807469570133
2017-04-10,1983.3678537790108
2017-04-11,1981.0008514962196
2017-04-12,1979.2768486382029
2017-04-13,1971.8779458051513
2017-04-14,1970.0049939525595
2017-04-17,1976.3239389807427
2017-04-18,1962.461803127274
2017-04-19,1956.5691485084037
2017-04-20,1959.252824384599
2017-04-21,1971.7193450451211
2017-04-24,1970.0793776994888
2017-04-25,1971.1743247443894
2017-04-26,1978.9119714370884
2017-04-27,1979.7635447134276
2017-04-28,1971.1840685500865
2017-05-01,1970.0472556624336
2017-05-02,1977.6390039165503
2017-05-03,1972.2637927704623
2017-05-04,1965.6668399410034
2017-05-05,1968.894465273206
2017-05-08,1979.5781804392957
2017-05-09,1983.210317317255
2017-05-10,1990.9293848484635
2017-05-11,1985.2958529919472
2017-05-12,1976.4462282222519
2017-05-15,1975.4583199938115
2017-05-16,1964.2861845759899
2017-05-17,1932.3918510463586
2017-05-18,1926.1829106876814
2017-05-19,1927.905050726758
2017-05-22,1930.379726828488
2017-05-23,1935.8494253431668
2017-05-24,1944.704102995148
2017-05-25,1947.8965500458874
2017-05-26,1952.2962250804806
2017-05-29,1953.1667903220468
2017-05-30,1953.2356013444053
2017-05-31,1943.4446940329553
2017-06-01,1955.7719760763287
2017-06-02,1960.476679147696
2017-06-05,1962.9392689479944
2017-06-06,1952.4452810418722
2017-06-07,1951.5277426532325
2017-06-08,1955.904166471547
2017-06-09,1961.0834659485156
2017-06-12,1953.8221927772881
2017-06-13,1965.0020512267215
2017-06-14,1955.354495158163
2017-06-15,1963.4110592532224
2017-06-16,1963.6807366113994
2017-06-19,1981.969771524437
2017-06-20,1974.3431229840176
2017-06-21,1967.8573310271909
2017-06-22,1967.9624342114764
2017-06-23,1966.131262413456
2017-06-26,1969.4845014039138
2017-06-27,1944.8301820057561
2017-06-28,1943.8242179298206
2017-06-29,1920.2046494799192
2017-06-30,1924.3622358555106
2017-07-03,1934.2056111921397
2017-07-04,1935.694413999442
2017-07-05,1939.6099043150384
2017-07-06,1915.2290934361524
2017-07-07,1920.7748493401177
2017-07-10,1926.681503159126
2017-07-11,1921.3929792102367
2017-07-12,1938.5899904011108
2017-07-13,1947.7569288722964
2017-07-14,1954.4251053579367
2017-07-17,1953.443660060969
2017-07-18,1936.2325344563965
2017-07-19,1955.943426087399
2017-07-20,1943.0994399845338
2017-07-21,1934.9027772972945
2017-07-24,1932.9868125201785
2017-07-25,1937.022837689573
2017-07-26,1940.9298522951797
2017-07-27,1937.0073726475532
2017-07-28,1922.872547884036
2017-07-31,1916.9065962123566
2017-08-01,1920.5878902556608
2017-08-02,1912.3571219519672
2017-08-03,1908.0167153570214
2017-08-04,1927.9774135068524
2017-08-07,1924.4413050662374
2017-08-08,1930.776192038742
2017-08-09,1923.4568848782192
2017-08-10,1904.0698364100087
2017-08-11,1894.1848224471269
2017-08-14,1909.8893950721476
2017-08-15,1918.5476109078386
2017-08-16,1927.0265668460947
2017-08-17,1907.3252021677124
2017-08-18,1898.6522127823337
2017-08-21,1889.9938327760947
2017-08-22,1911.6520591578046
2017-08-23,1900.8712281571206
2017-08-24,1902.987213106401
2017-08-25,1897.6089215663267
2017-08-28,1885.0203417778143
2017-08-29,1871.3359829690676
2017-08-30,1892.7037547754203
2017-08-31,1907.5587117042812
2017-09-01,1914.3211986026633
2017-09-04,1905.7126925460434
2017-09-05,1898.5402188944188
2017-09-06,1897.2710825857455
2017-09-07,1894.4365264837065
2017-09-08,1893.6045700226382
2017-09-11,1917.1904024436833
2017-09-12,1924.678188723027
2017-09-13,1927.4284054766827
2017-09-14,1930.965816081414
2017-09-15,1923.5046166290354
2017-09-18,1929.2472669961226
2017-09-19,1928.9221555740676
2017-09-20,1931.0608015884513
2017-09-21,1932.354724560322
2017-09-22,1928.3278593755142
2017-09-25,1938.2118768538576
2017-09-26,1945.5754624281733
2017-09-27,1953.3005601315976
2017-09-28,1947.9165262900278
2017-09-29,1952.115999877243
2017-10-02,1971.7905391249449
2017-10-03,1972.8614850164295
2017-10-04,1974.270505063315
2017-10-05,1986.384881976492
2017-10-06,1981.3447185600453
2017-10-09,1980.4898655188856
2017-10-10,1976.7410444854506
2017-10-11,1977.6649057277398
2017-10-12,1982.3395835052693
2017-10-13,1990.7120022216789
2017-10-16,1997.7365177912066
2017-10-17,2000.1099693949923
2017-10-18,2000.032557971931
2017-10-19,1989.6392013765699
2017-10-20,1999.599521940532
2017-10-23,2002.9979467367145
2017-10-24,2001.170258579448
2017-10-25,1984.8011902021094
2017-10-26,2008.5725103759976
2017-10-27,2039.9173310996505
2017-10-30,2033.98631025533
2017-10-31,2033.680032194011
2017-11-01,2045.1119165968712
2017-11-02,2037.5334070587671
2017-11-03,2045.7959640908712
2017-11-06,2054.1740539257858
2017-11-07,2057.2469626554143
2017-11-08,2058.6970363536884
2017-11-09,2041.2602341701336
2017-11-10,2034.371541798468
2017-11-13,2027.3837960123542
2017-11-14,2011.1081850481007
2017-11-15,1992.1346876117975
2017-11-16,2013.1849905830402
2017-11-17,2011.9666188994547
2017-11-20,2020.5554570350375
2017-11-21,2035.636167715325
2017-11-22,2027.6238768247474
2017-11-23,2021.713119875723
2017-11-24,2010.4739728238746
2017-11-27,2009.9051704153203
2017-11-28,2029.3212129902215
2017-11-29,2032.3186922749765
2017-11-30,2026.9113626109245
2017-12-01,2030.8069099353204
2017-12-04,2034.5181174619956
2017-12-05,2031.303510527964
2017-12-06,2032.7275236817866
2017-12-07,2035.5738233155937
2017-12-08,2050.1739577130793
2017-12-11,2050.0724798330884
2017-12-12,2060.8881961714483
2017-12-13,2058.9570733213345
2017-12-14,2051.3354475560277
2017-12-15,2061.8965964618324
2017-12-18,2072.8808997687147
2017-12-19,2067.6634780056893
2017-12-20,2055.191637419849
2017-12-21,2062.1448689717204
2017-12-22,2066.5894354106504
2017-12-25,2067.403575727243
2017-12-26,2062.6849890217445
2017-12-27,2063.058132609737
2017-12-28,2060.164894940262
2017-12-29,2046.8350179153224
2018-01-01,2046.5254281613634
2018-01-02,2051.6931834238185
2018-01-03,2063.121888875333
2018-01-04,2070.334973767872
2018-01-05,2090.4339921627434
2018-01-08,2104.7700756897134
2018-01-09,2114.7976482858458
2018-01-10,2100.3387093859824
2018-01-11,2095.4142121179952
2018-01-12,2091.8214395278146
2018-01-15,2079.3257422479783
2018-01-16,2080.154602276136
2018-01-17,2092.358485587249
2018-01-18,2090.8149255075405
2018-01-19,2106.117378343538
2018-01-22,2114.0143225691622
2018-01-23,2117.3963935333263
2018-01-24,2103.5300010232863
2018-01-25,2085.180509981172
2018-01-26,2111.7859028901617
2018-01-29,2113.2373449113693
2018-01-30,2083.9377298952454
2018-01-31,2078.9796375260894
2018-02-01,2073.1340819309476
2018-02-02,2042.6691894798423
2018-02-05,1988.052894879643
2018-02-06,1988.3953192890676
2018-02-07,2002.0862097673376
2018-02-08,1956.034895294766
2018-02-09,1961.6610997847638
2018-02-12,1979.8066261843987
2018-02-13,1971.2658603267635
2018-02-14,1985.5961176542867
2018-02-15,1996.5374826511195
2018-02-16,2005.303310691086
2018-02-19,2011.3366367019296
2018-02-20,2016.1754105714817
2018-02-21,2014.5298903371397
2018-02-22,2012.6538963674918
2018-02-23,2041.1055198687986
2018-02-26,2060.7290329719467
2018-02-27,2052.9570143001865
2018-02-28,2037.451617214396
2018-03-01,2015.2342800902186
2018-03-02,1991.873373111918
2018-03-05,2002.5527455118659
2018-03-06,2005.4115979331996
2018-03-07,2003.0438767480823
2018-03-08,2022.884776633902
2018-03-09,2047.382634585261
2018-03-12,2053.050925924435
2018-03-13,2031.9911614918933
2018-03-14,2029.4660021698398
2018-03-15,2033.7680251207041
2018-03-16,2041.6657387639266
2018-03-19,2013.2110488770134
2018-03-20,2025.5245456815705
2018-03-21,2024.8868621366685
2018-03-22,1988.3013864742547
2018-03-23,1946.2044233156512
2018-03-26,1965.7590464125985
2018-03-27,1962.9005550111224
2018-03-28,1960.9555028572988
2018-03-29,1988.5771546797473
2018-03-30,1990.5118446827948
2018-04-02,1963.0252242475622
2018-04-03,1977.2892218013887
2018-04-04,1982.1122803883488
2018-04-05,2011.3989267136876
2018-04-06,1981.961749461737
2018-04-09,1981.7265449058084
2018-04-10,2001.3569324329515
2018-04-11,1989.7550258880237
2018-04-12,2008.5642224783778
2018-04-13,2004.3603231729062
2018-04-16,2007.874905688646
2018-04-17,2024.607494352458
2018-04-18,2028.8480718128997
2018-04-19,2023.9005177214865
2018-04-20,2020.4098007833848
2018-04-23,2026.1212307150786
2018-04-24,2014.2248997454524
2018-04-25,2015.3008143500117
2018-04-26,2038.978945813859
2018-04-27,2050.8778797115133
2018-04-30,2048.168764468551
2018-05-01,2061.126758956684
2018-05-02,2054.683385479935
2018-05-03,2049.1061675457863
2018-05-04,2069.1483600517086
2018-05-07,2080.180749317795
2018-05-08,2088.075707754319
2018-05-09,2099.6138496027934
2018-05-10,2109.6844298222245
2018-05-11,2107.902747983776
2018-05-14,2106.941901973857
2018-05-15,2106.4613103001893
2018-05-16,2123.3452954605377
2018-05-17,2121.708390152898
2018-05-18,2121.4502767089175
2018-05-21,2134.05505127451
2018-05-22,2129.970414289132
2018-05-23,2133.7299648692083
2018-05-24,2127.0889499234927
2018-05-25,2134.8090836231177
2018-05-28,2136.9813008565875
2018-05-29,2125.014161733857
2018-05-30,2129.3930968424056
2018-05-31,2110.9978225457376
2018-06-01,2129.2138766877792
2018-06-04,2138.3013979115135
2018-06-05,2138.134442866183
2018-06-06,2135.2259876989656
2018-06-07,2128.7496521821545
2018-06-08,2138.7407193449053
2018-06-11,2138.0231386114383
2018-06-12,2143.726042070727
2018-06-13,2142.0640007836673
2018-06-14,2160.4489122689547
2018-06-15,2158.881090775598
2018-06-18,2147.076106608119
2018-06-19,2138.9322124750265
2018-06-20,2144.840481285053
2018-06-21,2126.9529303322706
2018-06-22,2131.5531717428485
2018-06-25,2096.6691168163898
2018-06-26,2101.2041872144027
2018-06-27,2098.87150729564
2018-06-28,2102.9354611328217
2018-06-29,2103.4048396291896
2018-07-02,2106.1238823542044
2018-07-03,2099.9676278740903
2018-07-04,2102.6090425676475
2018-07-05,2104.8510328934376
2018-07-06,2113.7311961140617
2018-07-09,2132.067996082792
2018-07-10,2144.4510917239063
2018-07-11,2125.782357435565
2018-07-12,2145.389537369018
2018-07-13,2157.267700463782
2018-07-16,2145.1563356311494
2018-07-17,2156.4030054493614
2018-07-18,2167.258605867674
2018-07-19,2166.280373326768
2018-07-20,2158.0158850578177
2018-07-23,2158.214244373291
2018-07-24,2164.6758263916154
2018-07-25,2186.6207152577235
2018-07-26,2194.287940095204
2018-07-27,2188.6093115020076
2018-07-30,2169.2104363087687
2018-07-31,2177.8291510498357
2018-08-01,2178.667350788157
2018-08-02,2187.368151338556
2018-08-03,2201.2526068932684
2018-08-06,2206.248808252042
2018-08-07,2210.2859836645985
2018-08-08,2205.1143148917677
2018-08-09,2208.218955385252
2018-08-10,2207.00122745609
2018-08-13,2195.593202635249
2018-08-14,2215.556967964086
2018-08-15,2203.851886863025
2018-08-16,2202.135562123643
2018-08-17,2201.2126822977857
2018-08-20,2204.2617568268383
2018-08-21,2195.066809055474
2018-08-22,2185.7052986145304
2018-08-23,2185.880157135456
2018-08-24,2188.131113647388
2018-08-27,2200.3574852423794
2018-08-28,2196.9216321810686
2018-08-29,2208.7728071085153
2018-08-30,2204.021332307821
2018-08-31,2203.441699438826
2018-09-03,2201.7983586943215
2018-09-04,2199.6427327427614
2018-09-05,2173.213115844631
2018-09-06,2166.2649500570524
2018-09-07,2170.50580450326
2018-09-10,2174.690090584887
2018-09-11,2178.328355434657
2018-09-12,2178.9295193148973
2018-09-13,2179.164648156237
2018-09-14,2187.783593569587
2018-09-17,2177.5086970323837
2018-09-18,2185.3101179574446
2018-09-19,2195.8704267697217
2018-09-20,2198.716545088939
2018-09-21,2205.462562041875
2018-09-24,2192.106220961532
2018-09-25,2194.30479251578
2018-09-26,2200.090728829811
2018-09-27,2213.489603947473
2018-09-28,2222.481609393963
2018-10-01,2234.747428475354
2018-10-02,2231.3800817271317
2018-10-03,2234.502758094964
2018-10-04,2213.201210946082
2018-10-05,2201.0661181071505
2018-10-08,2197.2475886590573
2018-10-09,2194.453105723392
2018-10-10,2134.324214160305
2018-10-11,2080.659960700614
2018-10-12,2101.8289277076683
2018-10-15,2089.5403174107764
2018-10-16,2127.966847290927
2018-10-17,2133.413696347619
2018-10-18,2113.6526173428665
2018-10-19,2109.822491813507
2018-10-22,2109.7382592729614
2018-10-23,2084.778411441031
2018-10-24,2058.0308504519116
2018-10-25,2075.231616776079
2018-10-26,2057.7216818169445
2018-10-29,2049.638845157871
2018-10-30,2076.244359900295
2018-10-31,2105.228375357675
2018-11-01,2109.28541298579
2018-11-02,2116.1280591764457
2018-11-05,2121.268874888875
2018-11-06,2124.88293269461
2018-11-07,2146.8985213773935
2018-11-08,2155.365702095999
2018-11-09,2150.68948344109
2018-11-12,2136.891645980852
2018-11-13,2132.902799901515
2018-11-14,2120.1468885307077
2018-11-15,2131.743751633218
2018-11-16,2124.5309004956052
2018-11-19,2094.606285812139
2018-11-20,2069.3866251436816
2018-11-21,2081.7126704967513
2018-11-22,2078.9050102890346
2018-11-23,2084.362470475953
2018-11-26,2110.7138563144376
2018-11-27,2122.6659725005143
2018-11-28,2154.6690439037993
2018-11-29,2140.139764283104
2018-11-30,2160.6183698444
2018-12-03,2179.788940524178
2018-12-04,2135.4893438599534
2018-12-05,2126.0076776146875
2018-12-06,2097.6281370489255
2018-12-07,2072.1944423885775
2018-12-10,2061.9794841544744
2018-12-11,2075.038768114346
2018-12-12,2089.9247156590327
2018-12-13,2095.482697830789
2018-12-14,2073.8747503535
2018-12-17,2038.4857358160934
2018-12-18,2025.87488758245
2018-12-19,2006.4926658988816
2018-12-20,1979.1978793301612
2018-12-21,1956.548181157977
2018-12-24,1921.2541338049725
2018-12-25,1913.285946836342
2018-12-26,1963.6810991792213
2018-12-27,1978.5662128007557
2018-12-28,1984.185030843621
2018-12-31,1998.014741297491
2019-01-01,1998.2280286134942
2019-01-02,2002.1773114303878
2019-01-03,1971.4283911559153
2019-01-04,2016.6818659919763
2019-01-07,2023.891911630701
2019-01-08,2039.8601626031382
2019-01-09,2047.7831975810898
2019-01-10,2054.0956576953477
2019-01-11,2060.634186429908
2019-01-14,2052.578759727111
2019-01-15,2075.904606975336
2019-01-16,2084.458802832833
2019-01-17,2097.3569897464254
2019-01-18,2124.9223983297147
2019-01-21,2124.190588632439
2019-01-22,2107.0856863441036
2019-01-23,2107.2543138111846
2019-01-24,2116.1955182934907
2019-01-25,2123.319950779398
2019-01-28,2102.4447000081477
2019-01-29,2106.4076890562046
2019-01-30,2118.6245198331603
2019-01-31,2125.073951197322
2019-02-01,2127.5555368036344
2019-02-04,2141.757929952106
2019-02-05,2157.0935856047254
2019-02-06,2156.7431792885723
2019-02-07,2140.666841591607
2019-02-08,2140.1181731326374
2019-02-11,2152.7556179496896
2019-02-12,2171.6831840644086
2019-02-13,2181.32252993663
2019-02-14,2180.5176862217904
2019-02-15,2201.3265066085237
2019-02-18,2199.256611204133
2019-02-19,2196.8128169309225
2019-02-20,2203.890998486919
2019-02-21,2206.4251379791212
2019-02-22,2220.741591491248
2019-02-25,2223.751401823573
2019-02-26,2221.637405782501
2019-02-27,2215.204924551885
2019-02-28,2207.4828837953646
2019-03-01,2215.4986206330873
2019-03-04,2220.294952219053
2019-03-05,2217.6638220085274
2019-03-06,2207.408569849942
2019-03-07,2207.005798152522
2019-03-08,2194.6378777381806
2019-03-11,2219.107024098552
2019-03-12,2220.648103791211
2019-03-13,2225.931376847602
2019-03-14,2228.920674887022
2019-03-15,2241.923956660532
2019-03-18,2250.1436812941424
2019-03-19,2248.835094703968
2019-03-20,2236.8449006265746
2019-03-21,2247.945079414887
2019-03-22,2228.540497738029
2019-03-25,2212.3209294118906
2019-03-26,2237.9072577831876
2019-03-27,2233.7314607294575
2019-03-28,2242.2512915049742
2019-03-29,2259.5938680433246
2019-04-01,2284.325810640504
2019-04-02,2289.2530362756584
2019-04-03,2296.171365754139
2019-04-04,2298.0977951033997
2019-04-05,2305.336495625906
2019-04-08,2301.595934632309
2019-04-09,2291.1386387202274
2019-04-10,2302.776513911071
2019-04-11,2297.0406615994084
2019-04-12,2303.205581678647
2019-04-15,2306.579430160465
2019-04-16,2309.147607287649
2019-04-17,2309.0432770881066
2019-04-18,2323.9775165182073
2019-04-19,2325.152338135297
2019-04-22,2320.9157914052453
2019-04-23,2340.7174592869105
2019-04-24,2339.536178851074
2019-04-25,2350.6259380793704
2019-04-26,2351.5541310766766
2019-04-29,2347.963395664908
2019-04-30,2347.598770551036
2019-05-01,2327.737460419424
2019-05-02,2329.5736430567154
2019-05-03,2347.7977176032114
2019-05-06,2332.3408309018055
2019-05-07,2303.513109081586
2019-05-08,2298.376995941719
2019-05-09,2275.173782409242
2019-05-10,2284.982879936441
2019-05-13,2248.5826018195994
2019-05-14,2267.1554245138727
2019-05-15,2276.9481457360953
2019-05-16,2300.5787524924394
2019-05-17,2293.3699746398893
2019-05-20,2282.7759773535263
2019-05-21,2291.7348366118536
2019-05-22,2294.258297195091
2019-05-23,2271.0362819816874
2019-05-24,2268.6915909962813
2019-05-27,2272.5005682972424
2019-05-28,2262.5753932031225
2019-05-29,2248.5647721510786
2019-05-30,2258.5067568089007
2019-05-31,2240.006083035629
2019-06-03,2234.578493326534
2019-06-04,2255.690048423537
2019-06-05,2270.1021116371176
2019-06-06,2275.1747137580064
2019-06-07,2288.549888797894
2019-06-10,2300.3930590181035
2019-06-11,2305.6731630042764
2019-06-12,2299.9228350345943
2019-06-13,2314.451791269388
2019-06-14,2318.225828530905
2019-06-17,2314.3260804682404
2019-06-18,2344.0170354914108
2019-06-19,2354.1622652863275
2019-06-20,2365.0738391369655
2019-06-21,2353.6454565743993
2019-06-24,2340.829968995117
2019-06-25,2326.941745638686
2019-06-26,2322.0700291564294
2019-06-27,2331.6320201474737
2019-06-28,2339.0395570772
2019-07-01,2369.321036818357
2019-07-02,2379.7597483626764
2019-07-03,2398.2784051326116
2019-07-04,2402.0321840610122
2019-07-05,2400.443552204775
2019-07-08,2390.618123477742
2019-07-09,2385.711613884044
2019-07-10,2385.830388617891
2019-07-11,2394.8039198383044
2019-07-12,2400.2095670769627
2019-07-15,2402.045803585619
2019-07-16,2403.6377497606386
2019-07-17,2391.4414548941654
2019-07-18,2392.6323535288866
2019-07-19,2389.365477552911
2019-07-22,2391.357708706594
2019-07-23,2416.116472466199
2019-07-24,2426.2229309221602
2019-07-25,2413.140060211306
2019-07-26,2423.924657067411
2019-07-29,2422.9666140342133
2019-07-30,2414.8568830025233
2019-07-31,2397.347964908871
2019-08-01,2400.629586724128
2019-08-02,2366.2021622190105
2019-08-05,2294.3935527572917
2019-08-06,2305.0704956451004
2019-08-07,2303.6008989860125
2019-08-08,2343.181987017426
2019-08-09,2335.7573198867562
2019-08-12,2313.812866525792
2019-08-13,2332.344896469848
2019-08-14,2295.391014114166
2019-08-15,2300.2476433096654
2019-08-16,2328.382738834949
2019-08-19,2353.7322112045886
2019-08-20,2345.424353556398
2019-08-21,2361.921992603152
2019-08-22,2357.1812439648174
2019-08-23,2316.7936974220115
2019-08-26,2326.960281570513
2019-08-27,2332.342777322036
2019-08-28,2344.262609656575
2019-08-29,2368.6252751241386
2019-08-30,2389.593176310784
2019-09-02,2397.361783699333
2019-09-03,2386.4850937308343
2019-09-04,2396.824608502335
2019-09-05,2418.805973588414
2019-09-06,2424.6749685254727
2019-09-09,2419.6151798682286
2019-09-10,2415.4961109475917
2019-09-11,2438.2565766858766
2019-09-12,2441.7104036886813
2019-09-13,2436.156843295033
2019-09-16,2445.7884656605524
2019-09-17,2441.821092106184
2019-09-18,2441.222995676791
2019-09-19,2445.3239251938007
2019-09-20,2449.8708076718863
2019-09-23,2451.035086774225
2019-09-24,2441.583165749189
2019-09-25,2450.6688570113674
2019-09-26,2459.1626720992144
2019-09-27,2451.638532066493
2019-09-30,2465.1937647822706
2019-10-01,2439.1125905117856
2019-10-02,2392.0920372694363
2019-10-03,2395.1074716034473
2019-10-04,2420.255368278863
2019-10-07,2415.1731130628946
2019-10-08,2398.2470684158866
2019-10-09,2409.207462952245
2019-10-10,2415.007268545624
2019-10-11,2440.1975160111156
2019-10-14,2440.393273274069
2019-10-15,2456.6597245895186
2019-10-16,2452.083389242859
2019-10-17,2444.7910868356257
2019-10-18,2434.201345749744
2019-10-21,2446.0084778598984
2019-10-22,2449.1758186189954
2019-10-23,2454.1227929342667
2019-10-24,2468.2462155507665
2019-10-25,2477.3516656523066
2019-10-28,2488.9780779707867
2019-10-29,2488.7130072938785
2019-10-30,2493.9444975847196
2019-10-31,2482.065184299323
2019-11-01,2496.8517628494137
2019-11-04,2510.035591940304
2019-11-05,2526.1046791680087
2019-11-06,2528.130472556501
2019-11-07,2539.7728922828987
2019-11-08,2547.521180099487
2019-11-11,2539.5703807702375
2019-11-12,2549.128397014653
2019-11-13,2551.5484779890826
2019-11-14,2552.4923364673905
2019-11-15,2557.784451336902
2019-11-18,2557.8523492435393
2019-11-19,2557.306405430118
2019-11-20,2549.4558137484178
2019-11-21,2539.7140495959065
2019-11-22,2552.1928243132497
2019-11-25,2573.664458176154
2019-11-26,2580.0177775680822
2019-11-27,2589.4642080152466
2019-11-28,2585.8436949415855
2019-11-29,2572.271021829436
2019-12-02,2545.496021263779
2019-12-03,2531.668754666785
2019-12-04,2544.0285999258394
2019-12-05,2546.732660073247
2019-12-06,2575.258568434928
2019-12-09,2568.988529683301
2019-12-10,2560.530676936023
2019-12-11,2569.103907563789
2019-12-12,2580.3040990458053
2019-12-13,2592.5346993493613
2019-12-16,2608.2327623066485
2019-12-17,2605.178988169154
2019-12-18,2609.9906224948827
2019-12-19,2620.124951341521
2019-12-20,2639.7489259861
2019-12-23,2640.1869822696776
2019-12-24,2640.7379817740734
2019-12-25,2640.7465893839817
2019-12-26,2644.5921780496315
2019-12-27,2638.453642461881
2019-12-30,2615.447588023876
2019-12-31,2613.892280067094
2020-01-01,2614.0947800577987
2020-01-02,2635.3540449328393
2020-01-03,2629.6199085922112
2020-01-06,2621.1142853207066
2020-01-07,2628.432260484453
2020-01-08,2638.806515832707
2020-01-09,2659.80774853648
2020-01-10,2657.1794440114495
2020-01-13,2664.4347221946123
2020-01-14,2670.448657655968
2020-01-15,2668.6533222249923
2020-01-16,2684.0129170517803
2020-01-17,2704.7691126633017
2020-01-20,2707.5075637416626
2020-01-21,2696.521693267366
2020-01-22,2703.5777870754387
2020-01-23,2705.093790348607
2020-01-24,2701.140980319125
2020-01-27,2662.187006552499
2020-01-28,2681.346370016285
2020-01-29,2686.8668586486097
2020-01-30,2677.6448899782613
2020-01-31,2634.623004497655
2020-02-03,2657.41832688622
2020-02-04,2704.817312046756
2020-02-05,2736.0764895373454
2020-02-06,2755.8706039489834
2020-02-07,2743.505208441453
2020-02-10,2765.0975283357366
2020-02-11,2776.018319532873
2020-02-12,2791.5623367749654
2020-02-13,2801.1603672902447
2020-02-14,2807.2636098374774
2020-02-17,2810.8127904986845
2020-02-18,2805.61657111121
2020-02-19,2828.502271597183
2020-02-20,2809.589382180471
2020-02-21,2777.2894012013326
2020-02-24,2693.932016933426
2020-02-25,2637.51642819703
2020-02-26,2624.3208422157063
2020-02-27,2507.1125253039113
2020-02-28,2461.776452401624
2020-03-02,2507.007434711629
2020-03-03,2476.0626687020663
2020-03-04,2551.248166719587
2020-03-05,2494.680206592881
2020-03-06,2416.3941937545433
2020-03-09,2226.7808854158247
2020-03-10,2299.446318063016
2020-03-11,2231.4420468667195
2020-03-12,2055.441415905884
2020-03-13,2169.563221910705
2020-03-16,1961.6362289584777
2020-03-17,2065.735517711174
2020-03-18,1987.804909624546
2020-03-19,2024.2345379761923
2020-03-20,1987.2701076216792
2020-03-23,1909.9072391944812
2020-03-24,2072.53638906037
2020-03-25,2113.7604288082266
2020-03-26,2176.095022972816
2020-03-27,2123.2379687359203
2020-03-30,2184.620770267299
2020-03-31,2178.599105616648
2020-04-01,2113.7828552555443
2020-04-02,2154.5140479806437
2020-04-03,2140.622314936509
2020-04-06,2257.6147197476907
2020-04-07,2251.9383776669342
2020-04-08,2293.8894910469003
2020-04-09,2315.17971936649
2020-04-10,2315.6659634860225
2020-04-13,2303.8207656301206
2020-04-14,2351.1574872499664
2020-04-15,2313.0813228653005
2020-04-16,2337.4365611134976
2020-04-17,2390.945196808242
2020-04-20,2365.96996502434
2020-04-21,2299.929559263373
2020-04-22,2345.0047546690334
2020-04-23,2345.3753733362196
2020-04-24,2358.7594070312325
2020-04-27,2393.606801055395
2020-04-28,2396.8614044960505
2020-04-29,2440.203256906096
2020-04-30,2406.2657845611097
2020-05-01,2347.5554073342237
2020-05-04,2354.2561551624585
2020-05-05,2392.6571413878414
2020-05-06,2388.564138604268
2020-05-07,2414.050467316829
2020-05-08,2432.5657637576496
2020-05-11,2446.625898101406
2020-05-12,2406.1085552985624
2020-05-13,2381.523963411054
2020-05-14,2380.4977217284027
2020-05-15,2398.304692665698
2020-05-18,2446.773218130869
2020-05-19,2418.8286797866695
2020-05-20,2440.1375665997443
2020-05-21,2433.7406710475157
2020-05-22,2440.9895508350905
2020-05-25,2453.2591341102184
2020-05-26,2460.9731643073037
2020-05-27,2483.4869412152425
2020-05-28,2482.045995925935
2020-05-29,2464.2026116646985
2020-06-01,2480.27047592919
2020-06-02,2496.809628175691
2020-06-03,2530.716638865337
2020-06-04,2499.334662876645
2020-06-05,2552.6527276599577
2020-06-08,2572.3444475882466
2020-06-09,2547.505337678119
2020-06-10,2553.4351019938713
2020-06-11,2437.588376959958
2020-06-12,2469.007923227997
2020-06-15,2463.848239604691
2020-06-16,2525.003824669986
2020-06-17,2535.245486951867
2020-06-18,2534.2491768314894
2020-06-19,2540.9847928048566
2020-06-22,2536.1768982218637
2020-06-23,2539.1632584031972
2020-06-24,2496.947891124189
2020-06-25,2524.1411456196643
2020-06-26,2492.8959340475003
2020-06-29,2501.3358696205632
2020-06-30,2537.3512470283936
2020-07-01,2542.1936199464144
2020-07-02,2576.1720292717946
2020-07-03,2574.6075783974156
2020-07-06,2598.7609428389105
2020-07-07,2584.5279630329137
2020-07-08,2589.249824579183
2020-07-09,2591.8823521252816
2020-07-10,2602.9459299086484
2020-07-13,2586.8230312811093
2020-07-14,2595.4435405563277
2020-07-15,2616.7489052145893
2020-07-16,2596.5755149576476
2020-07-17,2607.3532052619953
2020-07-20,2627.6621345071876
2020-07-21,2635.4959065019893
2020-07-22,2621.5858824240954
2020-07-23,2599.4600964082874
2020-07-24,2573.22957603135
2020-07-27,2571.174588717389
2020-07-28,2573.6055961279153
2020-07-29,2580.6635827841787
2020-07-30,2556.5465815548605
2020-07-31,2538.357908154228
2020-08-03,2586.3895291406734
2020-08-04,2592.3830237561315
2020-08-05,2587.7130691400503
2020-08-06,2595.4233132302456
2020-08-07,2603.846648040439
2020-08-10,2606.380651329232
2020-08-11,2603.1036280895005
2020-08-12,2631.366096208175
2020-08-13,2626.6812000724417
2020-08-14,2622.320820456719
2020-08-17,2633.9204601059046
2020-08-18,2627.781326115559
2020-08-19,2623.893216670064
2020-08-20,2629.1759186421336
2020-08-21,2647.863388108908
2020-08-24,2665.025270552823
2020-08-25,2672.3761082507503
2020-08-26,2704.3184477146856
2020-08-27,2718.9226708744613
2020-08-28,2704.120948043008
2020-08-31,2682.104471649418
2020-09-01,2692.4523506892774
2020-09-02,2748.872552120142
2020-09-03,2677.0460079830254
2020-09-04,2654.972851039401
2020-09-07,2653.4492915738824
2020-09-08,2598.8783171389646
2020-09-09,2643.500553954981
2020-09-10,2607.86923544233
2020-09-11,2621.86974130808
2020-09-14,2645.2111220553184
2020-09-15,2666.333428377151
2020-09-16,2671.462551004713
2020-09-17,2653.956842039094
2020-09-18,2631.895894747023
2020-09-21,2616.043778706152
2020-09-22,2631.629420550484
2020-09-23,2601.089544574348
2020-09-24,2596.7714846365993
2020-09-25,2624.9870455385512
2020-09-28,2659.491676122298
2020-09-29,2637.432194333656
2020-09-30,2654.7040880259633
2020-10-01,2664.260668835131
2020-10-02,2647.930633650658
2020-10-05,2671.129572707319
2020-10-06,2658.142609126149
2020-10-07,2690.6469449527513
2020-10-08,2710.509482788879
2020-10-09,2721.1877193519745
2020-10-12,2748.7218597633896
2020-10-13,2760.2566515696712
2020-10-14,2751.0861434176513
2020-10-15,2739.129494259675
2020-10-16,2737.6296375494408
2020-10-19,2700.8521102139634
2020-10-20,2693.216929209503
2020-10-21,2680.934699143559
2020-10-22,2688.7860320610157
2020-10-23,2696.007066783544
2020-10-26,2649.8578699244554
2020-10-27,2644.965881899744
2020-10-28,2586.3747660740255
2020-10-29,2615.030911765549
2020-10-30,2595.7582063755126
2020-11-02,2636.254002307842
2020-11-03,2672.192623776435
2020-11-04,2722.922267950426
2020-11-05,2758.781980687302
2020-11-06,2752.771387792822
2020-11-09,2792.1486885663935
2020-11-10,2783.932954057913
2020-11-11,2817.7760501583607
2020-11-12,2793.548816170658
2020-11-13,2810.7111767884053
2020-11-16,2841.924057326485
2020-11-17,2829.341086852575
2020-11-18,2820.9708262404474
2020-11-19,2826.431555493334
2020-11-20,2818.6138677660297
2020-11-23,2840.503820081452
2020-11-24,2860.814416167828
2020-11-25,2854.6932248552976
2020-11-26,2858.9399603013767
2020-11-27,2862.4425593506994
2020-11-30,2829.9469434239986
2020-12-01,2838.1807776216074
2020-12-02,2821.5190009069033
2020-12-03,2807.597459793482
2020-12-04,2830.008134697905
2020-12-07,2833.9869796601015
2020-12-08,2847.6329427115306
2020-12-09,2840.4298089596587
2020-12-10,2823.2347238992857
2020-12-11,2831.7784513874794
2020-12-14,2825.6138090653512
2020-12-15,2836.558275576902
2020-12-16,2847.385750055622
2020-12-17,2862.619249179571
2020-12-18,2862.0523024531603
2020-12-21,2845.3852234707592
2020-12-22,2847.906393044529
2020-12-23,2852.2603829927766
2020-12-24,2862.8546860246415
2020-12-25,2863.3264386676346
2020-12-28,2871.903259593445
2020-12-29,2874.146633632214
2020-12-30,2873.9669689547595
2020-12-31,2897.0073201748237
2021-01-01,2897.093895230417
2021-01-04,2882.5280139123215
2021-01-05,2891.7534711628073
2021-01-06,2906.930049603504
2021-01-07,2950.0272114023473
2021-01-08,2985.436378601096
2021-01-11,2986.3304419384976
2021-01-12,2988.6803691356736
2021-01-13,2993.2178646539132
2021-01-14,2991.4959944178913
2021-01-15,2979.5524667274794
2021-01-18,2984.5754945937915
2021-01-19,2998.63678116152
2021-01-20,3039.201916830745
2021-01-21,3035.792988519694
2021-01-22,3021.900642067426
2021-01-25,3041.1559621709675
2021-01-26,3023.5171845432183
2021-01-27,2989.0406800267356
2021-01-28,2993.117932501187
2021-01-29,2930.4462381755598
2021-02-01,2996.171857561127
2021-02-02,3046.305252954058
2021-02-03,3058.0755074936396
2021-02-04,3072.065170934224
2021-02-05,3074.088716710655
2021-02-08,3091.00024992775
2021-02-09,3079.6092992719555
2021-02-10,3072.818430996202
2021-02-11,3083.9324286286583
2021-02-12,3092.8760605848865
2021-02-15,3099.0203121183076
2021-02-16,3097.8086557062215
2021-02-17,3113.958514835869
2021-02-18,3085.698151367434
2021-02-19,3072.9651922512094
2021-02-22,3037.608683568943
2021-02-23,3024.5450012522565
2021-02-24,3032.2700877796133
2021-02-25,2972.3064299662683
2021-02-26,2942.632453719737
2021-03-01,3019.583536952089
2021-03-02,3001.5164145238277
2021-03-03,2971.8798238964073
2021-03-04,2933.8768755919195
2021-03-05,2980.632343528591
2021-03-08,2985.5061046624432
2021-03-09,3021.636945269465
2021-03-10,3038.115550269451
2021-03-11,3062.927324566178
2021-03-12,3069.3662772424755
2021-03-15,3086.316689145913
2021-03-16,3095.7284952605796
2021-03-17,3093.634012259748
2021-03-18,3073.312652597907
2021-03-19,3065.2985439422278
2021-03-22,3076.3774219539832
2021-03-23,3073.7390442757364
2021-03-24,3058.6132484043465
2021-03-25,3076.7365350559458
2021-03-26,3115.604787264582
2021-03-29,3123.9792645620146
2021-03-30,3131.5964324084803
2021-03-31,3132.3920990326137
2021-04-01,3165.7940190368636
2021-04-02,3168.721074074733
2021-04-05,3191.8306560725932
2021-04-06,3183.604015073849
2021-04-07,3164.192702652138
2021-04-08,3180.596046412317
2021-04-09,3196.912050558768
2021-04-12,3193.75806000193
2021-04-13,3203.8938113362037
2021-04-14,3191.7721137786757
2021-04-15,3221.2166106054487
2021-04-16,3232.1735370901633
2021-04-19,3210.374284796507
2021-04-20,3183.5144064921656
2021-04-21,3205.625306103063
2021-04-22,3198.3403843773353
2021-04-23,3214.536060468322
2021-04-26,3214.0591608407804
2021-04-27,3205.0039404933864
2021-04-28,3190.089056351366
2021-04-29,3185.939579221271
2021-04-30,3187.091347275803
2021-05-03,3184.4255686925194
2021-05-04,3171.036950558094
2021-05-05,3187.7880532761037
2021-05-06,3192.9347087267533
2021-05-07,3206.2468547813532
2021-05-10,3187.8569293382493
2021-05-11,3143.331150295744
2021-05-12,3107.1060937359075
2021-05-13,3121.060580893502
2021-05-14,3148.356070256895
2021-05-17,3135.0361713615057
2021-05-18,3117.0485477441066
2021-05-19,3098.8873793421817
2021-05-20,3131.5185347249044
2021-05-21,3145.975446103103
2021-05-24,3160.200961537105
2021-05-25,3163.8921691372066
2021-05-26,3176.6108129732124
2021-05-27,3173.3529583729896
2021-05-28,3193.528577237742
2021-05-31,3184.767174728198
2021-06-01,3187.2867369111336
2021-06-02,3196.344461102164
2021-06-03,3203.0425305355448
2021-06-04,3222.5118325285657
2021-06-07,3226.828466930968
2021-06-08,3226.94258320463
2021-06-09,3219.107942791367
2021-06-10,3239.285226094554
2021-06-11,3263.9354627532257
2021-06-14,3267.841991321441
2021-06-15,3264.9710455344316
2021-06-16,3257.485387473066
2021-06-17,3295.0692809880225
2021-06-18,3279.896341271272
2021-06-21,3287.9932642504573
2021-06-22,3305.493812312861
2021-06-23,3298.230739820204
2021-06-24,3320.466124695157
2021-06-25,3325.7194782640236
2021-06-28,3343.602334818547
2021-06-29,3351.901848194207
2021-06-30,3356.6008797876207
2021-07-01,3363.3856003078577
2021-07-02,3385.1981119698494
2021-07-05,3383.735189632425
2021-07-06,3378.2979739313196
2021-07-07,3396.6679441284164
2021-07-08,3345.000359361974
2021-07-09,3370.26291020838
2021-07-12,3396.301988083881
2021-07-13,3407.395774024586
2021-07-14,3404.5941007242186
2021-07-15,3393.4497469133403
2021-07-16,3376.2767008029705
2021-07-19,3331.971559681552
2021-07-20,3365.9193615285035
2021-07-21,3387.5163341654234
2021-07-22,3398.8139512245157
2021-07-23,3427.864142912595
2021-07-26,3404.2120983383707
2021-07-27,3379.755327291599
2021-07-28,3392.307722718076
2021-07-29,3402.38630133505
2021-07-30,3393.179801758173
2021-08-02,3405.716941082155
2021-08-03,3425.9525518795062
2021-08-04,3430.999654143821
2021-08-05,3451.0859989805112
2021-08-06,3458.847372786523
2021-08-09,3465.347037466498
2021-08-10,3473.8594959095853
2021-08-11,3479.9442937028416
2021-08-12,3489.494795155972
2021-08-13,3482.7917721846206
2021-08-16,3477.4142029470727
2021-08-17,3468.1570123195784
2021-08-18,3459.8009668717486
2021-08-19,3458.403572677904
2021-08-20,3482.9781699460177
2021-08-23,3500.122195933402
2021-08-24,3503.24947711809
2021-08-25,3512.006579382471
2021-08-26,3493.699856973863
2021-08-27,3508.4683050108115
2021-08-30,3522.8510832883894
2021-08-31,3525.270162858518
2021-09-01,3519.6993988666704
2021-09-02,3524.981906552923
2021-09-03,3526.9080625575416
2021-09-06,3545.174452660686
2021-09-07,3532.700077980211
2021-09-08,3529.981636461566
2021-09-09,3512.612402834951
2021-09-10,3501.196002798414
2021-09-13,3511.278633169293
2021-09-14,3506.54972352471
2021-09-15,3518.0921472472855
2021-09-16,3524.9353190863267
2021-09-17,3505.7258748907034
2021-09-20,3451.11149276753
2021-09-21,3456.110106850386
2021-09-22,3476.033806649384
2021-09-23,3503.404769720205
2021-09-24,3507.9874169752684
2021-09-27,3499.398618541515
2021-09-28,3434.077289261131
2021-09-29,3443.1181090291466
2021-09-30,3425.4631959820754
2021-10-01,3439.57289803391
2021-10-04,3399.0526300230113
2021-10-05,3431.6528629583704
2021-10-06,3446.860869809513
2021-10-07,3484.2323281990434
2021-10-08,3471.9563458650478
2021-10-11,3468.9828804723857
2021-10-12,3468.5535680710764
2021-10-13,3483.7788861751224
2021-10-14,3531.565777523158
2021-10-15,3565.8794141423987
2021-10-18,3571.4282572294105
2021-10-19,3580.8639561856253
2021-10-20,3591.4357158260887
2021-10-21,3608.0197437623738
2021-10-22,3620.5081165004003
2021-10-25,3653.013466067939
2021-10-26,3676.1750323853785
2021-10-27,3680.7082477290937
2021-10-28,3684.7669230188853
2021-10-29,3726.7397771919173
2021-11-01,3748.375430456305
2021-11-02,3759.394420406437
2021-11-03,3778.3290777977186
2021-11-04,3821.244805956209
2021-11-05,3817.753649502856
2021-11-08,3809.310187139141
2021-11-09,3786.7856257357334
2021-11-10,3787.492574297389
2021-11-11,3802.5331222541804
2021-11-12,3828.2480357460913
2021-11-15,3829.9744017949365
2021-11-16,3872.5518004755872
2021-11-17,3877.843063465567
2021-11-18,3878.930394845647
2021-11-19,3898.748763937657
2021-11-22,3904.7540922954
2021-11-23,3873.14145687139
2021-11-24,3894.432272523344
2021-11-25,3896.431921845719
2021-11-26,3771.831474790894
2021-11-29,3822.252958806662
2021-11-30,3767.2913203461135
2021-12-01,3741.874327718
2021-12-02,3769.2759198335216
2021-12-03,3739.9585029950995
2021-12-06,3766.2852713817865
2021-12-07,3859.7436317375
2021-12-08,3839.724874968244
2021-12-09,3824.4318064551094
2021-12-10,3838.219800654646
2021-12-13,3809.5428743233965
2021-12-14,3770.461083901615
2021-12-15,3818.9193288934935
2021-12-16,3785.342668902106
2021-12-17,3765.074029992485
2021-12-20,3704.3037362907194
2021-12-21,3773.158904780541
2021-12-22,3802.48448858209
2021-12-23,3842.1744730381565
2021-12-24,3836.1191715003233
2021-12-27,3882.8340802626767
2021-12-28,3897.1507146996755
2021-12-29,3883.9686550661345
2021-12-30,3879.6608960981107
2021-12-31,3862.549592218393
2022-01-03,3905.308460681337
2022-01-04,3894.702720878569
2022-01-05,3823.4080631871634
2022-01-06,3807.2754944425933
2022-01-07,3773.486368186462
2022-01-10,3770.230251057708
2022-01-11,3789.2125160305213
2022-01-12,3803.1528695307024
2022-01-13,3741.4684518678077
2022-01-14,3742.805476103079
2022-01-17,3756.0729320211817
2022-01-18,3714.593899413214
2022-01-19,3678.669474375547
2022-01-20,3669.7643180253176
2022-01-21,3607.014530354735
2022-01-24,3593.6030392943167
2022-01-25,3561.7253460925835
2022-01-26,3570.5523581771054
2022-01-27,3558.906990166746
2022-01-28,3595.062616988409
2022-01-31,3647.054802211645
2022-02-01,3651.1028553841575
2022-02-02,3664.9578236160155
2022-02-03,3567.1348570051364
2022-02-04,3561.957506503024
2022-02-07,3558.501856129611
2022-02-08,3586.509402477398
2022-02-09,3642.0954492673895
2022-02-10,3592.0008810238423
2022-02-11,3549.5457343877974
2022-02-14,3545.2948922514493
2022-02-15,3590.138464067178
2022-02-16,3598.1419070461106
2022-02-17,3540.932861809471
2022-02-18,3517.4598113622114
2022-02-21,3504.796674282625
2022-02-22,3467.293109770343
2022-02-23,3422.2182793720044
2022-02-24,3478.3541481536013
2022-02-25,3515.9841538280184
2022-02-28,3529.1566864625956
2022-03-01,3509.5078021863987
2022-03-02,3565.2851934850287
2022-03-03,3544.893820392977
2022-03-04,3528.9446465893093
2022-03-07,3446.8064391847047
2022-03-08,3411.70141200774
2022-03-09,3465.135427638333
2022-03-10,3458.90916462442
2022-03-11,3433.913388331132
2022-03-14,3414.504780433596
2022-03-15,3462.9119675862726
2022-03-16,3551.5101985269334
2022-03-17,3577.5189292337786
2022-03-18,3634.4500961640865
2022-03-21,3629.5619922459427
2022-03-22,3675.6603273234828
2022-03-23,3646.8970844110513
2022-03-24,3677.662587746841
2022-03-25,3683.7360846454594
2022-03-28,3718.849394590356
2022-03-29,3733.937700156204
2022-03-30,3704.8529569667985
2022-03-31,3667.860517416747
2022-04-01,3698.3431742433213
2022-04-04,3747.7957823139523
2022-04-05,3732.9385688559028
2022-04-06,3678.4971619998582
2022-04-07,3679.7416712345257
2022-04-08,3681.9515678528655
2022-04-11,3611.176311138103
2022-04-12,3596.1948860195
2022-04-13,3641.0660902616837
2022-04-14,3630.3535266995364
2022-04-15,3626.2453933499633
2022-04-18,3611.8978029698465
2022-04-19,3641.1880494702236
2022-04-20,3634.5784138543354
2022-04-21,3608.5264086924653
2022-04-22,3551.9614887428397
2022-04-25,3563.855549618268
2022-04-26,3497.9189072547147
2022-04-27,3548.4040921768474
2022-04-28,3593.5484170580107
2022-04-29,3528.1147178421197
2022-05-02,3544.0157672685273
2022-05-03,3543.3129483739763
2022-05-04,3597.3229221886972
2022-05-05,3508.9153545486515
2022-05-06,3447.954084994564
2022-05-09,3355.8849402420565
2022-05-10,3360.443823590303
2022-05-11,3324.8180457919743
2022-05-12,3336.8864996294506
2022-05-13,3416.559596269239
2022-05-16,3399.8966782651646
2022-05-17,3427.70556879648
2022-05-18,3342.5591080609233
2022-05-19,3293.148364041844
2022-05-20,3309.3388800208177
2022-05-23,3328.148257486821
2022-05-24,3284.364359290294
2022-05-25,3324.1910792171075
2022-05-26,3360.7680650403
2022-05-27,3438.5702948571757
2022-05-30,3444.637867898842
2022-05-31,3444.7873207699636
2022-06-01,3420.7448408513665
2022-06-02,3451.399157232936
2022-06-03,3405.5580861674134
2022-06-06,3417.8449783157644
2022-06-07,3428.840430201955
2022-06-08,3404.7165905845263
2022-06-09,3371.2689833102
2022-06-10,3312.0996111630016
2022-06-13,3225.205768540833
2022-06-14,3207.8506318470654
2022-06-15,3249.2466672062656
2022-06-16,3148.898281184877
2022-06-17,3159.693084604853
2022-06-20,3145.327366085657
2022-06-21,3199.5532605367653
2022-06-22,3179.4445374881184
2022-06-23,3216.7500320310537
2022-06-24,3299.022461554054
2022-06-27,3292.4184734011865
2022-06-28,3264.2934781423583
2022-06-29,3264.0706920405387
2022-06-30,3236.2854855802834
2022-07-01,3265.8207580873113
2022-07-04,3262.799403677114
2022-07-05,3311.3175885277246
2022-07-06,3335.568139039743
2022-07-07,3395.0785033317065
2022-07-08,3396.143717143504
2022-07-11,3381.8716794184984
2022-07-12,3355.9734961794943
2022-07-13,3334.537407464302
2022-07-14,3349.989344062331
2022-07-15,3374.141929223438
2022-07-18,3343.854975445069
2022-07-19,3393.0187356230404
2022-07-20,3422.890552379489
2022-07-21,3469.5700205615067
2022-07-22,3450.053425718562
2022-07-25,3444.95457195851
2022-07-26,3439.600767340985
2022-07-27,3510.6525696445337
2022-07-28,3558.790284372291
2022-07-29,3585.638831223217
2022-08-01,3562.2028600484955
2022-08-02,3555.5462957052473
2022-08-03,3614.8005768251746
2022-08-04,3601.7041936359014
2022-08-05,3600.0292407992038
2022-08-08,3586.08890954846
2022-08-09,3564.343459805068
2022-08-10,3590.074904199738
2022-08-11,3593.543955460866
2022-08-12,3671.0708951176125
2022-08-15,3710.4642566775574
2022-08-16,3713.488722284865
2022-08-17,3696.9044411477203
2022-08-18,3703.4790777469607
2022-08-19,3684.909408273262
2022-08-22,3643.464577867499
2022-08-23,3622.79083210447
2022-08-24,3623.3659067083327
2022-08-25,3665.9319373148755
2022-08-26,3562.5812574160977
2022-08-29,3531.603421724326
2022-08-30,3501.8778050809306
2022-08-31,3461.7374908288475
2022-09-01,3467.3691057857486
2022-09-02,3421.8803831153823
2022-09-05,3446.7787241983074
2022-09-06,3440.7354832549704
2022-09-07,3463.2199765627934
2022-09-08,3489.998498281105
2022-09-09,3522.623857404937
2022-09-12,3529.9000458976884
2022-09-13,3447.06031829004
2022-09-14,3440.518707240759
2022-09-15,3403.6119758040286
2022-09-16,3367.322993710827
2022-09-19,3382.7626493971084
2022-09-20,3357.122746879902
2022-09-21,3353.12906796949
2022-09-22,3329.2129090550975
2022-09-23,3307.227830105185
2022-09-26,3286.812898365684
2022-09-27,3291.9521646659796
2022-09-28,3334.6238746146464
2022-09-29,3240.974233842441
2022-09-30,3206.13320718811
2022-10-03,3244.7158009111604
2022-10-04,3301.9575499336856
2022-10-05,3323.093053554154
2022-10-06,3302.4409654630554
2022-10-07,3226.890647658371
2022-10-10,3220.7019666227607
2022-10-11,3184.476935438516
2022-10-12,3179.310730204894
2022-10-13,3221.745492036711
2022-10-14,3170.1623319101773
2022-10-17,3217.9963946340667
2022-10-18,3241.779045780193
2022-10-19,3231.664107399211
2022-10-20,3189.4690049254423
2022-10-21,3238.192157595596
2022-10-24,3241.6043900983955
2022-10-25,3279.051459754686
2022-10-26,3240.352789804633
2022-10-27,3254.649733460148
2022-10-28,3312.490498324785
2022-10-31,3318.519698203001
2022-11-01,3330.218175407333
2022-11-02,3279.331476493916
2022-11-03,3273.3831743739483
2022-11-04,3286.240432486856
2022-11-07,3291.866572981181
2022-11-08,3299.096032682078
2022-11-09,3259.513826923396
2022-11-10,3366.9803419859086
2022-11-11,3383.6008558554017
2022-11-14,3354.6479346815136
2022-11-15,3373.6124471947196
2022-11-16,3337.47419375033
2022-11-17,3334.0274068226386
2022-11-18,3342.5618574351865
2022-11-21,3365.461904092006
2022-11-22,3386.75277135309
2022-11-23,3393.730939300885
2022-11-24,3397.865687218593
2022-11-25,3396.4275297506447
2022-11-28,3353.5003230283455
2022-11-29,3365.193392139649
2022-11-30,3467.4567819575495
2022-12-01,3438.555666022609
2022-12-02,3434.902814239343
2022-12-05,3376.1459820815717
2022-12-06,3344.1466828041307
2022-12-07,3332.424643200805
2022-12-08,3342.9772211030045
2022-12-09,3345.4675628448404
2022-12-12,3364.2091302535127
2022-12-13,3363.546373130284
2022-12-14,3354.146044126185
2022-12-15,3276.5352304768408
2022-12-16,3248.0184605052254
2022-12-19,3233.9225944230975
2022-12-20,3210.9366460118663
2022-12-21,3252.3536847864107
2022-12-22,3218.3329798013756
2022-12-23,3216.5954993071027
2022-12-26,3217.102254599494
2022-12-27,3192.9117038783406
2022-12-28,3177.9364353695723
2022-12-29,3210.693509976902
2022-12-30,3191.474542010799
2023-01-02,3196.6020731117787
2023-01-03,3223.713840604039
2023-01-04,3230.3421200210028
2023-01-05,3218.46106756111
2023-01-06,3251.2888710391935
2023-01-09,3244.1609200056428
2023-01-10,3256.0835629443036
2023-01-11,3284.7166754909354
2023-01-12,3292.7310479298326
2023-01-13,3308.6329806618255
2023-01-16,3312.030907429662
2023-01-17,3325.184598733841
2023-01-18,3291.077089401806
2023-01-19,3261.1700049423584
2023-01-20,3300.107759842837
2023-01-23,3327.2615848863966
2023-01-24,3327.494352539688
2023-01-25,3321.1249830639263
2023-01-26,3368.2853503198544
2023-01-27,3388.7807948660898
2023-01-30,3352.3830238468668
2023-01-31,3382.143278498759
2023-02-01,3402.6971485805757
2023-02-02,3446.7432655857224
2023-02-03,3438.202121357636
2023-02-06,3444.7066888099853
2023-02-07,3488.975190782998
2023-02-08,3474.6817195258377
2023-02-09,3453.4037388960587
2023-02-10,3457.141151220937
2023-02-13,3480.3961486435387
2023-02-14,3490.655109396739
2023-02-15,3496.691279312064
2023-02-16,3462.603535896243
2023-02-17,3449.557092027948
2023-02-20,3445.8920710132593
2023-02-21,3388.22860250664
2023-02-22,3393.3604417484858
2023-02-23,3430.9968252742415
2023-02-24,3404.157849191003
2023-02-27,3407.4138126334556
2023-02-28,3396.0055507465386
2023-03-01,3367.5924051322227
2023-03-02,3398.5848689793943
2023-03-03,3445.5821465240997
2023-03-06,3423.9381627358894
2023-03-07,3404.6923470134175
2023-03-08,3411.0049611279283
2023-03-09,3368.2976372705966
2023-03-10,3290.298991650827
2023-03-13,3272.326812685232
2023-03-14,3306.471952016237
2023-03-15,3337.565097712536
2023-03-16,3362.6686246174813
2023-03-17,3344.574890627261
2023-03-20,3332.943257976656
2023-03-21,3355.0869134940167
2023-03-22,3331.9261450313793
2023-03-23,3326.7190591062667
2023-03-24,3363.0622450761825
2023-03-27,3358.602857211025
2023-03-28,3344.529483974822
2023-03-29,3387.119214879065
2023-03-30,3391.7048958543137
2023-03-31,3446.207511842253
2023-04-03,3435.498933893254
2023-04-04,3399.13471459489
2023-04-05,3397.942689169464
2023-04-06,3403.837187806764
2023-04-07,3404.5964419314237
2023-04-10,3427.7458667943292
2023-04-11,3415.303858069279
2023-04-12,3389.47209157756
2023-04-13,3404.142975293947
2023-04-14,3410.6901785826085
2023-04-17,3449.302007504169
2023-04-18,3444.173421258251
2023-04-19,3435.3213392035505
2023-04-20,3412.184265081881
2023-04-21,3415.4052022803685
2023-04-24,3394.894706215054
2023-04-25,3365.9907135628973
2023-04-26,3353.2964497074886
2023-04-27,3407.1920835751434
2023-04-28,3430.8672971138735
2023-05-01,3447.6454706263044
2023-05-02,3417.828591896033
2023-05-03,3386.365089591251
2023-05-04,3391.1204597860137
2023-05-05,3441.313581232533
2023-05-08,3444.910979406949
2023-05-09,3443.5524227561605
2023-05-10,3445.5672302650823
2023-05-11,3448.2906384429825
2023-05-12,3457.9031952526134
2023-05-15,3467.531902099545
2023-05-16,3451.1103073082163
2023-05-17,3490.4899387807577
2023-05-18,3534.439491687768
2023-05-19,3532.1425384964145
2023-05-22,3539.357561705715
2023-05-23,3505.40113121599
2023-05-24,3472.1171266938586
2023-05-25,3533.9651594270968
2023-05-26,3583.369097185976
2023-05-29,3583.908870920152
2023-05-30,3575.1637563458294
2023-05-31,3553.6983934205346
2023-06-01,3565.545019885097
2023-06-02,3626.632279631695
2023-06-05,3632.619838159654
2023-06-06,3650.672893202934
2023-06-07,3631.8620016350105
2023-06-08,3624.8177638924244
2023-06-09,3640.4115644660487
2023-06-12,3669.014794229559
2023-06-13,3688.5956724347066
2023-06-14,3679.8288093147917
2023-06-15,3702.592677698454
2023-06-16,3692.0691877328977
2023-06-19,3682.2478334515736
2023-06-20,3665.9462567604614
2023-06-21,3624.1178478340207
2023-06-22,3628.1005442005257
2023-06-23,3615.2655836076515
2023-06-26,3593.032107361892
2023-06-27,3617.5165398091863
2023-06-28,3638.9226331419113
2023-06-29,3651.4565783283965
2023-06-30,3680.401004540552
2023-07-03,3699.5533822071798
2023-07-04,3703.244242696035
2023-07-05,3699.381136011966
2023-07-06,3658.6683865444866
2023-07-07,3624.576360014997
2023-07-10,3622.375949012119
2023-07-11,3642.7200077051025
2023-07-12,3643.292265047868
2023-07-13,3658.9829609161443
2023-07-14,3654.2346035249275
2023-07-17,3658.340182293351
2023-07-18,3691.505597106221
2023-07-19,3704.812120363793
2023-07-20,3681.3532853775005
2023-07-21,3687.795237705195
2023-07-24,3709.796168625274
2023-07-25,3741.505798932536
2023-07-26,3717.2746848410197
2023-07-27,3718.1712984447986
2023-07-28,3735.094123214651
2023-07-31,3742.2274156465364
2023-08-01,3735.2813385378086
2023-08-02,3688.561754689558
2023-08-03,3671.407105466753
2023-08-04,3642.03152487416
2023-08-07,3668.160793094927
2023-08-08,3666.194178173482
2023-08-09,3639.1815453339664
2023-08-10,3642.4938701320393
2023-08-11,3635.368668356864
2023-08-14,3648.3600865913186
2023-08-15,3607.8150065651826
2023-08-16,3596.8741362991555
2023-08-17,3570.029485064614
2023-08-18,3562.2604561838752
2023-08-21,3572.1577552793483
2023-08-22,3590.688529746906
2023-08-23,3628.7304256233424
2023-08-24,3601.2529520517664
2023-08-25,3627.2601373242182
2023-08-28,3643.492857640555
2023-08-29,3687.7500189347434
2023-08-30,3666.5013964381715
2023-08-31,3678.2836923103896
2023-09-01,3695.656023738908
2023-09-04,3706.1653534781085
2023-09-05,3715.261460725523
2023-09-06,3702.4888295447504
2023-09-07,3690.251493526083
2023-09-08,3687.653870193463
2023-09-11,3714.8056865805306
2023-09-12,3703.992426436751
2023-09-13,3698.611385706598
2023-09-14,3759.6822175651623
2023-09-15,3730.3809039199846
2023-09-18,3704.4746791084017
2023-09-19,3688.7584361879617
2023-09-20,3663.350046841363
2023-09-21,3624.7829949875304
2023-09-22,3611.225677283778
2023-09-25,3633.2421239464506
2023-09-26,3589.2654596512825
2023-09-27,3603.618277098999
2023-09-28,3601.260302795448
2023-09-29,3600.334771599367
2023-10-02,3613.7001404112257
2023-10-03,3565.4797643645807
2023-10-04,3585.6530133521333
2023-10-05,3576.5099063812727
2023-10-06,3610.5589488312235
2023-10-09,3619.845003296719
2023-10-10,3641.6377939713025
2023-10-11,3656.8384202233356
2023-10-12,3660.7018121860337
2023-10-13,3646.8097971276843
2023-10-16,3655.3612435616583
2023-10-17,3658.3060467346777
2023-10-18,3618.549421212206
2023-10-19,3564.4996029029135
2023-10-20,3516.7206950243844
2023-10-23,3497.4859753327237
2023-10-24,3522.9156031336943
2023-10-25,3520.9813483344606
2023-10-26,3492.3197400774393
2023-10-27,3471.9775083255795
2023-10-30,3486.1507729416167
2023-10-31,3517.4130924481287
2023-11-01,3560.056854558683
2023-11-02,3611.4738908853706
2023-11-03,3615.9619768975135
2023-11-06,3625.199445624932
2023-11-07,3642.4779456568326
2023-11-08,3642.848394123206
2023-11-09,3623.4926232579323
2023-11-10,3662.225570011518
2023-11-13,3661.843564604282
2023-11-14,3687.092683431432
2023-11-15,3708.073636334463
2023-11-16,3704.150109468439
2023-11-17,3705.906660200076
2023-11-20,3716.737347911924
2023-11-21,3718.4416550880014
2023-11-22,3746.3064046335685
2023-11-23,3737.1330189094488
2023-11-24,3733.422563858832
2023-11-27,3730.385148429424
2023-11-28,3727.478488267958
2023-11-29,3727.6169059965137
2023-11-30,3760.6669419639006
2023-12-01,3798.239948508841
2023-12-04,3788.8797500715236
2023-12-05,3784.4424068869844
2023-12-06,3791.2510096322553
2023-12-07,3803.16067280843
2023-12-08,3818.559029803485
2023-12-11,3838.6450002840415
2023-12-12,3838.1994618296526
2023-12-13,3867.101450848484
2023-12-14,3837.3018933798767
2023-12-15,3865.158283137792
2023-12-18,3859.3580154528227
2023-12-19,3859.4208322931736
2023-12-20,3830.559274211564
2023-12-21,3851.314330713125
2023-12-22,3848.574684584163
2023-12-25,3848.9983636493125
2023-12-26,3858.2167357651115
2023-12-27,3852.0815854098
2023-12-28,3859.0750845009584
2023-12-29,3872.045093060639
2024-01-01,3871.944415457465
2024-01-02,3879.2362922256243
2024-01-03,3844.952291607038
2024-01-04,3828.411263323145
2024-01-05,3822.871702962131
2024-01-08,3858.5097060522676
2024-01-09,3865.5654974920985
2024-01-10,3864.2678827200175
2024-01-11,3867.6475182641216
2024-01-12,3873.094113420327
2024-01-15,3873.3388010526974
2024-01-16,3879.805367438554
2024-01-17,3854.3673982094215
2024-01-18,3874.166156594032
2024-01-19,3902.5942863389773
2024-01-22,3907.049726337485
2024-01-23,3929.1307084488753
2024-01-24,3919.052170747951
2024-01-25,3951.12192649866
2024-01-26,3945.318211115575
2024-01-29,3997.709241481397
2024-01-30,3985.1693143008006
2024-01-31,3941.2827704403176
2024-02-01,3983.062364942206
2024-02-02,4006.3239279052796
2024-02-05,4004.9604246870203
2024-02-06,4015.855980673593
2024-02-07,4035.283744786216
2024-02-08,4041.3569719662923
2024-02-09,4050.9833281291935
2024-02-12,4054.458294048674
2024-02-13,4015.3836057832323
2024-02-14,4043.4056393765363
2024-02-15,4067.187429293012
2024-02-16,4058.9205505017585
2024-02-19,4059.8492542070676
2024-02-20,4030.307744573993
2024-02-21,4038.3410135526547
2024-02-22,4087.6361786415505
2024-02-23,4082.3373560747955
2024-02-26,4062.9740796812157
2024-02-27,4067.9658061968357
2024-02-28,4068.812177650369
2024-02-29,4089.096574835581
2024-03-01,4107.4240116065275
2024-03-04,4101.657471970364
2024-03-05,4052.3884884832983
2024-03-06,4051.5599036811027
2024-03-07,4089.0579483527054
2024-03-08,4077.292341969075
2024-03-11,4077.3640229251273
