Date,FM GCC COUNTRIES DOMESTIC
2014-05-30,1000.0
2014-06-02,996.945327737709
2014-06-03,1002.1285915342589
2014-06-04,1001.4376229968622
2014-06-05,1000.0181048018815
2014-06-06,1000.1618453976853
2014-06-09,990.1093753821659
2014-06-10,992.834748150102
2014-06-11,991.6153440581248
2014-06-12,988.4958006173088
2014-06-13,988.070082355679
2014-06-16,977.1910900299184
2014-06-17,969.2085978900311
2014-06-18,963.9865590598462
2014-06-19,963.7370091130034
2014-06-20,962.7751784557706
2014-06-23,958.7118682213589
2014-06-24,954.8886197845128
2014-06-25,968.9011353098958
2014-06-26,956.0785229131833
2014-06-27,956.6237578881794
2014-06-30,956.8059267348804
2014-07-01,960.3040691846519
2014-07-02,977.652143611306
2014-07-03,970.573251070916
2014-07-04,970.5732510709158
2014-07-07,961.0488423829628
2014-07-08,970.0582526528225
2014-07-09,971.9535780427105
2014-07-10,980.5763861292068
2014-07-11,980.4370537750448
2014-07-14,988.1010564296479
2014-07-15,980.5519916356482
2014-07-16,984.0907886989469
2014-07-17,976.2816082995291
2014-07-18,976.2816082995291
2014-07-21,981.5051307491467
2014-07-22,985.3912120522547
2014-07-23,981.3245672303265
2014-07-24,982.667656420724
2014-07-25,982.11035567031
2014-07-28,980.9909627105516
2014-07-29,980.1558973871286
2014-07-30,979.3225997094773
2014-07-31,979.8353684229477
2014-08-01,980.1134221643017
2014-08-04,994.2406878032783
2014-08-05,997.4910551240339
2014-08-06,993.6348472146357
2014-08-07,1003.8927293586461
2014-08-08,1004.4608179942795
2014-08-11,997.1765494985356
2014-08-12,998.0061909617884
2014-08-13,1003.8185427157689
2014-08-14,1004.9598008241547
2014-08-15,1004.9598008241547
2014-08-18,1001.9283827050538
2014-08-19,1005.6317246614028
2014-08-20,1012.2630907349986
2014-08-21,1008.8034046409774
2014-08-22,1008.5126651537169
2014-08-25,995.3749720653493
2014-08-26,997.7794981611211
2014-08-27,998.7878152105712
2014-08-28,994.4964586913469
2014-08-29,994.4964586913469
2014-09-01,995.7415155128052
2014-09-02,999.9692395808613
2014-09-03,1003.5662840133413
2014-09-04,1001.573255161369
2014-09-05,1001.573255161369
2014-09-08,998.8836830894872
2014-09-09,1000.9463026292686
2014-09-10,1002.4236434092711
2014-09-11,998.0851978647167
2014-09-12,997.8070406766656
2014-09-15,1000.1378532097812
2014-09-16,1003.0468415210355
2014-09-17,1007.9904275565641
2014-09-18,1005.9160262144769
2014-09-19,1004.7958282456834
2014-09-22,1007.1440988046274
2014-09-23,1004.1015562537743
2014-09-24,1002.0562543815414
2014-09-25,1004.2873272074208
2014-09-26,1003.5901924616869
2014-09-29,997.255746396182
2014-09-30,995.2854903408779
2014-10-01,999.9305215811066
2014-10-02,1007.6791603144383
2014-10-03,1004.8933715618045
2014-10-06,1005.8662050393717
2014-10-07,1007.3997123889571
2014-10-08,1007.4404283933537
2014-10-09,1006.4112302416535
2014-10-10,1005.1556733618563
2014-10-13,985.7992918954847
2014-10-14,984.302390060165
2014-10-15,981.0168657910523
2014-10-16,977.5294171894775
2014-10-17,977.8032870160324
2014-10-20,968.9084434664002
2014-10-21,961.6894819449176
2014-10-22,956.1109908707147
2014-10-23,974.0947606810533
2014-10-24,974.0947606810532
2014-10-27,954.9440683461136
2014-10-28,954.0635689129666
2014-10-29,956.235637838755
2014-10-30,954.5895254589665
2014-10-31,952.2171010726057
2014-11-03,957.501510277855
2014-11-04,956.4446327205503
2014-11-05,945.6639624461126
2014-11-06,935.2679718379546
2014-11-07,934.2438134367459
2014-11-10,935.4830620686004
2014-11-11,942.6195842751993
2014-11-12,939.9906350375715
2014-11-13,939.7260879777373
2014-11-14,939.4678910409322
2014-11-17,936.390493511022
2014-11-18,935.0659547387941
2014-11-19,929.6948658506092
2014-11-20,926.322009195918
2014-11-21,925.6901187426992
2014-11-24,931.697164155162
2014-11-25,918.1087407916959
2014-11-26,925.0723264719211
2014-11-27,916.2330610251956
2014-11-28,915.3473652548115
2014-12-01,895.9797642322741
2014-12-02,893.4882898547343
2014-12-03,897.1508622275602
2014-12-04,899.8923184427015
2014-12-05,897.9010528018499
2014-12-08,877.783286059073
2014-12-09,863.9404855392819
2014-12-10,872.4308553086546
2014-12-11,845.9619468447344
2014-12-12,847.1519490618284
2014-12-15,805.0506660356145
2014-12-16,778.7762221979492
2014-12-17,767.1346601951359
2014-12-18,786.5221900870827
2014-12-19,786.3039881267113
2014-12-22,858.5696672357169
2014-12-23,864.3421137400247
2014-12-24,870.9220867009137
2014-12-25,861.9835390359717
2014-12-26,861.5100438258833
2014-12-29,856.9502407845334
2014-12-30,851.2011713607983
2014-12-31,852.1663586374113
2015-01-01,852.242220797244
2015-01-02,850.7184595029835
2015-01-05,845.9643108704764
2015-01-06,829.3536619709391
2015-01-07,824.6647606931645
2015-01-08,833.7265424274487
2015-01-09,834.641284621007
2015-01-12,854.8150281408903
2015-01-13,856.1835050298848
2015-01-14,864.5363143865633
2015-01-15,864.1356875333908
2015-01-16,864.6089581453055
2015-01-19,865.4428183968978
2015-01-20,860.8891261820869
2015-01-21,870.1055556608775
2015-01-22,872.2175675111237
2015-01-23,870.6415186329822
2015-01-26,867.2877506057082
2015-01-27,860.2226373126239
2015-01-28,863.090628473765
2015-01-29,860.4053898791499
2015-01-30,859.7036589451966
2015-02-02,869.5140549444251
2015-02-03,866.6365271117379
2015-02-04,871.7847079872516
2015-02-05,872.0894927272176
2015-02-06,870.6713611860869
2015-02-09,874.6944806906045
2015-02-10,878.488709829256
2015-02-11,876.0736794949639
2015-02-12,878.061627163855
2015-02-13,878.4203108797896
2015-02-16,878.4425484234938
2015-02-17,876.3724653693832
2015-02-18,879.9636802725026
2015-02-19,881.0913132695674
2015-02-20,881.0913132695672
2015-02-23,891.138208125358
2015-02-24,892.204023017746
2015-02-25,892.1308943706553
2015-02-26,890.03922883373
2015-02-27,890.7322476359953
2015-03-02,886.1287972771285
2015-03-03,886.206664327282
2015-03-04,885.8280737393638
2015-03-05,881.629674298644
2015-03-06,879.00959145119
2015-03-09,876.9472196448392
2015-03-10,871.1518555032736
2015-03-11,872.3335682376488
2015-03-12,869.4135967447809
2015-03-13,868.0153319989815
2015-03-16,858.7103285139364
2015-03-17,853.7485476352734
2015-03-18,852.5266201678023
2015-03-19,850.9438682853967
2015-03-20,852.4329329401164
2015-03-23,849.9840445120684
2015-03-24,851.9515912200644
2015-03-25,844.201117474898
2015-03-26,822.101554298497
2015-03-27,821.8817356048232
2015-03-30,834.3233874986353
2015-03-31,828.7856119634085
2015-04-01,825.7090421367369
2015-04-02,829.6420124781275
2015-04-03,829.6420124781275
2015-04-06,833.1411658822569
2015-04-07,838.7555347269449
2015-04-08,840.2634703620927
2015-04-09,832.5678614697171
2015-04-10,832.5854291552905
2015-04-13,839.626253025662
2015-04-14,843.6337637613483
2015-04-15,849.6236760523759
2015-04-16,859.1482254575753
2015-04-17,860.5190001611653
2015-04-20,856.2663536783347
2015-04-21,851.7496937963648
2015-04-22,858.296341378771
2015-04-23,858.9649943942798
2015-04-24,860.4635549169417
2015-04-27,858.47213507508
2015-04-28,854.4311185665422
2015-04-29,856.9599994100042
2015-04-30,860.9618383865934
2015-05-01,861.208217950374
2015-05-04,854.9438974714922
2015-05-05,852.2610951169946
2015-05-06,852.9600442310739
2015-05-07,846.4358486103816
2015-05-08,846.4358486103816
2015-05-11,847.4830543187969
2015-05-12,846.969160377042
2015-05-13,842.7527363791792
2015-05-14,844.2549659659423
2015-05-15,844.701207481064
2015-05-18,846.2459162087265
2015-05-19,835.6269962362331
2015-05-20,830.3531481376332
2015-05-21,826.6961378692355
2015-05-22,825.8138426788959
2015-05-25,819.0758544328789
2015-05-26,816.6926524097398
2015-05-27,818.2578170231917
2015-05-28,820.2763567416274
2015-05-29,820.3831668981081
2015-06-01,829.4331249161265
2015-06-02,839.1828756090027
2015-06-03,842.1445828895825
2015-06-04,833.696924287482
2015-06-05,833.0575076664081
2015-06-08,827.456758778123
2015-06-09,836.6123551738134
2015-06-10,841.3818832335683
2015-06-11,838.6252847452389
2015-06-12,838.9671863494509
2015-06-15,835.4210130592854
2015-06-16,837.8474268117974
2015-06-17,832.5398570603578
2015-06-18,835.2903687375247
2015-06-19,834.7556218175788
2015-06-22,826.3189190389013
2015-06-23,832.8667829976921
2015-06-24,827.525535555667
2015-06-25,833.9831532494927
2015-06-26,834.3022756679609
2015-06-29,833.7537668464863
2015-06-30,829.4596690420111
2015-07-01,828.3230533632204
2015-07-02,827.3991258905374
2015-07-03,827.8203686157668
2015-07-06,826.8786438558187
2015-07-07,820.3863813334641
2015-07-08,824.5403947778449
2015-07-09,826.4653957095039
2015-07-10,826.9911263929026
2015-07-13,828.3030248930629
2015-07-14,833.9040391948683
2015-07-15,841.8147532914171
2015-07-16,833.6389789750806
2015-07-17,833.6389789750806
2015-07-20,833.4072474412942
2015-07-21,835.2654298430248
2015-07-22,835.0538956717097
2015-07-23,836.1497666333089
2015-07-24,835.5792766031957
2015-07-27,835.1459207035796
2015-07-28,827.2457065070704
2015-07-29,825.8408802977783
2015-07-30,824.8694990692819
2015-07-31,825.7043102080138
2015-08-03,816.7353762160607
2015-08-04,816.3902648081729
2015-08-05,816.8872205742649
2015-08-06,818.3669933894905
2015-08-07,818.3468488992455
2015-08-10,819.1595805387799
2015-08-11,823.0213899485178
2015-08-12,819.1727484324373
2015-08-13,812.2734175028395
2015-08-14,813.6008231634423
2015-08-17,801.1669903605904
2015-08-18,803.4034787286652
2015-08-19,794.8682025547799
2015-08-20,782.5942265858397
2015-08-21,783.5918997533483
2015-08-24,753.19003415832
2015-08-25,757.3111641950278
2015-08-26,758.0580500925431
2015-08-27,765.5351211871305
2015-08-28,765.4964448749597
2015-08-31,752.7185446720725
2015-09-01,753.812018525433
2015-09-02,746.2628312313243
2015-09-03,750.5189540607756
2015-09-04,750.8805454839134
2015-09-07,752.2103391009891
2015-09-08,744.7290784318658
2015-09-09,760.5968160703937
2015-09-10,753.9500670394336
2015-09-11,754.1832763181636
2015-09-14,750.2370256992245
2015-09-15,752.5345449619027
2015-09-16,752.9579061206018
2015-09-17,750.7058964920318
2015-09-18,751.6668089019432
2015-09-21,760.055823699453
2015-09-22,763.4298266579331
2015-09-23,761.8834405155096
2015-09-24,762.4078289753248
2015-09-25,762.6112071441768
2015-09-28,755.3893271429304
2015-09-29,761.8849992950305
2015-09-30,759.7969208096187
2015-10-01,755.0546452138417
2015-10-02,755.1798077839577
2015-10-05,756.9601184531955
2015-10-06,758.9849458990574
2015-10-07,759.5868130051456
2015-10-08,754.1872678202736
2015-10-09,754.4034869251373
2015-10-12,758.6992164559157
2015-10-13,756.2205483888698
2015-10-14,755.6013080058609
2015-10-15,756.2562917588035
2015-10-16,755.5345844911242
2015-10-19,759.5125962783083
2015-10-20,764.3888259735629
2015-10-21,760.110330566423
2015-10-22,760.7039740831493
2015-10-23,760.0908448753951
2015-10-26,764.3368851348251
2015-10-27,763.647169930801
2015-10-28,757.4973466147921
2015-10-29,754.734255659696
2015-10-30,754.8754665246455
2015-11-02,755.113672702279
2015-11-03,753.2280841008977
2015-11-04,751.9507252682848
2015-11-05,758.0894342846052
2015-11-06,757.3663031803669
2015-11-09,770.3198587538667
2015-11-10,765.6374578164066
2015-11-11,768.0408438225828
2015-11-12,770.4811636133717
2015-11-13,770.4514066970295
2015-11-16,762.1443608333842
2015-11-17,753.5874031723199
2015-11-18,746.7244555665612
2015-11-19,753.0184980245533
2015-11-20,752.7935369988555
2015-11-23,763.0785489178244
2015-11-24,753.1662873960458
2015-11-25,751.4768882254024
2015-11-26,755.0216585146984
2015-11-27,753.5922250289692
2015-11-30,739.1640055436696
2015-12-01,739.9535231713891
2015-12-02,738.5065401879467
2015-12-03,749.0346278616241
2015-12-04,749.2215941429345
2015-12-07,736.8999697056187
2015-12-08,737.565044220086
2015-12-09,736.7428935675179
2015-12-10,730.1094498054617
2015-12-11,730.3689810504317
2015-12-14,723.259146821998
2015-12-15,724.6495146420226
2015-12-16,724.5045182602981
2015-12-17,724.1982531325243
2015-12-18,724.1778484596852
2015-12-21,728.1288490395295
2015-12-22,722.6159960886206
2015-12-23,724.9349150059438
2015-12-24,725.8659075633162
2015-12-25,725.8659075633163
2015-12-28,722.8982861766616
2015-12-29,720.3390287107002
2015-12-30,723.4515857592013
2015-12-31,721.7062120931421
2016-01-01,721.7062120931422
2016-01-04,714.1948628221224
2016-01-05,710.7882618880375
2016-01-06,710.7647887384087
2016-01-07,700.6044630423492
2016-01-08,701.2555414540863
2016-01-11,686.3568692289676
2016-01-12,681.1052157872595
2016-01-13,676.8731151787291
2016-01-14,659.6401425651404
2016-01-15,660.0761931148564
2016-01-18,630.5662958822003
2016-01-19,631.9276515024734
2016-01-20,615.1036804665033
2016-01-21,607.4961606632089
2016-01-22,607.324850489753
2016-01-25,619.6425459924974
2016-01-26,620.9774604716525
2016-01-27,630.2015905473606
2016-01-28,648.5163767915307
2016-01-29,647.6821576644883
2016-02-01,667.4180238721199
2016-02-02,671.7827031592553
2016-02-03,658.5663345296379
2016-02-04,679.9900308989422
2016-02-05,680.6149867910401
2016-02-08,682.1612166097354
2016-02-09,679.4796459525471
2016-02-10,671.3183865700989
2016-02-11,670.4762445237005
2016-02-12,670.116343937997
2016-02-15,670.852000764745
2016-02-16,678.6565430658978
2016-02-17,676.1509900662952
2016-02-18,671.8393269698922
2016-02-19,671.8412327305131
2016-02-22,674.932077513227
2016-02-23,682.9020445706867
2016-02-24,684.5546709343822
2016-02-25,683.0178654209037
2016-02-26,682.6532231870477
2016-02-29,681.4862438217007
2016-03-01,682.1836663837167
2016-03-02,692.1317492221917
2016-03-03,693.7601780497929
2016-03-04,694.2409128243419
2016-03-07,694.2877973211477
2016-03-08,691.3401202855413
2016-03-09,695.4415737463451
2016-03-10,695.294965205141
2016-03-11,695.8600527256805
2016-03-14,685.3469370599963
2016-03-15,681.7950125416635
2016-03-16,683.3211683681063
2016-03-17,688.5803932544461
2016-03-18,688.6657620605457
2016-03-21,683.7311787823519
2016-03-22,686.3712341526548
2016-03-23,690.8976662052124
2016-03-24,694.9945173417361
2016-03-25,694.9945173417361
2016-03-28,694.6878160911767
2016-03-29,693.4277525206088
2016-03-30,703.7706689213005
2016-03-31,708.8676182017664
2016-04-01,709.4382595216608
2016-04-04,697.2887786663933
2016-04-05,701.6801504084209
2016-04-06,702.352913892572
2016-04-07,709.9760535516535
2016-04-08,709.87971463746
2016-04-11,712.6756401554375
2016-04-12,712.6761939248577
2016-04-13,718.3562674265947
2016-04-14,720.2600694922924
2016-04-15,720.1812053489776
2016-04-18,714.325893576534
2016-04-19,717.5305946388862
2016-04-20,719.5560041811469
2016-04-21,714.975930187174
2016-04-22,715.0685439673086
2016-04-25,721.1119149571231
2016-04-26,723.813689220981
2016-04-27,720.7527627098165
2016-04-28,727.8735879678105
2016-04-29,729.0458612141526
2016-05-02,721.4505008427342
2016-05-03,721.0444469534232
2016-05-04,721.510882002799
2016-05-05,722.8638938223744
2016-05-06,723.0551899537631
2016-05-09,723.5500235452586
2016-05-10,720.0170520918624
2016-05-11,720.370546810414
2016-05-12,715.3685111554647
2016-05-13,715.1807116149856
2016-05-16,717.2106193701139
2016-05-17,714.6654168568184
2016-05-18,717.9291534613889
2016-05-19,705.6222387024299
2016-05-20,705.572698753297
2016-05-23,701.2050303992756
2016-05-24,704.6698721469277
2016-05-25,710.0021475973332
2016-05-26,704.7856261906247
2016-05-27,704.6023059152009
2016-05-30,701.7038112716303
2016-05-31,700.7065454145035
2016-06-01,699.2907016522727
2016-06-02,698.3616011743263
2016-06-03,698.2854039221808
2016-06-06,701.1838504884714
2016-06-07,700.998269746896
2016-06-08,705.1172047671989
2016-06-09,700.4807706479694
2016-06-10,700.482645258064
2016-06-13,697.0246387446039
2016-06-14,694.4862841709557
2016-06-15,695.5186384501628
2016-06-16,692.4031916100153
2016-06-17,692.2196443564495
2016-06-20,693.1932873454978
2016-06-21,695.3356513731967
2016-06-22,686.9668311274681
2016-06-23,687.2919135068017
2016-06-24,684.9321000357951
2016-06-27,679.4069670691481
2016-06-28,690.0415633704446
2016-06-29,684.3073966491776
2016-06-30,679.5460216128752
2016-07-01,679.2755339348224
2016-07-04,680.7733710436919
2016-07-05,680.9374798048672
2016-07-06,680.5956748318459
2016-07-07,680.6688357112457
2016-07-08,680.8479020925096
2016-07-11,678.1390737165875
2016-07-12,676.3597245927335
2016-07-13,677.3509426197082
2016-07-14,674.7584046115625
2016-07-15,674.9367095365784
2016-07-18,682.5981724276154
2016-07-19,677.6720243065146
2016-07-20,687.0552312825628
2016-07-21,684.7318650534078
2016-07-22,685.2697160651568
2016-07-25,687.1188507585538
2016-07-26,687.9355377694037
2016-07-27,689.5311990210934
2016-07-28,691.2646764495369
2016-07-29,691.5367731891091
2016-08-01,692.5099822761564
2016-08-02,688.6683090834135
2016-08-03,696.5135834542989
2016-08-04,688.3960739855057
2016-08-05,688.5030787451986
2016-08-08,694.3906078555859
2016-08-09,695.9945461260876
2016-08-10,690.6738578079813
2016-08-11,692.7716229109769
2016-08-12,693.5923471543158
2016-08-15,696.9278287741281
2016-08-16,700.5827881732454
2016-08-17,697.5320222386208
2016-08-18,695.453135858295
2016-08-19,695.453135858295
2016-08-22,690.0093432729856
2016-08-23,695.3150963906437
2016-08-24,689.4179302444697
2016-08-25,687.8376466782727
2016-08-26,687.9118417302359
2016-08-29,680.3220688127673
2016-08-30,682.8961711551349
2016-08-31,677.8382658300272
2016-09-01,681.1062598765649
2016-09-02,682.1996319986968
2016-09-05,682.0963862553199
2016-09-06,682.6715715634789
2016-09-07,692.6798526540767
2016-09-08,692.477016688676
2016-09-09,691.8546589769389
2016-09-12,691.7797896640699
2016-09-13,691.7780329628382
2016-09-14,692.112511580792
2016-09-15,691.9130422648007
2016-09-16,692.0794746066024
2016-09-19,692.9834144939989
2016-09-20,691.6279260573384
2016-09-21,693.0136192823019
2016-09-22,690.7522561309659
2016-09-23,690.7191641368019
2016-09-26,692.3097525931828
2016-09-27,697.0773671181244
2016-09-28,694.9317793862806
2016-09-29,692.1708140145982
2016-09-30,691.9860154116265
2016-10-03,685.190018271933
2016-10-04,682.2779866354929
2016-10-05,690.743907818551
2016-10-06,686.6925477830565
2016-10-07,685.8179523373113
2016-10-10,683.6842520581332
2016-10-11,687.721228793212
2016-10-12,683.6849982768026
2016-10-13,681.801351715252
2016-10-14,681.4451659579457
2016-10-17,674.5494208186839
2016-10-18,673.8322901509273
2016-10-19,678.8429469104697
2016-10-20,683.9075917545911
2016-10-21,682.8262025720129
2016-10-24,688.0263469180317
2016-10-25,704.2385050637876
2016-10-26,715.8683466153026
2016-10-27,711.0950837114676
2016-10-28,711.1897960396999
2016-10-31,696.1241160863409
2016-11-01,698.4780500900987
2016-11-02,704.1911172020762
2016-11-03,699.640280237882
2016-11-04,701.4475288844354
2016-11-07,710.4417480404651
2016-11-08,714.6528784731034
2016-11-09,713.3784921469537
2016-11-10,720.9908049825061
2016-11-11,720.9770887900181
2016-11-14,724.1323002102979
2016-11-15,740.7797485225558
2016-11-16,735.4216417591927
2016-11-17,735.7742206021305
2016-11-18,735.5788890738006
2016-11-21,733.4550757032765
2016-11-22,738.3122169466168
2016-11-23,731.2497658793086
2016-11-24,727.1241117277203
2016-11-25,727.1241117277203
2016-11-28,726.9212727375909
2016-11-29,726.6573558036431
2016-11-30,721.2204195302005
2016-12-01,729.8859161538164
2016-12-02,729.8859161538164
2016-12-05,738.5626495990126
2016-12-06,743.3843744929784
2016-12-07,741.7034829485074
2016-12-08,742.6168562732797
2016-12-09,741.5525389390394
2016-12-12,757.2118495259132
2016-12-13,762.4676498750271
2016-12-14,754.0813881708558
2016-12-15,754.2534394507578
2016-12-16,754.6449119757021
2016-12-19,757.2954853834954
2016-12-20,748.0888560075002
2016-12-21,750.7200076868863
2016-12-22,747.9383118924371
2016-12-23,747.6625163893137
2016-12-26,756.9651952617781
2016-12-27,760.7341837073864
2016-12-28,754.109983315146
2016-12-29,754.1750184402813
2016-12-30,755.1331536420643
2017-01-02,752.0963589134932
2017-01-03,758.3583263147767
2017-01-04,763.7659377069133
2017-01-05,766.2747820759447
2017-01-06,765.7758107729288
2017-01-09,771.8831940793827
2017-01-10,770.5217551531255
2017-01-11,773.2439571172401
2017-01-12,773.8577128127844
2017-01-13,773.6315354742177
2017-01-16,789.7503549849175
2017-01-17,811.3463330507903
2017-01-18,802.8846488620695
2017-01-19,799.039795678447
2017-01-20,798.9341704313904
2017-01-23,822.6881585760405
2017-01-24,830.6366340997209
2017-01-25,834.7550032851207
2017-01-26,831.4251814963612
2017-01-27,831.3283230026395
2017-01-30,839.1634736649285
2017-01-31,835.5744063505392
2017-02-01,838.3908158314081
2017-02-02,824.706487862616
2017-02-03,824.0805495618581
2017-02-06,833.7665038273095
2017-02-07,829.3379948382071
2017-02-08,831.5549443404942
2017-02-09,817.0933203804071
2017-02-10,816.5645019186468
2017-02-13,807.558988557538
2017-02-14,819.4077682442874
2017-02-15,825.7878793429926
2017-02-16,827.8007990372809
2017-02-17,828.2397128023871
2017-02-20,816.7066448030456
2017-02-21,815.323277486728
2017-02-22,813.4207692710995
2017-02-23,821.6663902431249
2017-02-24,822.230461662032
2017-02-27,818.3367848854458
2017-02-28,813.574997694097
2017-03-01,810.7878432031387
2017-03-02,819.5151230095936
2017-03-03,819.3920404293062
2017-03-06,824.0427027316902
2017-03-07,816.711719953503
2017-03-08,815.699414109697
2017-03-09,817.8884738058944
2017-03-10,817.6708742817706
2017-03-13,817.7507950043462
2017-03-14,812.2812956399681
2017-03-15,817.1187440285771
2017-03-16,825.8457487773975
2017-03-17,826.3988889932601
2017-03-20,834.518007599721
2017-03-21,841.2229889502815
2017-03-22,831.7003784019251
2017-03-23,839.1630313875261
2017-03-24,838.9541077618658
2017-03-27,826.2031156238918
2017-03-28,817.6016324981599
2017-03-29,806.6621659650638
2017-03-30,810.1809125187071
2017-03-31,809.980497632258
2017-04-03,822.5645130054647
2017-04-04,829.043542757741
2017-04-05,835.8171415384382
2017-04-06,835.8834354148696
2017-04-07,835.8834354148695
2017-04-10,834.2998928202138
2017-04-11,837.2269420992383
2017-04-12,832.5656136299783
2017-04-13,825.2292252109643
2017-04-14,825.2292252109645
2017-04-17,825.1548989970057
2017-04-18,821.1361630442043
2017-04-19,812.2478683215173
2017-04-20,808.6016129779828
2017-04-21,808.5095768298627
2017-04-24,802.9177998831107
2017-04-25,799.1233539236879
2017-04-26,799.244844328748
2017-04-27,799.8050802137419
2017-04-28,800.0350009546605
2017-05-01,802.7962225125721
2017-05-02,802.07489637835
2017-05-03,800.1618635705557
2017-05-04,792.3214130130413
2017-05-05,792.5297813289466
2017-05-08,783.8510025200072
2017-05-09,783.6899488463581
2017-05-10,789.4305009779764
2017-05-11,796.8904315028044
2017-05-12,796.8904315028044
2017-05-15,803.7862835328727
2017-05-16,802.287193635125
2017-05-17,810.9942268416281
2017-05-18,807.1177257102102
2017-05-19,807.1338228361504
2017-05-22,799.8733813164638
2017-05-23,802.6811094939028
2017-05-24,799.528639505074
2017-05-25,798.6738479615955
2017-05-26,798.2537379650041
2017-05-29,798.2568679931115
2017-05-30,799.0449761698576
2017-05-31,799.875599401768
2017-06-01,802.1338006462572
2017-06-02,802.5734517949888
2017-06-05,792.6349471283111
2017-06-06,795.1575440120769
2017-06-07,788.9320638309642
2017-06-08,791.3766409171915
2017-06-09,790.9074547999224
2017-06-12,784.1153715059072
2017-06-13,783.984330206343
2017-06-14,785.6626494306754
2017-06-15,787.7893087050412
2017-06-16,787.0854244704389
2017-06-19,813.7239604504364
2017-06-20,815.9885922769835
2017-06-21,800.7403821937615
2017-06-22,800.7042916830785
2017-06-23,801.0421104261504
2017-06-26,800.8159528914472
2017-06-27,800.697990377578
2017-06-28,801.0279678370563
2017-06-29,792.0764331436266
2017-06-30,790.7870943317213
2017-07-03,788.7203804994399
2017-07-04,790.4955879434975
2017-07-05,793.9745033487591
2017-07-06,791.9982633915936
2017-07-07,792.0105585944201
2017-07-10,800.9540840971524
2017-07-11,811.3949541990326
2017-07-12,812.3805758828671
2017-07-13,810.9088716959477
2017-07-14,810.9088716959476
2017-07-17,808.2095507953773
2017-07-18,811.4345540508828
2017-07-19,812.2468951140315
2017-07-20,815.7561268344315
2017-07-21,815.8680559360337
2017-07-24,838.1959963841323
2017-07-25,845.409300375418
2017-07-26,846.6084874444058
2017-07-27,849.9592135807281
2017-07-28,849.7245640484977
2017-07-31,836.2748205713657
2017-08-01,838.5853989211738
2017-08-02,839.1633671711734
2017-08-03,838.7354538659937
2017-08-04,838.4766619070026
2017-08-07,844.9719520866604
2017-08-08,854.1394191629117
2017-08-09,853.9751010941195
2017-08-10,859.5363870597666
2017-08-11,859.6100778846196
2017-08-14,874.5529885088487
2017-08-15,873.6036149206801
2017-08-16,873.3459983373011
2017-08-17,874.3280639347852
2017-08-18,874.3133396213715
2017-08-21,886.0484555424613
2017-08-22,889.8019477406111
2017-08-23,888.0409888460747
2017-08-24,888.1967179940355
2017-08-25,888.3267185580701
2017-08-28,894.8064932540224
2017-08-29,900.9229625110801
2017-08-30,895.6266749299168
2017-08-31,894.8642992535182
2017-09-01,895.3250692891137
2017-09-04,895.3277627037357
2017-09-05,899.783307143471
2017-09-06,902.2988824187212
2017-09-07,906.6301685053104
2017-09-08,906.4183118634697
2017-09-11,928.319701728406
2017-09-12,924.4766796856106
2017-09-13,919.7888633668545
2017-09-14,929.666815597492
2017-09-15,931.0694544166877
2017-09-18,938.0395438976593
2017-09-19,931.7647372907024
2017-09-20,927.0803588430566
2017-09-21,927.1724576319269
2017-09-22,928.0999462144688
2017-09-25,902.3368007060473
2017-09-26,905.3511752915751
2017-09-27,912.0876459662138
2017-09-28,906.6278823390854
2017-09-29,906.8532742488313
2017-10-02,923.7284921122304
2017-10-03,929.0260773808653
2017-10-04,930.0394025108299
2017-10-05,932.7450557975933
2017-10-06,932.9478443441518
2017-10-09,923.7749191730873
2017-10-10,910.8888843149763
2017-10-11,906.8982000145365
2017-10-12,909.4992625949552
2017-10-13,909.7742949587274
2017-10-16,910.8804459976578
2017-10-17,911.3029187366403
2017-10-18,911.0082674013188
2017-10-19,907.3043819033104
2017-10-20,906.9647727859286
2017-10-23,904.4206100592318
2017-10-24,900.2049456748445
2017-10-25,902.1135870300208
2017-10-26,903.0181952464054
2017-10-27,901.7909636273351
2017-10-30,888.1808585591033
2017-10-31,879.1183865715055
2017-11-01,879.6206502611142
2017-11-02,878.3309040439553
2017-11-03,878.1141336183779
2017-11-06,846.0927826414237
2017-11-07,810.6141616739695
2017-11-08,824.3502122939043
2017-11-09,842.0278203042368
2017-11-10,841.8211828199857
2017-11-13,838.3701125952335
2017-11-14,843.6826525451986
2017-11-15,851.8225271698242
2017-11-16,853.4191639295309
2017-11-17,853.5291455960977
2017-11-20,846.1517358459164
2017-11-21,832.651389196755
2017-11-22,831.854159158314
2017-11-23,835.8065215080227
2017-11-24,835.3963823156349
2017-11-27,841.1424755191936
2017-11-28,843.7594773580804
2017-11-29,846.9830603266727
2017-11-30,846.4704159128007
2017-12-01,846.4762212209761
2017-12-04,853.2360985822298
2017-12-05,847.2523388015132
2017-12-06,841.1302509612093
2017-12-07,839.3277033301534
2017-12-08,839.4415141713214
2017-12-11,828.6189954632274
2017-12-12,837.9570086352521
2017-12-13,842.0417704509493
2017-12-14,848.5648429562813
2017-12-15,848.6236181375742
2017-12-18,847.5167853105904
2017-12-19,846.3807003528478
2017-12-20,848.1519816469753
2017-12-21,853.5382596046345
2017-12-22,853.4310572543301
2017-12-25,850.7576259670311
2017-12-26,848.1961176923978
2017-12-27,849.8658433961646
2017-12-28,852.9716767654504
2017-12-29,853.0790523934302
2018-01-01,858.0234663454544
2018-01-02,856.2371675915493
2018-01-03,874.8493229250365
2018-01-04,876.423869983732
2018-01-05,876.2914210610463
2018-01-08,881.71747088113
2018-01-09,885.1270488389333
2018-01-10,890.871519721188
2018-01-11,890.7817584434488
2018-01-12,891.6900498925957
2018-01-15,906.7296852430237
2018-01-16,906.3856094695724
2018-01-17,905.0893922135559
2018-01-18,903.7987480533266
2018-01-19,904.0302134770932
2018-01-22,908.2100829062588
2018-01-23,905.514014634367
2018-01-24,903.8953497035695
2018-01-25,905.005266523916
2018-01-26,904.7611752573453
2018-01-29,895.4777636836353
2018-01-30,893.6870054088827
2018-01-31,885.769415354483
2018-02-01,888.1853618465759
2018-02-02,887.7344405576674
2018-02-05,880.0855709951602
2018-02-06,874.7586495862831
2018-02-07,884.0374549238069
2018-02-08,887.504137510505
2018-02-09,887.1533395600745
2018-02-12,879.8100950515212
2018-02-13,882.6926037269446
2018-02-14,882.8770330205128
2018-02-15,887.4356450577225
2018-02-16,887.4356450577225
2018-02-19,886.3298417633331
2018-02-20,886.4759403536963
2018-02-21,886.7248613083303
2018-02-22,886.2502670266889
2018-02-23,886.3510730620333
2018-02-26,886.7030120745717
2018-02-27,893.9760981802771
2018-02-28,897.7465092330372
2018-03-01,895.063570858386
2018-03-02,896.25758172335
2018-03-05,894.3325527279428
2018-03-06,892.8847597301636
2018-03-07,890.2929767943526
2018-03-08,887.6262984515822
2018-03-09,886.9489420469695
2018-03-12,882.9413084630113
2018-03-13,883.6801599113237
2018-03-14,884.9484883061994
2018-03-15,887.5351889965114
2018-03-16,887.5125204013126
2018-03-19,888.5680213408981
2018-03-20,882.1530046785025
2018-03-21,881.8271916250542
2018-03-22,886.133596211891
2018-03-23,886.351338685811
2018-03-26,892.7993171404619
2018-03-27,889.174753965454
2018-03-28,899.0332949192359
2018-03-29,909.8114370001476
2018-03-30,909.8114370001475
2018-04-02,894.4481260101819
2018-04-03,891.2354972781443
2018-04-04,885.6067143366967
2018-04-05,887.7902972775836
2018-04-06,887.6760680752285
2018-04-09,890.7276576678253
2018-04-10,890.660806801007
2018-04-11,893.5127685370072
2018-04-12,886.6048885952443
2018-04-13,886.6276584666188
2018-04-16,889.520197527393
2018-04-17,890.3538002157624
2018-04-18,889.5064474537711
2018-04-19,887.2113607045376
2018-04-20,886.983593177093
2018-04-23,885.2764611575315
2018-04-24,885.6929270673398
2018-04-25,890.0152871447967
2018-04-26,888.2174462549458
2018-04-27,887.5426029426586
2018-04-30,883.6211651316468
2018-05-01,884.3725521614201
2018-05-02,885.133562407608
2018-05-03,885.8974162356972
2018-05-04,885.6890804166934
2018-05-07,887.3601273841207
2018-05-08,886.1936303336513
2018-05-09,883.7574175769919
2018-05-10,883.0409075468654
2018-05-11,883.5169669644773
2018-05-14,880.7978177592448
2018-05-15,882.1183580664014
2018-05-16,880.0137831443194
2018-05-17,877.1259391641269
2018-05-18,877.4467194512101
2018-05-21,875.5451835443727
2018-05-22,872.814037978829
2018-05-23,869.514300613109
2018-05-24,862.9578948969762
2018-05-25,862.8334115286843
2018-05-28,864.6332543415039
2018-05-29,867.3685470801072
2018-05-30,864.9342510113553
2018-05-31,866.4472147388087
2018-06-01,866.3150339603716
2018-06-04,869.7810231132584
2018-06-05,871.8125708095658
2018-06-06,878.1952986528477
2018-06-07,881.4964459135452
2018-06-08,881.2595244058125
2018-06-11,875.7543881058845
2018-06-12,879.8478496621301
2018-06-13,884.7882229118662
2018-06-14,888.0418115549917
2018-06-15,887.1162842862412
2018-06-18,887.1228810075953
2018-06-19,884.2480642484771
2018-06-20,884.7927333790611
2018-06-21,886.3349795689021
2018-06-22,886.6480256725345
2018-06-25,894.2176895660577
2018-06-26,900.9776677465105
2018-06-27,900.7524866689691
2018-06-28,896.9473446572509
2018-06-29,897.3134422649806
2018-07-02,901.1452566872208
2018-07-03,913.285165952449
2018-07-04,936.9377323058752
2018-07-05,946.1138805640308
2018-07-06,946.4827266674185
2018-07-09,958.9714945361615
2018-07-10,966.8352925989467
2018-07-11,978.5205619214718
2018-07-12,973.1173830475916
2018-07-13,972.6219322224921
2018-07-16,978.1071120678812
2018-07-17,972.6621377011901
2018-07-18,972.1883019358347
2018-07-19,973.7915234775753
2018-07-20,974.433737631667
2018-07-23,976.010795788497
2018-07-24,978.7485984748905
2018-07-25,975.3951117889263
2018-07-26,978.7002167588984
2018-07-27,978.7002167588984
2018-07-30,977.1129119153924
2018-07-31,965.5423931139549
2018-08-01,965.6297440101371
2018-08-02,972.2572809743738
2018-08-03,972.2449038587622
2018-08-06,987.6504821669629
2018-08-07,990.5084718907748
2018-08-08,991.7156599448987
2018-08-09,990.279906908335
2018-08-10,989.4902113443208
2018-08-13,976.8117686686575
2018-08-14,975.6794709973794
2018-08-15,974.1990550321742
2018-08-16,976.405658941527
2018-08-17,976.3992881976274
2018-08-20,976.9783734812278
2018-08-21,977.2361110080569
2018-08-22,978.0167147383573
2018-08-23,978.4244663883649
2018-08-24,978.0230871374253
2018-08-27,966.7766737530933
2018-08-28,958.7971549574033
2018-08-29,960.7701509933709
2018-08-30,959.4372295817378
2018-08-31,959.6961721266302
2018-09-03,953.5162841069521
2018-09-04,962.5252867860271
2018-09-05,963.7851021189849
2018-09-06,967.073547941342
2018-09-07,966.6926764091572
2018-09-10,975.6098653171001
2018-09-11,975.3470112059243
2018-09-12,975.7223649538041
2018-09-13,978.2213638949695
2018-09-14,978.6127582578594
2018-09-17,977.2804620308079
2018-09-18,975.5758523567791
2018-09-19,970.5579230563434
2018-09-20,979.4915972537796
2018-09-21,979.2336399802588
2018-09-24,966.6074537464928
2018-09-25,977.7269589974015
2018-09-26,976.4760732652171
2018-09-27,977.639528115084
2018-09-28,976.758992016283
2018-10-01,974.6372082532102
2018-10-02,972.0163948205544
2018-10-03,973.1813256032788
2018-10-04,970.3756807835375
2018-10-05,970.1289495099668
2018-10-08,968.8333919210191
2018-10-09,967.7807788079912
2018-10-10,966.3427330515053
2018-10-11,961.0720580955107
2018-10-12,960.6942842605843
2018-10-15,952.5521619424209
2018-10-16,947.5075329427563
2018-10-17,948.4280712834569
2018-10-18,946.9468082774605
2018-10-19,946.4524268836791
2018-10-22,941.5653843475578
2018-10-23,946.3781117533327
2018-10-24,951.1444762941859
2018-10-25,953.0568260816211
2018-10-26,952.8152868510351
2018-10-29,951.0597263337526
2018-10-30,953.1399769120351
2018-10-31,955.0632656601805
2018-11-01,960.5909493306337
2018-11-02,960.9577119977998
2018-11-05,960.9339206871693
2018-11-06,961.24854893574
2018-11-07,966.3973472937785
2018-11-08,968.3737192110415
2018-11-09,967.8602830965469
2018-11-12,967.1161230862991
2018-11-13,966.3758167740589
2018-11-14,967.1218036896136
2018-11-15,966.6171566045001
2018-11-16,966.6171566045001
2018-11-19,963.8160178825706
2018-11-20,961.0773859643409
2018-11-21,959.5710408581089
2018-11-22,960.4262252351084
2018-11-23,960.1863264926417
2018-11-26,961.5845893117912
2018-11-27,965.8281276910513
2018-11-28,968.0254650987155
2018-11-29,965.9807415104959
2018-11-30,965.6083403016294
2018-12-03,967.3043932461507
2018-12-04,976.4238840322016
2018-12-05,978.6297586539316
2018-12-06,985.1518552939624
2018-12-07,985.5401992977145
2018-12-10,979.744724635842
2018-12-11,980.9196024911056
2018-12-12,978.7805116142652
2018-12-13,977.8835276645308
2018-12-14,977.1154486232282
2018-12-17,980.1979047072007
2018-12-18,970.5685656600922
2018-12-19,971.9671354206654
2018-12-20,962.5467803993253
2018-12-21,962.5605556392884
2018-12-24,962.9465050317656
2018-12-25,957.8912615961473
2018-12-26,955.7153204073219
2018-12-27,959.0015078198029
2018-12-28,959.3842834477701
2018-12-31,960.1786364465789
2019-01-01,960.1786364465789
2019-01-02,962.4804862799529
2019-01-03,968.539268176189
2019-01-04,968.7911368814765
2019-01-07,980.6651722710967
2019-01-08,979.1129142418647
2019-01-09,978.7749546270609
2019-01-10,989.7656280986885
2019-01-11,989.368516719443
2019-01-14,992.1235021994764
2019-01-15,990.9406440368541
2019-01-16,989.4342253553415
2019-01-17,991.9415146192254
2019-01-18,991.5501392798725
2019-01-21,993.2165680655642
2019-01-22,995.0148028621531
2019-01-23,990.886555355763
2019-01-24,994.4453967632626
2019-01-25,994.3134168221968
2019-01-28,976.5990874137714
2019-01-29,979.650639750547
2019-01-30,984.6307828396707
2019-01-31,985.7512498375245
2019-02-01,985.2299180112789
2019-02-04,985.3315257946572
2019-02-05,989.0264392680308
2019-02-06,987.6577030645001
2019-02-07,989.2550789550661
2019-02-08,989.1255762286148
2019-02-11,989.139229016434
2019-02-12,996.7027826839474
2019-02-13,990.0882886716811
2019-02-14,981.5462840436668
2019-02-15,981.2554218461264
2019-02-18,983.193651187102
2019-02-19,991.4531945958506
2019-02-20,995.9657069713265
2019-02-21,999.2770622823325
2019-02-22,999.2770622823325
2019-02-25,999.0213362417423
2019-02-26,1000.195169847106
2019-02-27,1007.3122306091448
2019-02-28,999.3930745940635
2019-03-01,998.868649880804
2019-03-04,1010.4838978051191
2019-03-05,1015.6688133156266
2019-03-06,1017.491396657511
2019-03-07,1017.1689799521522
2019-03-08,1017.1689799521522
2019-03-11,1012.9208548965182
2019-03-12,1016.3782166118567
2019-03-13,1015.4998487376126
2019-03-14,1026.4207602886613
2019-03-15,1026.2818882516497
2019-03-18,1031.119006765743
2019-03-19,1042.0654372699987
2019-03-20,1053.2739845405297
2019-03-21,1067.5284426644087
2019-03-22,1067.5284426644087
2019-03-25,1076.202270447439
2019-03-26,1078.8614102693073
2019-03-27,1088.0776212170626
2019-03-28,1087.6524029740583
2019-03-29,1087.5084888900324
2019-04-01,1107.1429446812144
2019-04-02,1122.7370471286824
2019-04-03,1139.3367389367847
2019-04-04,1139.3030854873464
2019-04-05,1139.1520253119222
2019-04-08,1152.9565608834216
2019-04-09,1138.0515211495383
2019-04-10,1140.660512911715
2019-04-11,1141.152903856763
2019-04-12,1141.4554753704078
2019-04-15,1142.4850531406612
2019-04-16,1150.9755894082834
2019-04-17,1151.3507424635802
2019-04-18,1163.7871210836718
2019-04-19,1163.7871210836718
2019-04-22,1152.3644754320085
2019-04-23,1146.6551369644026
2019-04-24,1150.7293323800986
2019-04-25,1147.6189660659852
2019-04-26,1147.774294886334
2019-04-29,1130.7416729426075
2019-04-30,1130.910621059348
2019-05-01,1132.318272988924
2019-05-02,1146.6292388713218
2019-05-03,1146.6292388713218
2019-05-06,1157.2123082925386
2019-05-07,1178.7490745055404
2019-05-08,1186.8939279128426
2019-05-09,1175.2439370121172
2019-05-10,1175.5583277928358
2019-05-13,1133.7941182814957
2019-05-14,1120.7063276269946
2019-05-15,1123.497863536767
2019-05-16,1139.288775954971
2019-05-17,1139.288775954971
2019-05-20,1121.3769931555069
2019-05-21,1133.289900553594
2019-05-22,1135.0223731049175
2019-05-23,1128.7577766560953
2019-05-24,1129.661749995212
2019-05-27,1140.1650680492216
2019-05-28,1151.9394033158183
2019-05-29,1162.5427381634554
2019-05-30,1169.0098421423916
2019-05-31,1169.324931511347
2019-06-03,1176.0680780584155
2019-06-04,1176.2099191471118
2019-06-05,1177.169679233033
2019-06-06,1177.1810088384946
2019-06-07,1177.3402082851703
2019-06-10,1206.546325670334
2019-06-11,1214.779665914376
2019-06-12,1209.7426794230087
2019-06-13,1199.5217601065146
2019-06-14,1198.8723126591049
2019-06-17,1191.1766967500666
2019-06-18,1181.5107468634149
2019-06-19,1182.6910473843038
2019-06-20,1194.5586506260931
2019-06-21,1194.5495138470494
2019-06-24,1195.7198228856705
2019-06-25,1199.444241425578
2019-06-26,1192.056301023563
2019-06-27,1195.4427332113871
2019-06-28,1195.7659265540608
2019-07-01,1201.2455761477688
2019-07-02,1213.6723280425147
2019-07-03,1223.391738803179
2019-07-04,1230.6510145932573
2019-07-05,1230.982356534077
2019-07-08,1248.2981231163656
2019-07-09,1264.706671718504
2019-07-10,1274.460106740379
2019-07-11,1276.1054930828243
2019-07-12,1276.4493954908612
2019-07-15,1265.234404157774
2019-07-16,1271.3208367060388
2019-07-17,1271.2913630559015
2019-07-18,1268.6335797222823
2019-07-19,1268.9752008415785
2019-07-22,1253.9697055879024
2019-07-23,1248.5812204799206
2019-07-24,1251.829813742445
2019-07-25,1260.2173734524827
2019-07-26,1259.5374872427994
2019-07-29,1271.1200217730568
2019-07-30,1265.081534318236
2019-07-31,1267.171157285498
2019-08-01,1266.9174311012648
2019-08-02,1267.6014823610321
2019-08-05,1266.0136214206157
2019-08-06,1262.9163723722484
2019-08-07,1270.1904753789415
2019-08-08,1268.9409086999751
2019-08-09,1269.1211383152922
2019-08-12,1269.2838913527794
2019-08-13,1270.473811192907
2019-08-14,1269.9482734262547
2019-08-15,1259.5793083708195
2019-08-16,1259.5793083708195
2019-08-19,1248.1029066595202
2019-08-20,1254.3556921900622
2019-08-21,1248.74645348744
2019-08-22,1249.3523616935024
2019-08-23,1249.3484235111584
2019-08-26,1234.9986541417775
2019-08-27,1236.2754637564442
2019-08-28,1237.8151021086048
2019-08-29,1236.632023491209
2019-08-30,1236.1308215274069
2019-09-02,1238.6924863012412
2019-09-03,1240.405622756572
2019-09-04,1239.680944144321
2019-09-05,1240.3127958948253
2019-09-06,1240.3161786265516
2019-09-09,1218.968073682689
2019-09-10,1219.031093532986
2019-09-11,1189.4180709759214
2019-09-12,1186.9047488035455
2019-09-13,1187.2217524576606
2019-09-16,1158.385385469295
2019-09-17,1150.5723816154077
2019-09-18,1123.081103914189
2019-09-19,1137.5212905243015
2019-09-20,1137.6723442668053
2019-09-23,1183.3268641264378
2019-09-24,1186.183490890759
2019-09-25,1185.55144348731
2019-09-26,1177.1968244235484
2019-09-27,1177.0407398413108
2019-09-30,1168.0781670914373
2019-10-01,1165.345971233073
2019-10-02,1159.1125143225545
2019-10-03,1160.0778830728675
2019-10-04,1160.0719551659038
2019-10-07,1179.0033363537732
2019-10-08,1179.857282155225
2019-10-09,1172.6042565164496
2019-10-10,1177.0147518175488
2019-10-11,1177.326733098576
2019-10-14,1179.4750468275222
2019-10-15,1182.2078712982664
2019-10-16,1192.566612251734
2019-10-17,1194.696938315334
2019-10-18,1194.8560112970893
2019-10-21,1190.355618397822
2019-10-22,1194.756954336754
2019-10-23,1193.34792006531
2019-10-24,1193.1318384569133
2019-10-25,1193.1318384569133
2019-10-28,1191.8880607969127
2019-10-29,1190.444846660217
2019-10-30,1182.6082176261282
2019-10-31,1180.5423418046619
2019-11-01,1180.2284066280179
2019-11-04,1171.6021394699017
2019-11-05,1166.408148247475
2019-11-06,1167.846807782052
2019-11-07,1171.6722166270793
2019-11-08,1171.3551588123573
2019-11-11,1187.9004409056317
2019-11-12,1186.5981673717238
2019-11-13,1187.9362966025492
2019-11-14,1184.94874225465
2019-11-15,1185.1026311805306
2019-11-18,1187.9431291631597
2019-11-19,1194.6996037980489
2019-11-20,1196.1609999731754
2019-11-21,1195.6586319749747
2019-11-22,1195.1830603538717
2019-11-25,1216.1145720780673
2019-11-26,1208.4490785893224
2019-11-27,1218.712482033498
2019-11-28,1231.3540440311574
2019-11-29,1232.338293860359
2019-12-02,1258.4976435553858
2019-12-03,1252.959323168783
2019-12-04,1256.1092611277315
2019-12-05,1259.4522090200603
2019-12-06,1259.7761517853753
2019-12-09,1274.1155407686665
2019-12-10,1274.3161603402039
2019-12-11,1276.6697776423134
2019-12-12,1284.343448468504
2019-12-13,1285.3713918135961
2019-12-16,1295.7636147406495
2019-12-17,1292.0745718639234
2019-12-18,1296.4468327166758
2019-12-19,1304.328673844371
2019-12-20,1303.9797357001667
2019-12-23,1324.4755575766526
2019-12-24,1326.7536899286767
2019-12-25,1324.3341284792991
2019-12-26,1317.9874550264315
2019-12-27,1318.501913822493
2019-12-30,1325.281634785078
2019-12-31,1328.524347775261
2020-01-01,1328.5851246267468
2020-01-02,1329.0335898685487
2020-01-03,1329.7469850317866
2020-01-06,1281.1479150021892
2020-01-07,1298.6936243745686
2020-01-08,1296.4515876801368
2020-01-09,1317.2208703192528
2020-01-10,1315.8155614794316
2020-01-13,1317.946142353325
2020-01-14,1342.5884444282947
2020-01-15,1350.3565920099381
2020-01-16,1353.073804001689
2020-01-17,1352.7197645753095
2020-01-20,1356.431635902422
2020-01-21,1352.065851373912
2020-01-22,1348.86436516863
2020-01-23,1352.1341073321983
2020-01-24,1352.4862428582437
2020-01-27,1333.2753506261652
2020-01-28,1336.0932395124948
2020-01-29,1343.4975574382847
2020-01-30,1341.0692357088217
2020-01-31,1341.4227170941517
2020-02-03,1331.960921483518
2020-02-04,1333.7737191065512
2020-02-05,1329.3294708266037
2020-02-06,1331.0249256070247
2020-02-07,1331.1999236363324
2020-02-10,1315.008224241124
2020-02-11,1321.0217925819152
2020-02-12,1316.641013588949
2020-02-13,1313.3096969998255
2020-02-14,1313.1380865773742
2020-02-17,1307.969604102034
2020-02-18,1295.4760017742267
2020-02-19,1289.3241284288724
2020-02-20,1303.0136817837529
2020-02-21,1303.0136817837529
2020-02-24,1280.9983811112334
2020-02-25,1281.3037296863706
2020-02-26,1281.3509222861508
2020-02-27,1281.0805814753626
2020-02-28,1281.7460485637796
2020-03-02,1219.498912468247
2020-03-03,1243.505916373966
2020-03-04,1232.9895555960736
2020-03-05,1221.4102698361548
2020-03-06,1222.9957333616153
2020-03-09,986.1789533249183
2020-03-10,993.3407451066232
2020-03-11,1004.4525959107402
2020-03-12,989.3280714352213
2020-03-13,988.1862145541194
2020-03-16,893.7220766044046
2020-03-17,893.1020073984429
2020-03-18,885.2236908408067
2020-03-19,927.5524283742961
2020-03-20,927.020519678606
2020-03-23,948.0381442332542
2020-03-24,985.7621617978828
2020-03-25,1017.7596228521702
2020-03-26,1013.4314509475248
2020-03-27,1013.4158254915762
2020-03-30,985.5626361887348
2020-03-31,993.7888968166419
2020-04-01,986.3383652849393
2020-04-02,973.3620751617347
2020-04-03,976.3878429583372
2020-04-06,986.0923745453726
2020-04-07,990.5601390237973
2020-04-08,983.223249124731
2020-04-09,953.9032661262156
2020-04-10,953.9032661262156
2020-04-13,978.1843762017886
2020-04-14,1016.4267034958415
2020-04-15,1000.0963446910113
2020-04-16,995.228466212199
2020-04-17,994.9658711582556
2020-04-20,1003.1253564294775
2020-04-21,980.2905025423548
2020-04-22,982.7499060203348
2020-04-23,981.3025592982625
2020-04-24,981.3076375476
2020-04-27,1010.5128354743955
2020-04-28,1024.8594934799405
2020-04-29,1034.9492882376085
2020-04-30,1051.0248962750723
2020-05-01,1050.196878271348
2020-05-04,1019.0086043211414
2020-05-05,1036.6833741805544
2020-05-06,1038.6773635922962
2020-05-07,1031.8246691589914
2020-05-08,1031.8246691589914
2020-05-11,1009.2622505470329
2020-05-12,1007.5132080063194
2020-05-13,993.1932987571013
2020-05-14,989.7894622741356
2020-05-15,990.281281197135
2020-05-18,1023.0971959349567
2020-05-19,1038.6715137735202
2020-05-20,1039.3219784684131
2020-05-21,1044.6159321566831
2020-05-22,1044.0516557756914
2020-05-25,1044.0516557756914
2020-05-26,1044.0568115185697
2020-05-27,1071.7865642011761
2020-05-28,1076.983797915717
2020-05-29,1077.7022470962363
2020-06-01,1072.7994682953583
2020-06-02,1077.2461494995068
2020-06-03,1076.548229033467
2020-06-04,1076.06766569355
2020-06-05,1075.7681215522473
2020-06-08,1091.6559355675042
2020-06-09,1105.3074039364367
2020-06-10,1106.1982039145776
2020-06-11,1090.2679878463948
2020-06-12,1089.1139210701988
2020-06-15,1069.8123465247975
2020-06-16,1084.6866298875864
2020-06-17,1079.7057950312421
2020-06-18,1074.853449383778
2020-06-19,1074.5691508351556
2020-06-22,1085.0087705255426
2020-06-23,1101.6718378811638
2020-06-24,1117.098162193586
2020-06-25,1114.0360147941387
2020-06-26,1114.0360147941387
2020-06-29,1106.9599096393695
2020-06-30,1105.362260843507
2020-07-01,1096.8403632500315
2020-07-02,1102.1415442423438
2020-07-03,1102.1450391292867
2020-07-06,1106.9963828705186
2020-07-07,1107.5681435686995
2020-07-08,1104.4017844183224
2020-07-09,1102.725140905412
2020-07-10,1103.00628392085
2020-07-13,1115.7535251067584
2020-07-14,1097.5702337657585
2020-07-15,1095.5662684073754
2020-07-16,1087.1543884598836
2020-07-17,1087.1501716228308
2020-07-20,1071.6720785590032
2020-07-21,1069.6773072961535
2020-07-22,1041.4515343131636
2020-07-23,1046.75624981235
2020-07-24,1047.1727812607126
2020-07-27,1064.3140260747427
2020-07-28,1091.2112595095846
2020-07-29,1080.126947340255
2020-07-30,1080.4129007919905
2020-07-31,1081.4152128253713
2020-08-03,1079.8411808472977
2020-08-04,1088.5067944999619
2020-08-05,1094.6413264301793
2020-08-06,1093.3704353705461
2020-08-07,1092.7904208736782
2020-08-10,1106.7384257649967
2020-08-11,1118.4824957349879
2020-08-12,1131.8824521775746
2020-08-13,1127.7203656994022
2020-08-14,1128.0189513399644
2020-08-17,1156.504959879307
2020-08-18,1149.2192247526182
2020-08-19,1154.2340235481074
2020-08-20,1152.935120679613
2020-08-21,1152.935120679613
2020-08-24,1152.6521234369964
2020-08-25,1168.4629672935905
2020-08-26,1172.3344831077618
2020-08-27,1176.8300619061445
2020-08-28,1177.91034533267
2020-08-31,1177.442066935226
2020-09-01,1190.794840721339
2020-09-02,1183.97766215476
2020-09-03,1181.8229166476583
2020-09-04,1181.5152932539825
2020-09-07,1169.9097579118481
2020-09-08,1169.126398902107
2020-09-09,1171.1638034718067
2020-09-10,1171.153125139293
2020-09-11,1171.153125139293
2020-09-14,1179.8530064831418
2020-09-15,1177.3121253189252
2020-09-16,1188.092309659934
2020-09-17,1202.2378572058028
2020-09-18,1202.2378572058028
2020-09-21,1223.7137583096387
2020-09-22,1235.7535468884969
2020-09-23,1248.3101665029487
2020-09-24,1244.4118347820602
2020-09-25,1244.3989768486922
2020-09-28,1231.0053079619463
2020-09-29,1205.112577435259
2020-09-30,1206.4538162002768
2020-10-01,1207.1159549836061
2020-10-02,1207.4317181783335
2020-10-05,1241.5171283587642
2020-10-06,1251.7996664739394
2020-10-07,1261.6874231261916
2020-10-08,1271.5966930164054
2020-10-09,1271.5966930164054
2020-10-12,1286.0693945524768
2020-10-13,1279.944047839794
2020-10-14,1274.2948844153395
2020-10-15,1272.0801895819104
2020-10-16,1272.0752273436524
2020-10-19,1244.002913244248
2020-10-20,1245.2583600897058
2020-10-21,1252.984703622555
2020-10-22,1243.07978661396
2020-10-23,1242.4255249897153
2020-10-26,1206.3834830092405
2020-10-27,1195.563396737109
2020-10-28,1199.4490646306067
2020-10-29,1199.4490646306067
2020-10-30,1198.8208738127266
2020-11-02,1180.3374105318494
2020-11-03,1204.7622821309703
2020-11-04,1203.2545834036928
2020-11-05,1207.396116932759
2020-11-06,1207.7116442567776
2020-11-09,1229.1988580525776
2020-11-10,1238.801414607708
2020-11-11,1222.2341538332269
2020-11-12,1218.9351823917007
2020-11-13,1219.2528651794246
2020-11-16,1201.3996070413784
2020-11-17,1210.7860348191539
2020-11-18,1212.9556310565454
2020-11-19,1223.5767430393914
2020-11-20,1224.8555309112412
2020-11-23,1236.6030257182247
2020-11-24,1237.3626682415286
2020-11-25,1233.0292026120255
2020-11-26,1233.5009349873685
2020-11-27,1234.2986194173636
2020-11-30,1206.5721751004817
2020-12-01,1212.5066578330739
2020-12-02,1222.3753278467302
2020-12-03,1229.7633712477202
2020-12-04,1229.7239994376043
2020-12-07,1229.7589910623763
2020-12-08,1227.2072846634255
2020-12-09,1219.6095449054874
2020-12-10,1221.3214517274637
2020-12-11,1221.2949525119159
2020-12-14,1215.5994118472163
2020-12-15,1220.6091312267329
2020-12-16,1219.5449427814597
2020-12-17,1220.6091312267329
2020-12-18,1220.6091312267329
2020-12-21,1221.1209969706201
2020-12-22,1221.3016601609722
2020-12-23,1220.8709700135937
2020-12-24,1218.3780203478314
2020-12-25,1218.3780203478311
2020-12-28,1209.1775878653434
2020-12-29,1221.6419502673398
2020-12-30,1190.4470972507809
2020-12-31,1208.8474271658808
2021-01-01,1208.8474271658808
2021-01-04,1206.7594244398651
2021-01-05,1173.1683693655882
2021-01-06,1171.8348409221505
2021-01-07,1161.2937776412155
2021-01-08,1161.2666759913723
2021-01-11,1161.8565441537191
2021-01-12,1174.994568553228
2021-01-13,1163.3389922487647
2021-01-14,1177.9709778846009
2021-01-15,1178.0116602629112
2021-01-18,1170.7573899540714
2021-01-19,1167.444386521917
2021-01-20,1164.439376007382
2021-01-21,1172.351493274824
2021-01-22,1172.351493274824
2021-01-25,1185.0637581107617
2021-01-26,1183.7149326305182
2021-01-27,1191.9326528994725
2021-01-28,1189.1018074082272
2021-01-29,1189.1018074082272
2021-02-01,1207.1921300009042
2021-02-02,1206.6436359024215
2021-02-03,1206.996326123429
2021-02-04,1203.9618400864567
2021-02-05,1203.9888202057477
2021-02-08,1201.4016259256691
2021-02-09,1206.0386487480646
2021-02-10,1204.6268559042628
2021-02-11,1203.5938734604208
2021-02-12,1203.5938734604206
2021-02-15,1200.138660485737
2021-02-16,1214.3669562201133
2021-02-17,1216.2433614097315
2021-02-18,1220.525980215763
2021-02-19,1220.4994021523712
2021-02-22,1231.3689312054464
2021-02-23,1191.4570405571276
2021-02-24,1198.3463637860184
2021-02-25,1198.207382138683
2021-02-26,1198.180634831953
2021-03-01,1205.6699736963085
2021-03-02,1200.9971395203104
2021-03-03,1206.1381884298573
2021-03-04,1202.884697060422
2021-03-05,1202.884697060422
2021-03-08,1205.3550769022452
2021-03-09,1192.4349174695205
2021-03-10,1188.0071754825724
2021-03-11,1194.9883135118719
2021-03-12,1194.9883135118719
2021-03-15,1189.8163093051694
2021-03-16,1198.3024942088618
2021-03-17,1194.9708986467704
2021-03-18,1200.2933405776237
2021-03-19,1200.2933405776237
2021-03-22,1215.8775935979081
2021-03-23,1206.7976572225675
2021-03-24,1216.1265932475637
2021-03-25,1210.1862033352922
2021-03-26,1210.2013046809393
2021-03-29,1212.8101584775507
2021-03-30,1211.5738277025728
2021-03-31,1211.640139462151
2021-04-01,1214.2780441440707
2021-04-02,1214.2780441440707
2021-04-05,1226.356010548929
2021-04-06,1224.5503954690953
2021-04-07,1222.790782205722
2021-04-08,1221.2392181161424
2021-04-09,1221.3385166024366
2021-04-12,1235.4030418608797
2021-04-13,1242.0341679697624
2021-04-14,1250.8125987792982
2021-04-15,1256.3188861104466
2021-04-16,1256.3188861104463
2021-04-19,1259.0735934184088
2021-04-20,1261.1073037722392
2021-04-21,1262.6257693214063
2021-04-22,1262.6509677555255
2021-04-23,1262.6509677555255
2021-04-26,1259.867149566745
2021-04-27,1251.245520069041
2021-04-28,1253.8834298433626
2021-04-29,1249.4232500935589
2021-04-30,1249.4682166899297
2021-05-03,1256.1485292946443
2021-05-04,1256.4150431185099
2021-05-05,1273.01920940027
2021-05-06,1283.3447345376126
2021-05-07,1283.3447345376126
2021-05-10,1293.626723333647
2021-05-11,1301.7333278598624
2021-05-12,1297.730197462784
2021-05-13,1297.730197462784
2021-05-14,1297.7764495837996
2021-05-17,1295.4185696457562
2021-05-18,1301.7361466172622
2021-05-19,1297.9957572100625
2021-05-20,1300.7173413840749
2021-05-21,1300.6870775799966
2021-05-24,1307.1476785208383
2021-05-25,1304.7711090272733
2021-05-26,1303.1152021564212
2021-05-27,1294.156281925008
2021-05-28,1294.2159982033268
2021-05-31,1287.022379987814
2021-06-01,1276.3638762209239
2021-06-02,1286.8680104458629
2021-06-03,1312.0813542497226
2021-06-04,1312.0054013574359
2021-06-07,1315.8109258052084
2021-06-08,1323.5077696556496
2021-06-09,1330.7934873857846
2021-06-10,1333.2884365865673
2021-06-11,1333.2884365865673
2021-06-14,1355.6482138009512
2021-06-15,1363.5195541909802
2021-06-16,1361.5895549546992
2021-06-17,1362.0039284217341
2021-06-18,1362.0039284217341
2021-06-21,1355.1209416276106
2021-06-22,1364.330269875166
2021-06-23,1371.6626323293865
2021-06-24,1373.09215262578
2021-06-25,1373.1221374328913
2021-06-28,1384.3593745691305
2021-06-29,1394.4890893015765
2021-06-30,1387.0997147502571
2021-07-01,1388.070615377251
2021-07-02,1388.070615377251
2021-07-05,1376.0379225563302
2021-07-06,1374.5845338273318
2021-07-07,1371.4651538081496
2021-07-08,1377.454750866406
2021-07-09,1377.4056394190238
2021-07-12,1376.6605421576994
2021-07-13,1377.7308201091055
2021-07-14,1390.7146881516342
2021-07-15,1391.9841243530445
2021-07-16,1391.9841243530448
2021-07-19,1393.7057557548324
2021-07-20,1393.655380319435
2021-07-21,1393.655380319435
2021-07-22,1393.655380319435
2021-07-23,1393.6251139955352
2021-07-26,1409.8795720233006
2021-07-27,1407.1487493788802
2021-07-28,1403.924869621452
2021-07-29,1403.2693202810299
2021-07-30,1403.3187455363957
2021-08-02,1402.6333255582945
2021-08-03,1423.4529632215495
2021-08-04,1422.9243455351705
2021-08-05,1430.5189209808977
2021-08-06,1430.5189209808977
2021-08-09,1424.5759404949595
2021-08-10,1435.2998879801728
2021-08-11,1441.7193212014206
2021-08-12,1443.7492224661867
2021-08-13,1443.7492224661867
2021-08-16,1454.3174543348648
2021-08-17,1456.422008368555
2021-08-18,1454.0012537801206
2021-08-19,1453.3927194429748
2021-08-20,1453.3132456119695
2021-08-23,1462.637860319275
2021-08-24,1467.6537664505565
2021-08-25,1488.5022169621311
2021-08-26,1498.6629881918184
2021-08-27,1498.6629881918182
2021-08-30,1483.58322905268
2021-08-31,1463.377479200404
2021-09-01,1485.6427046904705
2021-09-02,1489.2549847004957
2021-09-03,1489.2249631603593
2021-09-06,1482.5457330982545
2021-09-07,1482.6278729424166
2021-09-08,1487.5872314157755
2021-09-09,1489.454719194031
2021-09-10,1489.454719194031
2021-09-13,1484.7670926973174
2021-09-14,1492.3094041153286
2021-09-15,1493.15965044933
2021-09-16,1501.7030336422376
2021-09-17,1501.7030336422376
2021-09-20,1518.1980562459985
2021-09-21,1514.9512481746228
2021-09-22,1525.846796291258
2021-09-23,1540.9748505625967
2021-09-24,1540.9748505625967
2021-09-27,1535.0490311462784
2021-09-28,1541.284124342958
2021-09-29,1538.2012331879785
2021-09-30,1539.5412558538223
2021-10-01,1539.5412558538223
2021-10-04,1539.0180957866846
2021-10-05,1538.2257747340725
2021-10-06,1539.5072747242823
2021-10-07,1539.4397292031963
2021-10-08,1539.4397292031963
2021-10-11,1536.284255972528
2021-10-12,1544.9323247101486
2021-10-13,1549.688241515821
2021-10-14,1550.5120299181565
2021-10-15,1550.5120299181565
2021-10-18,1554.9969908184632
2021-10-19,1562.6477104674686
2021-10-20,1567.2687682593814
2021-10-21,1570.5678382973886
2021-10-22,1570.5678382973886
2021-10-25,1588.5356744577402
2021-10-26,1576.4845672890992
2021-10-27,1585.3764305276218
2021-10-28,1586.9796839780565
2021-10-29,1586.9796839780565
2021-11-01,1588.1583576391395
2021-11-02,1599.3095913454404
2021-11-03,1596.4918414352624
2021-11-04,1591.2615043669628
2021-11-05,1591.2615043669628
2021-11-08,1593.4211540813358
2021-11-09,1594.8045961478174
2021-11-10,1595.5941878202107
2021-11-11,1591.5666967061084
2021-11-12,1591.5666967061084
2021-11-15,1592.2746812653545
2021-11-16,1593.202183376832
2021-11-17,1583.119818094284
2021-11-18,1591.711599021607
2021-11-19,1591.711599021607
2021-11-22,1595.2972380753456
2021-11-23,1594.5102226280442
2021-11-24,1605.4834340224547
2021-11-25,1591.8162298548777
2021-11-26,1591.7626005214586
2021-11-29,1567.3529316596905
2021-11-30,1517.289281998865
2021-12-01,1542.914016861939
2021-12-02,1557.1332584791849
2021-12-03,1557.3786740924277
2021-12-06,1565.8007896817678
2021-12-07,1560.3249445720646
2021-12-08,1568.0776243879031
2021-12-09,1570.5428223734602
2021-12-10,1570.3331526347458
2021-12-13,1552.5748410824262
2021-12-14,1558.2451051541727
2021-12-15,1550.516883036785
2021-12-16,1549.2376495761266
2021-12-17,1549.2687184014833
2021-12-20,1546.8291446793935
2021-12-21,1550.0983424516871
2021-12-22,1560.5103508182108
2021-12-23,1561.8913397685653
2021-12-24,1561.8913397685653
2021-12-27,1561.1909938237193
2021-12-28,1569.154363957174
2021-12-29,1570.454571943176
2021-12-30,1563.6445391678005
2021-12-31,1563.6445391678005
2022-01-03,1571.5670824143206
2022-01-04,1565.6744006854778
2022-01-05,1565.792177940507
2022-01-06,1558.476115139211
2022-01-07,1558.4442754291915
2022-01-10,1572.3388515622685
2022-01-11,1572.25551141696
2022-01-12,1570.7006871034482
2022-01-13,1590.1412345104827
2022-01-14,1590.1412345104827
2022-01-17,1600.6290403620028
2022-01-18,1596.538419476706
2022-01-19,1599.8759731839743
2022-01-20,1595.0533154754853
2022-01-21,1595.0533154754853
2022-01-24,1589.1788520319092
2022-01-25,1577.9318836242676
2022-01-26,1586.3093144779507
2022-01-27,1583.9045887690909
2022-01-28,1583.9045887690909
2022-01-31,1586.3684331141183
2022-02-01,1594.0183082717338
2022-02-02,1593.1506172447341
2022-02-03,1598.3372304848758
2022-02-04,1598.3607340615758
2022-02-07,1605.013498190775
2022-02-08,1607.5890685708357
2022-02-09,1610.7173762585396
2022-02-10,1620.5465714316265
2022-02-11,1620.7575851598694
2022-02-14,1609.3265774853899
2022-02-15,1626.8312817824547
2022-02-16,1651.0096359014415
2022-02-17,1660.0625821559586
2022-02-18,1659.8949434766214
2022-02-21,1659.8749859032898
2022-02-22,1657.4446752833694
2022-02-23,1710.0682430610116
2022-02-24,1688.4533514230209
2022-02-25,1688.3974178136873
2022-02-28,1714.0494840340893
2022-03-01,1714.628455958382
2022-03-02,1713.8691192309245
2022-03-03,1727.5254181550617
2022-03-04,1727.5254181550613
2022-03-07,1761.477607027186
2022-03-08,1766.1499113517837
2022-03-09,1770.732450160502
2022-03-10,1782.081486383182
2022-03-11,1781.786324645301
2022-03-14,1743.4568391358214
2022-03-15,1731.1376288639306
2022-03-16,1719.3706820674824
2022-03-17,1720.4293280140873
2022-03-18,1720.4293280140873
2022-03-21,1706.6245032426875
2022-03-22,1736.8872633503133
2022-03-23,1758.8474357159282
2022-03-24,1779.2607946388998
2022-03-25,1779.3210128228739
2022-03-28,1854.1919287176893
2022-03-29,1848.335156377761
2022-03-30,1841.797982083812
2022-03-31,1860.0927263935125
2022-04-01,1860.0332668479468
2022-04-04,1856.4577457126022
2022-04-05,1883.3024337058202
2022-04-06,1932.2510216384994
2022-04-07,1942.680292648758
2022-04-08,1942.7423926886638
2022-04-11,1951.982594294495
2022-04-12,1955.3739304271694
2022-04-13,1954.2233079901423
2022-04-14,1946.9166890379413
2022-04-15,1946.9166890379418
2022-04-18,1940.8519248945597
2022-04-19,1943.047589236386
2022-04-20,1948.2091045939585
2022-04-21,1934.6064895549014
2022-04-22,1934.6064895549014
2022-04-25,1911.187116389614
2022-04-26,1907.916366830374
2022-04-27,1888.188613973554
2022-04-28,1907.4979776447096
2022-04-29,1907.4979776447096
2022-05-02,1907.6832602397358
2022-05-03,1907.4979776447099
2022-05-04,1907.487745804064
2022-05-05,1905.0483046469376
2022-05-06,1905.1614394429153
2022-05-09,1900.440188078161
2022-05-10,1874.2276730831202
2022-05-11,1870.8875739163777
2022-05-12,1816.9649098266468
2022-05-13,1816.9649098266468
2022-05-16,1801.4835247271938
2022-05-17,1802.2874983177167
2022-05-18,1812.2048124092612
2022-05-19,1768.1673115449646
2022-05-20,1768.274645006792
2022-05-23,1731.1905599452855
2022-05-24,1731.0121591092209
2022-05-25,1730.423495689816
2022-05-26,1736.7626474015963
2022-05-27,1736.7626474015963
2022-05-30,1765.4660726779455
2022-05-31,1774.6577801226815
2022-06-01,1762.88023768189
2022-06-02,1760.9743932999297
2022-06-03,1760.9034310112397
2022-06-06,1761.577701067595
2022-06-07,1738.5710614726945
2022-06-08,1747.7522711685297
2022-06-09,1748.9008501900105
2022-06-10,1748.9008501900105
2022-06-13,1711.5909380170106
2022-06-14,1698.4677099795558
2022-06-15,1698.6648606605017
2022-06-16,1710.9051082679337
2022-06-17,1710.9051082679337
2022-06-20,1691.8360055146572
2022-06-21,1703.103309534415
2022-06-22,1695.2086571103882
2022-06-23,1680.1858975356624
2022-06-24,1680.1858975356624
2022-06-27,1682.2658928009632
2022-06-28,1679.5396244232302
2022-06-29,1701.5459463003085
2022-06-30,1715.5866614591755
2022-07-01,1715.5866614591755
2022-07-04,1764.3289603616352
2022-07-05,1765.345060273478
2022-07-06,1757.606489260643
2022-07-07,1757.5266903280492
2022-07-08,1757.5266903280492
2022-07-11,1757.5266903280492
2022-07-12,1757.5791863464926
2022-07-13,1756.8843305428704
2022-07-14,1740.2175815111152
2022-07-15,1740.288954766524
2022-07-18,1731.7824715113902
2022-07-19,1736.0965284954557
2022-07-20,1759.8513451504057
2022-07-21,1801.0738061785191
2022-07-22,1801.000256863028
2022-07-25,1822.5829307840959
2022-07-26,1834.1730576069647
2022-07-27,1882.7257996413873
2022-07-28,1876.9704078015855
2022-07-29,1876.9704078015855
2022-08-01,1879.2125042302137
2022-08-02,1892.2342601454027
2022-08-03,1891.7858717137944
2022-08-04,1887.7626042057138
2022-08-05,1887.8131910049224
2022-08-08,1881.1848664460938
2022-08-09,1878.664285390293
2022-08-10,1855.1576510554798
2022-08-11,1872.7009856990505
2022-08-12,1872.650618575779
2022-08-15,1870.5130562943662
2022-08-16,1868.8805782207608
2022-08-17,1867.9245279411016
2022-08-18,1867.302270218135
2022-08-19,1867.3532919612653
2022-08-22,1871.7905437572265
2022-08-23,1867.0831303401867
2022-08-24,1862.1027040207236
2022-08-25,1861.7550948329128
2022-08-26,1861.7550948329128
2022-08-29,1868.6711848236557
2022-08-30,1866.6210999213467
2022-08-31,1871.890356041181
2022-09-01,1874.6992594549788
2022-09-02,1874.7515364686972
2022-09-05,1872.2500641163672
2022-09-06,1869.0788286520326
2022-09-07,1867.9030540779581
2022-09-08,1872.286908203918
2022-09-09,1872.312321242879
2022-09-12,1864.0138641633969
2022-09-13,1864.053426356123
2022-09-14,1866.7494922284047
2022-09-15,1865.3931026189061
2022-09-16,1865.3931026189061
2022-09-19,1859.0551677341205
2022-09-20,1860.7746386308836
2022-09-21,1861.619894256061
2022-09-22,1855.9425393161212
2022-09-23,1855.866780009625
2022-09-26,1838.5738712043972
2022-09-27,1842.758781487236
2022-09-28,1838.9951039605905
2022-09-29,1838.7376509301916
2022-09-30,1838.8405077800337
2022-10-03,1852.9858240910821
2022-10-04,1852.684191467018
2022-10-05,1852.0216977538387
2022-10-06,1868.5476362634274
2022-10-07,1868.4489734715523
2022-10-10,1855.9244680729637
2022-10-11,1850.0211037327977
2022-10-12,1855.7631375245273
2022-10-13,1850.819457418363
2022-10-14,1850.9642451332763
2022-10-17,1849.2973929834227
2022-10-18,1833.0538265971704
2022-10-19,1841.772555466781
2022-10-20,1834.056565597759
2022-10-21,1833.3359332013565
2022-10-24,1817.352802399951
2022-10-25,1832.3033485716405
2022-10-26,1818.9978596294093
2022-10-27,1821.8598840975935
2022-10-28,1821.7180214025873
2022-10-31,1818.9522620634789
2022-11-01,1844.1804399491218
2022-11-02,1840.8069129878152
2022-11-03,1852.7165906389068
2022-11-04,1852.7165906389073
2022-11-07,1849.5310912662083
2022-11-08,1856.6335870150294
2022-11-09,1852.3398635807448
2022-11-10,1822.538909149797
2022-11-11,1822.538909149797
2022-11-14,1841.4356985074373
2022-11-15,1807.4665259140907
2022-11-16,1807.2947248863356
2022-11-17,1818.98850995469
2022-11-18,1818.98850995469
2022-11-21,1803.5151984794998
2022-11-22,1793.619763613429
2022-11-23,1801.7309333971443
2022-11-24,1800.094954934272
2022-11-25,1800.0949549342724
2022-11-28,1812.9512728817976
2022-11-29,1821.8658797557264
2022-11-30,1823.273381314948
2022-12-01,1821.314590758745
2022-12-02,1821.4749962753276
2022-12-05,1851.4098500033463
2022-12-06,1857.6576074374325
2022-12-07,1870.4795794754618
2022-12-08,1875.3728631197168
2022-12-09,1875.3728631197168
2022-12-12,1894.8325134903719
2022-12-13,1887.0330044398536
2022-12-14,1873.4559573399295
2022-12-15,1869.8548796923708
2022-12-16,1869.3520288067616
2022-12-19,1858.449432334445
2022-12-20,1866.2913763034176
2022-12-21,1859.5058374707382
2022-12-22,1860.8860627522179
2022-12-23,1860.8860627522179
2022-12-26,1848.7938470641047
2022-12-27,1859.2326367218382
2022-12-28,1860.2940211372015
2022-12-29,1860.788675162946
2022-12-30,1861.1116819318706
2023-01-02,1859.1089025461954
2023-01-03,1871.6283144619993
2023-01-04,1874.7747585129675
2023-01-05,1881.4382056816503
2023-01-06,1881.1148731246315
2023-01-09,1874.1506620406112
2023-01-10,1867.3707286308425
2023-01-11,1870.0297028891118
2023-01-12,1870.556876998593
2023-01-13,1870.886862179691
2023-01-16,1874.912971393279
2023-01-17,1865.8736349260544
2023-01-18,1883.7347933176632
2023-01-19,1889.7861754291268
2023-01-20,1889.6221313503886
2023-01-23,1886.3296956155411
2023-01-24,1887.4658697360837
2023-01-25,1870.9276963699733
2023-01-26,1875.4992238355098
2023-01-27,1875.4992238355098
2023-01-30,1880.1512333674582
2023-01-31,1868.2151420847968
2023-02-01,1864.8276901422273
2023-02-02,1874.4573406156564
2023-02-03,1874.7837153137516
2023-02-06,1904.149629686769
2023-02-07,1900.6170029267307
2023-02-08,1904.2883574692846
2023-02-09,1903.55812231263
2023-02-10,1903.55812231263
2023-02-13,1899.0684940796932
2023-02-14,1864.6107481999718
2023-02-15,1874.3581781387
2023-02-16,1880.5016208946856
2023-02-17,1880.5016208946856
2023-02-20,1887.3600685744045
2023-02-21,1879.6999835441804
2023-02-22,1884.6541072156133
2023-02-23,1884.8312479900953
2023-02-24,1884.8312479900953
2023-02-27,1892.792912930861
2023-02-28,1904.4249310023256
2023-03-01,1899.1573107863715
2023-03-02,1910.1648791661073
2023-03-03,1910.1648791661073
2023-03-06,1913.1385952170704
2023-03-07,1922.209950936515
2023-03-08,1928.6343244826942
2023-03-09,1918.8354478122242
2023-03-10,1918.8354478122242
2023-03-13,1924.3177823210021
2023-03-14,1926.4146313076526
2023-03-15,1922.4188833739481
2023-03-16,1919.1738148071815
2023-03-17,1919.2723204961671
2023-03-20,1918.4119353151327
2023-03-21,1931.4516507485246
2023-03-22,1950.4322724137971
2023-03-23,1950.2777383971645
2023-03-24,1950.4430073064646
2023-03-27,1949.1975454130459
2023-03-28,1953.452135556611
2023-03-29,1966.3968906258424
2023-03-30,1963.7718654831606
2023-03-31,1963.9359932771922
2023-04-03,1967.66436745144
2023-04-04,1974.6252692474025
2023-04-05,1974.3322202618904
2023-04-06,1962.7568262436716
2023-04-07,1962.756826243672
2023-04-10,1950.0252117100597
2023-04-11,1960.0007735782754
2023-04-12,1953.846571133552
2023-04-13,1967.5066254001472
2023-04-14,1967.6812101794562
2023-04-17,1961.9832371110704
2023-04-18,1956.750521685132
2023-04-19,1956.073630262322
2023-04-20,1958.0860242333895
2023-04-21,1957.9129049368958
2023-04-24,1958.0860242333888
2023-04-25,1959.8101860083843
2023-04-26,1949.1422635108584
2023-04-27,1950.548186725957
2023-04-28,1950.548186725957
2023-05-01,1960.5042952292076
2023-05-02,1952.2698231289894
2023-05-03,1955.7269376864554
2023-05-04,1963.667352531925
2023-05-05,1963.494548208454
2023-05-08,1960.0874137161566
2023-05-09,1956.8257738721427
2023-05-10,1965.3675131452205
2023-05-11,1965.326480376183
2023-05-12,1965.156408753786
2023-05-15,1992.5024265594895
2023-05-16,1993.0582118921477
2023-05-17,1992.955241731451
2023-05-18,1993.6338885547584
2023-05-19,1993.6338885547584
2023-05-22,1995.7829425542202
2023-05-23,1993.9391626496235
2023-05-24,1991.5364873666335
2023-05-25,1973.162533463653
2023-05-26,1973.162533463653
2023-05-29,1979.7153420085808
2023-05-30,1974.5850058149024
2023-05-31,1977.2231961438324
2023-06-01,1973.8335143296363
2023-06-02,1973.74121543346
2023-06-05,1981.0388940133066
2023-06-06,1975.7302025434053
2023-06-07,1974.7785245503414
2023-06-08,1980.5551258339087
2023-06-09,1980.5551258339087
2023-06-12,1986.6858593012253
2023-06-13,1982.4803317483002
2023-06-14,1978.4982576503749
2023-06-15,1971.1243943884444
2023-06-16,1971.1243943884444
2023-06-19,1977.4116732166644
2023-06-20,1982.5102234063245
2023-06-21,2003.5456471496138
2023-06-22,2011.4495940157321
2023-06-23,2011.4495940157321
2023-06-26,2020.0718590546926
2023-06-27,2020.0718590546926
2023-06-28,2020.0718590546926
2023-06-29,2020.0718590546926
2023-06-30,2020.0718590546926
2023-07-03,2027.942987226608
2023-07-04,2024.9731238643424
2023-07-05,2027.446787861298
2023-07-06,2021.7491476362286
2023-07-07,2021.7491476362286
2023-07-10,2023.0125750847058
2023-07-11,2032.4107898445461
2023-07-12,2035.8153682571215
2023-07-13,2034.0561650097802
2023-07-14,2033.8820920514922
2023-07-17,2029.560896299084
2023-07-18,2047.4453816780826
2023-07-19,2042.522437298524
2023-07-20,2041.861999392183
2023-07-21,2041.861999392183
2023-07-24,2048.7892117869214
2023-07-25,2046.5483256824634
2023-07-26,2041.7444462410494
2023-07-27,2049.401962538798
2023-07-28,2049.401962538798
2023-07-31,2048.042762120872
2023-08-01,2062.1792564876564
2023-08-02,2066.3117960811924
2023-08-03,2059.2357804582803
2023-08-04,2060.226510162603
2023-08-07,2060.821769046885
2023-08-08,2057.773557387596
2023-08-09,2062.9774066086406
2023-08-10,2053.935152205969
2023-08-11,2053.8497694438693
2023-08-14,2052.8655431085817
2023-08-15,2053.821821468012
2023-08-16,2052.2572223799057
2023-08-17,2055.587492708986
2023-08-18,2055.587492708986
2023-08-21,2065.4734641337277
2023-08-22,2064.154685629415
2023-08-23,2062.986905887773
2023-08-24,2062.739415319152
2023-08-25,2062.739415319152
2023-08-28,2060.2596511821357
2023-08-29,2062.0463020036996
2023-08-30,2059.5913671114145
2023-08-31,2065.519350177507
2023-09-01,2065.519350177507
2023-09-04,2055.6723292332713
2023-09-05,2036.8195477684542
2023-09-06,2035.6804816074487
2023-09-07,2029.7589004688298
2023-09-08,2029.6013430003168
2023-09-11,2035.7995760420356
2023-09-12,2029.4888532836726
2023-09-13,2031.0165170689588
2023-09-14,2034.888454051822
2023-09-15,2034.8884540518225
2023-09-18,2022.9672355277066
2023-09-19,2019.9071484925323
2023-09-20,2017.7660469702414
2023-09-21,2013.390059106781
2023-09-22,2013.311552546779
2023-09-25,2011.8590995965392
2023-09-26,2012.5476214982189
2023-09-27,2009.9162827839496
2023-09-28,2011.9939215458555
2023-09-29,2011.9939215458555
2023-10-02,2026.4662208971085
2023-10-03,2031.7961396997002
2023-10-04,2043.3680892485802
2023-10-05,2044.919983426284
2023-10-06,2044.7605992308938
2023-10-09,2035.0940115876317
2023-10-10,2041.8758491219787
2023-10-11,2039.2039854222378
2023-10-12,2046.970723530676
2023-10-13,2046.8096934955224
2023-10-16,2018.8615369721922
2023-10-17,2023.980590580595
2023-10-18,2010.3187149966618
2023-10-19,2002.1534662874135
2023-10-20,2001.3706556769093
2023-10-23,1981.2316305626782
2023-10-24,1975.0825620347166
2023-10-25,1978.063066547058
2023-10-26,1965.8172032954283
2023-10-27,1965.817203295428
2023-10-30,1954.1012138997812
2023-10-31,1965.9904439049262
2023-11-01,1947.7305430166791
2023-11-02,1946.7489265111976
2023-11-03,1946.8280631553498
2023-11-06,1959.5465974684637
2023-11-07,1956.1317529221715
2023-11-08,1961.2766182494347
2023-11-09,1964.3596085138856
2023-11-10,1964.2950686131412
2023-11-13,1984.3158549866375
2023-11-14,1991.34228740637
2023-11-15,1992.6039932566462
2023-11-16,2005.6613116327119
2023-11-17,2005.737112695288
2023-11-20,2006.9882206539844
2023-11-21,2014.1795855443524
2023-11-22,2014.0721384622755
2023-11-23,2015.4028194087853
2023-11-24,2015.4028194087853
2023-11-27,2015.0736380651485
2023-11-28,2012.460624833888
2023-11-29,2013.209208357136
2023-11-30,2011.7362985335003
2023-12-01,2011.7362985335
2023-12-04,2025.880269362938
2023-12-05,2005.3984966237035
2023-12-06,2006.9655528994651
2023-12-07,2005.3343781629292
2023-12-08,2003.6748420184797
2023-12-11,2001.3740384971622
2023-12-12,1998.1750876833883
2023-12-13,1987.4483390387836
2023-12-14,1988.7980061318306
2023-12-15,1988.3028837097509
2023-12-18,1988.3028837097504
2023-12-19,1986.4587605088152
2023-12-20,1996.5726737517462
2023-12-21,1987.824152290369
2023-12-22,1987.9157393327657
2023-12-25,1988.510329265345
2023-12-26,1979.5277932629826
2023-12-27,1976.2195496182107
2023-12-28,1980.3269192450075
2023-12-29,1980.6254683408652
2024-01-01,2000.3752779485817
2024-01-02,1999.6183358913377
2024-01-03,1996.5872661604346
2024-01-04,2003.4835836861635
2024-01-05,2003.3189861895637
2024-01-08,2029.4227659829096
2024-01-09,2028.8650284307182
2024-01-10,2033.1601238089268
2024-01-11,2029.96507335145
2024-01-12,2029.7993502115817
2024-01-15,2035.4769259609213
2024-01-16,2038.5600037410895
2024-01-17,2039.2864285389821
2024-01-18,2043.243737169057
2024-01-19,2043.243737169057
2024-01-22,2051.1820144239623
2024-01-23,2056.6811190865087
2024-01-24,2054.302066440611
2024-01-25,2056.5550775086826
2024-01-26,2056.3098920911752
2024-01-29,2063.396709816905
2024-01-30,2066.0492653151346
2024-01-31,2065.415426695703
2024-02-01,2062.9987847964844
2024-02-02,2062.9987847964844
2024-02-05,2056.9573577677247
2024-02-06,2062.816779712536
2024-02-07,2055.729234966717
2024-02-08,2056.015430747129
2024-02-09,2056.015430747129
2024-02-12,2063.982212068388
2024-02-13,2068.015394787481
2024-02-14,2072.2270097020355
2024-02-15,2066.5569461733658
2024-02-16,2066.5569461733658
2024-02-19,2064.4281202936745
2024-02-20,2050.0548520121306
2024-02-21,2050.558603954241
2024-02-22,2043.9851168519372
2024-02-23,2043.9851168519372
2024-02-26,2046.617264751765
2024-02-27,2041.1837232528967
2024-02-28,2026.8692230232016
2024-02-29,2022.7732025363148
2024-03-01,2022.7732025363148
2024-03-04,2038.8620784982165
2024-03-05,2047.539513922825
2024-03-06,2057.236195639511
2024-03-07,2064.3417328869796
2024-03-08,2064.3417328869796
2024-03-11,2062.0186434473894
