Date,ACWI ex IRELAND IMI
2015-12-11,2313.0946653471315
2015-12-14,2297.581681204833
2015-12-15,2340.5645099877033
2015-12-16,2366.8941348844824
2015-12-17,2376.5075355234067
2015-12-18,2345.6573142080524
2015-12-21,2337.1874376225
2015-12-22,2341.982520106503
2015-12-23,2390.2587423474897
2015-12-24,2376.7881301726065
2015-12-25,2376.0199459817595
2015-12-28,2368.627465323972
2015-12-29,2403.086835703254
2015-12-30,2387.943200210494
2015-12-31,2382.53749332853
2016-01-01,2382.5977205450295
2016-01-04,2346.9240558869747
2016-01-05,2364.794798436065
2016-01-06,2329.471446979702
2016-01-07,2261.3998462048603
2016-01-08,2227.3413925135255
2016-01-11,2226.9313904152023
2016-01-12,2236.215617728689
2016-01-13,2210.005021283059
2016-01-14,2215.1795161376754
2016-01-15,2153.4161006898225
2016-01-18,2157.4047289131468
2016-01-19,2162.4370199279983
2016-01-20,2121.587512248301
2016-01-21,2141.34149857455
2016-01-22,2198.1916818266172
2016-01-25,2177.976281051341
2016-01-26,2192.1555820407757
2016-01-27,2184.0339181959707
2016-01-28,2173.542478557139
2016-01-29,2242.0082594077585
2016-02-01,2233.423118305583
2016-02-02,2192.9710497312685
2016-02-03,2164.3822491356195
2016-02-04,2156.321269724643
2016-02-05,2129.2094991776507
2016-02-08,2094.461272547993
2016-02-09,2050.1677974453755
2016-02-10,2069.345288546234
2016-02-11,2016.4774760819444
2016-02-12,2054.039444050803
2016-02-15,2098.824337819945
2016-02-16,2121.251444204861
2016-02-17,2155.322553761667
2016-02-18,2165.506531228056
2016-02-19,2156.8267216135087
2016-02-22,2199.5994024118663
2016-02-23,2178.080043459937
2016-02-24,2170.208121908572
2016-02-25,2192.239965969272
2016-02-26,2216.5639923039585
2016-02-29,2221.064361609302
2016-03-01,2261.5816016260374
2016-03-02,2290.24728712389
2016-03-03,2286.4465820142414
2016-03-04,2287.374655117541
2016-03-07,2294.463278329405
2016-03-08,2258.259337561621
2016-03-09,2272.8272379785617
2016-03-10,2244.305254931913
2016-03-11,2281.6066438823304
2016-03-14,2294.8111112352735
2016-03-15,2278.6050732162525
2016-03-16,2290.462454502334
2016-03-17,2276.8428092439804
2016-03-18,2288.7767536072047
2016-03-21,2293.3794519494622
2016-03-22,2300.824056765946
2016-03-23,2291.785680441043
2016-03-24,2281.771277401225
2016-03-25,2283.081302130518
2016-03-28,2277.8039042809637
2016-03-29,2298.3910574016904
2016-03-30,2290.224421522301
2016-03-31,2278.042513244682
2016-04-01,2275.6491416424064
2016-04-04,2268.7489581061263
2016-04-05,2239.0008615110182
2016-04-06,2256.9686139448972
2016-04-07,2241.673964275955
2016-04-08,2252.095161529019
2016-04-11,2247.715004152074
2016-04-12,2277.545043470209
2016-04-13,2327.815198151124
2016-04-14,2339.1702967755664
2016-04-15,2330.9840078085244
2016-04-18,2329.991280741783
2016-04-19,2344.385965150729
2016-04-20,2354.5575973262244
2016-04-21,2358.8283841680195
2016-04-22,2362.9290868556336
2016-04-25,2350.854145784514
2016-04-26,2348.582808533439
2016-04-27,2349.7614501311114
2016-04-28,2338.9316683783027
2016-04-29,2302.4161238884612
2016-05-02,2295.2921549591374
2016-05-03,2269.4568322543155
2016-05-04,2254.900422520293
2016-05-05,2269.1565801464103
2016-05-06,2266.705463535228
2016-05-09,2269.8744279355783
2016-05-10,2295.75688721831
2016-05-11,2278.220260519216
2016-05-12,2279.6178579657985
2016-05-13,2280.834305650059
2016-05-16,2290.704251202091
2016-05-17,2282.8688968217393
2016-05-18,2291.5836751225397
2016-05-19,2286.9175416252765
2016-05-20,2303.0624119319777
2016-05-23,2302.98473996844
2016-05-24,2334.521533330179
2016-05-25,2359.228794941573
2016-05-26,2355.854841615635
2016-05-27,2374.401841127286
2016-05-30,2373.789914330975
2016-05-31,2373.5382165389724
2016-06-01,2363.9560576448284
2016-06-02,2369.546736237485
2016-06-03,2341.6805755855075
2016-06-06,2347.2071572006953
2016-06-07,2363.439894249878
2016-06-08,2364.4556939690356
2016-06-09,2364.371673475817
2016-06-10,2336.2403982352607
2016-06-13,2306.122582555003
2016-06-14,2303.4029375568684
2016-06-15,2304.546022684516
2016-06-16,2311.885148855296
2016-06-17,2303.146586311589
2016-06-20,2325.729293959484
2016-06-21,2345.4235307600165
2016-06-22,2342.66090174987
2016-06-23,2360.5355937045533
2016-06-24,2295.8240556701585
2016-06-27,2272.0045070232213
2016-06-28,2295.595076234724
2016-06-29,2335.1246499231515
2016-06-30,2361.9203692669735
2016-07-01,2368.4339813300217
2016-07-04,2369.3741702681255
2016-07-05,2351.2809258061257
2016-07-06,2350.494156476621
2016-07-07,2357.151007656895
2016-07-08,2390.186384649148
2016-07-11,2411.8555746077723
2016-07-12,2427.954264286472
2016-07-13,2425.4411074835148
2016-07-14,2438.413902097437
2016-07-15,2442.832119643531
2016-07-18,2449.1212211215193
2016-07-19,2453.9636917503763
2016-07-20,2466.604726161014
2016-07-21,2466.8969922129377
2016-07-22,2473.241442077017
2016-07-25,2470.2909892667735
2016-07-26,2472.2069670341807
2016-07-27,2473.0844685316515
2016-07-28,2454.7412393266413
2016-07-29,2451.005913508457
2016-08-01,2450.4754980303696
2016-08-02,2423.0055343255494
2016-08-03,2428.325429001367
2016-08-04,2444.0136067676654
2016-08-05,2473.4808147565195
2016-08-08,2479.5761690803483
2016-08-09,2483.345419928155
2016-08-10,2471.8715500667804
2016-08-11,2480.718946712999
2016-08-12,2482.4257372640577
2016-08-15,2485.288074874699
2016-08-16,2460.347664614393
2016-08-17,2455.283001275793
2016-08-18,2453.8731060708287
2016-08-19,2446.9305771582076
2016-08-22,2445.452810770928
2016-08-23,2456.003337894364
2016-08-24,2459.2914152275075
2016-08-25,2448.3411995942033
2016-08-26,2448.0061094556672
2016-08-29,2470.73508620077
2016-08-30,2472.648554005398
2016-08-31,2468.938406939722
2016-09-01,2461.702025449923
2016-09-02,2485.313506589943
2016-09-05,2495.81451086285
2016-09-06,2490.5152950982115
2016-09-07,2493.9125744206494
2016-09-08,2483.681267543235
2016-09-09,2444.918965037915
2016-09-12,2446.7595249743904
2016-09-13,2414.2836847151416
2016-09-14,2409.8978847500625
2016-09-15,2427.843693820736
2016-09-16,2434.503193200152
2016-09-19,2443.0928019323037
2016-09-20,2445.5472887990913
2016-09-21,2478.6888513963254
2016-09-22,2485.6169548958137
2016-09-23,2475.7531107836417
2016-09-26,2443.622576953332
2016-09-27,2466.6366117978064
2016-09-28,2478.1838025787606
2016-09-29,2461.9036766980826
2016-09-30,2464.855264034948
2016-10-03,2468.1913507354866
2016-10-04,2475.572940306495
2016-10-05,2470.9733110468346
2016-10-06,2474.6530213124624
2016-10-07,2463.742616272749
2016-10-10,2478.3942498538695
2016-10-11,2471.6314395382374
2016-10-12,2475.046141270162
2016-10-13,2459.766371364491
2016-10-14,2472.1476100788755
2016-10-17,2466.6438118881783
2016-10-18,2492.130418531451
2016-10-19,2503.138018245871
2016-10-20,2508.759770429954
2016-10-21,2516.8742660825824
2016-10-24,2522.433563384572
2016-10-25,2520.5630751983094
2016-10-26,2502.263403379528
2016-10-27,2491.786311522154
2016-10-28,2484.591235500839
2016-10-31,2478.17177490943
2016-11-01,2449.971856976228
2016-11-02,2414.72034378617
2016-11-03,2411.874096222066
2016-11-04,2396.205827832949
2016-11-07,2452.1843819505525
2016-11-08,2459.3603838071317
2016-11-09,2482.602124497198
2016-11-10,2505.537278796843
2016-11-11,2499.828232558622
2016-11-14,2524.321637429068
2016-11-15,2536.2387431484485
2016-11-16,2547.094792463256
2016-11-17,2558.544604213387
2016-11-18,2570.29640773876
2016-11-21,2576.540944246397
2016-11-22,2592.5944141988302
2016-11-23,2602.534740455291
2016-11-24,2598.19333768337
2016-11-25,2599.2576325618325
2016-11-28,2595.4227158471276
2016-11-29,2588.5937321206484
2016-11-30,2588.724057267578
2016-12-01,2581.6668035759203
2016-12-02,2568.549277875841
2016-12-05,2566.9077240966894
2016-12-06,2581.0482936102485
2016-12-07,2603.04283358316
2016-12-08,2651.3749368742247
2016-12-09,2678.0865522524823
2016-12-12,2656.9529037797056
2016-12-13,2667.717403998278
2016-12-14,2648.7477580055765
2016-12-15,2692.2240977298206
2016-12-16,2693.564608939896
2016-12-19,2691.198567720202
2016-12-20,2710.685080092434
2016-12-21,2694.3680568349955
2016-12-22,2681.560026564736
2016-12-23,2682.7658670942387
2016-12-26,2682.161575223036
2016-12-27,2687.1708257847868
2016-12-28,2693.044280415936
2016-12-29,2675.0433107506
2016-12-30,2659.5937563119514
2017-01-02,2662.198690413219
2017-01-03,2712.5035811506086
2017-01-04,2713.8324641059407
2017-01-05,2695.488833658141
2017-01-06,2700.9716913880957
2017-01-09,2696.5257195556383
2017-01-10,2694.643896827585
2017-01-11,2724.6151455210643
2017-01-12,2686.856665114834
2017-01-13,2700.8592615671423
2017-01-16,2697.961636984558
2017-01-17,2674.990240569139
2017-01-18,2680.3793999111936
2017-01-19,2686.086082619191
2017-01-20,2678.033894499347
2017-01-23,2662.7475233655796
2017-01-24,2676.455023227391
2017-01-25,2700.8170880505722
2017-01-26,2717.4040094804836
2017-01-27,2706.8252234523197
2017-01-30,2693.9816908293938
2017-01-31,2666.0551305942063
2017-02-01,2680.717769707074
2017-02-02,2672.033480406686
2017-02-03,2692.5809351657126
2017-02-06,2695.8401626868235
2017-02-07,2706.6333324448574
2017-02-08,2709.2596810560544
2017-02-09,2729.5512415273297
2017-02-10,2752.022300390706
2017-02-13,2769.762016651819
2017-02-14,2781.451477037318
2017-02-15,2794.5133782625944
2017-02-16,2774.6312110440713
2017-02-17,2783.0708194449808
2017-02-20,2787.2769041676315
2017-02-21,2819.222170733093
2017-02-22,2817.3507859095384
2017-02-23,2808.5287727875166
2017-02-24,2806.1819038153994
2017-02-27,2796.378980765871
2017-02-28,2786.2977555846587
2017-03-01,2829.7550103582166
2017-03-02,2825.872923313935
2017-03-03,2814.3856698349714
2017-03-06,2801.1415756169536
2017-03-07,2799.040339999424
2017-03-08,2796.5939019786156
2017-03-09,2786.9543427004505
2017-03-10,2781.7015968300516
2017-03-13,2788.6663296022243
2017-03-14,2785.701694284354
2017-03-15,2806.993170576489
2017-03-16,2799.880219332716
2017-03-17,2799.0462703901003
2017-03-20,2794.425340177667
2017-03-21,2759.4751223164053
2017-03-22,2754.3283303141943
2017-03-23,2762.730542781771
2017-03-24,2759.904192754963
2017-03-27,2738.0515665186213
2017-03-28,2762.101292922794
2017-03-29,2792.330538704695
2017-03-30,2800.8502927703184
2017-03-31,2800.899992448672
2017-04-03,2807.0144930261454
2017-04-04,2805.446822307055
2017-04-05,2800.4793319514374
2017-04-06,2802.7056095316157
2017-04-07,2811.7737815249016
2017-04-10,2818.0544145830672
2017-04-11,2812.2726890163003
2017-04-12,2807.716360920047
2017-04-13,2794.4383841563326
2017-04-14,2792.140138895218
2017-04-17,2802.222103505471
2017-04-18,2781.133102949394
2017-04-19,2773.9947755504936
2017-04-20,2778.138343494373
2017-04-21,2793.613819796717
2017-04-24,2789.845191470723
2017-04-25,2791.1647259128563
2017-04-26,2805.4396285234875
2017-04-27,2806.2581335390664
2017-04-28,2795.085696495907
2017-05-01,2794.318216541319
2017-05-02,2805.64615449025
2017-05-03,2798.289298022426
2017-05-04,2790.6938085522106
2017-05-05,2793.4477087730916
2017-05-08,2810.8827976655534
2017-05-09,2818.3298637540383
2017-05-10,2830.1832552089722
2017-05-11,2826.0105821474867
2017-05-12,2813.740889217615
2017-05-15,2814.1107534852777
2017-05-16,2795.63578013654
2017-05-17,2747.091121500815
2017-05-18,2744.223079606474
2017-05-19,2747.607431325234
2017-05-22,2750.434021163954
2017-05-23,2757.786941863263
2017-05-24,2770.8151894919483
2017-05-25,2774.6347088894904
2017-05-26,2779.6367167244557
2017-05-29,2780.097869957307
2017-05-30,2776.3463119520184
2017-05-31,2760.726935321823
2017-06-01,2783.326717379322
2017-06-02,2788.7737214073263
2017-06-05,2790.3142020074374
2017-06-06,2779.630132834983
2017-06-07,2781.8909492151442
2017-06-08,2791.1370952733837
2017-06-09,2798.9409107704755
2017-06-12,2786.3946402294396
2017-06-13,2799.6844240754326
2017-06-14,2784.999089247108
2017-06-15,2795.0914429306713
2017-06-16,2791.277837964812
2017-06-19,2818.6224013257383
2017-06-20,2809.2523364303606
2017-06-21,2800.7869150076494
2017-06-22,2800.6716408560073
2017-06-23,2796.6315837389943
2017-06-26,2802.150279546577
2017-06-27,2767.418777845717
2017-06-28,2766.4312758074307
2017-06-29,2737.2428131334536
2017-06-30,2738.014098155466
2017-07-03,2753.62802111691
2017-07-04,2753.088464052591
2017-07-05,2760.6472589736445
2017-07-06,2726.8402748810413
2017-07-07,2735.0733175217815
2017-07-10,2741.6531448748638
2017-07-11,2735.7085000691227
2017-07-12,2760.6890205036984
2017-07-13,2773.149330666005
2017-07-14,2778.641333262064
2017-07-17,2775.700811180598
2017-07-18,2751.1673836697123
2017-07-19,2780.687325975627
2017-07-20,2758.6653960304875
2017-07-21,2747.751873194305
2017-07-24,2748.189112683971
2017-07-25,2750.755763208338
2017-07-26,2758.983573079437
2017-07-27,2754.328773286372
2017-07-28,2729.6199890670423
2017-07-31,2721.488311692354
2017-08-01,2728.727151780666
2017-08-02,2716.8955025151176
2017-08-03,2708.2046267008577
2017-08-04,2737.7496978216545
2017-08-07,2734.843242274528
2017-08-08,2743.238606397274
2017-08-09,2732.3180581520264
2017-08-10,2701.456574473463
2017-08-11,2685.243314880897
2017-08-14,2708.578176427693
2017-08-15,2718.080629382882
2017-08-16,2730.289819819682
2017-08-17,2701.2694247156937
2017-08-18,2691.5536609546625
2017-08-21,2679.7108082272985
2017-08-22,2709.908345280319
2017-08-23,2696.2260183689227
2017-08-24,2697.8763232948777
2017-08-25,2690.021107516248
2017-08-28,2673.844002778019
2017-08-29,2655.824939357645
2017-08-30,2686.176831740478
2017-08-31,2708.3741522199725
2017-09-01,2720.085836707242
2017-09-04,2707.121159035867
2017-09-05,2694.743264863402
2017-09-06,2696.184276803637
2017-09-07,2689.680374075438
2017-09-08,2687.34869029259
2017-09-11,2718.5079186468865
2017-09-12,2734.196991074059
2017-09-13,2740.11999541137
2017-09-14,2747.1460687896897
2017-09-15,2732.8357316078364
2017-09-18,2741.9152340753058
2017-09-19,2741.806052733437
2017-09-20,2742.450336622237
2017-09-21,2747.9806365155127
2017-09-22,2741.167153606469
2017-09-25,2754.086325589932
2017-09-26,2768.8688277480624
2017-09-27,2785.3144845516545
2017-09-28,2777.6742364409206
2017-09-29,2781.9212843015935
2017-10-02,2808.9418737822684
2017-10-03,2814.480548240131
2017-10-04,2815.5622830330926
2017-10-05,2833.3245593629617
2017-10-06,2826.5986930163917
2017-10-09,2823.224697675511
2017-10-10,2818.5643329920867
2017-10-11,2816.8453235594993
2017-10-12,2817.176481101756
2017-10-13,2826.2723588456397
2017-10-16,2839.189611595237
2017-10-17,2844.0845425126963
2017-10-18,2842.655588555439
2017-10-19,2824.2004802569973
2017-10-20,2843.864137934724
2017-10-23,2845.9060103013258
2017-10-24,2843.1577373002247
2017-10-25,2822.1855200562923
2017-10-26,2849.167758346368
2017-10-27,2890.215156158358
2017-10-30,2880.333908261395
2017-10-31,2880.323144162103
2017-11-01,2895.8045189624117
2017-11-02,2883.972364870869
2017-11-03,2900.0505939582763
2017-11-06,2911.602030100423
2017-11-07,2913.003618817331
2017-11-08,2915.5997363562346
2017-11-09,2894.7690741875767
2017-11-10,2882.2101973105923
2017-11-13,2874.271607403045
2017-11-14,2846.745709424777
2017-11-15,2819.94014371392
2017-11-16,2851.0672481757993
2017-11-17,2849.936135438588
2017-11-20,2862.356233928325
2017-11-21,2887.249045464549
2017-11-22,2877.9963158464157
2017-11-23,2867.5688106251073
2017-11-24,2852.7131174997307
2017-11-27,2849.2944984452765
2017-11-28,2875.503189054738
2017-11-29,2878.82567018699
2017-11-30,2869.500696370852
2017-12-01,2871.84473915915
2017-12-04,2877.7496231671057
2017-12-05,2872.2809191496867
2017-12-06,2869.714408359264
2017-12-07,2876.9551186118383
2017-12-08,2900.9768122050223
2017-12-11,2901.6155139299526
2017-12-12,2917.393829245901
2017-12-13,2914.4088816770773
2017-12-14,2902.205509158796
2017-12-15,2914.731950501252
2017-12-18,2930.584441145287
2017-12-19,2921.9528677109306
2017-12-20,2904.6446891187998
2017-12-21,2917.437726317714
2017-12-22,2924.768577183154
2017-12-25,2925.185082698518
2017-12-26,2916.7192326024647
2017-12-27,2917.7310169871944
2017-12-28,2915.112980256977
2017-12-29,2895.6254693720975
2018-01-01,2895.442008870049
2018-01-02,2907.9049497018304
2018-01-03,2925.809751104005
2018-01-04,2935.3750891036134
2018-01-05,2963.214272852145
2018-01-08,2981.683341409367
2018-01-09,2997.277844571658
2018-01-10,2982.687014081971
2018-01-11,2979.6930375022744
2018-01-12,2973.6662907405707
2018-01-15,2954.1612940217474
2018-01-16,2958.4304798834005
2018-01-17,2970.009019434274
2018-01-18,2967.2645190243165
2018-01-19,2986.426807436983
2018-01-22,2997.4953385541544
2018-01-23,3002.2618772162255
2018-01-24,2985.2542160932276
2018-01-25,2960.2484691156615
2018-01-26,2994.85317026831
2018-01-29,2994.8067546346238
2018-01-30,2952.255562652208
2018-01-31,2941.7885830901378
2018-02-01,2937.765080105797
2018-02-02,2892.8425785419213
2018-02-05,2811.829130671718
2018-02-06,2811.856811237573
2018-02-07,2826.508995434957
2018-02-08,2767.6607226156066
2018-02-09,2769.985825841605
2018-02-12,2795.6764853342556
2018-02-13,2786.292177943427
2018-02-14,2811.319497686044
2018-02-15,2829.056211806487
2018-02-16,2844.4860245356795
2018-02-19,2855.302621383258
2018-02-20,2854.852530490508
2018-02-21,2855.8138854709996
2018-02-22,2852.0393054065585
2018-02-23,2889.363360380995
2018-02-26,2914.1437341164906
2018-02-27,2900.4495405250245
2018-02-28,2879.413728867917
2018-03-01,2851.3199315673733
2018-03-02,2819.698655232432
2018-03-05,2833.132242713307
2018-03-06,2836.753599424396
2018-03-07,2833.8413113088886
2018-03-08,2863.2459862863084
2018-03-09,2896.701249794787
2018-03-12,2907.806070809817
2018-03-13,2879.2345889243593
2018-03-14,2875.2777127980803
2018-03-15,2882.20004366091
2018-03-16,2891.865623750566
2018-03-19,2850.7642136053164
2018-03-20,2866.4230344089465
2018-03-21,2866.76960463947
2018-03-22,2811.9316484734054
2018-03-23,2750.7058367404625
2018-03-26,2772.603546510632
2018-03-27,2768.717749752737
2018-03-28,2764.973794696035
2018-03-29,2799.827545729009
2018-03-30,2802.055159630967
2018-04-02,2765.787196637915
2018-04-03,2786.3147081342427
2018-04-04,2791.2644059144495
2018-04-05,2833.3591721406924
2018-04-06,2793.006433859506
2018-04-09,2791.726033979238
2018-04-10,2820.539989027598
2018-04-11,2805.4771745643793
2018-04-12,2830.7720506618
2018-04-13,2824.9512116659535
2018-04-16,2827.6245812867996
2018-04-17,2852.2123374719013
2018-04-18,2857.138589285298
2018-04-19,2853.51353934594
2018-04-20,2850.021137063475
2018-04-23,2857.312719214175
2018-04-24,2839.780069744029
2018-04-25,2839.54666361783
2018-04-26,2872.8444590805766
2018-04-27,2883.21693150111
2018-04-30,2878.799676636747
2018-05-01,2897.399830118838
2018-05-02,2895.7929290043194
2018-05-03,2887.2237566803256
2018-05-04,2914.167201173976
2018-05-07,2929.5435949657285
2018-05-08,2943.5925771586803
2018-05-09,2961.599119324665
2018-05-10,2976.1400762476555
2018-05-11,2973.7014914303545
2018-05-14,2973.3297739327963
2018-05-15,2975.851690272805
2018-05-16,3001.0575919039875
2018-05-17,3001.4928457247183
2018-05-18,3000.5680082543936
2018-05-21,3017.6878092204747
2018-05-22,3010.735985377321
2018-05-23,3018.809824458588
2018-05-24,3008.9703189537763
2018-05-25,3019.2572067416604
2018-05-28,3023.8623480056535
2018-05-29,3006.9447124171193
2018-05-30,3013.1123465531286
2018-05-31,2991.3197484047746
2018-06-01,3016.143837629337
2018-06-04,3028.7575884513267
2018-06-05,3033.255705785443
2018-06-06,3027.4937551947364
2018-06-07,3017.380155519594
2018-06-08,3028.8686754645255
2018-06-11,3027.752365090864
2018-06-12,3035.693042280065
2018-06-13,3031.0163510571697
2018-06-14,3062.8538945813866
2018-06-15,3057.017426713154
2018-06-18,3046.507526685333
2018-06-19,3035.0918325849466
2018-06-20,3043.030333166311
2018-06-21,3016.1018246921735
2018-06-22,3021.1631143942773
2018-06-25,2967.214810410966
2018-06-26,2975.444097532239
2018-06-27,2971.9194506787594
2018-06-28,2978.4499727898155
2018-06-29,2972.8139652799723
2018-07-02,2977.8241409092084
2018-07-03,2967.4991430743944
2018-07-04,2968.4095061352414
2018-07-05,2970.5577405912613
2018-07-06,2980.8639295441517
2018-07-09,3007.3999177514943
2018-07-10,3022.498804942421
2018-07-11,2995.6104491743395
2018-07-12,3022.644016534467
2018-07-13,3032.984958076791
2018-07-16,3018.1757292504044
2018-07-17,3031.9849701267713
2018-07-18,3047.0357869189666
2018-07-19,3044.478130340123
2018-07-20,3027.327947394492
2018-07-23,3027.7842161824724
2018-07-24,3042.7115641741552
2018-07-25,3066.3681759524034
2018-07-26,3072.616419108233
2018-07-27,3066.4954403275183
2018-07-30,3040.2544395979526
2018-07-31,3048.862791009516
2018-08-01,3052.1772298658925
2018-08-02,3060.9366505603493
2018-08-03,3077.0901362532354
2018-08-06,3087.6873156098372
2018-08-07,3092.9091783951517
2018-08-08,3088.762599893918
2018-08-09,3095.724271477887
2018-08-10,3099.4221053463907
2018-08-13,3080.5187354008713
2018-08-14,3106.117638154999
2018-08-15,3088.3913365716808
2018-08-16,3086.1697794948873
2018-08-17,3091.53421478839
2018-08-20,3097.6718140712437
2018-08-21,3088.4773199027
2018-08-22,3075.3441713811976
2018-08-23,3072.6803422396165
2018-08-24,3074.8295237527514
2018-08-27,3091.750618977707
2018-08-28,3084.20688826995
2018-08-29,3099.51249055198
2018-08-30,3094.7084628682724
2018-08-31,3094.306557832154
2018-09-03,3090.617320749825
2018-09-04,3093.9327391062316
2018-09-05,3057.442837156946
2018-09-06,3043.8550163581494
2018-09-07,3049.678899040759
2018-09-10,3046.983059628069
2018-09-11,3055.4443582512604
2018-09-12,3051.6890039547766
2018-09-13,3054.2774596778577
2018-09-14,3065.8658596928726
2018-09-17,3047.7898661804593
2018-09-18,3060.772310068001
2018-09-19,3077.546606846039
2018-09-20,3079.88020242968
2018-09-21,3086.2459033030373
2018-09-24,3067.2240945101717
2018-09-25,3070.3981457516934
2018-09-26,3075.5207552257643
2018-09-27,3094.0021988767535
2018-09-28,3104.7672372603356
2018-10-01,3114.9192242088525
2018-10-02,3111.181920643889
2018-10-03,3117.354980150725
2018-10-04,3090.2480438715447
2018-10-05,3071.024142147255
2018-10-08,3068.7417327353783
2018-10-09,3061.370376879471
2018-10-10,2980.6032839757618
2018-10-11,2908.3302401810447
2018-10-12,2937.730411417481
2018-10-15,2919.637865386407
2018-10-16,2972.010469752984
2018-10-17,2982.711917286318
2018-10-18,2956.904822710878
2018-10-19,2950.0006851020316
2018-10-22,2948.895343058974
2018-10-23,2918.0276774358917
2018-10-24,2873.368100225393
2018-10-25,2897.513243154624
2018-10-26,2866.3549233539443
2018-10-29,2851.948829971296
2018-10-30,2887.5040432062738
2018-10-31,2933.741290246723
2018-11-01,2948.7988055525593
2018-11-02,2958.376127783511
2018-11-05,2955.062673351612
2018-11-06,2963.4089293092325
2018-11-07,2993.7898140401576
2018-11-08,3002.459385561025
2018-11-09,2990.448935236295
2018-11-12,2969.0010252606908
2018-11-13,2957.860687634946
2018-11-14,2936.718902546613
2018-11-15,2953.214589053366
2018-11-16,2942.375068759012
2018-11-19,2899.1017761937906
2018-11-20,2862.817298850661
2018-11-21,2879.526850084338
2018-11-22,2876.4573530968396
2018-11-23,2879.860578132482
2018-11-26,2913.7052187566333
2018-11-27,2926.8402242661978
2018-11-28,2973.293092726654
2018-11-29,2953.68045507022
2018-11-30,2977.6289786753396
2018-12-03,3010.6744697948784
2018-12-04,2942.829872650042
2018-12-05,2930.9756091384975
2018-12-06,2890.4582991688276
2018-12-07,2857.1776248918736
2018-12-10,2836.3170450293787
2018-12-11,2851.544514006996
2018-12-12,2874.0190996688193
2018-12-13,2876.7191646702345
2018-12-14,2844.5377853627374
2018-12-17,2796.0779759126217
2018-12-18,2780.1444097828285
2018-12-19,2747.4510832587894
2018-12-20,2707.407224332798
2018-12-21,2670.914911254258
2018-12-24,2629.821423343928
2018-12-25,2618.593616736872
2018-12-26,2690.9886985411395
2018-12-27,2708.647857687047
2018-12-28,2716.513771732301
2018-12-31,2735.7403428019525
2019-01-01,2735.8947832492827
2019-01-02,2747.9722373705445
2019-01-03,2703.026854210632
2019-01-04,2768.5596296467156
2019-01-07,2783.144654475579
2019-01-08,2809.048975478728
2019-01-09,2818.751212529209
2019-01-10,2826.4211720150624
2019-01-11,2837.7622388387626
2019-01-14,2825.7479108197354
2019-01-15,2857.4219641546274
2019-01-16,2873.1077575966024
2019-01-17,2888.78956315963
2019-01-18,2926.921980245179
2019-01-21,2927.5646795319058
2019-01-22,2898.93483051014
2019-01-23,2894.5548643467196
2019-01-24,2909.1742862506608
2019-01-25,2926.697943903786
2019-01-28,2900.4416192932104
2019-01-29,2906.9512637039197
2019-01-30,2932.4770814538206
2019-01-31,2947.381558275903
2019-02-01,2950.611440627945
2019-02-04,2971.8642327792127
2019-02-05,2994.25471596161
2019-02-06,2996.546762751467
2019-02-07,2974.652969798512
2019-02-08,2971.679102261691
2019-02-11,2987.5969825710795
2019-02-12,3014.2748624755977
2019-02-13,3027.9635743525855
2019-02-14,3025.4891777976122
2019-02-15,3050.8834812777545
2019-02-18,3049.5677591735944
2019-02-19,3046.8943699614006
2019-02-20,3057.4393144031446
2019-02-21,3050.9927731150715
2019-02-22,3068.650357086657
2019-02-25,3075.806210250355
2019-02-26,3070.873516947255
2019-02-27,3064.7350216012737
2019-02-28,3052.5451072640226
2019-03-01,3066.8974643128918
2019-03-04,3077.9301490164003
2019-03-05,3078.369429796145
2019-03-06,3061.6474551234014
2019-03-07,3059.433623464529
2019-03-08,3040.5642197057805
2019-03-11,3078.082697393328
2019-03-12,3079.2663146748846
2019-03-13,3084.9663396848546
2019-03-14,3086.490757710938
2019-03-15,3099.1164657787062
2019-03-18,3112.1854654002277
2019-03-19,3112.748856295829
2019-03-20,3098.967017932416
2019-03-21,3118.043586983261
2019-03-22,3091.1404525499847
2019-03-25,3066.5017856591035
2019-03-26,3100.3438841814154
2019-03-27,3097.363827202494
2019-03-28,3105.122222375416
2019-03-29,3127.6450232134775
2019-04-01,3165.6440265816827
2019-04-02,3174.1102052244855
2019-04-03,3181.6662727474236
2019-04-04,3185.911639241086
2019-04-05,3195.6692799798006
2019-04-08,3189.421010612901
2019-04-09,3174.404678936624
2019-04-10,3189.8615732329486
2019-04-11,3180.6218192936267
2019-04-12,3185.016035118769
2019-04-15,3188.4122303630834
2019-04-16,3195.7889940154514
2019-04-17,3191.602801100717
2019-04-18,3205.1911904419217
2019-04-19,3205.6938187913224
2019-04-22,3201.8973448567435
2019-04-23,3234.013336248513
2019-04-24,3227.5605321395806
2019-04-25,3236.459473823051
2019-04-26,3243.4690942581683
2019-04-29,3246.7955227465204
2019-04-30,3237.1746043664193
2019-05-01,3216.1938939037454
2019-05-02,3221.7163968750588
2019-05-03,3245.5645977077593
2019-05-06,3223.5744589243136
2019-05-07,3183.024298175166
2019-05-08,3171.4278891120466
2019-05-09,3140.469435960222
2019-05-10,3147.830266930931
2019-05-13,3088.857521356929
2019-05-14,3113.872992460596
2019-05-15,3130.9426003423832
2019-05-16,3158.0511606853297
2019-05-17,3145.209859407015
2019-05-20,3127.270739965735
2019-05-21,3142.718755015441
2019-05-22,3141.6276641110994
2019-05-23,3105.8257118745346
2019-05-24,3102.8759274701256
2019-05-27,3109.1802006935845
2019-05-28,3099.1254010834045
2019-05-29,3080.7245923296823
2019-05-30,3090.00382521069
2019-05-31,3060.653142556609
2019-06-03,3047.0154035505884
2019-06-04,3081.099390648306
2019-06-05,3095.875746418154
2019-06-06,3099.2202529557453
2019-06-07,3114.434610807411
2019-06-10,3136.6544179519597
2019-06-11,3145.7578222378993
2019-06-12,3136.0807776089414
2019-06-13,3152.559380143243
2019-06-14,3154.4836060645716
2019-06-17,3152.9084832858084
2019-06-18,3194.5379138994044
2019-06-19,3205.107726845479
2019-06-20,3217.3482202504847
2019-06-21,3200.9418590177715
2019-06-24,3180.138119087066
2019-06-25,3161.872284268241
2019-06-26,3157.430841917798
2019-06-27,3175.954714706233
2019-06-28,3187.671263470405
2019-07-01,3226.5323707847833
2019-07-02,3242.0432108296154
2019-07-03,3264.202951427782
2019-07-04,3268.718890899614
2019-07-05,3272.7543730061448
2019-07-08,3254.7142218284534
2019-07-09,3254.413700453776
2019-07-10,3253.365201474018
2019-07-11,3260.073058680417
2019-07-12,3269.297972733452
2019-07-15,3270.106180248882
2019-07-16,3274.4756690237136
2019-07-17,3258.9658910018056
2019-07-18,3260.047105396556
2019-07-19,3257.1829617696135
2019-07-22,3259.125663649342
2019-07-23,3296.3696139881567
2019-07-24,3311.550727530438
2019-07-25,3292.132084214154
2019-07-26,3311.4749848284423
2019-07-29,3303.5121107470227
2019-07-30,3290.9727835128156
2019-07-31,3270.3723116221286
2019-08-01,3267.9753103480593
2019-08-02,3216.988644537667
2019-08-05,3113.416082873497
2019-08-06,3128.2918592320666
2019-08-07,3126.468520682061
2019-08-08,3179.382214319513
2019-08-09,3162.336217680338
2019-08-12,3131.496031261828
2019-08-13,3158.818416713987
2019-08-14,3106.046322911732
2019-08-15,3111.949752639874
2019-08-16,3150.534101468071
2019-08-19,3186.514846968751
2019-08-20,3173.9698590009957
2019-08-21,3194.6364248181126
2019-08-22,3191.2275375498093
2019-08-23,3134.0076105362564
2019-08-26,3140.8307736721
2019-08-27,3144.1402878191484
2019-08-28,3161.546253575966
2019-08-29,3194.2325285922707
2019-08-30,3223.0830216163554
2019-09-02,3233.2595377647276
2019-09-03,3217.2425567514824
2019-09-04,3233.9970610168066
2019-09-05,3268.1587297358574
2019-09-06,3274.1045363285316
2019-09-09,3273.525654745578
2019-09-10,3279.829245801177
2019-09-11,3318.378776973113
2019-09-12,3319.553467798907
2019-09-13,3311.5425496276935
2019-09-16,3326.411892705019
2019-09-17,3314.515764109295
2019-09-18,3310.664675987275
2019-09-19,3314.585828489922
2019-09-20,3321.5066720062528
2019-09-23,3319.495136435827
2019-09-24,3301.4033632799246
2019-09-25,3314.5035454155077
2019-09-26,3318.1988863306933
2019-09-27,3304.561687853704
2019-09-30,3323.9554717311694
2019-10-01,3288.942459437059
2019-10-02,3229.838360050716
2019-10-03,3232.316123326027
2019-10-04,3264.589223472847
2019-10-07,3256.6972204850604
2019-10-08,3231.4750763616744
2019-10-09,3241.71231360886
2019-10-10,3249.113755560995
2019-10-11,3287.9757787482354
2019-10-14,3287.581895203344
2019-10-15,3313.0293526727073
2019-10-16,3309.6318283373193
2019-10-17,3302.2628717205844
2019-10-18,3285.73811582755
2019-10-21,3304.027132466352
2019-10-22,3304.231565621766
2019-10-23,3312.678495287324
2019-10-24,3327.5678795575186
2019-10-25,3340.57353111033
2019-10-28,3354.3069858698136
2019-10-29,3349.8562656665995
2019-10-30,3352.2210570835773
2019-10-31,3337.3686736625295
2019-11-01,3361.6848878643445
2019-11-04,3383.7345379205026
2019-11-05,3408.2780991762124
2019-11-06,3409.0303943909894
2019-11-07,3427.5004282734862
2019-11-08,3434.9001303269206
2019-11-11,3423.759575100671
2019-11-12,3436.1227149025217
2019-11-13,3429.778087863811
2019-11-14,3428.954941051733
2019-11-15,3439.1120536935155
2019-11-18,3434.8987886236573
2019-11-19,3436.7899921461267
2019-11-20,3426.4705849624224
2019-11-21,3413.8039942001355
2019-11-22,3433.073732170466
2019-11-25,3465.9209013256636
2019-11-26,3469.362284901416
2019-11-27,3487.32788656474
2019-11-28,3483.3588781280087
2019-11-29,3460.841626652413
2019-12-02,3425.635564365016
2019-12-03,3404.3474687545813
2019-12-04,3420.062745270391
2019-12-05,3425.4636621546742
2019-12-06,3464.991270083604
2019-12-09,3454.604991893617
2019-12-10,3444.3060248860033
2019-12-11,3454.8692284937188
2019-12-12,3468.315176490252
2019-12-13,3481.8887781556055
2019-12-16,3505.5944728994273
2019-12-17,3505.3918303437417
2019-12-18,3512.593918642159
2019-12-19,3524.6637530620465
2019-12-20,3546.9729359091225
2019-12-23,3549.0399252630314
2019-12-24,3549.800010616349
2019-12-25,3548.9797507544613
2019-12-26,3558.6907994636285
2019-12-27,3547.543855660455
2019-12-30,3521.089893122303
2019-12-31,3520.0258164434044
2020-01-01,3520.0802555272685
2020-01-02,3553.6689440709506
2020-01-03,3547.4750552917176
2020-01-06,3535.8730757901276
2020-01-07,3550.1847294552085
2020-01-08,3559.779929309067
2020-01-09,3588.68334092395
2020-01-10,3583.805368332472
2020-01-13,3595.145533257029
2020-01-14,3600.630819792224
2020-01-15,3593.9953193297797
2020-01-16,3617.4499734257683
2020-01-17,3645.721846309981
2020-01-20,3649.146503829751
2020-01-21,3628.7122691697987
2020-01-22,3639.7423226310143
2020-01-23,3639.63685402644
2020-01-24,3630.3671059304074
2020-01-27,3576.562704579034
2020-01-28,3600.8755039117964
2020-01-29,3600.617410897806
2020-01-30,3575.918482349204
2020-01-31,3518.441865173858
2020-02-03,3536.7137048804852
2020-02-04,3594.361053905495
2020-02-05,3637.457297572966
2020-02-06,3664.463858280869
2020-02-07,3647.798057386629
2020-02-10,3670.3196591414926
2020-02-11,3690.42367732848
2020-02-12,3719.9219530860537
2020-02-13,3729.9525496937836
2020-02-14,3732.8245261153993
2020-02-17,3737.299647859663
2020-02-18,3722.435356456026
2020-02-19,3749.5932579520777
2020-02-20,3729.30366171745
2020-02-21,3685.150632396462
2020-02-24,3576.0931088176003
2020-02-25,3490.1256456461115
2020-02-26,3467.3307471895237
2020-02-27,3317.818919275428
2020-02-28,3259.115517611341
2020-03-02,3310.6431445123703
2020-03-03,3260.8777120868376
2020-03-04,3355.328901747798
2020-03-05,3275.759795213665
2020-03-06,3173.976287735219
2020-03-09,2919.189180503834
2020-03-10,3014.21245926176
2020-03-11,2918.6561803969284
2020-03-12,2685.405337407324
2020-03-13,2823.4626142306192
2020-03-16,2546.4714025517824
2020-03-17,2671.2685468460245
2020-03-18,2560.7167607589927
2020-03-19,2605.2616992852286
2020-03-20,2566.353519141378
2020-03-23,2466.8391549796647
2020-03-24,2664.6068682046607
2020-03-25,2730.306983117384
2020-03-26,2807.127482721247
2020-03-27,2733.499012301953
2020-03-30,2793.395705264222
2020-03-31,2793.2436930432305
2020-04-01,2699.973134092222
2020-04-02,2745.307568859946
2020-04-03,2721.568112665961
2020-04-06,2875.605762548272
2020-04-07,2880.5722641087036
2020-04-08,2947.4536593071252
2020-04-09,2978.320933099303
2020-04-10,2980.6384568271687
2020-04-13,2966.1812958133623
2020-04-14,3017.977326620455
2020-04-15,2966.8494417546704
2020-04-16,2985.4382413235126
2020-04-17,3053.860271621584
2020-04-20,3025.382449511023
2020-04-21,2941.3243619291193
2020-04-22,3000.8794286580855
2020-04-23,3014.0107709989957
2020-04-24,3031.1331077140467
2020-04-27,3081.0050668654
2020-04-28,3091.036918164051
2020-04-29,3159.1939280678394
2020-04-30,3106.5087188939488
2020-05-01,3022.889754826952
2020-05-04,3027.3561653291135
2020-05-05,3079.0555235586503
2020-05-06,3078.6559386448916
2020-05-07,3110.741336540241
2020-05-08,3140.814179699172
2020-05-11,3153.519760482037
2020-05-12,3098.5036196494952
2020-05-13,3058.0891946599118
2020-05-14,3062.595455458647
2020-05-15,3075.2805813863597
2020-05-18,3154.2742564309697
2020-05-19,3123.689734297626
2020-05-20,3156.089653056864
2020-05-21,3149.1886994703937
2020-05-22,3152.492358412684
2020-05-25,3168.3581655142702
2020-05-26,3194.869505494299
2020-05-27,3230.4000693201747
2020-05-28,3217.9483409106315
2020-05-29,3199.4229355116886
2020-06-01,3227.0607233099868
2020-06-02,3251.338607097825
2020-06-03,3297.384580392085
2020-06-04,3258.293668235245
2020-06-05,3336.594291175131
2020-06-08,3372.801941530721
2020-06-09,3337.9004841129977
2020-06-10,3324.858778461813
2020-06-11,3161.3429298618166
2020-06-12,3211.265539541749
2020-06-15,3205.6842871580443
2020-06-16,3288.919337701082
2020-06-17,3291.1987093563066
2020-06-18,3289.484560191398
2020-06-19,3293.7061833604635
2020-06-22,3286.2944939937743
2020-06-23,3290.793833305962
2020-06-24,3232.344454628389
2020-06-25,3264.7019989910323
2020-06-26,3219.457455536426
2020-06-29,3232.2480502902567
2020-06-30,3269.979560403401
2020-07-01,3274.271363479537
2020-07-02,3313.8612554271253
2020-07-03,3312.505615455363
2020-07-06,3348.762313161656
2020-07-07,3327.128881691812
2020-07-08,3333.1969172652416
2020-07-09,3329.8325051781076
2020-07-10,3342.691368534761
2020-07-13,3321.4301938749118
2020-07-14,3329.5777976796085
2020-07-15,3367.439585302421
2020-07-16,3342.7111490615994
2020-07-17,3355.635233470254
2020-07-20,3376.3777541705917
2020-07-21,3384.19142579855
2020-07-22,3358.9196267258985
2020-07-23,3336.6694680907567
2020-07-24,3300.2425556068674
2020-07-27,3287.379432148325
2020-07-28,3289.2771345888646
2020-07-29,3304.050280598073
2020-07-30,3277.634318105539
2020-07-31,3267.0467530428105
2020-08-03,3316.0708868753877
2020-08-04,3332.666020152466
2020-08-05,3328.642566497514
2020-08-06,3345.042147284515
2020-08-07,3351.6443616974357
2020-08-10,3363.992086096728
2020-08-11,3364.9284960548507
2020-08-12,3392.071361385454
2020-08-13,3383.0765056484847
2020-08-14,3377.2428259520766
2020-08-17,3380.6505917215914
2020-08-18,3372.1587864231856
2020-08-19,3370.792311695297
2020-08-20,3372.679278495399
2020-08-21,3396.8875357885286
2020-08-24,3424.5051457881664
2020-08-25,3431.0659774692517
2020-08-26,3460.3777744423655
2020-08-27,3464.253702926512
2020-08-28,3452.97061976499
2020-08-31,3425.8518786030622
2020-09-01,3445.7262423030024
2020-09-02,3513.235821119579
2020-09-03,3428.3055487557867
2020-09-04,3404.555644207743
2020-09-07,3405.3212623155196
2020-09-08,3348.362559362994
2020-09-09,3389.425536246843
2020-09-10,3341.3056490966246
2020-09-11,3353.999050661157
2020-09-14,3385.4751856803236
2020-09-15,3408.1948797134646
2020-09-16,3414.0175187113687
2020-09-17,3392.9928881763
2020-09-18,3360.7979473314604
2020-09-21,3335.2403750942785
2020-09-22,3359.7033394051145
2020-09-23,3319.162612679497
2020-09-24,3312.8633497328797
2020-09-25,3353.0519620151617
2020-09-28,3401.6323387221
2020-09-29,3370.2661549192644
2020-09-30,3385.5452465862577
2020-10-01,3402.200047519287
2020-10-02,3388.1107060806503
2020-10-05,3422.6304234931144
2020-10-06,3403.777001723475
2020-10-07,3447.631841694124
2020-10-08,3479.28119072559
2020-10-09,3486.80785993506
2020-10-12,3527.8475194046096
2020-10-13,3530.121114044753
2020-10-14,3512.746773132351
2020-10-15,3504.800003784964
2020-10-16,3503.9225269923177
2020-10-19,3460.467019922056
2020-10-20,3454.6494361160176
2020-10-21,3437.000644610318
2020-10-22,3455.807965180472
2020-10-23,3465.7048387140344
2020-10-26,3417.2663919275556
2020-10-27,3402.109731681981
2020-10-28,3328.374099711499
2020-10-29,3369.2819578267845
2020-10-30,3334.3154912531018
2020-11-02,3379.0473266008803
2020-11-03,3415.118164269369
2020-11-04,3482.6356220408247
2020-11-05,3523.731039918054
2020-11-06,3516.120274251882
2020-11-09,3582.0064214939516
2020-11-10,3587.42276083246
2020-11-11,3631.0129078747864
2020-11-12,3591.9154953004872
2020-11-13,3617.91918802522
2020-11-16,3661.520369342195
2020-11-17,3647.0380245957576
2020-11-18,3630.852504261782
2020-11-19,3643.958656937932
2020-11-20,3637.4313889886757
2020-11-23,3664.4125698935727
2020-11-24,3699.817506400008
2020-11-25,3690.257093879569
2020-11-26,3695.1011742867922
2020-11-27,3696.7016563884135
2020-11-30,3658.06998533111
2020-12-01,3676.429523784891
2020-12-02,3669.9576529665283
2020-12-03,3660.813210228577
2020-12-04,3695.7296871842705
2020-12-07,3693.542783766791
2020-12-08,3708.70172706408
2020-12-09,3703.315833434965
2020-12-10,3690.9424785616316
2020-12-11,3690.012688051282
2020-12-14,3680.5968305113925
2020-12-15,3704.2329877444477
2020-12-16,3711.590295084611
2020-12-17,3723.457797242238
2020-12-18,3714.3849056475656
2020-12-21,3691.6774099678405
2020-12-22,3700.819081176119
2020-12-23,3712.355782505785
2020-12-24,3721.117445285857
2020-12-25,3722.252349785056
2020-12-28,3730.2123061229154
2020-12-29,3732.6156159144866
2020-12-30,3729.924893865558
2020-12-31,3754.1134951143795
2021-01-01,3754.373466155229
2021-01-04,3724.1582649657234
2021-01-05,3747.76001853184
2021-01-06,3769.713298636603
2021-01-07,3821.5355312966253
2021-01-08,3854.947986219141
2021-01-11,3859.642863763408
2021-01-12,3868.1081871741308
2021-01-13,3876.2419760891653
2021-01-14,3890.401269321358
2021-01-15,3868.2031469254043
2021-01-18,3872.9142789925468
2021-01-19,3888.4064526022385
2021-01-20,3936.953502794479
2021-01-21,3927.3749679499438
2021-01-22,3905.5426849614537
2021-01-25,3924.8340385761967
2021-01-26,3901.433628501632
2021-01-27,3847.6146136363386
2021-01-28,3848.183078058447
2021-01-29,3774.4269446748153
2021-02-01,3852.851349741243
2021-02-02,3919.6136315050867
2021-02-03,3938.214652026161
2021-02-04,3973.437306065786
2021-02-05,3983.1339012510543
2021-02-08,4009.9479857106303
2021-02-09,4001.177568701316
2021-02-10,3997.0457043088277
2021-02-11,4006.8279707731353
2021-02-12,4025.44175736804
2021-02-15,4037.928216255348
2021-02-16,4041.8150622848448
2021-02-17,4054.643562897026
2021-02-18,4014.4468474388127
2021-02-19,4008.6568141373446
2021-02-22,3973.315396431262
2021-02-23,3966.159502958575
2021-02-24,3989.8435168228984
2021-02-25,3907.1879127461734
2021-02-26,3878.4187087800046
2021-03-01,3986.8540390488847
2021-03-02,3960.778207152043
2021-03-03,3933.0222584965345
2021-03-04,3887.1714682392703
2021-03-05,3955.2540281451143
2021-03-08,3955.767131171421
2021-03-09,3999.793414167582
2021-03-10,4017.461325058571
2021-03-11,4050.1555949125895
2021-03-12,4058.4599173052457
2021-03-15,4081.979150762593
2021-03-16,4092.507130862322
2021-03-17,4091.480547785508
2021-03-18,4053.72806171329
2021-03-19,4049.5795816467257
2021-03-22,4054.7995219600084
2021-03-23,4035.862651663701
2021-03-24,4011.5701941464363
2021-03-25,4040.818055621711
2021-03-26,4092.358292838193
2021-03-29,4094.4161101719396
2021-03-30,4109.546258329193
2021-03-31,4108.837175369678
2021-04-01,4151.530957765521
2021-04-02,4154.770104874239
2021-04-05,4178.776338752716
2021-04-06,4172.670425089197
2021-04-07,4151.949223104678
2021-04-08,4173.513327122389
2021-04-09,4188.308707732277
2021-04-12,4174.826249625708
2021-04-13,4181.656467793253
2021-04-14,4169.571467351975
2021-04-15,4204.300750464233
2021-04-16,4219.00784152081
2021-04-19,4193.409247853717
2021-04-20,4145.412939117397
2021-04-21,4171.727359072434
2021-04-22,4166.5677613414155
2021-04-23,4190.396155857437
2021-04-26,4197.65109051782
2021-04-27,4194.301052046748
2021-04-28,4192.973517182274
2021-04-29,4197.496742025452
2021-04-30,4185.877693623022
2021-05-03,4182.810773153382
2021-05-04,4162.701871513691
2021-05-05,4183.488710880124
2021-05-06,4190.032953518608
2021-05-07,4201.38735896403
2021-05-10,4171.647955899702
2021-05-11,4123.762514577092
2021-05-12,4080.078642713491
2021-05-13,4092.6574808063433
2021-05-14,4136.59939583243
2021-05-17,4129.358429073001
2021-05-18,4107.746720896961
2021-05-19,4083.739104239148
2021-05-20,4121.436521864015
2021-05-21,4133.073728613139
2021-05-24,4149.682830445505
2021-05-25,4145.377929750935
2021-05-26,4165.436792545832
2021-05-27,4175.9356985291015
2021-05-28,4195.875621824736
2021-05-31,4182.677240130552
2021-06-01,4192.78906952943
2021-06-02,4210.050762089298
2021-06-03,4215.93397959472
2021-06-04,4234.909611783625
2021-06-07,4234.105864114237
2021-06-08,4237.5227973186265
2021-06-09,4228.025422782498
2021-06-10,4245.900701801347
2021-06-11,4276.958657561975
2021-06-14,4279.483794207834
2021-06-15,4272.968456792319
2021-06-16,4261.85642918033
2021-06-17,4302.109014271042
2021-06-18,4278.237185602315
2021-06-21,4290.729695846618
2021-06-22,4317.1703487700015
2021-06-23,4302.300881142227
2021-06-24,4333.246769411646
2021-06-25,4344.96685556965
2021-06-28,4351.941371988047
2021-06-29,4356.694889668997
2021-06-30,4364.640801513668
2021-07-01,4373.204841192535
2021-07-02,4397.362793210312
2021-07-05,4396.107123497678
2021-07-06,4392.304630087696
2021-07-07,4407.267866522721
2021-07-08,4343.249333447732
2021-07-09,4381.595237461023
2021-07-12,4402.7285205235285
2021-07-13,4408.672337150847
2021-07-14,4405.893803064207
2021-07-15,4390.217440347136
2021-07-16,4365.569882313677
2021-07-19,4295.103437720906
2021-07-20,4349.392752286286
2021-07-21,4382.254251288184
2021-07-22,4395.916732444371
2021-07-23,4432.922404193195
2021-07-26,4415.437485856801
2021-07-27,4383.306631608664
2021-07-28,4402.5277776773955
2021-07-29,4408.8044336644825
2021-07-30,4386.964160136352
2021-08-02,4394.230773586216
2021-08-03,4420.466159262593
2021-08-04,4418.601513979868
2021-08-05,4443.1659980337845
2021-08-06,4465.0978202154
2021-08-09,4468.506879949232
2021-08-10,4484.071672212036
2021-08-11,4489.997838023483
2021-08-12,4498.823033349916
2021-08-13,4480.333401710763
2021-08-16,4471.555370556482
2021-08-17,4462.369522216087
2021-08-18,4441.451685593407
2021-08-19,4418.6015995857
2021-08-20,4437.4960245054535
2021-08-23,4465.490435443416
2021-08-24,4485.895080360164
2021-08-25,4497.970514455679
2021-08-26,4473.159559442646
2021-08-27,4498.450588468665
2021-08-30,4513.849139854016
2021-08-31,4515.598998902213
2021-09-01,4512.808045101688
2021-09-02,4522.768976823514
2021-09-03,4522.004019280788
2021-09-06,4539.565604229971
2021-09-07,4530.916556332558
2021-09-08,4521.043799773875
2021-09-09,4502.504525063033
2021-09-10,4482.316869068508
2021-09-13,4495.29540684934
2021-09-14,4475.743411615169
2021-09-15,4488.746642123993
2021-09-16,4499.010509723511
2021-09-17,4479.811606918994
2021-09-20,4410.744148568211
2021-09-21,4416.220033597073
2021-09-22,4445.96492169675
2021-09-23,4486.806253477698
2021-09-24,4492.740224185138
2021-09-27,4492.649437058674
2021-09-28,4419.637589724449
2021-09-29,4433.049853702257
2021-09-30,4416.271375219309
2021-10-01,4432.8485267674105
2021-10-04,4381.702109986427
2021-10-05,4421.000977419477
2021-10-06,4432.648139956019
2021-10-07,4477.9060362787695
2021-10-08,4469.56297004651
2021-10-11,4457.856975354142
2021-10-12,4455.812069874882
2021-10-13,4467.76573143345
2021-10-14,4523.598472285538
2021-10-15,4553.918974003983
2021-10-18,4560.635741160329
2021-10-19,4575.722705090042
2021-10-20,4591.912912317904
2021-10-21,4595.2175092398875
2021-10-22,4593.64746853021
2021-10-25,4620.281194461867
2021-10-26,4634.768023513328
2021-10-27,4605.318473414292
2021-10-28,4608.315111360948
2021-10-29,4638.192554228274
2021-11-01,4658.6118244291465
2021-11-02,4667.059225197841
2021-11-03,4688.8805480822675
2021-11-04,4722.178541052276
2021-11-05,4729.65821715136
2021-11-08,4725.416896153692
2021-11-09,4716.478192586152
2021-11-10,4707.600761597002
2021-11-11,4732.155307855444
2021-11-12,4771.7338063962
2021-11-15,4785.7440614115985
2021-11-16,4822.229682610553
2021-11-17,4821.863637586698
2021-11-18,4804.017993439464
2021-11-19,4804.948320217712
2021-11-22,4808.378125286163
2021-11-23,4790.304896553517
2021-11-24,4818.657797533162
2021-11-25,4820.001315997613
2021-11-26,4665.661842687691
2021-11-29,4709.9619525537255
2021-11-30,4641.172807942132
2021-12-01,4595.244775544207
2021-12-02,4638.961805026032
2021-12-03,4615.666252435604
2021-12-06,4657.299164158816
2021-12-07,4765.124546346837
2021-12-08,4748.708176196696
2021-12-09,4737.054979913428
2021-12-10,4742.047134810425
2021-12-13,4715.049646071187
2021-12-14,4680.577479311446
2021-12-15,4733.562193181119
2021-12-16,4703.515708682576
2021-12-17,4682.08741311869
2021-12-20,4610.669533750348
2021-12-21,4699.2138720216535
2021-12-22,4718.338747267754
2021-12-23,4759.336525768064
2021-12-24,4752.550789417135
2021-12-27,4796.715780188815
2021-12-28,4810.548815315639
2021-12-29,4792.369526139264
2021-12-30,4795.016058718761
2021-12-31,4775.822051025839
2022-01-03,4823.755124001835
2022-01-04,4826.976883884198
2022-01-05,4749.28725866225
2022-01-06,4740.345854962481
2022-01-07,4711.414258083371
2022-01-10,4709.0326607621955
2022-01-11,4740.35889028332
2022-01-12,4743.255873837627
2022-01-13,4687.075758019465
2022-01-14,4682.724567559117
2022-01-17,4697.913910278851
2022-01-18,4646.564059984555
2022-01-19,4609.934684173287
2022-01-20,4592.293754525239
2022-01-21,4512.414140147151
2022-01-24,4494.873215591751
2022-01-25,4464.060637862083
2022-01-26,4464.750759818355
2022-01-27,4472.505453336542
2022-01-28,4530.920512409865
2022-01-31,4593.486600963563
2022-02-01,4618.005982606662
2022-02-02,4631.048097013191
2022-02-03,4503.557127895858
2022-02-04,4508.523941503641
2022-02-07,4506.013097937263
2022-02-08,4541.033974300492
2022-02-09,4610.097336996054
2022-02-10,4552.6813723263085
2022-02-11,4512.626417014527
2022-02-14,4503.826393287193
2022-02-15,4547.751971866084
2022-02-16,4560.7545394929375
2022-02-17,4491.364251670457
2022-02-18,4464.367246066723
2022-02-21,4450.776161048671
2022-02-22,4409.8921076363495
2022-02-23,4362.332519101376
2022-02-24,4418.566998197519
2022-02-25,4474.339617413682
2022-02-28,4479.755275322034
2022-03-01,4455.137133042974
2022-03-02,4527.4803002013205
2022-03-03,4501.296727603675
2022-03-04,4482.716660298154
2022-03-07,4378.038593321593
2022-03-08,4346.589612291767
2022-03-09,4392.851844096226
2022-03-10,4399.3347375097155
2022-03-11,4371.143925675482
2022-03-14,4332.656386667898
2022-03-15,4373.022252861938
2022-03-16,4485.851069345473
2022-03-17,4518.284810593542
2022-03-18,4583.011002697
2022-03-21,4577.843607550224
2022-03-22,4636.023406541668
2022-03-23,4610.825706132519
2022-03-24,4643.759939493488
2022-03-25,4659.5757722235285
2022-03-28,4679.163399752367
2022-03-29,4698.169753681301
2022-03-30,4659.119107660618
2022-03-31,4615.291207394674
2022-04-01,4661.824158812569
2022-04-04,4716.917654122703
2022-04-05,4695.014812165611
2022-04-06,4644.67431308088
2022-04-07,4641.062601901046
2022-04-08,4655.77641420779
2022-04-11,4587.713814949583
2022-04-12,4581.64215432648
2022-04-13,4633.681948812154
2022-04-14,4632.446007032017
2022-04-15,4628.849455838267
2022-04-18,4609.415056823898
2022-04-19,4651.742603104045
2022-04-20,4633.563519896592
2022-04-21,4590.4916218808385
2022-04-22,4507.915001491921
2022-04-25,4515.489661404752
2022-04-26,4447.778578711407
2022-04-27,4494.57657316815
2022-04-28,4574.18171999436
2022-04-29,4480.931295510878
2022-05-02,4491.028895393226
2022-05-03,4503.417122697819
2022-05-04,4571.990107042234
2022-05-05,4464.467368144323
2022-05-06,4396.619089261666
2022-05-09,4279.27194892432
2022-05-10,4276.5707480845385
2022-05-11,4241.929229753973
2022-05-12,4270.444586243984
2022-05-13,4376.61372960042
2022-05-16,4364.27197461212
2022-05-17,4398.849511450259
2022-05-18,4296.315688764945
2022-05-19,4240.8106730731
2022-05-20,4268.506662867012
2022-05-23,4288.142198708155
2022-05-24,4225.2400578743345
2022-05-25,4274.236961457472
2022-05-26,4322.776875220919
2022-05-27,4416.77427959986
2022-05-30,4416.396629728782
2022-05-31,4415.161189091141
2022-06-01,4401.793139649226
2022-06-02,4440.726075952317
2022-06-03,4391.945289364449
2022-06-06,4412.172497643583
2022-06-07,4435.624878760378
2022-06-08,4399.140232728823
2022-06-09,4343.969564002477
2022-06-10,4273.932233401808
2022-06-13,4157.24820727319
2022-06-14,4134.532139980294
2022-06-15,4179.080406407699
2022-06-16,4042.440108408102
2022-06-17,4051.1704350119644
2022-06-20,4030.7517970384306
2022-06-21,4094.099891362003
2022-06-22,4061.292687138131
2022-06-23,4104.985803461251
2022-06-24,4205.942899849061
2022-06-27,4200.6661827051685
2022-06-28,4181.322664184771
2022-06-29,4171.082701809864
2022-06-30,4134.334508786436
2022-07-01,4174.978265948491
2022-07-04,4173.475007931637
2022-07-05,4227.685733363152
2022-07-06,4250.114597247856
2022-07-07,4330.670943351711
2022-07-08,4334.654686311633
2022-07-11,4316.726792997021
2022-07-12,4298.744588052255
2022-07-13,4262.138658378533
2022-07-14,4270.447660219073
2022-07-15,4304.150101874608
2022-07-18,4266.2135715831
2022-07-19,4334.457815916675
2022-07-20,4378.416441550428
2022-07-21,4417.992386252087
2022-07-22,4382.666304469654
2022-07-25,4388.244595888781
2022-07-26,4387.363808922904
2022-07-27,4466.065517846443
2022-07-28,4508.139732910135
2022-07-29,4541.840644287064
2022-08-01,4514.499011376785
2022-08-02,4510.41079675149
2022-08-03,4579.900454114343
2022-08-04,4557.468316864306
2022-08-05,4570.803343146693
2022-08-08,4560.661523720385
2022-08-09,4533.160790605031
2022-08-10,4562.611631557321
2022-08-11,4576.776446395401
2022-08-12,4671.363936542294
2022-08-15,4704.166952661097
2022-08-16,4713.515323995819
2022-08-17,4687.582563457728
2022-08-18,4707.761585832856
2022-08-19,4684.14046313351
2022-08-22,4636.518891856375
2022-08-23,4619.7476702224885
2022-08-24,4625.650884741678
2022-08-25,4688.393050405417
2022-08-26,4564.313223701119
2022-08-29,4532.074098572592
2022-08-30,4495.810068514335
2022-08-31,4441.641813672051
2022-09-01,4456.3846224458075
2022-09-02,4407.529794948588
2022-09-05,4439.562636088553
2022-09-06,4426.574110768765
2022-09-07,4446.927963376467
2022-09-08,4479.178478510156
2022-09-09,4518.7472381332
2022-09-12,4537.661736301999
2022-09-13,4443.056153449976
2022-09-14,4439.725979419119
2022-09-15,4401.646050796226
2022-09-16,4342.873334452741
2022-09-19,4364.6681143821215
2022-09-20,4335.3875676616235
2022-09-21,4323.925057761779
2022-09-22,4301.5052573636885
2022-09-23,4260.121364382901
2022-09-26,4225.360718140572
2022-09-27,4233.274682242753
2022-09-28,4276.699088529857
2022-09-29,4161.214522159559
2022-09-30,4119.158899878675
2022-10-03,4189.019908498621
2022-10-04,4265.724010654605
2022-10-05,4297.632828211309
2022-10-06,4274.345543876248
2022-10-07,4199.443122932197
2022-10-10,4194.441699902122
2022-10-11,4152.682462988149
2022-10-12,4142.6964147980525
2022-10-13,4196.924570846095
2022-10-14,4132.189556474946
2022-10-17,4191.525303662035
2022-10-18,4224.30244510286
2022-10-19,4211.372441525456
2022-10-20,4171.619107173174
2022-10-21,4240.633443242945
2022-10-24,4237.221798880779
2022-10-25,4276.758858484296
2022-10-26,4243.435293402054
2022-10-27,4253.572773244276
2022-10-28,4321.2220074120705
2022-10-31,4333.809145589772
2022-11-01,4349.192973223115
2022-11-02,4280.250894604899
2022-11-03,4276.4848551958075
2022-11-04,4288.696849018862
2022-11-07,4290.482552333159
2022-11-08,4294.519552463067
2022-11-09,4243.279718642718
2022-11-10,4362.9488598726075
2022-11-11,4379.609896997487
2022-11-14,4349.337065434855
2022-11-15,4381.338881418969
2022-11-16,4328.981726742319
2022-11-17,4332.392821945583
2022-11-18,4343.5521787820435
2022-11-21,4362.343398176436
2022-11-22,4393.852516690879
2022-11-23,4389.568407284221
2022-11-24,4395.121269454439
2022-11-25,4391.784988836987
2022-11-28,4338.223695177079
2022-11-29,4359.881614637535
2022-11-30,4476.520338424862
2022-12-01,4429.586958248359
2022-12-02,4423.460245900323
2022-12-05,4350.724728564224
2022-12-06,4306.136888320177
2022-12-07,4287.646329219105
2022-12-08,4298.173924714409
2022-12-09,4293.766762396052
2022-12-12,4322.772861610074
2022-12-13,4322.169120062022
2022-12-14,4309.464710385708
2022-12-15,4206.394532803817
2022-12-16,4175.744206562094
2022-12-19,4160.1118456238655
2022-12-20,4144.223793539135
2022-12-21,4203.612342611021
2022-12-22,4170.582663083088
2022-12-23,4174.773029067989
2022-12-26,4176.444268046252
2022-12-27,4157.890332569996
2022-12-28,4133.157551781209
2022-12-29,4167.562038038832
2022-12-30,4152.607810952894
2023-01-02,4159.1016728206805
2023-01-03,4198.81422827597
2023-01-04,4219.173440052565
2023-01-05,4215.3272925244655
2023-01-06,4262.64597891679
2023-01-09,4239.994749650163
2023-01-10,4258.040819325263
2023-01-11,4290.5528144998325
2023-01-12,4300.633699672936
2023-01-13,4319.257095441319
2023-01-16,4321.795600862936
2023-01-17,4330.5211391994035
2023-01-18,4289.36519400503
2023-01-19,4264.8710760654285
2023-01-20,4307.530801312763
2023-01-23,4337.082949776187
2023-01-24,4334.067414070841
2023-01-25,4325.667705490033
2023-01-26,4378.060124784168
2023-01-27,4395.492747196913
2023-01-30,4343.705799688041
2023-01-31,4380.951310455192
2023-02-01,4397.919805557212
2023-02-02,4446.10614734119
2023-02-03,4438.559430039414
2023-02-06,4438.765830574545
2023-02-07,4491.804562339815
2023-02-08,4454.999851879654
2023-02-09,4424.082581825124
2023-02-10,4444.347600886447
2023-02-13,4462.484802960708
2023-02-14,4467.735135920487
2023-02-15,4486.652444491782
2023-02-16,4458.48781849036
2023-02-17,4442.788437266819
2023-02-20,4440.661934803009
2023-02-21,4375.096178765763
2023-02-22,4378.334425888988
2023-02-23,4404.955194556314
2023-02-24,4378.313475494026
2023-02-27,4372.385734402803
2023-02-28,4361.4612209540655
2023-03-01,4334.542075194013
2023-03-02,4374.454665173972
2023-03-03,4437.634386100245
2023-03-06,4412.465718542548
2023-03-07,4392.794909538963
2023-03-08,4402.5818071910735
2023-03-09,4342.141979444583
2023-03-10,4236.327481773272
2023-03-13,4197.1459043566065
2023-03-14,4235.185749886308
2023-03-15,4258.982167978975
2023-03-16,4276.390721331643
2023-03-17,4237.886612591058
2023-03-20,4234.4998287417975
2023-03-21,4267.627816897598
2023-03-22,4225.608147269946
2023-03-23,4208.997181978041
2023-03-24,4250.661897616656
2023-03-27,4255.05886058945
2023-03-28,4241.7274433365055
2023-03-29,4294.867489014275
2023-03-30,4295.722838046965
2023-03-31,4361.780741226147
2023-04-03,4368.542741892004
2023-04-04,4324.302981232389
2023-04-05,4327.382073365429
2023-04-06,4328.691439178274
2023-04-07,4330.5407926820735
2023-04-10,4361.47015570816
2023-04-11,4353.884149209705
2023-04-12,4324.70827534231
2023-04-13,4344.868338492802
2023-04-14,4356.7165977722825
2023-04-17,4398.07173604381
2023-04-18,4388.964316443974
2023-04-19,4382.412379037682
2023-04-20,4359.351338390704
2023-04-21,4357.394575209954
2023-04-24,4339.651325095737
2023-04-25,4302.090708467858
2023-04-26,4263.5633034352295
2023-04-27,4326.694844845535
2023-04-28,4346.95864477477
2023-05-01,4367.435917393666
2023-05-02,4323.898992136527
2023-05-03,4286.226905317173
2023-05-04,4286.48009275156
2023-05-05,4346.53230417334
2023-05-08,4354.597424802854
2023-05-09,4358.498976850325
2023-05-10,4360.9244974257645
2023-05-11,4369.996906013494
2023-05-12,4383.041786553547
2023-05-15,4400.786935472464
2023-05-16,4375.871839000317
2023-05-17,4420.480798673733
2023-05-18,4468.7822326116775
2023-05-19,4463.81131773485
2023-05-22,4468.744849528519
2023-05-23,4436.874962224245
2023-05-24,4398.919788513915
2023-05-25,4417.217588296495
2023-05-26,4472.783032600054
2023-05-29,4474.977035771978
2023-05-30,4460.729141906128
2023-05-31,4447.440885438379
2023-06-01,4464.179068864892
2023-06-02,4541.061886481132
2023-06-05,4542.023559010008
2023-06-06,4568.234518163313
2023-06-07,4554.627973894381
2023-06-08,4546.280390759405
2023-06-09,4559.611877903692
2023-06-12,4591.643014420887
2023-06-13,4608.187199100767
2023-06-14,4598.641875617876
2023-06-15,4614.530873831015
2023-06-16,4605.744389577947
2023-06-19,4592.897173731261
2023-06-20,4575.929656305131
2023-06-21,4534.439367901188
2023-06-22,4531.214229096854
2023-06-23,4517.47836039576
2023-06-26,4497.242218108351
2023-06-27,4519.309162018169
2023-06-28,4545.145280656485
2023-06-29,4563.338944347776
2023-06-30,4599.424877147412
2023-07-03,4617.517536960356
2023-07-04,4621.552123827048
2023-07-05,4612.991987657526
2023-07-06,4557.265822646027
2023-07-07,4525.939574525591
2023-07-10,4528.139132613916
2023-07-11,4560.481562592097
2023-07-12,4559.440786849407
2023-07-13,4579.957022601735
2023-07-14,4559.216037648505
2023-07-17,4568.93917426405
2023-07-18,4594.092470917723
2023-07-19,4620.394599136534
2023-07-20,4612.654664436734
2023-07-21,4621.979945202247
2023-07-24,4647.280994214738
2023-07-25,4681.512828713519
2023-07-26,4673.972355942456
2023-07-27,4689.869185904847
2023-07-28,4707.488416313444
2023-07-31,4725.009626391003
2023-08-01,4721.079595042584
2023-08-02,4666.291275353657
2023-08-03,4647.964651531493
2023-08-04,4608.065126245312
2023-08-07,4637.247926511884
2023-08-08,4632.70974870665
2023-08-09,4604.07718604012
2023-08-10,4600.829072030862
2023-08-11,4600.128397290391
2023-08-14,4626.666800283744
2023-08-15,4571.037388126751
2023-08-16,4549.687824994549
2023-08-17,4522.785914808207
2023-08-18,4519.78045532514
2023-08-21,4527.619764496787
2023-08-22,4545.531360792759
2023-08-23,4588.729085117069
2023-08-24,4554.821987094127
2023-08-25,4585.682895847681
2023-08-28,4608.076596437631
2023-08-29,4658.314930541747
2023-08-30,4639.672957736002
2023-08-31,4662.130447513612
2023-09-01,4691.73054553683
2023-09-04,4707.203877646493
2023-09-05,4708.451092084427
2023-09-06,4682.880003882688
2023-09-07,4666.71495556814
2023-09-08,4663.853692770806
2023-09-11,4679.969305026836
2023-09-12,4675.392887521263
2023-09-13,4662.862055889738
2023-09-14,4737.322288662124
2023-09-15,4708.423021799446
2023-09-18,4691.417378776899
2023-09-19,4676.974120220181
2023-09-20,4642.573004623466
2023-09-21,4590.135128653624
2023-09-22,4586.113926048944
2023-09-25,4617.374332618172
2023-09-26,4559.854659087666
2023-09-27,4588.204062450444
2023-09-28,4588.083627977923
2023-09-29,4578.566424001083
2023-10-02,4591.9911412594765
2023-10-03,4537.0788211426225
2023-10-04,4537.059559963142
2023-10-05,4531.5265633350145
2023-10-06,4571.799296426813
2023-10-09,4586.2015373011645
2023-10-10,4611.663778767601
2023-10-11,4621.555099547604
2023-10-12,4628.756755043628
2023-10-13,4612.980539689331
2023-10-16,4623.771340574231
2023-10-17,4622.316469383978
2023-10-18,4580.222898067297
2023-10-19,4520.933960359495
2023-10-20,4462.884719180422
2023-10-23,4432.534187904628
2023-10-24,4469.050770016282
2023-10-25,4430.867409596617
2023-10-26,4403.597594370248
2023-10-27,4380.302926625379
2023-10-30,4399.606132248915
2023-10-31,4433.544838337959
2023-11-01,4487.282357265156
2023-11-02,4540.772231864723
2023-11-03,4549.669140969558
2023-11-06,4560.124854168159
2023-11-07,4576.5938390373485
2023-11-08,4565.108958503003
2023-11-09,4547.488045605726
2023-11-10,4591.844528766494
2023-11-13,4590.273990950642
2023-11-14,4621.98387504238
2023-11-15,4639.9700534016165
2023-11-16,4627.478811178657
2023-11-17,4640.901043599824
2023-11-20,4650.388389725016
2023-11-21,4645.060582635705
2023-11-22,4679.088652437256
2023-11-23,4668.460110547257
2023-11-24,4662.518737432658
2023-11-27,4654.568278718769
2023-11-28,4643.919329809898
2023-11-29,4649.9419186200585
2023-11-30,4692.109649639111
2023-12-01,4752.472369218171
2023-12-04,4745.083512308775
2023-12-05,4737.026784899975
2023-12-06,4743.34744180908
2023-12-07,4767.191500076725
2023-12-08,4790.194445298117
2023-12-11,4811.991103406249
2023-12-12,4810.494128088147
2023-12-13,4855.041916370485
2023-12-14,4824.966126362099
2023-12-15,4857.711243096224
2023-12-18,4861.615441407376
2023-12-19,4864.159820305211
2023-12-20,4825.874559083211
2023-12-21,4852.969700828459
2023-12-22,4852.5856570752785
2023-12-25,4853.143302121283
2023-12-26,4865.125208742523
2023-12-27,4855.670410480256
2023-12-28,4865.77624604387
2023-12-29,4877.5699113488345
2024-01-01,4878.342496460557
2024-01-02,4886.8935656784815
2024-01-03,4849.949557593718
2024-01-04,4827.321283611867
2024-01-05,4824.492670136253
2024-01-08,4870.966154826373
2024-01-09,4882.900875611762
2024-01-10,4877.626565166641
2024-01-11,4882.627941198154
2024-01-12,4889.573058035546
2024-01-15,4891.002545298743
2024-01-16,4887.416283597917
2024-01-17,4851.53316623969
2024-01-18,4882.793701865802
2024-01-19,4916.382422375163
2024-01-22,4936.020289331189
2024-01-23,4963.007679216837
2024-01-24,4953.325410621347
2024-01-25,5001.35910900861
2024-01-26,4990.744570236042
2024-01-29,5052.360502381034
2024-01-30,5029.116969404935
2024-01-31,4971.167136602513
2024-02-01,5018.727823521262
2024-02-02,5058.975099229404
2024-02-05,5068.705606852799
2024-02-06,5085.563551900615
2024-02-07,5106.9520813216395
2024-02-08,5107.14856162387
2024-02-09,5117.168382746022
2024-02-12,5130.511077703304
2024-02-13,5091.844831332657
2024-02-14,5129.410671004215
2024-02-15,5153.071129502176
2024-02-16,5146.735101965899
2024-02-19,5151.472086190695
2024-02-20,5107.1679268390935
2024-02-21,5112.698519833326
2024-02-22,5191.412909970728
2024-02-23,5191.724082224505
2024-02-26,5166.279209488248
2024-02-27,5180.871023502305
2024-02-28,5169.606574195482
2024-02-29,5198.546407306388
2024-03-01,5231.417043937778
2024-03-04,5217.942731311674
2024-03-05,5176.504876142246
2024-03-06,5190.799019060756
2024-03-07,5229.395840765144
2024-03-08,5205.206784614697
2024-03-11,5201.626807823837
