Date,ACWI ex PORTUGAL IMI
2015-12-11,2314.622401385094
2015-12-14,2299.1130731478606
2015-12-15,2342.0692584612916
2015-12-16,2368.373374424391
2015-12-17,2378.0377825931714
2015-12-18,2347.1646296173312
2015-12-21,2338.685974490716
2015-12-22,2343.4539190101177
2015-12-23,2391.7166565286147
2015-12-24,2378.2347254785386
2015-12-25,2377.466973773384
2015-12-28,2370.0918387535476
2015-12-29,2404.5831000097196
2015-12-30,2389.459258930912
2015-12-31,2384.02059733144
2016-01-01,2384.080790580831
2016-01-04,2348.4112163529185
2016-01-05,2366.287516287406
2016-01-06,2330.945664498049
2016-01-07,2262.85773448463
2016-01-08,2228.8139070861052
2016-01-11,2228.417830341497
2016-01-12,2237.7165273372793
2016-01-13,2211.5118066369146
2016-01-14,2216.612659002722
2016-01-15,2154.8526958212547
2016-01-18,2158.8503474269883
2016-01-19,2163.9252889057066
2016-01-20,2122.984863039342
2016-01-21,2142.763855991307
2016-01-22,2199.6319078430593
2016-01-25,2179.416665566628
2016-01-26,2193.590220821372
2016-01-27,2185.456402885957
2016-01-28,2174.895621160294
2016-01-29,2243.382671522404
2016-02-01,2234.828343131765
2016-02-02,2194.3581148640733
2016-02-03,2165.7221936625956
2016-02-04,2157.624445789705
2016-02-05,2130.4868371350112
2016-02-08,2095.5549865397556
2016-02-09,2051.294970917739
2016-02-10,2070.578264746685
2016-02-11,2017.6966967509463
2016-02-12,2055.282201069372
2016-02-15,2100.122442800147
2016-02-16,2122.5096838959194
2016-02-17,2156.64349609126
2016-02-18,2166.812432047843
2016-02-19,2158.1544242293767
2016-02-22,2200.913295777372
2016-02-23,2179.400119223985
2016-02-24,2171.525516509095
2016-02-25,2193.583089800559
2016-02-26,2217.9598400250716
2016-02-29,2222.520280991023
2016-03-01,2263.0086277552664
2016-03-02,2291.6543431254076
2016-03-03,2287.8236102936894
2016-03-04,2288.7361699599815
2016-03-07,2295.7895425406628
2016-03-08,2259.624116081883
2016-03-09,2274.193441140923
2016-03-10,2245.634988001887
2016-03-11,2282.9880595082063
2016-03-14,2296.1570995836346
2016-03-15,2279.904689641095
2016-03-16,2291.7025810376354
2016-03-17,2278.080428646259
2016-03-18,2290.0207066215435
2016-03-21,2294.591308189957
2016-03-22,2302.049052567533
2016-03-23,2293.0504403173154
2016-03-24,2283.055951312065
2016-03-25,2284.3650519737826
2016-03-28,2279.091376706122
2016-03-29,2299.717683411339
2016-03-30,2291.5458165045898
2016-03-31,2279.3744999606724
2016-04-01,2276.977094714756
2016-04-04,2270.0930931514054
2016-04-05,2240.352443555928
2016-04-06,2258.3267380910793
2016-04-07,2243.0354634401997
2016-04-08,2253.4598785102085
2016-04-11,2249.0803235222447
2016-04-12,2278.8611538512046
2016-04-13,2329.15091580511
2016-04-14,2340.4964080692434
2016-04-15,2332.281304527042
2016-04-18,2331.298296964769
2016-04-19,2345.6992296688904
2016-04-20,2355.8004515990096
2016-04-21,2360.036867178768
2016-04-22,2364.102625693261
2016-04-25,2352.0707645040998
2016-04-26,2349.859837348821
2016-04-27,2351.052658351352
2016-04-28,2340.1782909489602
2016-04-29,2303.664738206927
2016-05-02,2296.5314423161626
2016-05-03,2270.646557879966
2016-05-04,2256.0681584524655
2016-05-05,2270.319733396022
2016-05-06,2267.8952371068817
2016-05-09,2271.125264635283
2016-05-10,2297.018419785905
2016-05-11,2279.5110346921106
2016-05-12,2280.898317354204
2016-05-13,2282.108205816995
2016-05-16,2291.9856500981487
2016-05-17,2284.1530453269506
2016-05-18,2292.874147949421
2016-05-19,2288.2039062154636
2016-05-20,2304.3860813796723
2016-05-23,2304.326444486293
2016-05-24,2335.9121213395847
2016-05-25,2360.647166891349
2016-05-26,2357.251657365384
2016-05-27,2375.825816098226
2016-05-30,2375.2031124151604
2016-05-31,2374.964686343554
2016-06-01,2365.3676633513282
2016-06-02,2370.9556507514753
2016-06-03,2343.0936214635612
2016-06-06,2348.608997764535
2016-06-07,2364.884446894196
2016-06-08,2365.8601910626703
2016-06-09,2365.7222306906324
2016-06-10,2337.559269245043
2016-06-13,2307.395665413664
2016-06-14,2304.637626774492
2016-06-15,2305.801605717576
2016-06-16,2313.070652305849
2016-06-17,2304.3720795009363
2016-06-20,2327.085579121755
2016-06-21,2346.7615463906045
2016-06-22,2344.0354902398785
2016-06-23,2361.940740343776
2016-06-24,2297.035710172975
2016-06-27,2272.881644525819
2016-06-28,2296.5400279478804
2016-06-29,2336.1216724737774
2016-06-30,2362.903818180029
2016-07-01,2369.4614115754957
2016-07-04,2370.349279575104
2016-07-05,2352.1989544900157
2016-07-06,2351.361286622172
2016-07-07,2358.0320664146784
2016-07-08,2391.101333046938
2016-07-11,2412.809959109004
2016-07-12,2428.9255443041116
2016-07-13,2426.4605918688894
2016-07-14,2439.4482307175904
2016-07-15,2443.83654553874
2016-07-18,2450.133222044826
2016-07-19,2454.9747244584646
2016-07-20,2467.6515139990665
2016-07-21,2467.9198741709183
2016-07-22,2474.2551286455528
2016-07-25,2471.286901337119
2016-07-26,2473.163346387599
2016-07-27,2474.049182578015
2016-07-28,2455.7003839334284
2016-07-29,2451.9947404977925
2016-08-01,2451.4088163324445
2016-08-02,2423.921057144867
2016-08-03,2429.2305037538463
2016-08-04,2444.9421643282076
2016-08-05,2474.4443097977655
2016-08-08,2480.57550635439
2016-08-09,2484.365061628645
2016-08-10,2472.8551843454093
2016-08-11,2481.7481008388518
2016-08-12,2483.485928751745
2016-08-15,2486.360025198974
2016-08-16,2461.451543619428
2016-08-17,2456.4236107272072
2016-08-18,2455.0188028514617
2016-08-19,2448.065281808494
2016-08-22,2446.598381845567
2016-08-23,2457.190823769983
2016-08-24,2460.4780845304963
2016-08-25,2449.554421564679
2016-08-26,2449.258091507513
2016-08-29,2471.999322232322
2016-08-30,2473.8852207029754
2016-08-31,2470.167351078023
2016-09-01,2462.9413325633946
2016-09-02,2486.5828076009043
2016-09-05,2497.082740307612
2016-09-06,2491.7508211455547
2016-09-07,2495.148234570016
2016-09-08,2484.9076199481256
2016-09-09,2446.098298947589
2016-09-12,2447.9437745548216
2016-09-13,2415.4960984509003
2016-09-14,2411.106646508568
2016-09-15,2429.060209019025
2016-09-16,2435.709749831133
2016-09-19,2444.2793906301404
2016-09-20,2446.738893991651
2016-09-21,2479.8621464060006
2016-09-22,2486.8068013683
2016-09-23,2476.922901075596
2016-09-26,2444.7438533187137
2016-09-27,2467.7307813965067
2016-09-28,2479.2952512507136
2016-09-29,2462.9854826607766
2016-09-30,2465.972077834656
2016-10-03,2469.301893815934
2016-10-04,2476.7091003605765
2016-10-05,2472.098633227075
2016-10-06,2475.7659706822733
2016-10-07,2464.778147548341
2016-10-10,2479.431971801872
2016-10-11,2472.6357169127546
2016-10-12,2476.0072643358008
2016-10-13,2460.727880691376
2016-10-14,2473.1553305697694
2016-10-17,2467.6458064529647
2016-10-18,2493.151189258089
2016-10-19,2504.1344050439357
2016-10-20,2509.7728850909257
2016-10-21,2517.876725173653
2016-10-24,2523.4168696291554
2016-10-25,2521.508780819285
2016-10-26,2503.2056012470744
2016-10-27,2492.7243035895053
2016-10-28,2485.5251281304036
2016-10-31,2479.1070999679164
2016-11-01,2450.884717812203
2016-11-02,2415.7273620984797
2016-11-03,2412.8876616719185
2016-11-04,2397.2663424095826
2016-11-07,2453.2317763731216
2016-11-08,2460.433864212777
2016-11-09,2483.7994098144727
2016-11-10,2506.747156909099
2016-11-11,2501.037099993558
2016-11-14,2525.5705859195314
2016-11-15,2537.420737735749
2016-11-16,2548.2248044196986
2016-11-17,2559.7064659369703
2016-11-18,2571.475529117805
2016-11-21,2577.682593780772
2016-11-22,2593.734387014043
2016-11-23,2603.648017459046
2016-11-24,2599.3568529625913
2016-11-25,2600.408632876086
2016-11-28,2596.5113673494084
2016-11-29,2589.701160246209
2016-11-30,2589.8358033572817
2016-12-01,2582.7528710215906
2016-12-02,2569.6399557861064
2016-12-05,2568.0144649014765
2016-12-06,2582.16169897098
2016-12-07,2604.1484557569347
2016-12-08,2652.488746202888
2016-12-09,2679.1855822060897
2016-12-12,2658.038045825084
2016-12-13,2668.7921362646644
2016-12-14,2649.8026653884604
2016-12-15,2693.3300583294517
2016-12-16,2694.6666316985447
2016-12-19,2692.327847497735
2016-12-20,2711.7794953245802
2016-12-21,2695.4656256592057
2016-12-22,2682.7002336839855
2016-12-23,2683.905723928146
2016-12-26,2683.3018883130267
2016-12-27,2688.2985993368607
2016-12-28,2694.1653885265628
2016-12-29,2676.188362590182
2016-12-30,2660.764056701221
2017-01-02,2663.350183787928
2017-01-03,2713.651152054702
2017-01-04,2714.9980748192047
2017-01-05,2696.688406694033
2017-01-06,2702.1531078532917
2017-01-09,2697.7138688820037
2017-01-10,2695.862375135495
2017-01-11,2725.8259070469794
2017-01-12,2688.086218839583
2017-01-13,2702.119430802295
2017-01-16,2699.1604650300587
2017-01-17,2676.1775782016753
2017-01-18,2681.5460247743504
2017-01-19,2687.2893413405473
2017-01-20,2679.278249846646
2017-01-23,2663.9957256592743
2017-01-24,2677.6973169525922
2017-01-25,2702.1110260604974
2017-01-26,2718.656591131155
2017-01-27,2708.073370120906
2017-01-30,2695.214002421666
2017-01-31,2667.2720143762945
2017-02-01,2681.970970077471
2017-02-02,2673.293432631109
2017-02-03,2693.8343284200155
2017-02-06,2697.082449480391
2017-02-07,2707.830384833126
2017-02-08,2710.4550279179616
2017-02-09,2730.7487357929926
2017-02-10,2753.226369801851
2017-02-13,2770.9972009990533
2017-02-14,2782.642257837691
2017-02-15,2795.7134815827994
2017-02-16,2775.8403054257915
2017-02-17,2784.273442253513
2017-02-20,2788.4787127496575
2017-02-21,2820.46554628219
2017-02-22,2818.5873705840604
2017-02-23,2809.7231044198925
2017-02-24,2807.342172970414
2017-02-27,2797.5849956780644
2017-02-28,2787.495449620472
2017-03-01,2831.032412626852
2017-03-02,2827.1410082842867
2017-03-03,2815.686400562601
2017-03-06,2802.4329942819527
2017-03-07,2800.2996247357205
2017-03-08,2797.8882934897456
2017-03-09,2788.2738515462984
2017-03-10,2783.050947370104
2017-03-13,2790.005332188357
2017-03-14,2787.0094068003546
2017-03-15,2808.334894223569
2017-03-16,2801.2199982964794
2017-03-17,2800.392300702861
2017-03-20,2795.781153891868
2017-03-21,2760.806706645606
2017-03-22,2755.613064438144
2017-03-23,2764.049848420875
2017-03-24,2761.18821655558
2017-03-27,2739.2981391729395
2017-03-28,2763.3287653082816
2017-03-29,2793.518960075784
2017-03-30,2802.0225317505965
2017-03-31,2802.0794971439564
2017-04-03,2808.1569850521205
2017-04-04,2806.590105516696
2017-04-05,2801.6391653273818
2017-04-06,2803.8679921886574
2017-04-07,2812.9545777944636
2017-04-10,2819.254255470506
2017-04-11,2813.4448117909424
2017-04-12,2808.9172739432925
2017-04-13,2795.622568884478
2017-04-14,2793.3260132430564
2017-04-17,2803.4005658648034
2017-04-18,2782.3144982975136
2017-04-19,2775.2096012965617
2017-04-20,2779.382122646554
2017-04-21,2794.872274387255
2017-04-24,2791.2234712756704
2017-04-25,2792.512205383159
2017-04-26,2806.778651769381
2017-04-27,2807.580499528397
2017-04-28,2796.381144444815
2017-05-01,2795.61422686045
2017-05-02,2807.0180324393405
2017-05-03,2799.6416442317336
2017-05-04,2792.0763407015884
2017-05-05,2794.8688362507355
2017-05-08,2812.263276067028
2017-05-09,2819.7271572134628
2017-05-10,2831.555496162362
2017-05-11,2827.3654220902854
2017-05-12,2815.0413480908232
2017-05-15,2815.39699474775
2017-05-16,2796.915736248083
2017-05-17,2748.3232127591505
2017-05-18,2745.4699771838846
2017-05-19,2748.8578684805398
2017-05-22,2751.667348870331
2017-05-23,2759.0216816785955
2017-05-24,2772.039027344644
2017-05-25,2775.8292685483448
2017-05-26,2780.813187331065
2017-05-29,2781.289927484381
2017-05-30,2777.514813314766
2017-05-31,2761.8897596048782
2017-06-01,2784.538322079916
2017-06-02,2789.97274168348
2017-06-05,2791.5291612181554
2017-06-06,2780.7850375431262
2017-06-07,2783.0455945623435
2017-06-08,2792.308446173758
2017-06-09,2800.1086946745145
2017-06-12,2787.5420198307165
2017-06-13,2800.8379464093846
2017-06-14,2786.181579928586
2017-06-15,2796.260972738339
2017-06-16,2792.4686480346704
2017-06-19,2819.814684143758
2017-06-20,2810.4842489155903
2017-06-21,2802.0384998314266
2017-06-22,2801.9270973473367
2017-06-23,2797.834902124972
2017-06-26,2803.3391010767614
2017-06-27,2768.5716196979297
2017-06-28,2767.5870020846137
2017-06-29,2738.4104581464794
2017-06-30,2739.169750875586
2017-07-03,2754.796653923212
2017-07-04,2754.259627956112
2017-07-05,2761.8603017703886
2017-07-06,2728.0281161772523
2017-07-07,2736.2596149693386
2017-07-10,2742.848644308327
2017-07-11,2736.8475538744738
2017-07-12,2761.8504344905905
2017-07-13,2774.2832610321416
2017-07-14,2779.7572208920988
2017-07-17,2776.8212996627153
2017-07-18,2752.250073733753
2017-07-19,2781.7604367260437
2017-07-20,2759.7050226621955
2017-07-21,2748.7500715239125
2017-07-24,2749.160229886751
2017-07-25,2751.74923882623
2017-07-26,2759.9810532375764
2017-07-27,2755.3692460460893
2017-07-28,2730.618244336906
2017-07-31,2722.486914395345
2017-08-01,2729.717790705638
2017-08-02,2717.8478950482595
2017-08-03,2709.1669126263305
2017-08-04,2738.7277807281953
2017-08-07,2735.7846215506215
2017-08-08,2744.1523628713567
2017-08-09,2733.197775489529
2017-08-10,2702.3726786676384
2017-08-11,2686.1612470166724
2017-08-14,2709.5214693836465
2017-08-15,2719.0779055847647
2017-08-16,2731.319775509179
2017-08-17,2702.2830891736257
2017-08-18,2692.545677292584
2017-08-21,2680.691046639891
2017-08-22,2710.906717383067
2017-08-23,2697.1908305284
2017-08-24,2698.9066705804084
2017-08-25,2691.01296093011
2017-08-28,2674.8139790803684
2017-08-29,2656.7363920261755
2017-08-30,2687.110847255861
2017-08-31,2709.326863104664
2017-09-01,2721.0807890089627
2017-09-04,2708.1057661589984
2017-09-05,2695.735884244926
2017-09-06,2697.174050334941
2017-09-07,2690.6833032804525
2017-09-08,2688.374314644313
2017-09-11,2719.5215553560674
2017-09-12,2735.2200198539567
2017-09-13,2741.1431930866324
2017-09-14,2748.153732184961
2017-09-15,2733.8531155671476
2017-09-18,2742.937341785714
2017-09-19,2742.822809441509
2017-09-20,2743.464449688394
2017-09-21,2749.050396216087
2017-09-22,2742.2095131937976
2017-09-25,2755.1153601179967
2017-09-26,2769.881910124867
2017-09-27,2786.381715034284
2017-09-28,2778.7837031780473
2017-09-29,2783.0675625415415
2017-10-02,2810.0715545270473
2017-10-03,2815.6156930288726
2017-10-04,2816.7410973399287
2017-10-05,2834.440870544122
2017-10-06,2827.7046088819466
2017-10-09,2824.2901153242733
2017-10-10,2819.61642555993
2017-10-11,2817.8817963588995
2017-10-12,2818.224250892122
2017-10-13,2827.324183286505
2017-10-16,2840.230461487684
2017-10-17,2845.100004691161
2017-10-18,2843.65883179179
2017-10-19,2825.207928327211
2017-10-20,2844.8947034628186
2017-10-23,2846.974999719477
2017-10-24,2844.205997267506
2017-10-25,2823.227493934444
2017-10-26,2850.2709466734586
2017-10-27,2891.324834456414
2017-10-30,2881.4505583744353
2017-10-31,2881.4453863778035
2017-11-01,2896.9373686957592
2017-11-02,2885.0737224597333
2017-11-03,2901.1823593004656
2017-11-06,2912.7058543200305
2017-11-07,2914.047554113546
2017-11-08,2916.702869364166
2017-11-09,2895.850168991651
2017-11-10,2883.272199640907
2017-11-13,2875.2835104420974
2017-11-14,2847.7458679754905
2017-11-15,2820.9346537690158
2017-11-16,2852.1317878436366
2017-11-17,2851.0528485640225
2017-11-20,2863.4925583357767
2017-11-21,2888.3374006192726
2017-11-22,2879.0556850103085
2017-11-23,2868.613198102267
2017-11-24,2853.784508964021
2017-11-27,2850.3550367363987
2017-11-28,2876.5437892051714
2017-11-29,2879.866442689612
2017-11-30,2870.5059438844523
2017-12-01,2872.8439291418285
2017-12-04,2878.8212644703267
2017-12-05,2873.3579556665077
2017-12-06,2870.814530755138
2017-12-07,2878.0702680535655
2017-12-08,2902.1296939172253
2017-12-11,2902.739599645231
2017-12-12,2918.489079415102
2017-12-13,2915.517657836048
2017-12-14,2903.304783304206
2017-12-15,2915.809541091573
2017-12-18,2931.6787004059324
2017-12-19,2923.088296965752
2017-12-20,2905.786169483209
2017-12-21,2918.595541691234
2017-12-22,2925.920410451466
2017-12-25,2926.3365475754867
2017-12-26,2917.878185349586
2017-12-27,2918.8967331900144
2017-12-28,2916.304648988324
2017-12-29,2896.823630414232
2018-01-01,2896.640332321567
2018-01-02,2909.0761583529443
2018-01-03,2926.9448167644196
2018-01-04,2936.53582524157
2018-01-05,2964.3974031305283
2018-01-08,2982.847888782306
2018-01-09,2998.423623266493
2018-01-10,2983.7807666903777
2018-01-11,2980.7338746668374
2018-01-12,2974.7404071005885
2018-01-15,2955.2577036953458
2018-01-16,2959.5127152762884
2018-01-17,2971.066891690244
2018-01-18,2968.3147981254338
2018-01-19,2987.5268763890936
2018-01-22,2998.573233162846
2018-01-23,3003.3874487591715
2018-01-24,2986.3320536467154
2018-01-25,2961.2862121034477
2018-01-26,2995.9223333497794
2018-01-29,2995.8630647460377
2018-01-30,2953.3085838516777
2018-01-31,2942.8430472667796
2018-02-01,2938.816484814851
2018-02-02,2893.9166081858075
2018-02-05,2812.911912706017
2018-02-06,2812.884034843696
2018-02-07,2827.5676519958365
2018-02-08,2768.702778041217
2018-02-09,2771.0134383504865
2018-02-12,2796.7278177662774
2018-02-13,2787.3767388404463
2018-02-14,2812.3725126293166
2018-02-15,2830.12933893339
2018-02-16,2845.5630242575826
2018-02-19,2856.364008845353
2018-02-20,2855.9332646497032
2018-02-21,2856.866269586776
2018-02-22,2853.082513804019
2018-02-23,2890.317745482622
2018-02-26,2915.0860094183527
2018-02-27,2901.4060212621202
2018-02-28,2880.3528484899125
2018-03-01,2852.325746527386
2018-03-02,2820.723962051431
2018-03-05,2834.093894416484
2018-03-06,2837.8038465112154
2018-03-07,2834.929163663028
2018-03-08,2864.315213540923
2018-03-09,2897.720186201223
2018-03-12,2908.803637145276
2018-03-13,2880.194883277667
2018-03-14,2876.2510596954608
2018-03-15,2883.188641639429
2018-03-16,2892.826956993554
2018-03-19,2851.7443850001855
2018-03-20,2867.3522505518567
2018-03-21,2867.673201259573
2018-03-22,2812.8415661495756
2018-03-23,2751.6923036895873
2018-03-26,2773.5183014990803
2018-03-27,2769.6742565888085
2018-03-28,2765.96700560606
2018-03-29,2800.806486091093
2018-03-30,2803.0321327875586
2018-04-02,2766.7961986480327
2018-04-03,2787.3074599365077
2018-04-04,2792.2298751175344
2018-04-05,2834.3448794926953
2018-04-06,2794.0136465172095
2018-04-09,2792.7107807486154
2018-04-10,2821.4958089933357
2018-04-11,2806.4089592626715
2018-04-12,2831.741028570142
2018-04-13,2825.9280096002135
2018-04-16,2828.672798143382
2018-04-17,2853.2426960617486
2018-04-18,2858.2045453939068
2018-04-19,2854.6103042224536
2018-04-20,2851.1662471271084
2018-04-23,2858.4429223052043
2018-04-24,2840.863577544451
2018-04-25,2840.643572626225
2018-04-26,2873.96204953194
2018-04-27,2884.3011699765016
2018-04-30,2879.9024921647206
2018-05-01,2898.471897369672
2018-05-02,2896.9144740163465
2018-05-03,2888.3193762816168
2018-05-04,2915.291878890054
2018-05-07,2930.6418513539775
2018-05-08,2944.7418391459887
2018-05-09,2962.768247613229
2018-05-10,2977.292627139885
2018-05-11,2974.8085995906017
2018-05-14,2974.427469557233
2018-05-15,2976.92993221314
2018-05-16,3002.1346274794623
2018-05-17,3002.624107653538
2018-05-18,3001.7203575590906
2018-05-21,3018.85941433581
2018-05-22,3011.9127069771657
2018-05-23,3019.9517391542263
2018-05-24,3010.1699010554407
2018-05-25,3020.4925067452937
2018-05-28,3025.1309222856507
2018-05-29,3008.209180784234
2018-05-30,3014.3418794463696
2018-05-31,2992.5961070408716
2018-06-01,3017.4067708500115
2018-06-04,3029.9887431140173
2018-06-05,3034.466217503217
2018-06-06,3028.719353433313
2018-06-07,3018.591214741457
2018-06-08,3030.0741822084183
2018-06-11,3028.9678510737017
2018-06-12,3036.8678144035575
2018-06-13,3032.204493566554
2018-06-14,3064.0614849909985
2018-06-15,3058.214272868163
2018-06-18,3047.6695136104663
2018-06-19,3036.254002388572
2018-06-20,3044.2176021366536
2018-06-21,3017.283486941447
2018-06-22,3022.3380753803826
2018-06-25,2968.3483552107173
2018-06-26,2976.5768165289683
2018-06-27,2973.08568811877
2018-06-28,2979.5701130320153
2018-06-29,2973.969934946117
2018-07-02,2978.939745499194
2018-07-03,2968.6401658354353
2018-07-04,2969.566888593013
2018-07-05,2971.70159326984
2018-07-06,2982.0175626270316
2018-07-09,3008.514628452518
2018-07-10,3023.5850509254815
2018-07-11,2996.6926097749647
2018-07-12,3023.766757934138
2018-07-13,3034.127173408189
2018-07-16,3019.332620253304
2018-07-17,3033.0950483188203
2018-07-18,3048.1413090950628
2018-07-19,3045.543459427508
2018-07-20,3028.3728069865056
2018-07-23,3028.781357750796
2018-07-24,3043.7410998013584
2018-07-25,3067.3589416300433
2018-07-26,3073.643889955632
2018-07-27,3067.4810256226906
2018-07-30,3041.210260869318
2018-07-31,3049.8120985285686
2018-08-01,3053.1153084256157
2018-08-02,3061.809557950085
2018-08-03,3078.0247367917077
2018-08-06,3088.6267785174196
2018-08-07,3093.8242859913134
2018-08-08,3089.6377566309066
2018-08-09,3096.584459980939
2018-08-10,3100.244148694567
2018-08-13,3081.381252418405
2018-08-14,3106.96398798975
2018-08-15,3089.2090953975703
2018-08-16,3087.0225059370587
2018-08-17,3092.415630168569
2018-08-20,3098.565983271394
2018-08-21,3089.3786982224433
2018-08-22,3076.241335071804
2018-08-23,3073.5686334589145
2018-08-24,3075.781433464252
2018-08-27,3092.670842293316
2018-08-28,3085.1187846065013
2018-08-29,3100.446091405795
2018-08-30,3095.6487342349174
2018-08-31,3095.2389559140647
2018-09-03,3091.5643440229696
2018-09-04,3094.8742553176294
2018-09-05,3058.406198636294
2018-09-06,3044.8595350689357
2018-09-07,3050.6456685806747
2018-09-10,3047.9394182988913
2018-09-11,3056.407193867698
2018-09-12,3052.6036257027054
2018-09-13,3055.2114258132483
2018-09-14,3066.798857864139
2018-09-17,3048.752088538608
2018-09-18,3061.7481695699926
2018-09-19,3078.516692952862
2018-09-20,3080.8497975134237
2018-09-21,3087.180454772214
2018-09-24,3068.085068887327
2018-09-25,3071.2213370984373
2018-09-26,3076.359406016502
2018-09-27,3094.825903582046
2018-09-28,3105.5428625593972
2018-10-01,3115.7212220312795
2018-10-02,3111.9737329206732
2018-10-03,3118.1902595625443
2018-10-04,3091.064471244427
2018-10-05,3071.8510019275764
2018-10-08,3069.5464124139826
2018-10-09,3062.124642454248
2018-10-10,2981.304851495996
2018-10-11,2909.00139305493
2018-10-12,2938.456482906639
2018-10-15,2920.39892502775
2018-10-16,2972.832691055138
2018-10-17,2983.4529363669817
2018-10-18,2957.574375406585
2018-10-19,2950.6027025586986
2018-10-22,2949.5149151569144
2018-10-23,2918.6143261869406
2018-10-24,2873.9848142266283
2018-10-25,2898.151465382011
2018-10-26,2867.046759662516
2018-10-29,2852.710070215769
2018-10-30,2888.2722073542286
2018-10-31,2934.504206060237
2018-11-01,2949.5637562537254
2018-11-02,2959.19585282675
2018-11-05,2955.851381791005
2018-11-06,2964.1457234895415
2018-11-07,2994.584103593597
2018-11-08,3003.1952211547878
2018-11-09,2991.1788842743304
2018-11-12,2969.720563993404
2018-11-13,2958.623165665346
2018-11-14,2937.5487679305675
2018-11-15,2953.838476091429
2018-11-16,2943.0242089802528
2018-11-19,2899.7437567000056
2018-11-20,2863.440596749254
2018-11-21,2880.1864391602735
2018-11-22,2877.095010734262
2018-11-23,2880.5648032706363
2018-11-26,2914.3641388439646
2018-11-27,2927.4599623751587
2018-11-28,2973.833123116335
2018-11-29,2954.2520694481946
2018-11-30,2978.1400022417447
2018-12-03,3011.1523469242525
2018-12-04,2943.256447382158
2018-12-05,2931.381779338016
2018-12-06,2890.8015165893275
2018-12-07,2857.5866158696326
2018-12-10,2836.650240560268
2018-12-11,2851.9294261299533
2018-12-12,2874.3999140092433
2018-12-13,2877.121683300776
2018-12-14,2844.952937776202
2018-12-17,2796.5318506860817
2018-12-18,2780.587923331713
2018-12-19,2747.9207796919486
2018-12-20,2707.884453650099
2018-12-21,2671.445003580601
2018-12-24,2630.4045000665387
2018-12-25,2619.1867696273184
2018-12-26,2691.516882557889
2018-12-27,2709.1116355388363
2018-12-28,2717.054801277944
2018-12-31,2736.249473800655
2019-01-01,2736.403775480926
2019-01-02,2748.4843889394624
2019-01-03,2703.5658756262974
2019-01-04,2769.1530750853217
2019-01-07,2783.6998722189387
2019-01-08,2809.620214154298
2019-01-09,2819.3595534249484
2019-01-10,2827.029426027459
2019-01-11,2838.306710020143
2019-01-14,2826.294566612734
2019-01-15,2857.901015692932
2019-01-16,2873.636636245704
2019-01-17,2889.3045154461684
2019-01-18,2927.4806756754874
2019-01-21,2928.098584940521
2019-01-22,2899.5199662238365
2019-01-23,2895.1457003378905
2019-01-24,2909.7104265033336
2019-01-25,2927.2587593513226
2019-01-28,2901.053916649158
2019-01-29,2907.552985205065
2019-01-30,2933.0581018832777
2019-01-31,2947.846818196027
2019-02-01,2951.1372139647697
2019-02-04,2972.372542707815
2019-02-05,2994.7941247429303
2019-02-06,2997.1024841701183
2019-02-07,2975.152695283868
2019-02-08,2972.200178647647
2019-02-11,2988.160176209678
2019-02-12,3014.8175071665655
2019-02-13,3028.561934964434
2019-02-14,3026.032797989424
2019-02-15,3051.401624137708
2019-02-18,3050.0963835847706
2019-02-19,3047.4187757032137
2019-02-20,3058.0065753738013
2019-02-21,3051.5609391111825
2019-02-22,3069.193973419909
2019-02-25,3076.329152611229
2019-02-26,3071.434045826957
2019-02-27,3065.3047181109564
2019-02-28,3053.1715398816114
2019-03-01,3067.556199327369
2019-03-04,3078.591583949589
2019-03-05,3079.0529226704543
2019-03-06,3062.310053507121
2019-03-07,3060.020479254175
2019-03-08,3041.185544786367
2019-03-11,3078.7133998175673
2019-03-12,3079.911834132718
2019-03-13,3085.602078593193
2019-03-14,3087.137674102093
2019-03-15,3099.8321978981485
2019-03-18,3112.869438521455
2019-03-19,3113.4189198472836
2019-03-20,3099.6408440560213
2019-03-21,3118.629966384026
2019-03-22,3091.7010249886366
2019-03-25,3067.0709344339807
2019-03-26,3100.883746793815
2019-03-27,3097.906442323737
2019-03-28,3105.6582954415
2019-03-29,3128.239344560913
2019-04-01,3166.255998414428
2019-04-02,3174.711592318242
2019-04-03,3182.3497167124547
2019-04-04,3186.5918223305243
2019-04-05,3196.417781947676
2019-04-08,3190.0949280784544
2019-04-09,3175.058791033173
2019-04-10,3190.490052415024
2019-04-11,3181.308121322447
2019-04-12,3185.7221433870773
2019-04-15,3189.1626333605773
2019-04-16,3196.5784168865835
2019-04-17,3192.4293829036133
2019-04-18,3206.0415029088294
2019-04-19,3206.543689076141
2019-04-22,3202.7505550501023
2019-04-23,3234.7988430938144
2019-04-24,3228.324027959031
2019-04-25,3237.1525859979947
2019-04-26,3244.133961994658
2019-04-29,3247.5241652630375
2019-04-30,3237.9121572367617
2019-05-01,3216.9499284349145
2019-05-02,3222.521748319945
2019-05-03,3246.3478699319617
2019-05-06,3224.3716984413077
2019-05-07,3183.821586057532
2019-05-08,3172.2289591209574
2019-05-09,3141.2353881856193
2019-05-10,3148.569971351435
2019-05-13,3089.592843249496
2019-05-14,3114.641800048701
2019-05-15,3131.7011236426843
2019-05-16,3158.8400566445016
2019-05-17,3145.967492269256
2019-05-20,3128.0083750747513
2019-05-21,3143.429011123723
2019-05-22,3142.353069308964
2019-05-23,3106.51720719779
2019-05-24,3103.528273557754
2019-05-27,3109.7971357813744
2019-05-28,3099.795322563721
2019-05-29,3081.348784317882
2019-05-30,3090.69456816077
2019-05-31,3061.3498697470377
2019-06-03,3047.7373893268987
2019-06-04,3081.8300508379834
2019-06-05,3096.6094503637305
2019-06-06,3099.894406360031
2019-06-07,3115.1100985367466
2019-06-10,3137.3294281145486
2019-06-11,3146.437614575207
2019-06-12,3136.701834315414
2019-06-13,3153.2166803929185
2019-06-14,3155.131387309795
2019-06-17,3153.5688805202954
2019-06-18,3195.1781133346294
2019-06-19,3205.7605384129533
2019-06-20,3218.0238687076703
2019-06-21,3201.5465356766126
2019-06-24,3180.7161982074717
2019-06-25,3162.518560540942
2019-06-26,3158.08530905145
2019-06-27,3176.577113424321
2019-06-28,3188.30412415083
2019-07-01,3227.1868970203604
2019-07-02,3242.6880792994684
2019-07-03,3264.9207497046464
2019-07-04,3269.4813761231685
2019-07-05,3273.451109462185
2019-07-08,3255.414685595639
2019-07-09,3255.0877942923653
2019-07-10,3254.0220573781353
2019-07-11,3260.740016951927
2019-07-12,3269.967720634984
2019-07-15,3270.790231977649
2019-07-16,3275.2075681658225
2019-07-17,3259.6431774022676
2019-07-18,3260.708278232197
2019-07-19,3257.845162523105
2019-07-22,3259.79565228164
2019-07-23,3297.039593154282
2019-07-24,3312.214290498689
2019-07-25,3292.8423394794827
2019-07-26,3312.1639049748974
2019-07-29,3304.156404989872
2019-07-30,3291.545276628363
2019-07-31,3270.937941777287
2019-08-01,3268.519637015637
2019-08-02,3217.52963830306
2019-08-05,3113.9139110099236
2019-08-06,3128.7650591856373
2019-08-07,3126.9610179396145
2019-08-08,3179.9525862276596
2019-08-09,3162.8730587974974
2019-08-12,3132.064184537248
2019-08-13,3159.3747620800696
2019-08-14,3106.600320546748
2019-08-15,3112.4726755734778
2019-08-16,3151.078309376753
2019-08-19,3187.040671198273
2019-08-20,3174.428507589301
2019-08-21,3195.180055329678
2019-08-22,3191.7454511431697
2019-08-23,3134.5819356981565
2019-08-26,3141.390388567704
2019-08-27,3144.7706868676137
2019-08-28,3162.0908676284675
2019-08-29,3194.8103362383386
2019-08-30,3223.6402026877663
2019-09-02,3233.819498510838
2019-09-03,3217.801351343399
2019-09-04,3234.5884908765024
2019-09-05,3268.761560350959
2019-09-06,3274.724058071653
2019-09-09,3274.1334351263326
2019-09-10,3280.4766364063457
2019-09-11,3319.0751515395723
2019-09-12,3320.2157818324786
2019-09-13,3312.2687525495508
2019-09-16,3327.0399661231104
2019-09-17,3315.0694878423487
2019-09-18,3311.21275268095
2019-09-19,3315.142625692407
2019-09-20,3322.061170967243
2019-09-23,3320.0149690891476
2019-09-24,3301.970398485378
2019-09-25,3315.030032422156
2019-09-26,3318.764904584196
2019-09-27,3305.194430477187
2019-09-30,3324.5987223961492
2019-10-01,3289.583287244558
2019-10-02,3230.4677996489845
2019-10-03,3232.9600349163234
2019-10-04,3265.223781270341
2019-10-07,3257.3339302657764
2019-10-08,3232.059965234891
2019-10-09,3242.2912844704606
2019-10-10,3249.737168375032
2019-10-11,3288.707754206272
2019-10-14,3288.324346422194
2019-10-15,3313.8729803913716
2019-10-16,3310.4733534821853
2019-10-17,3303.067963292157
2019-10-18,3286.5169615975997
2019-10-21,3304.8572502647626
2019-10-22,3305.0151242038223
2019-10-23,3313.4633150871614
2019-10-24,3328.3330258680353
2019-10-25,3341.391499497458
2019-10-28,3355.1098102028864
2019-10-29,3350.662601439081
2019-10-30,3353.0422045973405
2019-10-31,3338.152424588115
2019-11-01,3362.508596126212
2019-11-04,3384.5593920484507
2019-11-05,3409.101488612108
2019-11-06,3409.844128081241
2019-11-07,3428.345178088149
2019-11-08,3435.7019405102606
2019-11-11,3424.597277647673
2019-11-12,3436.972591167261
2019-11-13,3430.646740346656
2019-11-14,3429.8104501483035
2019-11-15,3440.0213808744224
2019-11-18,3435.8051636611553
2019-11-19,3437.677604583809
2019-11-20,3427.3092217005687
2019-11-21,3414.6154564861745
2019-11-22,3433.951491942832
2019-11-25,3466.8290014104286
2019-11-26,3470.3884434637143
2019-11-27,3488.347556297384
2019-11-28,3484.379757427172
2019-11-29,3461.8677202008953
2019-12-02,3426.683406779861
2019-12-03,3405.3932169665954
2019-12-04,3421.1136630093747
2019-12-05,3426.5291115377454
2019-12-06,3466.0628557913165
2019-12-09,3455.6805831020256
2019-12-10,3445.386399636616
2019-12-11,3455.914415779072
2019-12-12,3469.3748341356645
2019-12-13,3483.002196534651
2019-12-16,3506.6964669610684
2019-12-17,3506.42858224661
2019-12-18,3513.6309212304823
2019-12-19,3525.681845711276
2019-12-20,3548.0229024087007
2019-12-23,3550.0791947355874
2019-12-24,3550.8743127966914
2019-12-25,3550.0547020338845
2019-12-26,3559.7580660652175
2019-12-27,3548.6302409003147
2019-12-30,3522.1471358446024
2019-12-31,3521.086016508892
2020-01-01,3521.1404124701567
2020-01-02,3554.79497370138
2020-01-03,3548.541264019487
2020-01-06,3536.92871370327
2020-01-07,3551.2416588697274
2020-01-08,3560.795458466299
2020-01-09,3589.6939743054368
2020-01-10,3584.7706143862797
2020-01-13,3596.087425052905
2020-01-14,3601.5603464332535
2020-01-15,3594.8683455409077
2020-01-16,3618.2856339485315
2020-01-17,3646.568649277375
2020-01-20,3649.9993211371243
2020-01-21,3629.5657679765495
2020-01-22,3640.616430175597
2020-01-23,3640.498784739777
2020-01-24,3631.2738124955904
2020-01-27,3577.4562936625143
2020-01-28,3601.7399828939456
2020-01-29,3601.543911961561
2020-01-30,3576.7923234329796
2020-01-31,3519.2641738085817
2020-02-03,3537.584175822477
2020-02-04,3595.2085863242696
2020-02-05,3638.320213411815
2020-02-06,3665.297404460952
2020-02-07,3648.6246501439346
2020-02-10,3671.082500877923
2020-02-11,3691.2188806908002
2020-02-12,3720.7437350770915
2020-02-13,3730.7292630895126
2020-02-14,3733.589949240896
2020-02-17,3738.0237402593084
2020-02-18,3723.1760352121487
2020-02-19,3750.3847617360225
2020-02-20,3730.1054336080056
2020-02-21,3685.9973939602132
2020-02-24,3576.923808063642
2020-02-25,3491.0089158399524
2020-02-26,3468.240153647543
2020-02-27,3318.686092094461
2020-02-28,3259.94226528266
2020-03-02,3311.4466293466894
2020-03-03,3261.766594371732
2020-03-04,3356.1559644963713
2020-03-05,3276.6573906764575
2020-03-06,3174.8511996897496
2020-03-09,2920.0728688923564
2020-03-10,3014.968962413226
2020-03-11,2919.375025854539
2020-03-12,2686.0052492706436
2020-03-13,2823.940044209047
2020-03-16,2546.91284013326
2020-03-17,2671.558658778275
2020-03-18,2560.8672572522937
2020-03-19,2605.526462698254
2020-03-20,2566.7541303128824
2020-03-23,2467.216724207714
2020-03-24,2664.9436522710753
2020-03-25,2730.7213031162264
2020-03-26,2807.7092157046686
2020-03-27,2733.9099508083996
2020-03-30,2793.7951138834555
2020-03-31,2793.812242132296
2020-04-01,2700.5179027884083
2020-04-02,2745.7159692776468
2020-04-03,2721.9095308635815
2020-04-06,2875.9937739668158
2020-04-07,2880.984427377043
2020-04-08,2947.81910274259
2020-04-09,2978.810977868812
2020-04-10,2981.1266828371417
2020-04-13,2966.680867708083
2020-04-14,3018.343855605508
2020-04-15,2967.0973596594617
2020-04-16,2985.8048525957397
2020-04-17,3054.3057389831984
2020-04-20,3025.829721519503
2020-04-21,2941.7765996495655
2020-04-22,3001.3775375308537
2020-04-23,3014.5243237301634
2020-04-24,3031.6685852443975
2020-04-27,3081.5833451280046
2020-04-28,3091.6841413597313
2020-04-29,3159.8783582523647
2020-04-30,3107.1616641518194
2020-05-01,3023.6082682451834
2020-05-04,3027.965225783772
2020-05-05,3079.5668431708214
2020-05-06,3079.1141282141875
2020-05-07,3111.2912532702358
2020-05-08,3141.3748181639967
2020-05-11,3154.025375507071
2020-05-12,3099.0518567721565
2020-05-13,3058.6133376591265
2020-05-14,3063.1312260737927
2020-05-15,3075.805909482789
2020-05-18,3154.9071612993253
2020-05-19,3124.3017630975437
2020-05-20,3156.7207924135882
2020-05-21,3149.773456683206
2020-05-22,3153.076737740894
2020-05-25,3168.982030038774
2020-05-26,3195.5713125588427
2020-05-27,3231.1003250642375
2020-05-28,3218.6835291764005
2020-05-29,3200.1676808116854
2020-06-01,3227.8303535861833
2020-06-02,3252.073507664465
2020-06-03,3298.1953283845723
2020-06-04,3259.1495090514577
2020-06-05,3337.5057132945053
2020-06-08,3373.621796369959
2020-06-09,3338.6448805981145
2020-06-10,3325.621440453627
2020-06-11,3162.088878294007
2020-06-12,3211.996714278971
2020-06-15,3206.4764963333137
2020-06-16,3289.76122738603
2020-06-17,3292.0718660156394
2020-06-18,3290.409775274325
2020-06-19,3294.5964677556467
2020-06-22,3287.191257814436
2020-06-23,3291.7097056382586
2020-06-24,3233.201351325939
2020-06-25,3265.4963257258373
2020-06-26,3220.316445386075
2020-06-29,3233.105724355448
2020-06-30,3270.7629243824313
2020-07-01,3275.0694215171306
2020-07-02,3314.6718689624386
2020-07-03,3313.262215530034
2020-07-06,3349.586983492843
2020-07-07,3327.9589281628323
2020-07-08,3333.929780529092
2020-07-09,3330.537003493343
2020-07-10,3343.454563072635
2020-07-13,3322.2640041369837
2020-07-14,3330.413784721407
2020-07-15,3368.374355752456
2020-07-16,3343.671092142836
2020-07-17,3356.5404285205923
2020-07-20,3377.3035401128486
2020-07-21,3385.128042808086
2020-07-22,3359.8593096572367
2020-07-23,3337.6360861654553
2020-07-24,3301.190404815668
2020-07-27,3288.3461942161484
2020-07-28,3290.294947040095
2020-07-29,3305.0854456737584
2020-07-30,3278.6518234108194
2020-07-31,3268.0563319090593
2020-08-03,3317.1248687179086
2020-08-04,3333.620461704986
2020-08-05,3329.651028712991
2020-08-06,3346.022823593211
2020-08-07,3352.6841354345797
2020-08-10,3364.9999575550255
2020-08-11,3366.0250103536987
2020-08-12,3393.1911491426663
2020-08-13,3384.2192091012494
2020-08-14,3378.344159578319
2020-08-17,3381.784195359548
2020-08-18,3373.2829481917356
2020-08-19,3371.940673879448
2020-08-20,3373.7653124192298
2020-08-21,3398.0633629391045
2020-08-24,3425.6495260444135
2020-08-25,3432.204156631469
2020-08-26,3461.599112151272
2020-08-27,3465.411767449734
2020-08-28,3454.1158512385805
2020-08-31,3427.0017120129646
2020-09-01,3446.82361248986
2020-09-02,3514.2335238563287
2020-09-03,3429.285755650475
2020-09-04,3405.574932332822
2020-09-07,3406.3507737425416
2020-09-08,3349.459458075075
2020-09-09,3390.5005785964913
2020-09-10,3342.4077633011184
2020-09-11,3355.142497391622
2020-09-14,3386.6305395551735
2020-09-15,3409.484517761729
2020-09-16,3415.3353885538245
2020-09-17,3394.2950812726444
2020-09-18,3362.093884728395
2020-09-21,3336.3652302982437
2020-09-22,3360.8034733787945
2020-09-23,3320.3695841484846
2020-09-24,3314.03816525088
2020-09-25,3354.2948494848342
2020-09-28,3402.9072163068486
2020-09-29,3371.571503595635
2020-09-30,3386.8087490648977
2020-10-01,3403.433933460617
2020-10-02,3389.365955320908
2020-10-05,3423.872741900441
2020-10-06,3405.087100278835
2020-10-07,3448.9767745939484
2020-10-08,3480.6232693019515
2020-10-09,3488.175197330782
2020-10-12,3529.2067933412022
2020-10-13,3531.409001468882
2020-10-14,3514.0491025647007
2020-10-15,3506.0875275162884
2020-10-16,3505.229213153576
2020-10-19,3461.800138145773
2020-10-20,3455.962459745827
2020-10-21,3438.2490588970622
2020-10-22,3457.007956020753
2020-10-23,3466.9360212102124
2020-10-26,3418.477624441807
2020-10-27,3403.2533856401765
2020-10-28,3329.496053272741
2020-10-29,3370.5858833213624
2020-10-30,3335.7029010519104
2020-11-02,3380.4223946306183
2020-11-03,3416.628222696735
2020-11-04,3484.0740258829487
2020-11-05,3525.1840968528304
2020-11-06,3517.6140539024295
2020-11-09,3583.398828011265
2020-11-10,3588.9040698514455
2020-11-11,3632.548681380473
2020-11-12,3593.454056794084
2020-11-13,3619.433464846171
2020-11-16,3663.0169311612267
2020-11-17,3648.4544963297135
2020-11-18,3632.342047519109
2020-11-19,3645.348250126183
2020-11-20,3638.82990306355
2020-11-23,3665.714298434034
2020-11-24,3701.141501456723
2020-11-25,3691.632857205854
2020-11-26,3696.5026141464805
2020-11-27,3698.0725654901016
2020-11-30,3659.483149195372
2020-12-01,3677.847607822129
2020-12-02,3671.3072563718656
2020-12-03,3662.307030264217
2020-12-04,3697.2972140169345
2020-12-07,3695.0883233429463
2020-12-08,3710.243982388022
2020-12-09,3704.8216780242524
2020-12-10,3692.421897616333
2020-12-11,3691.4497663206885
2020-12-14,3682.1058394879424
2020-12-15,3705.752100644736
2020-12-16,3713.123159571847
2020-12-17,3724.9202828845314
2020-12-18,3715.8619861020416
2020-12-21,3693.1213150624085
2020-12-22,3702.2776913960215
2020-12-23,3713.8697874081217
2020-12-24,3722.565574019822
2020-12-25,3723.699341272237
2020-12-28,3731.6299933760147
2020-12-29,3734.105243815917
2020-12-30,3731.4197491538625
2020-12-31,3755.4461933076445
2021-01-01,3755.705903644967
2021-01-04,3725.6915089367913
2021-01-05,3749.168671723789
2021-01-06,3771.3512458865835
2021-01-07,3823.179206348324
2021-01-08,3856.4745713856487
2021-01-11,3861.1265039148752
2021-01-12,3869.6143278073923
2021-01-13,3877.6536461209507
2021-01-14,3891.761477818624
2021-01-15,3869.556944225321
2021-01-18,3874.1999563692316
2021-01-19,3889.662477316513
2021-01-20,3938.1806499731215
2021-01-21,3928.668866331009
2021-01-22,3906.764912256933
2021-01-25,3925.925677310326
2021-01-26,3902.594899853008
2021-01-27,3848.7081964835093
2021-01-28,3849.305943630752
2021-01-29,3775.5439167211493
2021-02-01,3853.9689017419823
2021-02-02,3920.814693837814
2021-02-03,3939.40012450531
2021-02-04,3974.6387940744753
2021-02-05,3984.3053888897775
2021-02-08,4011.0852569753997
2021-02-09,4002.34296567471
2021-02-10,3998.1463331033106
2021-02-11,4007.883392894197
2021-02-12,4026.5273446366664
2021-02-15,4039.0409490960474
2021-02-16,4042.853265380737
2021-02-17,4055.625105177774
2021-02-18,4015.469707583424
2021-02-19,4009.760111079631
2021-02-22,3974.5214860325045
2021-02-23,3967.3250902613654
2021-02-24,3991.070790400836
2021-02-25,3908.4067871199336
2021-02-26,3879.579908828705
2021-03-01,3988.0546885399076
2021-03-02,3962.0718801459757
2021-03-03,3934.578168881836
2021-03-04,3888.871934236318
2021-03-05,3956.7439003904556
2021-03-08,3957.393332891335
2021-03-09,4001.3996669033118
2021-03-10,4019.0470842275736
2021-03-11,4051.80877206166
2021-03-12,4060.1025294466485
2021-03-15,4083.7020773380177
2021-03-16,4094.1966882077936
2021-03-17,4093.1476384401453
2021-03-18,4055.5122468852246
2021-03-19,4051.275688382083
2021-03-22,4056.475170776842
2021-03-23,4037.539513917302
2021-03-24,4013.276056860695
2021-03-25,4042.55208260632
2021-03-26,4094.1282867015802
2021-03-29,4096.13322662161
2021-03-30,4111.282611283602
2021-03-31,4110.543930920193
2021-04-01,4153.169766749981
2021-04-02,4156.405680693112
2021-04-05,4180.38795266928
2021-04-06,4174.313278143935
2021-04-07,4153.590743687406
2021-04-08,4175.150468829724
2021-04-09,4189.940746013211
2021-04-12,4176.418468999078
2021-04-13,4183.254987449597
2021-04-14,4171.147279949945
2021-04-15,4205.869750347488
2021-04-16,4220.687406538272
2021-04-19,4195.103000940473
2021-04-20,4147.02494785736
2021-04-21,4173.34239598442
2021-04-22,4168.1483864757365
2021-04-23,4192.022270468938
2021-04-26,4199.322017893289
2021-04-27,4195.98269316045
2021-04-28,4194.708722567074
2021-04-29,4199.175454086829
2021-04-30,4187.469022989915
2021-05-03,4184.372123552429
2021-05-04,4164.231775602314
2021-05-05,4185.303232116839
2021-05-06,4191.827537459565
2021-05-07,4203.150446911249
2021-05-10,4173.426570008691
2021-05-11,4125.444847081578
2021-05-12,4081.7528251594617
2021-05-13,4094.2323527330727
2021-05-14,4138.168813328471
2021-05-17,4130.897492981662
2021-05-18,4109.292822888526
2021-05-19,4085.2088048821433
2021-05-20,4122.948311506177
2021-05-21,4134.669042633633
2021-05-24,4151.317441757565
2021-05-25,4147.030425203303
2021-05-26,4167.129360421669
2021-05-27,4177.669924980908
2021-05-28,4197.540494481872
2021-05-31,4184.3211351231985
2021-06-01,4194.464050305894
2021-06-02,4211.776405148025
2021-06-03,4217.702267829817
2021-06-04,4236.662260368728
2021-06-07,4235.85680982962
2021-06-08,4239.332823747557
2021-06-09,4229.784394803737
2021-06-10,4247.683528200836
2021-06-11,4278.732637701633
2021-06-14,4281.156610100185
2021-06-15,4274.553153711056
2021-06-16,4263.478193061584
2021-06-17,4303.676403198577
2021-06-18,4279.762249328801
2021-06-21,4292.314828146628
2021-06-22,4318.909154422159
2021-06-23,4304.049866968057
2021-06-24,4335.0762111947815
2021-06-25,4346.782109999887
2021-06-28,4353.583731954867
2021-06-29,4358.379798798945
2021-06-30,4366.259789772056
2021-07-01,4374.886760984674
2021-07-02,4399.021502769066
2021-07-05,4397.8237711739785
2021-07-06,4393.959205628084
2021-07-07,4408.9210624702555
2021-07-08,4344.777651913467
2021-07-09,4383.190888810349
2021-07-12,4404.225693793152
2021-07-13,4410.1531057726215
2021-07-14,4407.369780147574
2021-07-15,4391.690953274432
2021-07-16,4367.062414654541
2021-07-19,4296.505960997945
2021-07-20,4350.830984539439
2021-07-21,4383.761565421162
2021-07-22,4397.513452189621
2021-07-23,4434.545918084707
2021-07-26,4417.054361945832
2021-07-27,4384.977177230791
2021-07-28,4404.2033027641555
2021-07-29,4410.53986679473
2021-07-30,4388.705191705233
2021-08-02,4395.964597877667
2021-08-03,4422.1222243875845
2021-08-04,4420.3211356260745
2021-08-05,4444.894697893138
2021-08-06,4466.8869280713725
2021-08-09,4470.304985397966
2021-08-10,4486.0736936420835
2021-08-11,4492.094028032007
2021-08-12,4500.913641114304
2021-08-13,4482.438848042663
2021-08-16,4473.580181391791
2021-08-17,4464.365760795391
2021-08-18,4443.454149908203
2021-08-19,4420.509521604531
2021-08-20,4439.426071242643
2021-08-23,4467.408365983786
2021-08-24,4487.794824382481
2021-08-25,4499.989516291624
2021-08-26,4475.277969757828
2021-08-27,4500.534646491153
2021-08-30,4515.927419928903
2021-08-31,4517.601094687659
2021-09-01,4514.7645305991155
2021-09-02,4524.709370550933
2021-09-03,4523.965728649912
2021-09-06,4541.537083450923
2021-09-07,4532.965606941192
2021-09-08,4522.977825982387
2021-09-09,4504.503210705807
2021-09-10,4484.278576484175
2021-09-13,4497.251870851632
2021-09-14,4477.708075623313
2021-09-15,4490.673817870316
2021-09-16,4501.063381484965
2021-09-17,4481.853285378264
2021-09-20,4412.692195557864
2021-09-21,4418.193076933194
2021-09-22,4448.028615700126
2021-09-23,4488.817197793213
2021-09-24,4494.69161253705
2021-09-27,4494.44310687
2021-09-28,4421.370297326204
2021-09-29,4434.745139688779
2021-09-30,4417.919200834668
2021-10-01,4434.4598823767265
2021-10-04,4383.29841954946
2021-10-05,4422.603778211043
2021-10-06,4434.212651255964
2021-10-07,4479.521888213451
2021-10-08,4471.145599148791
2021-10-11,4459.370486490255
2021-10-12,4457.28276158901
2021-10-13,4469.272496910517
2021-10-14,4525.086692813171
2021-10-15,4555.440794799558
2021-10-18,4562.096512292734
2021-10-19,4577.159769846234
2021-10-20,4593.35851990767
2021-10-21,4596.563174947586
2021-10-22,4595.034325709872
2021-10-25,4621.716377032274
2021-10-26,4636.2800525141165
2021-10-27,4606.779508492903
2021-10-28,4609.745254707275
2021-10-29,4639.611198863163
2021-11-01,4660.02031027891
2021-11-02,4668.382123054158
2021-11-03,4690.303678704673
2021-11-04,4723.4932222641055
2021-11-05,4730.939697792203
2021-11-08,4726.739739259292
2021-11-09,4717.8093254522655
2021-11-10,4708.921979682727
2021-11-11,4733.453005842547
2021-11-12,4773.0008668825085
2021-11-15,4786.925779793806
2021-11-16,4823.407535877557
2021-11-17,4822.9614199160815
2021-11-18,4805.148576325131
2021-11-19,4806.097612878092
2021-11-22,4809.519654446151
2021-11-23,4791.465358240346
2021-11-24,4819.71500668614
2021-11-25,4821.013173191607
2021-11-26,4666.596493401841
2021-11-29,4710.876369793444
2021-11-30,4642.119267266738
2021-12-01,4596.292643461398
2021-12-02,4639.973914676947
2021-12-03,4616.610071473315
2021-12-06,4658.3870089940365
2021-12-07,4766.275110325647
2021-12-08,4749.891178284149
2021-12-09,4738.220775994842
2021-12-10,4743.2142555602495
2021-12-13,4716.147802992846
2021-12-14,4681.7379169954365
2021-12-15,4734.691514265767
2021-12-16,4704.72193678067
2021-12-17,4683.329185285503
2021-12-20,4611.865740990917
2021-12-21,4700.407681716226
2021-12-22,4719.576914166287
2021-12-23,4760.651359329781
2021-12-24,4753.8688495856595
2021-12-27,4797.996522583671
2021-12-28,4811.802077067576
2021-12-29,4793.737750539414
2021-12-30,4796.431778330291
2021-12-31,4777.220779696167
2022-01-03,4825.0844881414005
2022-01-04,4828.44016374716
2022-01-05,4750.886570093178
2022-01-06,4741.890322180857
2022-01-07,4712.958070468916
2022-01-10,4710.489459307986
2022-01-11,4741.804286119789
2022-01-12,4744.757058847102
2022-01-13,4688.629640414263
2022-01-14,4684.154264595277
2022-01-17,4699.314891263543
2022-01-18,4647.878142186949
2022-01-19,4611.310140177263
2022-01-20,4593.708315741135
2022-01-21,4513.788962136087
2022-01-24,4495.9759189155
2022-01-25,4465.202216267265
2022-01-26,4465.969138354488
2022-01-27,4473.728796281609
2022-01-28,4532.198628421796
2022-01-31,4594.752179986855
2022-02-01,4619.361569055642
2022-02-02,4632.438350242533
2022-02-03,4504.912327538297
2022-02-04,4509.77492067808
2022-02-07,4507.394053963868
2022-02-08,4542.363753307918
2022-02-09,4611.485813429429
2022-02-10,4554.201635485718
2022-02-11,4514.230695058241
2022-02-14,4505.294050409806
2022-02-15,4549.196492947687
2022-02-16,4562.183434821711
2022-02-17,4492.813412359951
2022-02-18,4465.779403563048
2022-02-21,4452.138867022878
2022-02-22,4411.264031035007
2022-02-23,4363.687378520696
2022-02-24,4419.4530160962495
2022-02-25,4475.313720180295
2022-02-28,4480.76561409571
2022-03-01,4455.889050040084
2022-03-02,4528.084667790535
2022-03-03,4501.795056585834
2022-03-04,4482.866860722451
2022-03-07,4378.17103747926
2022-03-08,4346.520821845184
2022-03-09,4393.088138829956
2022-03-10,4399.533261759529
2022-03-11,4371.541244180936
2022-03-14,4333.206988830461
2022-03-15,4373.516979859778
2022-03-16,4486.499531067007
2022-03-17,4518.967818108528
2022-03-18,4583.740936566496
2022-03-21,4578.501997051782
2022-03-22,4636.555543135047
2022-03-23,4611.248754872247
2022-03-24,4644.081256687001
2022-03-25,4659.779236867667
2022-03-28,4679.353835105244
2022-03-29,4698.569765548705
2022-03-30,4659.261354835249
2022-03-31,4615.420044521847
2022-04-01,4661.925667076836
2022-04-04,4717.0817021485345
2022-04-05,4695.050145340611
2022-04-06,4644.545472471379
2022-04-07,4640.920310152204
2022-04-08,4655.709271286487
2022-04-11,4587.728426867666
2022-04-12,4581.624521280709
2022-04-13,4633.62778649416
2022-04-14,4632.491181947351
2022-04-15,4628.897855592513
2022-04-18,4609.480882391552
2022-04-19,4651.749507543964
2022-04-20,4633.743910443593
2022-04-21,4590.850821356763
2022-04-22,4508.288515772418
2022-04-25,4515.752596149634
2022-04-26,4448.051398723577
2022-04-27,4494.810386378548
2022-04-28,4574.381591740134
2022-04-29,4481.29286600041
2022-05-02,4491.426377687662
2022-05-03,4503.772990874206
2022-05-04,4572.310894923661
2022-05-05,4464.789147275237
2022-05-06,4396.857826452276
2022-05-09,4279.476970297295
2022-05-10,4276.755187371551
2022-05-11,4242.21635033866
2022-05-12,4270.728986751741
2022-05-13,4376.984941615427
2022-05-16,4364.583693748922
2022-05-17,4399.174823642039
2022-05-18,4296.632638695231
2022-05-19,4241.003917703887
2022-05-20,4268.774178341546
2022-05-23,4288.425754493967
2022-05-24,4225.469696970887
2022-05-25,4274.482407320057
2022-05-26,4323.020842082324
2022-05-27,4417.062270139769
2022-05-30,4416.751673351413
2022-05-31,4415.443924329305
2022-06-01,4401.935324936256
2022-06-02,4440.887389604523
2022-06-03,4392.116543725102
2022-06-06,4412.3601568897
2022-06-07,4435.7079971474295
2022-06-08,4399.218607168416
2022-06-09,4344.0771591127495
2022-06-10,4273.900392582154
2022-06-13,4157.182303559401
2022-06-14,4134.412207762159
2022-06-15,4178.991126169392
2022-06-16,4042.435151444791
2022-06-17,4051.216360020224
2022-06-20,4030.6449091876702
2022-06-21,4093.9715231277005
2022-06-22,4061.1469438067893
2022-06-23,4104.738012260217
2022-06-24,4205.718967196256
2022-06-27,4200.4696308683
2022-06-28,4181.014818566214
2022-06-29,4170.725941578086
2022-06-30,4134.01832856049
2022-07-01,4174.618391024516
2022-07-04,4173.158718168973
2022-07-05,4227.2245192431565
2022-07-06,4249.707643165636
2022-07-07,4330.226991861061
2022-07-08,4334.308753343916
2022-07-11,4316.27481628739
2022-07-12,4298.361361775863
2022-07-13,4261.69305616976
2022-07-14,4269.978878868885
2022-07-15,4303.6587198469815
2022-07-18,4265.81721691036
2022-07-19,4334.102820611153
2022-07-20,4378.038702664102
2022-07-21,4417.667671582752
2022-07-22,4382.383339968397
2022-07-25,4387.8733188444085
2022-07-26,4386.916077453497
2022-07-27,4465.617017828733
2022-07-28,4507.730279953588
2022-07-29,4541.5179699672035
2022-08-01,4514.2213137091185
2022-08-02,4510.117801409002
2022-08-03,4579.688153893415
2022-08-04,4557.337785874051
2022-08-05,4570.588613647613
2022-08-08,4560.4858136853845
2022-08-09,4532.859220528543
2022-08-10,4562.458476987653
2022-08-11,4576.617627654181
2022-08-12,4671.374585006549
2022-08-15,4704.171340345461
2022-08-16,4713.508749651582
2022-08-17,4687.519687809512
2022-08-18,4707.688803532002
2022-08-19,4684.060525877503
2022-08-22,4636.352344109173
2022-08-23,4619.592505432964
2022-08-24,4625.495369949095
2022-08-25,4688.247528756867
2022-08-26,4564.169082838472
2022-08-29,4531.974272679708
2022-08-30,4495.773470234276
2022-08-31,4441.698490638277
2022-09-01,4456.232210681328
2022-09-02,4407.552124770258
2022-09-05,4439.393059468026
2022-09-06,4426.48452664683
2022-09-07,4446.805523102588
2022-09-08,4479.058495501753
2022-09-09,4518.712356802055
2022-09-12,4537.731252949207
2022-09-13,4443.057238201314
2022-09-14,4439.617455744392
2022-09-15,4401.6343310119855
2022-09-16,4342.799462637386
2022-09-19,4364.620923476848
2022-09-20,4335.274826728554
2022-09-21,4323.839291616136
2022-09-22,4301.375747072026
2022-09-23,4259.944536822109
2022-09-26,4225.25162758774
2022-09-27,4233.173732038387
2022-09-28,4276.556700797133
2022-09-29,4161.015730771735
2022-09-30,4119.138862880166
2022-10-03,4188.920091341663
2022-10-04,4265.86430521054
2022-10-05,4297.610014798899
2022-10-06,4274.367048055078
2022-10-07,4199.412092155137
2022-10-10,4194.512691649679
2022-10-11,4152.751528769149
2022-10-12,4142.777561695464
2022-10-13,4197.0460580403205
2022-10-14,4132.4170486330195
2022-10-17,4191.818579912454
2022-10-18,4224.620185826838
2022-10-19,4211.60657623276
2022-10-20,4171.940234839655
2022-10-21,4240.779575324198
2022-10-24,4237.4387951487715
2022-10-25,4277.1126848956865
2022-10-26,4243.777863217577
2022-10-27,4253.859393309289
2022-10-28,4321.53157661746
2022-10-31,4334.10165476406
2022-11-01,4349.4455875325075
2022-11-02,4280.576180406326
2022-11-03,4276.730069293413
2022-11-04,4289.0243609673025
2022-11-07,4290.905785945352
2022-11-08,4294.916207325837
2022-11-09,4243.622559086886
2022-11-10,4363.405643007714
2022-11-11,4380.182770998542
2022-11-14,4349.816283887975
2022-11-15,4381.826068734739
2022-11-16,4329.4038188378745
2022-11-17,4332.784307973757
2022-11-18,4344.035891299907
2022-11-21,4362.821236296456
2022-11-22,4394.2977634346225
2022-11-23,4390.069996119039
2022-11-24,4395.603192559899
2022-11-25,4392.2678072157805
2022-11-28,4338.722117511936
2022-11-29,4360.347490664079
2022-11-30,4476.864710525471
2022-12-01,4429.95311642755
2022-12-02,4423.85412686381
2022-12-05,4351.153671778528
2022-12-06,4306.565816618699
2022-12-07,4288.08583066525
2022-12-08,4298.587772679826
2022-12-09,4294.247307672637
2022-12-12,4323.144737735575
2022-12-13,4322.620749971728
2022-12-14,4309.921072025805
2022-12-15,4206.756479677748
2022-12-16,4176.166517552392
2022-12-19,4160.580310623204
2022-12-20,4144.68041760958
2022-12-21,4204.110216551279
2022-12-22,4171.051881767492
2022-12-23,4175.237658907015
2022-12-26,4176.907374451434
2022-12-27,4158.380416830632
2022-12-28,4133.686712837743
2022-12-29,4168.04082932492
2022-12-30,4153.070178972208
2023-01-02,4159.518371022593
2023-01-03,4199.3936924195295
2023-01-04,4219.90159377706
2023-01-05,4216.058850203664
2023-01-06,4263.4290617254865
2023-01-09,4240.886679003859
2023-01-10,4258.870529708727
2023-01-11,4291.3520058028225
2023-01-12,4301.449976079277
2023-01-13,4320.110023752545
2023-01-16,4322.66565362431
2023-01-17,4331.416359031093
2023-01-18,4290.278706560647
2023-01-19,4265.779070816083
2023-01-20,4308.427343206177
2023-01-23,4337.973773559256
2023-01-24,4335.040528764264
2023-01-25,4326.6417069226445
2023-01-26,4379.019143631113
2023-01-27,4396.4554299113
2023-01-30,4344.72510280079
2023-01-31,4381.944726311418
2023-02-01,4399.0044275774735
2023-02-02,4447.2765516194895
2023-02-03,4439.742368302868
2023-02-06,4439.875104009009
2023-02-07,4492.822914141104
2023-02-08,4456.008108189649
2023-02-09,4425.139525031121
2023-02-10,4445.225240243473
2023-02-13,4463.459334420463
2023-02-14,4468.770783850008
2023-02-15,4487.764560791477
2023-02-16,4459.6324017615825
2023-02-17,4444.019435225354
2023-02-20,4441.950631059121
2023-02-21,4376.42797436734
2023-02-22,4379.638815122829
2023-02-23,4406.1884492799645
2023-02-24,4379.462363224116
2023-02-27,4373.672538324919
2023-02-28,4362.773802738478
2023-03-01,4335.903362184094
2023-03-02,4375.966410934356
2023-03-03,4439.0738163190035
2023-03-06,4414.072877618283
2023-03-07,4394.465698585608
2023-03-08,4404.236665658738
2023-03-09,4343.788282450458
2023-03-10,4237.963630949025
2023-03-13,4198.575039315545
2023-03-14,4236.730467678657
2023-03-15,4260.259947009221
2023-03-16,4277.851320826231
2023-03-17,4239.280663980319
2023-03-20,4236.0248611150255
2023-03-21,4269.2697791687215
2023-03-22,4227.272598090424
2023-03-23,4210.590313725099
2023-03-24,4252.035257315203
2023-03-27,4256.493767674083
2023-03-28,4243.188298629487
2023-03-29,4296.339783901663
2023-03-30,4297.2657521959
2023-03-31,4363.248240113237
2023-04-03,4369.921619484141
2023-04-04,4325.695508663709
2023-04-05,4328.571666602481
2023-04-06,4329.956175675527
2023-04-07,4331.803856315853
2023-04-10,4362.705241819122
2023-04-11,4355.258434436885
2023-04-12,4326.088454614727
2023-04-13,4346.268130715921
2023-04-14,4358.175609527903
2023-04-17,4399.547239918313
2023-04-18,4390.545948256233
2023-04-19,4384.034573553548
2023-04-20,4360.972310926504
2023-04-21,4358.983435863058
2023-04-24,4341.255450850187
2023-04-25,4303.77082094616
2023-04-26,4265.230046653669
2023-04-27,4328.161805156882
2023-04-28,4348.473890644895
2023-05-01,4368.932556798247
2023-05-02,4325.398804083776
2023-05-03,4287.72871526389
2023-05-04,4287.939435923897
2023-05-05,4348.053468670592
2023-05-08,4356.222070507544
2023-05-09,4360.1481523971615
2023-05-10,4362.550510923278
2023-05-11,4371.656051528006
2023-05-12,4384.65056981706
2023-05-15,4402.44906723561
2023-05-16,4377.545189321565
2023-05-17,4422.13996479313
2023-05-18,4470.449312437647
2023-05-19,4465.537786840682
2023-05-22,4470.517406691846
2023-05-23,4438.600484454159
2023-05-24,4400.4830803044615
2023-05-25,4418.824887735105
2023-05-26,4474.417691038312
2023-05-29,4476.575228473859
2023-05-30,4462.270765941519
2023-05-31,4448.9791589672595
2023-06-01,4465.71892565943
2023-06-02,4542.632221552484
2023-06-05,4543.533176867297
2023-06-06,4569.670712251843
2023-06-07,4556.114562501786
2023-06-08,4547.772924826579
2023-06-09,4560.971664000576
2023-06-12,4592.991823764987
2023-06-13,4609.590470948686
2023-06-14,4600.162705203812
2023-06-15,4616.033775490797
2023-06-16,4607.329377818012
2023-06-19,4594.443123131838
2023-06-20,4577.462620196334
2023-06-21,4536.011474356888
2023-06-22,4532.723995333517
2023-06-23,4518.944680940262
2023-06-26,4498.655373983877
2023-06-27,4520.75864183977
2023-06-28,4546.664322426585
2023-06-29,4564.850557630196
2023-06-30,4601.024475095603
2023-07-03,4619.085052218703
2023-07-04,4623.095730665655
2023-07-05,4614.5153553609325
2023-07-06,4558.599181279953
2023-07-07,4527.388293497908
2023-07-10,4529.653072056753
2023-07-11,4562.163050843858
2023-07-12,4561.247084528944
2023-07-13,4581.771736072289
2023-07-14,4561.106854942392
2023-07-17,4570.7299116147515
2023-07-18,4595.927072781529
2023-07-19,4622.2627025771035
2023-07-20,4614.480902552227
2023-07-21,4623.815763825019
2023-07-24,4649.073122465796
2023-07-25,4683.312005255161
2023-07-26,4675.721039018613
2023-07-27,4691.82411154284
2023-07-28,4709.42673111564
2023-07-31,4726.971996249855
2023-08-01,4723.029212705839
2023-08-02,4668.2618734506095
2023-08-03,4649.93288073557
2023-08-04,4610.209553529982
2023-08-07,4639.3722246388525
2023-08-08,4634.723709046187
2023-08-09,4605.983253765171
2023-08-10,4602.783173765487
2023-08-11,4601.95697441394
2023-08-14,4628.474440169335
2023-08-15,4572.881670389861
2023-08-16,4551.564639838712
2023-08-17,4524.5816099824115
2023-08-18,4521.477602159364
2023-08-21,4529.252473573127
2023-08-22,4547.268799664431
2023-08-23,4590.485456015668
2023-08-24,4556.554964539295
2023-08-25,4587.424410563029
2023-08-28,4609.901528054565
2023-08-29,4660.100885618627
2023-08-30,4641.451256401501
2023-08-31,4663.982816227159
2023-09-01,4693.523649881336
2023-09-04,4708.94423180276
2023-09-05,4710.100250619988
2023-09-06,4684.453246159292
2023-09-07,4668.237626058762
2023-09-08,4665.378914071066
2023-09-11,4681.515398863435
2023-09-12,4676.773922061217
2023-09-13,4664.207509286997
2023-09-14,4738.775618210236
2023-09-15,4709.911232395585
2023-09-18,4692.8387129433695
2023-09-19,4678.399326416568
2023-09-20,4644.025383984294
2023-09-21,4591.537485878439
2023-09-22,4587.470217239075
2023-09-25,4618.661435731181
2023-09-26,4561.175728029687
2023-09-27,4589.555237956737
2023-09-28,4589.450177595369
2023-09-29,4579.933486867157
2023-10-02,4593.289935318689
2023-10-03,4538.479216511233
2023-10-04,4538.474921276626
2023-10-05,4532.942441433374
2023-10-06,4573.224806663864
2023-10-09,4587.519831011885
2023-10-10,4613.130521676397
2023-10-11,4622.97208728333
2023-10-12,4630.17387050818
2023-10-13,4614.313255166941
2023-10-16,4625.1174144958495
2023-10-17,4623.599403045641
2023-10-18,4581.474605069925
2023-10-19,4522.085977187805
2023-10-20,4463.943363065995
2023-10-23,4433.702073118247
2023-10-24,4470.189178877204
2023-10-25,4432.0001554385335
2023-10-26,4404.617749679809
2023-10-27,4381.338863569927
2023-10-30,4400.661823789213
2023-10-31,4434.57869530122
2023-11-01,4488.359558162133
2023-11-02,4541.844311669441
2023-11-03,4550.863005083924
2023-11-06,4561.205161446412
2023-11-07,4577.717403155649
2023-11-08,4566.256125139259
2023-11-09,4548.452408300018
2023-11-10,4592.747578564946
2023-11-13,4591.207501901807
2023-11-14,4623.006720268774
2023-11-15,4640.973397637761
2023-11-16,4628.398986717154
2023-11-17,4641.875405526059
2023-11-20,4651.37449593948
2023-11-21,4646.035790551006
2023-11-22,4680.119042315179
2023-11-23,4669.4903008127885
2023-11-24,4663.534016734912
2023-11-27,4655.5033584887915
2023-11-28,4644.87677983076
2023-11-29,4650.88931320201
2023-11-30,4693.090152901284
2023-12-01,4753.484761156715
2023-12-04,4746.039500038295
2023-12-05,4738.002552579824
2023-12-06,4744.37080971802
2023-12-07,4768.1613586355425
2023-12-08,4791.172350698884
2023-12-11,4813.016942742179
2023-12-12,4811.506674752839
2023-12-13,4855.986052019809
2023-12-14,4825.976607891502
2023-12-15,4858.77118606624
2023-12-18,4862.6931852013995
2023-12-19,4865.309931024128
2023-12-20,4827.113305169159
2023-12-21,4854.136522655071
2023-12-22,4853.772294669507
2023-12-25,4854.329711949666
2023-12-26,4866.306724647965
2023-12-27,4856.879510714195
2023-12-28,4866.917365532955
2023-12-29,4878.717391683464
2024-01-01,4879.48966102288
2024-01-02,4888.013231868113
2024-01-03,4851.111494963633
2024-01-04,4828.458017180958
2024-01-05,4825.58933783796
2024-01-08,4872.117322868164
2024-01-09,4883.99769144177
2024-01-10,4878.542639709519
2024-01-11,4883.473788233945
2024-01-12,4890.481753090607
2024-01-15,4891.98917984747
2024-01-16,4888.463603133889
2024-01-17,4852.62645890083
2024-01-18,4884.200174072986
2024-01-19,4917.833094087095
2024-01-22,4937.490815822563
2024-01-23,4964.491306801108
2024-01-24,4954.819723267421
2024-01-25,5002.923087472168
2024-01-26,4992.362019845851
2024-01-29,5054.010644897878
2024-01-30,5030.786211487114
2024-01-31,4972.780250867609
2024-02-01,5020.300557879113
2024-02-02,5060.543069490533
2024-02-05,5070.258559483784
2024-02-06,5087.12820800159
2024-02-07,5108.602678761018
2024-02-08,5108.904945792546
2024-02-09,5118.914674403728
2024-02-12,5132.265670198569
2024-02-13,5093.608169073391
2024-02-14,5131.24436291681
2024-02-15,5154.853349026369
2024-02-16,5148.504208349409
2024-02-19,5153.294052068767
2024-02-20,5109.012702849401
2024-02-21,5114.560935120109
2024-02-22,5193.3443957681675
2024-02-23,5193.682299329846
2024-02-26,5168.142294145774
2024-02-27,5182.720527422499
2024-02-28,5171.536959928751
2024-02-29,5200.451073887344
2024-03-01,5233.345274193752
2024-03-04,5219.872448089103
2024-03-05,5178.41274109797
2024-03-06,5192.733136804021
2024-03-07,5231.353028148732
2024-03-08,5207.203386929927
2024-03-11,5203.609273670991
