Date,UK IMI COUNTRY ESG LEADERS 5% ISS CAPP
2013-05-31,1000.0
2013-06-03,992.9593124327163
2013-06-04,992.7680681184718
2013-06-05,978.0770137546116
2013-06-06,967.7453158191604
2013-06-07,979.4856263738036
2013-06-10,980.687191066419
2013-06-11,966.4708257696155
2013-06-12,965.93080028842
2013-06-13,968.6663042923867
2013-06-14,971.3191994561397
2013-06-17,977.2550516928992
2013-06-18,974.7089720370332
2013-06-19,972.6417111456585
2013-06-20,949.9869279604878
2013-06-21,940.5160280657444
2013-06-24,927.029455479669
2013-06-25,941.491084223937
2013-06-26,954.2261729646182
2013-06-27,959.0363095132516
2013-06-28,954.7700325487277
2013-07-01,973.5060832209517
2013-07-02,970.1064167431166
2013-07-03,976.3199703828077
2013-07-04,995.618411360595
2013-07-05,984.5701562960539
2013-07-08,998.8599739392557
2013-07-09,1005.9255804767076
2013-07-10,1007.1902244779488
2013-07-11,1011.4681086009996
2013-07-12,1011.9898501804272
2013-07-15,1016.762695364052
2013-07-16,1004.8660353076245
2013-07-17,1011.7990286573246
2013-07-18,1023.8075007555499
2013-07-19,1025.0014252208548
2013-07-22,1028.9717150931153
2013-07-23,1019.6301060110256
2013-07-24,1020.3917225289164
2013-07-25,1012.9288808413527
2013-07-26,1009.4436895239536
2013-07-29,1010.5086734639422
2013-07-30,1014.2939322697689
2013-07-31,1010.3013970015959
2013-08-01,1025.296669715705
2013-08-02,1024.7365218128868
2013-08-05,1032.6792822234358
2013-08-06,1030.9998427439557
2013-08-07,1029.9801938369048
2013-08-08,1030.35206874859
2013-08-09,1033.1550291934884
2013-08-12,1031.4803768330144
2013-08-13,1038.3011625019064
2013-08-14,1040.2038744710512
2013-08-15,1021.2029275467398
2013-08-16,1024.4633824933949
2013-08-19,1025.454489084006
2013-08-20,1017.7141908030762
2013-08-21,1017.4253058147788
2013-08-22,1019.6609095163667
2013-08-23,1025.0113876111884
2013-08-26,1026.2457886423742
2013-08-27,1011.4943384777863
2013-08-28,1008.475633626363
2013-08-29,1026.299880113686
2013-08-30,1016.6167866371342
2013-09-02,1042.9692492805189
2013-09-03,1038.2069302939803
2013-09-04,1042.9201709291913
2013-09-05,1056.5927107224672
2013-09-06,1059.6609967697348
2013-09-09,1058.6780287594115
2013-09-10,1070.3399524287067
2013-09-11,1074.1132064184808
2013-09-12,1072.5890944017467
2013-09-13,1081.5670693059099
2013-09-16,1085.790258632424
2013-09-17,1076.262167518592
2013-09-18,1076.3877927704798
2013-09-19,1075.49731309772
2013-09-20,1070.3654220907536
2013-09-23,1065.7949947598759
2013-09-24,1068.6212243079715
2013-09-25,1068.7907349850836
2013-09-26,1066.9312558036013
2013-09-27,1064.5987615345437
2013-09-30,1063.784910158161
2013-10-01,1071.2567358396343
2013-10-02,1061.6467036406818
2013-10-03,1053.0568361229225
2013-10-04,1048.4661872275124
2013-10-07,1046.060720651435
2013-10-08,1033.8717266437748
2013-10-09,1023.6665059512607
2013-10-10,1044.2026481719945
2013-10-11,1048.3001859961985
2013-10-14,1057.724555145125
2013-10-15,1070.6865421873124
2013-10-16,1073.9294618078068
2013-10-17,1076.421178226113
2013-10-18,1088.2503085233436
2013-10-21,1093.0637663610325
2013-10-22,1091.5116827890022
2013-10-23,1087.104090495909
2013-10-24,1090.9997895191107
2013-10-25,1091.3899504520525
2013-10-28,1088.1527554274505
2013-10-29,1091.3267684242965
2013-10-30,1093.336393037451
2013-10-31,1104.849370570343
2013-11-01,1101.659393875899
2013-11-04,1103.1982527192954
2013-11-05,1106.920308878471
2013-11-06,1105.2417709046495
2013-11-07,1110.1637028103437
2013-11-08,1108.1002542703673
2013-11-11,1105.3136439205227
2013-11-12,1098.6518428049617
2013-11-13,1092.074008028119
2013-11-14,1101.174853690066
2013-11-15,1101.9840996558821
2013-11-18,1103.446567668033
2013-11-19,1098.2998043634636
2013-11-20,1103.5634363298414
2013-11-21,1104.8946005326784
2013-11-22,1104.793361193887
2013-11-25,1109.1066711012966
2013-11-26,1102.9357229727154
2013-11-27,1113.931417102319
2013-11-28,1116.6705014631814
2013-11-29,1117.3423018187043
2013-12-02,1110.4286515732106
2013-12-03,1098.005075196703
2013-12-04,1093.3668309107782
2013-12-05,1084.283071047686
2013-12-06,1091.7539839271165
2013-12-09,1093.946264581866
2013-12-10,1090.2745108747597
2013-12-11,1083.7407056823724
2013-12-12,1070.5959519610133
2013-12-13,1071.021827958192
2013-12-16,1081.8617506332012
2013-12-17,1076.1599430881745
2013-12-18,1085.48039965189
2013-12-19,1108.7650484345388
2013-12-20,1113.0038654561538
2013-12-23,1122.418432044188
2013-12-24,1130.6123059230592
2013-12-25,1130.6123059230592
2013-12-26,1131.9867966402437
2013-12-27,1136.5874246812486
2013-12-30,1133.8700827850562
2013-12-31,1142.3999080474402
2014-01-01,1142.3999080474402
2014-01-02,1141.0256615466726
2014-01-03,1151.1742293462496
2014-01-06,1147.201159051839
2014-01-07,1150.3196684380632
2014-01-08,1149.806956503649
2014-01-09,1145.8674356181564
2014-01-10,1151.7464491921592
2014-01-13,1148.3709735295017
2014-01-14,1152.7850029374035
2014-01-15,1158.7044771669002
2014-01-16,1152.1328399459883
2014-01-17,1167.121420172201
2014-01-20,1165.6735113248715
2014-01-21,1169.5293890081098
2014-01-22,1175.6092276677653
2014-01-23,1157.8131133966065
2014-01-24,1128.5134973173342
2014-01-27,1113.7345941180179
2014-01-28,1123.3487537541077
2014-01-29,1116.761336079114
2014-01-30,1118.2663369308275
2014-01-31,1116.8269346912664
2014-02-03,1102.773334935894
2014-02-04,1100.4605244169377
2014-02-05,1102.4799401136104
2014-02-06,1117.1506059421226
2014-02-07,1123.2243485169236
2014-02-10,1123.9413849387333
2014-02-11,1142.005176159316
2014-02-12,1157.6148685365617
2014-02-13,1151.3639713126727
2014-02-14,1160.647973782072
2014-02-17,1169.5877676602995
2014-02-18,1172.1554278918293
2014-02-19,1174.9260867071446
2014-02-20,1178.9359780170278
2014-02-21,1181.1949232258603
2014-02-24,1187.9525628165904
2014-02-25,1189.8260568443
2014-02-26,1186.0948571110446
2014-02-27,1188.6014211047634
2014-02-28,1191.23263602659
2014-03-03,1171.4933908117484
2014-03-04,1193.2371060481876
2014-03-05,1190.299205722447
2014-03-06,1182.156278703202
2014-03-07,1171.296856060281
2014-03-10,1154.2689018727892
2014-03-11,1155.8394168110942
2014-03-12,1145.2814207150918
2014-03-13,1136.6442481212619
2014-03-14,1126.6763779519247
2014-03-17,1139.0982243719293
2014-03-18,1139.7865625164334
2014-03-19,1139.6165587011792
2014-03-20,1134.980060301349
2014-03-21,1132.095075619772
2014-03-24,1122.0039883140307
2014-03-25,1137.4563254368363
2014-03-26,1146.4882046868797
2014-03-27,1147.5017881592257
2014-03-28,1147.5149688172044
2014-03-31,1147.4093593610207
2014-04-01,1155.2299384942821
2014-04-02,1160.6706955082682
2014-04-03,1159.0751115237958
2014-04-04,1166.7774143645793
2014-04-07,1151.1032677280398
2014-04-08,1142.239397628901
2014-04-09,1152.5506561838406
2014-04-10,1147.3301732674595
2014-04-11,1126.8761680000296
2014-04-14,1130.6078060611778
2014-04-15,1122.1476237055726
2014-04-16,1138.9289344757149
2014-04-17,1151.0843488420335
2014-04-18,1151.0843488420335
2014-04-21,1153.3335618259323
2014-04-22,1166.6692887755416
2014-04-23,1157.5953211896592
2014-04-24,1163.5838382334764
2014-04-25,1159.0194727925486
2014-04-28,1154.4290782227624
2014-04-29,1169.607790919521
2014-04-30,1169.9570690155442
2014-05-01,1178.0137063067766
2014-05-02,1179.9892205684644
2014-05-05,1178.5345732000285
2014-05-06,1182.1074094574371
2014-05-07,1181.0389490792693
2014-05-08,1193.8246475600747
2014-05-09,1187.3631877879627
2014-05-12,1193.9095503078845
2014-05-13,1200.825591761042
2014-05-14,1194.0176234020214
2014-05-15,1176.7087780664306
2014-05-16,1176.688895126165
2014-05-19,1180.1017253494203
2014-05-20,1180.9469050327527
2014-05-21,1192.6193539920655
2014-05-22,1195.3031863611534
2014-05-23,1195.4486665816917
2014-05-26,1194.0162383591892
2014-05-27,1205.384153959514
2014-05-28,1205.937978280824
2014-05-29,1205.3002873618905
2014-05-30,1206.0160620756471
2014-06-02,1212.6580116165917
2014-06-03,1203.198248476028
2014-06-04,1205.4241015660596
2014-06-05,1210.1342431494106
2014-06-06,1221.1594233552914
2014-06-09,1226.8756698933548
2014-06-10,1226.097951631873
2014-06-11,1221.9468838217856
2014-06-12,1225.4407020011106
2014-06-13,1217.5703543947461
2014-06-16,1210.092258703577
2014-06-17,1211.2639295504243
2014-06-18,1205.8527835585787
2014-06-19,1213.0486394020934
2014-06-20,1222.1281091435162
2014-06-23,1215.6221435795842
2014-06-24,1207.4871762491905
2014-06-25,1197.0270847835968
2014-06-26,1209.7724208464974
2014-06-27,1210.4550683984603
2014-06-30,1211.7235254941208
2014-07-01,1223.947301613384
2014-07-02,1231.5943525565865
2014-07-03,1244.0382202482394
2014-07-04,1245.101508339166
2014-07-07,1233.4409784924949
2014-07-08,1212.9801770784877
2014-07-09,1206.3104482567494
2014-07-10,1200.6534960634294
2014-07-11,1205.067149634338
2014-07-14,1212.3159682767516
2014-07-15,1215.0392882603562
2014-07-16,1232.2035326460746
2014-07-17,1223.6610911763348
2014-07-18,1225.8232619102805
2014-07-21,1219.5070887384472
2014-07-22,1238.9720480792848
2014-07-23,1242.0308185941954
2014-07-24,1238.268545903677
2014-07-25,1236.856536365732
2014-07-28,1236.62481593022
2014-07-29,1239.8015903181793
2014-07-30,1234.8182544705292
2014-07-31,1220.6063813601968
2014-08-01,1205.1185463555796
2014-08-04,1203.9209755540883
2014-08-05,1209.473709777363
2014-08-06,1199.783389791287
2014-08-07,1199.692000227091
2014-08-08,1185.131862691524
2014-08-11,1201.026504442018
2014-08-12,1206.0331827951068
2014-08-13,1206.164013103395
2014-08-14,1212.5349146679198
2014-08-15,1213.0061699191876
2014-08-18,1225.8525141502475
2014-08-19,1231.0179763594103
2014-08-20,1231.943388477394
2014-08-21,1233.0342604796751
2014-08-22,1238.491644147484
2014-08-25,1242.487356652977
2014-08-26,1249.0479415744524
2014-08-27,1252.6131894266318
2014-08-28,1251.0454972236266
2014-08-29,1253.6233991075944
2014-09-01,1260.914439932379
2014-09-02,1257.2652996429429
2014-09-03,1257.946926406751
2014-09-04,1273.5031723025693
2014-09-05,1260.6007184800476
2014-09-08,1243.2467485176358
2014-09-09,1243.483348136306
2014-09-10,1242.5909854935517
2014-09-11,1242.6538722430437
2014-09-12,1245.9650427376237
2014-09-15,1240.7381799252373
2014-09-16,1233.0492568827126
2014-09-17,1240.2852310377386
2014-09-18,1258.9018043313506
2014-09-19,1265.7592625528266
2014-09-22,1260.8184471606858
2014-09-23,1238.0429094788124
2014-09-24,1247.509204716013
2014-09-25,1242.3921141889527
2014-09-26,1243.433830654107
2014-09-29,1246.205863903207
2014-09-30,1240.45158256413
2014-10-01,1229.2061651891179
2014-10-02,1197.0703906686072
2014-10-03,1217.0548735767425
2014-10-06,1220.0647784019384
2014-10-07,1204.9169494900768
2014-10-08,1193.8442473563741
2014-10-09,1188.6472846532195
2014-10-10,1170.008268155196
2014-10-13,1165.3877797569096
2014-10-14,1162.1832377537735
2014-10-15,1118.3833087471608
2014-10-16,1123.6759335057188
2014-10-17,1153.7907854229948
2014-10-20,1149.3373512630224
2014-10-21,1172.9378897440572
2014-10-22,1181.8755261570188
2014-10-23,1183.964392533574
2014-10-24,1181.8676557574652
2014-10-27,1177.391798660464
2014-10-28,1181.4042049247928
2014-10-29,1187.0672973144506
2014-10-30,1192.8965599091696
2014-10-31,1212.4042941880457
2014-11-03,1208.4241054262045
2014-11-04,1196.9776140090025
2014-11-05,1217.945735008595
2014-11-06,1222.7890838871538
2014-11-07,1217.4680942525572
2014-11-10,1227.6607889002744
2014-11-11,1235.179745441038
2014-11-12,1222.2279624440318
2014-11-13,1221.9538609438132
2014-11-14,1219.1743018937689
2014-11-17,1224.063092151455
2014-11-18,1221.799030759741
2014-11-19,1220.0299312437614
2014-11-20,1223.3879198532654
2014-11-21,1243.5617756465776
2014-11-24,1241.8019801535709
2014-11-25,1242.6778140198087
2014-11-26,1244.3000537807995
2014-11-27,1247.1004869186836
2014-11-28,1239.5035336816507
2014-12-01,1234.007784524477
2014-12-02,1247.0515101660785
2014-12-03,1255.9390924621525
2014-12-04,1243.3734709259124
2014-12-05,1262.0107214445502
2014-12-08,1256.9064876757795
2014-12-09,1222.9494259341861
2014-12-10,1224.2200090513043
2014-12-11,1222.9074551066228
2014-12-12,1186.8183029032152
2014-12-15,1168.794814414259
2014-12-16,1192.9538349601419
2014-12-17,1196.2464140713746
2014-12-18,1235.66505533692
2014-12-19,1249.1595237791312
2014-12-22,1256.7950252993091
2014-12-23,1261.5030814475522
2014-12-24,1263.855178161873
2014-12-25,1263.855178161873
2014-12-26,1266.8050931081186
2014-12-29,1263.981362813476
2014-12-30,1255.0289490641346
2014-12-31,1270.124011590229
2015-01-01,1270.124011590229
2015-01-02,1256.904335557987
2015-01-05,1237.27516573667
2015-01-06,1221.6395064340622
2015-01-07,1235.4605105324233
2015-01-08,1261.6513223071006
2015-01-09,1254.5946121424013
2015-01-12,1254.183306904382
2015-01-13,1271.7081820670442
2015-01-14,1251.7670593446662
2015-01-15,1287.4220027703955
2015-01-16,1297.657049842807
2015-01-19,1298.5789469498861
2015-01-20,1314.3664908658664
2015-01-21,1324.2721000219267
2015-01-22,1353.943501244485
2015-01-23,1377.479928900616
2015-01-26,1381.1339202866195
2015-01-27,1369.9007277585245
2015-01-28,1379.2804168042785
2015-01-29,1370.9016186174633
2015-01-30,1362.577939097221
2015-02-02,1359.5136389628383
2015-02-03,1367.5259712154239
2015-02-04,1380.064736834594
2015-02-05,1393.533848062404
2015-02-06,1400.129776936006
2015-02-09,1387.6888474142577
2015-02-10,1397.8584248777327
2015-02-11,1402.9071870127984
2015-02-12,1412.2857628751512
2015-02-13,1414.0287495746295
2015-02-16,1408.179374535072
2015-02-17,1410.4625700160973
2015-02-18,1429.2951187111548
2015-02-19,1427.1595224190235
2015-02-20,1428.6685888654915
2015-02-23,1441.7362401592145
2015-02-24,1447.894547965219
2015-02-25,1446.8671238078525
2015-02-26,1464.8545013765238
2015-02-27,1469.2989584462882
2015-03-02,1462.6983145133086
2015-03-03,1453.4370241515867
2015-03-04,1465.7352654184785
2015-03-05,1482.352448334757
2015-03-06,1482.2699114382258
2015-03-09,1480.8977188515594
2015-03-10,1466.3369128527283
2015-03-11,1479.1278524157065
2015-03-12,1477.7475716171098
2015-03-13,1476.6874891978703
2015-03-16,1487.683388807074
2015-03-17,1479.687855831819
2015-03-18,1490.6721612481442
2015-03-19,1506.4522163671702
2015-03-20,1509.8750767736958
2015-03-23,1495.6581562534482
2015-03-24,1491.8175682594108
2015-03-25,1475.439497078881
2015-03-26,1456.9200142155935
2015-03-27,1458.6116911871752
2015-03-30,1463.8326837775837
2015-03-31,1461.039442453143
2015-04-01,1457.3271434226735
2015-04-02,1450.1705525062212
2015-04-03,1450.1705525062212
2015-04-06,1444.5511492781116
2015-04-07,1484.050152243484
2015-04-08,1512.2273449594247
2015-04-09,1526.2096050309242
2015-04-10,1542.295773291198
2015-04-13,1544.3770455357144
2015-04-14,1539.5188284200785
2015-04-15,1549.073045991823
2015-04-16,1542.196873932943
2015-04-17,1523.6998069379097
2015-04-20,1529.3050482458086
2015-04-21,1540.9673012535227
2015-04-22,1549.458185423301
2015-04-23,1543.057176748192
2015-04-24,1546.3751750438257
2015-04-27,1554.490485216572
2015-04-28,1534.1913888416293
2015-04-29,1508.316609116825
2015-04-30,1496.895606051518
2015-05-01,1474.8433481993
2015-05-04,1476.9927824000745
2015-05-05,1468.1122882780069
2015-05-06,1452.3856090579052
2015-05-07,1460.6822034585136
2015-05-08,1529.6402390710525
2015-05-11,1547.7608093978693
2015-05-12,1524.8036132976692
2015-05-13,1524.9284745067082
2015-05-14,1534.710782258134
2015-05-15,1534.0682812303323
2015-05-18,1535.9114808052293
2015-05-19,1564.9743087402144
2015-05-20,1572.5067456360011
2015-05-21,1584.4966779744584
2015-05-22,1584.5018887872363
2015-05-25,1584.5018887872363
2015-05-26,1575.6319281924937
2015-05-27,1591.8926089950412
2015-05-28,1582.2267288547773
2015-05-29,1560.8682798187779
2015-06-01,1561.6931928846243
2015-06-02,1533.2948167740722
2015-06-03,1520.3733418938734
2015-06-04,1507.9860064053544
2015-06-05,1502.1957810556169
2015-06-08,1487.1059204113415
2015-06-09,1479.8712859594127
2015-06-10,1513.2799652506378
2015-06-11,1525.3295568558942
2015-06-12,1512.167483156993
2015-06-15,1493.9031237427746
2015-06-16,1505.328488968473
2015-06-17,1506.0634622745238
2015-06-18,1504.9812563753064
2015-06-19,1516.8054586224337
2015-06-22,1527.4824758424636
2015-06-23,1553.7487227739448
2015-06-24,1549.099533062551
2015-06-25,1546.9790082693698
2015-06-26,1540.8936319653571
2015-06-29,1509.6483276074448
2015-06-30,1494.5441071733958
2015-07-01,1512.910726091103
2015-07-02,1508.5756869655038
2015-07-03,1500.4087280027481
2015-07-06,1494.696091199018
2015-07-07,1473.3607179472397
2015-07-08,1457.1725715288192
2015-07-09,1487.33410325206
2015-07-10,1505.4004489208266
2015-07-13,1546.5313309678736
2015-07-14,1551.937635909854
2015-07-15,1564.3596076365097
2015-07-16,1582.898874934698
2015-07-17,1592.4842080971196
2015-07-20,1587.4702532015526
2015-07-21,1566.9805461208173
2015-07-22,1563.3827241889705
2015-07-23,1541.05196792115
2015-07-24,1526.9287438230497
2015-07-27,1498.3324405090787
2015-07-28,1520.7603639596985
2015-07-29,1541.5473615111407
2015-07-30,1556.57686032145
2015-07-31,1550.0947758407856
2015-08-03,1562.705129334147
2015-08-04,1561.920797570541
2015-08-05,1586.5288849254032
2015-08-06,1567.732749686735
2015-08-07,1551.017380930312
2015-08-10,1557.9635815043464
2015-08-11,1542.0734686697722
2015-08-12,1504.1445604569599
2015-08-13,1519.670751361856
2015-08-14,1522.2853663188644
2015-08-17,1526.1234798355947
2015-08-18,1534.6180246308288
2015-08-19,1507.0848545637732
2015-08-20,1478.2092689352248
2015-08-21,1423.9280202833254
2015-08-24,1338.7323958390634
2015-08-25,1397.5638230129844
2015-08-26,1360.1698368606733
2015-08-27,1409.2807002356385
2015-08-28,1417.61675653341
2015-08-31,1422.1546744072675
2015-09-01,1374.1602872639903
2015-09-02,1381.7140740752634
2015-09-03,1414.4777835903637
2015-09-04,1378.754155021983
2015-09-07,1389.0248024475225
2015-09-08,1410.5697086337177
2015-09-09,1429.990203196383
2015-09-10,1416.530184965007
2015-09-11,1396.1331776447537
2015-09-14,1385.8264265866264
2015-09-15,1394.0245157117656
2015-09-16,1417.959052608468
2015-09-17,1410.3274912982008
2015-09-18,1393.6161997232034
2015-09-21,1406.8710105286546
2015-09-22,1364.9672093086808
2015-09-23,1372.1150007838662
2015-09-24,1345.0977918307422
2015-09-25,1383.72990516675
2015-09-28,1352.8552235589823
2015-09-29,1328.315746892623
2015-09-30,1368.9135270985023
2015-10-01,1365.9066884538609
2015-10-02,1373.0817225228477
2015-10-05,1414.2516303215862
2015-10-06,1413.6929603111378
2015-10-07,1419.0750960413302
2015-10-08,1419.0255345157166
2015-10-09,1416.2137925633463
2015-10-12,1410.0192810529975
2015-10-13,1390.3811048901443
2015-10-14,1386.8261136615338
2015-10-15,1414.8515225821006
2015-10-16,1422.1013308809518
2015-10-19,1434.6084293645963
2015-10-20,1431.3098569477938
2015-10-21,1429.8935386863982
2015-10-22,1453.7770787575241
2015-10-23,1481.5082156593653
2015-10-26,1474.1772911098674
2015-10-27,1460.4764527217278
2015-10-28,1471.6924773398596
2015-10-29,1477.889494447106
2015-10-30,1476.2678080911226
2015-11-02,1476.941019265801
2015-11-03,1485.3602632860857
2015-11-04,1499.5378958099507
2015-11-05,1477.55912702612
2015-11-06,1474.2087326103413
2015-11-09,1464.1312863340152
2015-11-10,1463.8310188102607
2015-11-11,1475.3120056266584
2015-11-12,1448.5146208626445
2015-11-13,1436.7360092036922
2015-11-16,1445.2128828286995
2015-11-17,1486.9051465134821
2015-11-18,1486.4991289859024
2015-11-19,1496.5565308719192
2015-11-20,1501.6826169840274
2015-11-23,1490.2595973371403
2015-11-24,1467.383973477887
2015-11-25,1493.4901292228083
2015-11-26,1507.1384889735843
2015-11-27,1503.3160219602155
2015-11-30,1510.2664405194243
2015-12-01,1512.619601226683
2015-12-02,1509.637422338377
2015-12-03,1452.1128510587637
2015-12-04,1449.6111922777661
2015-12-07,1453.4026800001707
2015-12-08,1424.9036194723274
2015-12-09,1425.4183657375409
2015-12-10,1416.9464444406724
2015-12-11,1387.8531608416126
2015-12-14,1358.0695796808573
2015-12-15,1395.6448064782155
2015-12-16,1398.67115371757
2015-12-17,1414.735982511211
2015-12-18,1402.1436223104788
2015-12-21,1388.9380027327766
2015-12-22,1385.6273156279055
2015-12-23,1431.2342338017154
2015-12-24,1430.9274079685797
2015-12-25,1430.9274079685797
2015-12-28,1425.40545566095
2015-12-29,1440.306826957347
2015-12-30,1435.8678361877169
2015-12-31,1425.4344678741693
2016-01-01,1425.4344678741693
2016-01-04,1391.294273704231
2016-01-05,1406.9859319114
2016-01-06,1382.9925358296246
2016-01-07,1344.7423946738684
2016-01-08,1327.4573000659593
2016-01-11,1322.7082207946487
2016-01-12,1324.6554765100184
2016-01-13,1334.8582894205404
2016-01-14,1312.7644562451944
2016-01-15,1270.2137506630572
2016-01-18,1268.208971630987
2016-01-19,1272.6793012373685
2016-01-20,1235.8138517567677
2016-01-21,1259.1214069183695
2016-01-22,1302.190247572015
2016-01-25,1293.5373626845792
2016-01-26,1297.4557313304836
2016-01-27,1302.1169506274637
2016-01-28,1290.0111966766124
2016-01-29,1318.4994063145818
2016-02-01,1325.3955847184357
2016-02-02,1297.781321656463
2016-02-03,1278.9949538554208
2016-02-04,1272.2761030672364
2016-02-05,1255.7363037840253
2016-02-08,1205.5832289157258
2016-02-09,1188.8193655217758
2016-02-10,1212.7722571130948
2016-02-11,1165.8307124726994
2016-02-12,1210.806424934463
2016-02-15,1251.9649358583686
2016-02-16,1238.9160565172658
2016-02-17,1277.963546744978
2016-02-18,1282.3627785625808
2016-02-19,1267.5399584588772
2016-02-22,1277.585800083882
2016-02-23,1262.908662788877
2016-02-24,1231.6529727753202
2016-02-25,1257.8190729997013
2016-02-26,1276.1724485669222
2016-02-29,1290.798236941732
2016-03-01,1311.2643085459756
2016-03-02,1323.9804316683371
2016-03-03,1321.382693012513
2016-03-04,1329.9085711435355
2016-03-07,1324.8628035601946
2016-03-08,1308.1933943251604
2016-03-09,1317.6914133374132
2016-03-10,1292.4269504098843
2016-03-11,1321.4480280786495
2016-03-14,1333.5097622968349
2016-03-15,1310.0984481907183
2016-03-16,1313.3182962941241
2016-03-17,1329.0273994069153
2016-03-18,1339.784850530771
2016-03-21,1331.7420452557583
2016-03-22,1322.5167184080542
2016-03-23,1320.4113035471726
2016-03-24,1305.3040922501482
2016-03-25,1305.3040922501482
2016-03-28,1309.6439071913817
2016-03-29,1322.075756552034
2016-03-30,1337.628654507191
2016-03-31,1321.582672980181
2016-04-01,1304.598733233052
2016-04-04,1312.68155998277
2016-04-05,1287.577327110728
2016-04-06,1298.3086513934472
2016-04-07,1291.086338283049
2016-04-08,1299.5484293563645
2016-04-11,1307.9556231833353
2016-04-12,1317.8400393117895
2016-04-13,1350.4489964553634
2016-04-14,1343.4825639120854
2016-04-15,1333.0566630327376
2016-04-18,1337.8033545048334
2016-04-19,1357.115631989008
2016-04-20,1360.9900214839813
2016-04-21,1353.3258549124719
2016-04-22,1353.0900212918543
2016-04-25,1355.8819385149443
2016-04-26,1361.379258516893
2016-04-27,1362.3807089290253
2016-04-28,1368.1408574679435
2016-04-29,1341.4467903229702
2016-05-02,1336.6424329075865
2016-05-03,1316.7411561112394
2016-05-04,1302.5721374774778
2016-05-05,1313.359199694827
2016-05-06,1305.1359876842089
2016-05-09,1311.1470700132581
2016-05-10,1323.8364906605068
2016-05-11,1317.9074975439837
2016-05-12,1314.864135898772
2016-05-13,1317.3594236375914
2016-05-16,1319.9708364219002
2016-05-17,1332.7000709984713
2016-05-18,1357.4710101546007
2016-05-19,1347.8557151800576
2016-05-20,1365.5499090120782
2016-05-23,1364.5868380780616
2016-05-24,1402.4800958360925
2016-05-25,1417.2744786631742
2016-05-26,1408.9764804935587
2016-05-27,1411.2773324226619
2016-05-30,1411.0809397188534
2016-05-31,1398.7488674180563
2016-06-01,1370.6265782472585
2016-06-02,1376.4893564017336
2016-06-03,1363.7927399545597
2016-06-06,1364.1858088928434
2016-06-07,1373.7224036724665
2016-06-08,1368.6472672570412
2016-06-09,1358.0291815374683
2016-06-10,1319.673924673089
2016-06-13,1295.5945794124025
2016-06-14,1266.0518612235442
2016-06-15,1278.2807105150712
2016-06-16,1265.4556412730967
2016-06-17,1291.9601476288608
2016-06-20,1363.6235328622665
2016-06-21,1374.6724636099489
2016-06-22,1383.81046141019
2016-06-23,1404.1153075358632
2016-06-24,1247.8975986407002
2016-06-27,1161.9179577551483
2016-06-28,1209.2832442491697
2016-06-29,1267.0611449546575
2016-06-30,1280.0622525938459
2016-07-01,1284.7232093230177
2016-07-04,1268.1163875757031
2016-07-05,1236.5498253361732
2016-07-06,1210.693255289379
2016-07-07,1229.4845414537194
2016-07-08,1254.0099289621028
2016-07-11,1280.7342509304162
2016-07-12,1298.219799353865
2016-07-13,1298.2807419909082
2016-07-14,1305.2601758767762
2016-07-15,1299.676430433372
2016-07-18,1323.4621420724804
2016-07-19,1315.38549932071
2016-07-20,1331.6975057718346
2016-07-21,1331.5333525878054
2016-07-22,1323.320079425094
2016-07-25,1331.6325643444286
2016-07-26,1329.2075122602348
2016-07-27,1337.4842991618596
2016-07-28,1318.1765180951945
2016-07-29,1324.9465387360422
2016-08-01,1316.01851038707
2016-08-02,1317.9782249103912
2016-08-03,1320.308951733022
2016-08-04,1324.6199879108117
2016-08-05,1337.2922965913965
2016-08-08,1337.0839481239339
2016-08-09,1338.0091671853638
2016-08-10,1335.723007754859
2016-08-11,1339.1087314529561
2016-08-12,1340.9021657780181
2016-08-15,1336.318504734791
2016-08-16,1325.2395142046541
2016-08-17,1320.032119647081
2016-08-18,1336.5083166006389
2016-08-19,1323.8845283782182
2016-08-22,1330.8579235401346
2016-08-23,1342.5721077295286
2016-08-24,1353.3468151553006
2016-08-25,1337.9358633465988
2016-08-26,1340.9686209312738
2016-08-29,1341.3639522565804
2016-08-30,1340.8952986252127
2016-08-31,1336.2855114029267
2016-09-01,1350.1769171901612
2016-09-02,1380.0637368327596
2016-09-05,1377.99022048989
2016-09-06,1374.9460141640059
2016-09-07,1367.5246968424326
2016-09-08,1361.7490533966352
2016-09-09,1342.528920943203
2016-09-12,1332.1059969933324
2016-09-13,1310.944827200126
2016-09-14,1311.940845701587
2016-09-15,1324.9282786871695
2016-09-16,1322.1690463317977
2016-09-19,1334.0211519363997
2016-09-20,1328.1332321948398
2016-09-21,1334.0845359174818
2016-09-22,1349.7664720994849
2016-09-23,1332.1123017224832
2016-09-26,1310.1867188083813
2016-09-27,1317.9101315908833
2016-09-28,1328.3866202990655
2016-09-29,1324.852045919367
2016-09-30,1323.7273520833412
2016-10-03,1327.4283071947318
2016-10-04,1340.0640204957188
2016-10-05,1321.1959522432023
2016-10-06,1307.8120000049976
2016-10-07,1285.790883543368
2016-10-10,1282.3011897077533
2016-10-11,1276.4201036177553
2016-10-12,1269.343922283109
2016-10-13,1260.569238777733
2016-10-14,1269.421058436295
2016-10-17,1252.6512329408085
2016-10-18,1281.0745941440769
2016-10-19,1282.4772960089401
2016-10-20,1280.8593247219308
2016-10-21,1279.996678270312
2016-10-24,1274.95602951899
2016-10-25,1268.8270292363718
2016-10-26,1264.313369435997
2016-10-27,1258.0590571961018
2016-10-28,1255.0600900507955
2016-10-31,1252.7267880542245
2016-11-01,1237.124847440524
2016-11-02,1226.5616339254573
2016-11-03,1242.7052248983855
2016-11-04,1225.5328860733325
2016-11-07,1236.478745700862
2016-11-08,1238.7826956465783
2016-11-09,1266.2041644238295
2016-11-10,1268.2601559421
2016-11-11,1264.8761056241651
2016-11-14,1267.6898120247913
2016-11-15,1267.6684830299594
2016-11-16,1272.0454081311193
2016-11-17,1281.8890301847566
2016-11-18,1280.920383362439
2016-11-21,1285.1976853016652
2016-11-22,1292.8251630362493
2016-11-23,1293.2190449035043
2016-11-24,1298.3008670874315
2016-11-25,1294.5755647528968
2016-11-28,1288.0459153111954
2016-11-29,1293.6362855982927
2016-11-30,1291.1379948229517
2016-12-01,1292.175265080524
2016-12-02,1290.245659454441
2016-12-05,1288.8667235507276
2016-12-06,1291.5864124445334
2016-12-07,1291.290140253744
2016-12-08,1307.9524693547455
2016-12-09,1325.210700158294
2016-12-12,1312.2260573921092
2016-12-13,1324.214192875245
2016-12-14,1322.8681131773171
2016-12-15,1328.3026340573624
2016-12-16,1334.2920026589072
2016-12-19,1329.9374867237666
2016-12-20,1335.2853671948487
2016-12-21,1329.2031601930062
2016-12-22,1326.1028272036858
2016-12-23,1324.722611884768
2016-12-26,1324.7226118847684
2016-12-27,1325.2740745121068
2016-12-28,1333.9403249337638
2016-12-29,1325.5413514039203
2016-12-30,1338.3075371797668
2017-01-02,1338.3075371797665
2017-01-03,1350.7354735579704
2017-01-04,1346.772640022757
2017-01-05,1350.7730644582678
2017-01-06,1344.2949598422786
2017-01-09,1331.5350800211158
2017-01-10,1331.9317997922951
2017-01-11,1332.766654015654
2017-01-12,1325.5561487996065
2017-01-13,1334.4756867563924
2017-01-16,1319.7021146692514
2017-01-17,1333.0220205118678
2017-01-18,1327.5036142686588
2017-01-19,1327.2650073771224
2017-01-20,1316.832609444575
2017-01-23,1323.0825242909707
2017-01-24,1324.30418347339
2017-01-25,1338.0759952420167
2017-01-26,1340.3942151175208
2017-01-27,1336.4086696769264
2017-01-30,1327.4468145556368
2017-01-31,1320.9750365770462
2017-02-01,1337.8073802523531
2017-02-02,1324.5866176464167
2017-02-03,1335.7558150832447
2017-02-06,1330.9258035241153
2017-02-07,1348.4081137483638
2017-02-08,1364.1450801137012
2017-02-09,1374.2084425970443
2017-02-10,1376.5226491472454
2017-02-13,1382.4334346574135
2017-02-14,1382.7634797455473
2017-02-15,1384.6076345309098
2017-02-16,1377.0301792689797
2017-02-17,1383.1575219174374
2017-02-20,1385.2401663014439
2017-02-21,1396.8949546681913
2017-02-22,1399.532845035318
2017-02-23,1403.6530885752773
2017-02-24,1395.4834673195312
2017-02-27,1389.1023014297114
2017-02-28,1388.7424009898352
2017-03-01,1400.1216147357327
2017-03-02,1398.6891015395531
2017-03-03,1386.7558964446393
2017-03-06,1381.7916655361853
2017-03-07,1374.8911882861044
2017-03-08,1374.9359993024193
2017-03-09,1373.8882549436291
2017-03-10,1366.1030333283518
2017-03-13,1377.1001883002589
2017-03-14,1372.0954261046631
2017-03-15,1381.0263169349944
2017-03-16,1390.544794096518
2017-03-17,1389.2735058446483
2017-03-20,1391.9477822867727
2017-03-21,1390.99159700436
2017-03-22,1379.4172663063819
2017-03-23,1394.0531404048006
2017-03-24,1387.2249471269206
2017-03-27,1382.6477110673252
2017-03-28,1386.8656473852905
2017-03-29,1390.7864421800705
2017-03-30,1402.5669104889253
2017-03-31,1406.7173544558893
2017-04-03,1402.3171387468012
2017-04-04,1403.6275040899898
2017-04-05,1407.6326397924513
2017-04-06,1411.0695135242674
2017-04-07,1413.4217377101695
2017-04-10,1420.71266516065
2017-04-11,1428.1932392563526
2017-04-12,1436.3558337891616
2017-04-13,1439.8470542111693
2017-04-14,1439.8470542111693
2017-04-17,1443.3589288567362
2017-04-18,1433.7848371186867
2017-04-19,1437.3619155928047
2017-04-20,1434.4510757026508
2017-04-21,1438.3143460460562
2017-04-24,1441.0088946812075
2017-04-25,1437.8349881414333
2017-04-26,1454.0693159415328
2017-04-27,1457.6399717797008
2017-04-28,1450.7377033733655
2017-05-01,1446.0103907719124
2017-05-02,1462.4163987798888
2017-05-03,1456.6876045127033
2017-05-04,1455.3585311681554
2017-05-05,1461.575827670458
2017-05-08,1468.2202661205058
2017-05-09,1483.207703551941
2017-05-10,1492.3540701157763
2017-05-11,1482.1699978464528
2017-05-12,1479.9942246397611
2017-05-15,1475.9230458168608
2017-05-16,1470.6726389936177
2017-05-17,1463.4647141009452
2017-05-18,1464.1966958679886
2017-05-19,1464.4011963787173
2017-05-22,1462.286834818708
2017-05-23,1458.6386738961492
2017-05-24,1466.6640609183023
2017-05-25,1464.7175450369361
2017-05-26,1454.3418841398184
2017-05-29,1461.1121854623789
2017-05-30,1460.6950926317033
2017-05-31,1458.0721423630832
2017-06-01,1464.7525301693065
2017-06-02,1459.0418411196576
2017-06-05,1460.6226115631118
2017-06-06,1444.5677568671035
2017-06-07,1446.5265270456593
2017-06-08,1448.253919600223
2017-06-09,1439.3032505246447
2017-06-12,1425.3213903200724
2017-06-13,1435.256077196127
2017-06-14,1435.682469174019
2017-06-15,1429.8313751024057
2017-06-16,1442.1951591520483
2017-06-19,1447.9517313689435
2017-06-20,1433.7719234231668
2017-06-21,1431.3311496266374
2017-06-22,1427.3439538897399
2017-06-23,1430.9072193352606
2017-06-26,1432.9126314968778
2017-06-27,1416.6989678164437
2017-06-28,1419.784240037868
2017-06-29,1403.6656192406842
2017-06-30,1404.818546733009
2017-07-03,1405.9301231792138
2017-07-04,1406.377750912938
2017-07-05,1414.854429789876
2017-07-06,1401.7487826873676
2017-07-07,1399.1343258269446
2017-07-10,1397.3663631331087
2017-07-11,1379.218036261136
2017-07-12,1395.338741844549
2017-07-13,1407.7163902034117
2017-07-14,1413.6125040096565
2017-07-17,1414.0187604127102
2017-07-18,1397.2787317657544
2017-07-19,1416.0886956278016
2017-07-20,1404.905151364316
2017-07-21,1400.395288954261
2017-07-24,1392.2480544234463
2017-07-25,1395.854745875714
2017-07-26,1408.2312708241154
2017-07-27,1415.520152193992
2017-07-28,1395.9245567568748
2017-07-31,1403.0710192582715
2017-08-01,1412.898841602868
2017-08-02,1401.8299403573944
2017-08-03,1398.9778441136384
2017-08-04,1405.345513215702
2017-08-07,1401.4303418015702
2017-08-08,1402.0960809910312
2017-08-09,1397.4256431166227
2017-08-10,1386.0326739842822
2017-08-11,1367.8113880116478
2017-08-14,1380.4656325251763
2017-08-15,1377.8078759972384
2017-08-16,1390.250762281448
2017-08-17,1382.452407415897
2017-08-18,1366.9624742595217
2017-08-21,1362.5699184496452
2017-08-22,1371.8534484384077
2017-08-23,1356.3111239039174
2017-08-24,1360.9875481097638
2017-08-25,1359.7780116839228
2017-08-28,1355.5758134125033
2017-08-29,1338.0060064685272
2017-08-30,1351.2661646211366
2017-08-31,1363.562126873265
2017-09-01,1374.1412704327465
2017-09-04,1362.06491256889
2017-09-05,1364.0362160583059
2017-09-06,1360.6422790285621
2017-09-07,1362.4069657653963
2017-09-08,1366.2339702046042
2017-09-11,1377.2622655236617
2017-09-12,1385.714322068499
2017-09-13,1380.472113000327
2017-09-14,1385.5031011138485
2017-09-15,1385.3189498172342
2017-09-18,1386.387253016797
2017-09-19,1384.5965480468944
2017-09-20,1386.993666708466
2017-09-21,1387.7982431845485
2017-09-22,1388.1640294454935
2017-09-25,1395.351373651313
2017-09-26,1393.3238282702
2017-09-27,1398.0300047534506
2017-09-28,1403.7420068022764
2017-09-29,1408.2251493609217
2017-10-02,1415.54894236063
2017-10-03,1411.7340294868409
2017-10-04,1413.655601483839
2017-10-05,1411.4576969469608
2017-10-06,1404.5375862414169
2017-10-09,1409.792978283246
2017-10-10,1413.0662615845501
2017-10-11,1406.9506170704399
2017-10-12,1413.3908100271199
2017-10-13,1429.1328605793894
2017-10-16,1424.9577876215876
2017-10-17,1412.9390107230302
2017-10-18,1416.5994821073632
2017-10-19,1403.0099504897412
2017-10-20,1408.0965920729964
2017-10-23,1412.1769385892237
2017-10-24,1399.7104079433814
2017-10-25,1398.5652141049115
2017-10-26,1413.4574490754753
2017-10-27,1421.9123957847237
2017-10-30,1425.8347846980057
2017-10-31,1435.3936735632205
2017-11-01,1430.492129323596
2017-11-02,1411.3363216334053
2017-11-03,1421.3887768822317
2017-11-06,1429.000732464248
2017-11-07,1422.6373834352185
2017-11-08,1417.699870965345
2017-11-09,1402.8926886359668
2017-11-10,1403.3639314308587
2017-11-13,1379.6161270431828
2017-11-14,1375.5115196908757
2017-11-15,1367.0926447417303
2017-11-16,1387.0458316265297
2017-11-17,1384.4410327902117
2017-11-20,1395.6399328936345
2017-11-21,1399.1278800191456
2017-11-22,1401.4970713808325
2017-11-23,1397.9314956156413
2017-11-24,1389.708738664941
2017-11-27,1387.6973122852935
2017-11-28,1396.9740936586513
2017-11-29,1414.8490595679982
2017-11-30,1412.4060834150296
2017-12-01,1402.9842450069434
2017-12-04,1409.310894528297
2017-12-05,1408.3536038321313
2017-12-06,1405.5216184379115
2017-12-07,1406.3540457181648
2017-12-08,1421.543713799645
2017-12-11,1419.241913224059
2017-12-12,1424.8765450938947
2017-12-13,1424.1348310576143
2017-12-14,1422.6570328651007
2017-12-15,1418.6966083503542
2017-12-18,1432.6497523794692
2017-12-19,1431.644165364307
2017-12-20,1424.465533415973
2017-12-21,1430.1064189088756
2017-12-22,1437.341344903014
2017-12-25,1437.341344903014
2017-12-26,1433.532336987368
2017-12-27,1438.9325331796554
2017-12-28,1438.5436650612135
2017-12-29,1447.8492824930634
2018-01-01,1447.8492824930634
2018-01-02,1437.9646116609672
2018-01-03,1434.7500735299104
2018-01-04,1436.7321060344157
2018-01-05,1452.4201716140622
2018-01-08,1453.8003703887307
2018-01-09,1458.3522357021293
2018-01-10,1447.5687189495693
2018-01-11,1437.788237779474
2018-01-12,1447.4155355078121
2018-01-15,1442.1190860173137
2018-01-16,1447.0072165655206
2018-01-17,1444.8691228283344
2018-01-18,1447.8339524247797
2018-01-19,1450.5749418654952
2018-01-22,1453.9148144229919
2018-01-23,1456.9753230849076
2018-01-24,1455.7571525248609
2018-01-25,1444.913145374362
2018-01-26,1450.0192580333328
2018-01-29,1446.565378345953
2018-01-30,1433.2700358230777
2018-01-31,1430.966255238523
2018-02-01,1426.2098063320807
2018-02-02,1410.1457549957304
2018-02-05,1377.230583362863
2018-02-06,1339.663323725712
2018-02-07,1372.272341992413
2018-02-08,1362.289721177815
2018-02-09,1331.7294485666466
2018-02-12,1343.6108344678132
2018-02-13,1337.3304101995757
2018-02-14,1346.7536542478163
2018-02-15,1357.1083920170859
2018-02-16,1373.551162314305
2018-02-19,1360.4904237674323
2018-02-20,1373.9490678447478
2018-02-21,1375.6240292136335
2018-02-22,1370.7520542282357
2018-02-23,1376.2631221556342
2018-02-26,1379.0922562268868
2018-02-27,1377.0889528003581
2018-02-28,1359.5061576161597
2018-03-01,1345.4006621442297
2018-03-02,1323.7864814793213
2018-03-05,1339.9416319643615
2018-03-06,1343.008584486339
2018-03-07,1349.027852744242
2018-03-08,1365.8600259331447
2018-03-09,1375.3454991665817
2018-03-12,1378.3026799505617
2018-03-13,1361.413867279088
2018-03-14,1362.3353826867449
2018-03-15,1370.6333763223943
2018-03-16,1371.2961322129559
2018-03-19,1364.8290665519637
2018-03-20,1371.9101191113261
2018-03-21,1372.1616789807968
2018-03-22,1356.5128000157144
2018-03-23,1349.1967828984837
2018-03-26,1337.7702540548537
2018-03-27,1353.653026375413
2018-03-28,1368.9912439618072
2018-03-29,1369.4164652506072
2018-03-30,1369.4164652506072
2018-04-02,1370.6310536735673
2018-04-03,1365.2653019488941
2018-04-04,1366.0177633931182
2018-04-05,1393.9844047279823
2018-04-06,1399.7284061098821
2018-04-09,1400.4843418134378
2018-04-10,1409.8929764962784
2018-04-11,1406.287802410826
2018-04-12,1423.2649939351397
2018-04-13,1425.8109495711494
2018-04-16,1420.7845427019759
2018-04-17,1426.858092225764
2018-04-18,1429.6496808858074
2018-04-19,1438.2289558886891
2018-04-20,1431.1289724445157
2018-04-23,1434.267739125006
2018-04-24,1436.437454459801
2018-04-25,1427.6398336663947
2018-04-26,1445.2692874063878
2018-04-27,1447.3120555327175
2018-04-30,1452.2537320963916
2018-05-01,1449.7513424258998
2018-05-02,1457.3843524847714
2018-05-03,1441.9786750969813
2018-05-04,1450.7247626638925
2018-05-07,1458.2074470409182
2018-05-08,1470.6751260434062
2018-05-09,1483.973088816357
2018-05-10,1479.7213942503413
2018-05-11,1484.6876225551284
2018-05-14,1480.5135536317432
2018-05-15,1482.3178270598382
2018-05-16,1492.2988492931304
2018-05-17,1504.441034986154
2018-05-18,1506.0699238567458
2018-05-21,1514.6665455771106
2018-05-22,1516.850730752833
2018-05-23,1504.9185241374169
2018-05-24,1496.9584715911853
2018-05-25,1506.0939948209939
2018-05-28,1508.8472508605896
2018-05-29,1489.144528465281
2018-05-30,1487.7435099574766
2018-05-31,1480.3399506460871
2018-06-01,1490.2918628451887
2018-06-04,1496.284966310327
2018-06-05,1493.1328194881191
2018-06-06,1493.3479042494819
2018-06-07,1484.3286102056416
2018-06-08,1485.9744691421429
2018-06-11,1491.1270065248739
2018-06-12,1487.5218052383655
2018-06-13,1491.2642043911364
2018-06-14,1513.0689413202842
2018-06-15,1490.6196046204723
2018-06-18,1482.087998211006
2018-06-19,1473.9542212324786
2018-06-20,1477.877737423185
2018-06-21,1471.9529220371837
2018-06-22,1488.225620731401
2018-06-25,1458.567820145959
2018-06-26,1460.674790038892
2018-06-27,1468.7524761895522
2018-06-28,1458.4860077852513
2018-06-29,1467.3668001602493
2018-07-02,1453.149246780196
2018-07-03,1463.2181330526055
2018-07-04,1466.491894507572
2018-07-05,1462.6624125462201
2018-07-06,1466.0454127124967
2018-07-09,1472.5259489870978
2018-07-10,1479.2973361680183
2018-07-11,1463.5892978562663
2018-07-12,1474.6402298119046
2018-07-13,1476.596731963046
2018-07-16,1469.5909198531872
2018-07-17,1469.5304626958334
2018-07-18,1467.3501435027893
2018-07-19,1464.9934105698349
2018-07-20,1463.888859982594
2018-07-23,1455.3754349640426
2018-07-24,1465.2959937244264
2018-07-25,1460.4667228443068
2018-07-26,1464.965944143877
2018-07-27,1474.8586209273567
2018-07-30,1469.896840440701
2018-07-31,1469.211003907693
2018-08-01,1462.4608232005849
2018-08-02,1447.494383013281
2018-08-03,1464.124307232747
2018-08-06,1462.191013675047
2018-08-07,1462.7213258629004
2018-08-08,1464.1902827856777
2018-08-09,1469.2092653540842
2018-08-10,1463.750167734568
2018-08-13,1461.6215332577829
2018-08-14,1458.7903031845124
2018-08-15,1441.2828430554298
2018-08-16,1449.9719234454308
2018-08-17,1448.3267775766894
2018-08-20,1453.1487096256196
2018-08-21,1454.3102595763976
2018-08-22,1450.1494441513107
2018-08-23,1446.0543092459818
2018-08-24,1443.644877317998
2018-08-27,1441.8492886696392
2018-08-28,1448.574183133619
2018-08-29,1454.1360913463664
2018-08-30,1451.969656560969
2018-08-31,1446.6561145763917
2018-09-03,1443.830197085875
2018-09-04,1433.9458061698997
2018-09-05,1425.5647289971191
2018-09-06,1418.9366739725797
2018-09-07,1419.5871219031783
2018-09-10,1429.4771519140704
2018-09-11,1430.0136271408815
2018-09-12,1429.6551446432468
2018-09-13,1425.1429440468876
2018-09-14,1431.5330313057973
2018-09-17,1437.141564995448
2018-09-18,1434.3178028854372
2018-09-19,1437.9799522997678
2018-09-20,1446.539583516972
2018-09-21,1440.693722608092
2018-09-24,1433.3209343970557
2018-09-25,1436.0918903831182
2018-09-26,1445.3266392910245
2018-09-27,1451.504884857102
2018-09-28,1443.373407157419
2018-10-01,1444.61044499242
2018-10-02,1429.8687410868124
2018-10-03,1443.6329888947048
2018-10-04,1425.7932470420412
2018-10-05,1418.7145376271571
2018-10-08,1402.7199764992183
2018-10-09,1400.5305267343438
2018-10-10,1384.3435572783346
2018-10-11,1357.2677846187391
2018-10-12,1355.946704097972
2018-10-15,1349.6339141991186
2018-10-16,1374.724826796613
2018-10-17,1364.1369083811587
2018-10-18,1358.7443701912557
2018-10-19,1351.3159559521137
2018-10-22,1344.3167497260583
2018-10-23,1327.7161040237902
2018-10-24,1333.3520814488368
2018-10-25,1331.0308673400634
2018-10-26,1317.0766692073998
2018-10-29,1331.028692077187
2018-10-30,1327.951076737838
2018-10-31,1352.2236033300348
2018-11-01,1377.450644439291
2018-11-02,1385.8748866045207
2018-11-05,1375.9610715610127
2018-11-06,1371.6594395419754
2018-11-07,1381.2912024327081
2018-11-08,1391.4225537013126
2018-11-09,1384.67771779197
2018-11-12,1369.0143892528572
2018-11-13,1391.901356273932
2018-11-14,1393.6802150055657
2018-11-15,1355.7848451290172
2018-11-16,1344.987545625512
2018-11-19,1338.1107940200764
2018-11-20,1328.0503709330596
2018-11-21,1343.593304060258
2018-11-22,1342.6988084183251
2018-11-23,1350.9546018860478
2018-11-26,1370.6500582424765
2018-11-27,1366.8448644033426
2018-11-28,1367.0950753576114
2018-11-29,1357.7302629757094
2018-11-30,1349.1148704325433
2018-12-03,1354.1305104659677
2018-12-04,1339.8529767856508
2018-12-05,1331.106485665888
2018-12-06,1292.2844858683006
2018-12-07,1297.8315226538832
2018-12-10,1257.5384652926846
2018-12-11,1278.1669960780605
2018-12-12,1304.2975687685737
2018-12-13,1297.3368357524769
2018-12-14,1289.830699550111
2018-12-17,1269.909289673791
2018-12-18,1260.919356043225
2018-12-19,1265.9788732725399
2018-12-20,1260.9428594643712
2018-12-21,1261.5749403088284
2018-12-24,1258.0127708573132
2018-12-25,1258.0127708573132
2018-12-26,1254.2208895681006
2018-12-27,1233.2194401445925
2018-12-28,1261.6260034050463
2018-12-31,1269.3269295082741
2019-01-01,1269.3269295082741
2019-01-02,1266.3728550093265
2019-01-03,1249.289001106934
2019-01-04,1286.429404600866
2019-01-07,1289.7128903520636
2019-01-08,1304.4723370113745
2019-01-09,1310.0722783716767
2019-01-10,1317.9759192293163
2019-01-11,1330.2208035863168
2019-01-14,1329.4826963058015
2019-01-15,1327.847390474127
2019-01-16,1338.6161585362975
2019-01-17,1341.9113271149934
2019-01-18,1366.036026964286
2019-01-21,1365.143707997217
2019-01-22,1368.9489257687937
2019-01-23,1367.8277761194508
2019-01-24,1365.1864860932415
2019-01-25,1369.0283544297374
2019-01-28,1354.8556912632807
2019-01-29,1369.411297678525
2019-01-30,1373.6469980250076
2019-01-31,1367.839906950561
2019-02-01,1373.2454454023862
2019-02-04,1380.7925628315463
2019-02-05,1387.4918509747156
2019-02-06,1393.163078163536
2019-02-07,1378.1063641378018
2019-02-08,1372.1612206134982
2019-02-11,1385.0659679035123
2019-02-12,1382.3933469868482
2019-02-13,1394.3262656346656
2019-02-14,1383.1176978753883
2019-02-15,1394.8311262742461
2019-02-18,1402.785698120644
2019-02-19,1403.942285691668
2019-02-20,1409.303801689182
2019-02-21,1410.1233861026415
2019-02-22,1410.936005175745
2019-02-25,1411.3279813107533
2019-02-26,1426.6445214582184
2019-02-27,1418.0861364031816
2019-02-28,1417.119251680451
2019-03-01,1420.3297481133916
2019-03-04,1425.8396807354848
2019-03-05,1428.5456876879305
2019-03-06,1428.206782611566
2019-03-07,1424.3318363269334
2019-03-08,1403.6303333704268
2019-03-11,1417.6773132432093
2019-03-12,1415.9876827853543
2019-03-13,1428.7532671392057
2019-03-14,1446.2202933951764
2019-03-15,1457.2675532448386
2019-03-18,1455.760333555601
2019-03-19,1463.8128723022517
2019-03-20,1442.8056993468808
2019-03-21,1435.8867239886065
2019-03-22,1436.2336358148898
2019-03-25,1416.5705653536684
2019-03-26,1430.3895127237306
2019-03-27,1433.3988516098866
2019-03-28,1426.5647723010538
2019-03-29,1431.9167279648716
2019-04-01,1454.5655170671535
2019-04-02,1458.4679191699804
2019-04-03,1482.7258996292508
2019-04-04,1476.0680356973546
2019-04-05,1469.700541973859
2019-04-08,1464.6920672547599
2019-04-09,1458.1709916710042
2019-04-10,1462.4086856819226
2019-04-11,1466.7073491772474
2019-04-12,1467.4709300886398
2019-04-15,1476.1171998199302
2019-04-16,1480.1346873204425
2019-04-17,1480.9036276520676
2019-04-18,1486.6302083119353
2019-04-19,1486.6302083119351
2019-04-22,1481.4582280956404
2019-04-23,1490.2752442759288
2019-04-24,1493.2987415430314
2019-04-25,1491.1598475471742
2019-04-26,1500.4248828934744
2019-04-29,1501.7547516217137
2019-04-30,1503.1647835943393
2019-05-01,1504.5438062516507
2019-05-02,1498.011806794232
2019-05-03,1511.161276167762
2019-05-06,1507.0408730536178
2019-05-07,1485.4493731931616
2019-05-08,1478.7674177683766
2019-05-09,1461.5084845279982
2019-05-10,1465.105870760573
2019-05-13,1443.0144323174034
2019-05-14,1451.480726926497
2019-05-15,1451.6085010232307
2019-05-16,1459.5953650468437
2019-05-17,1450.777830205778
2019-05-20,1438.8173411501907
2019-05-21,1447.0753371974238
2019-05-22,1436.6237266948228
2019-05-23,1416.1324888343884
2019-05-24,1421.6020184454826
2019-05-27,1421.7246544922868
2019-05-28,1427.5320088668109
2019-05-29,1410.7208936966101
2019-05-30,1420.6706566827074
2019-05-31,1411.2418332873585
2019-06-03,1402.9669149182632
2019-06-04,1413.0092099723117
2019-06-05,1423.9000980878038
2019-06-06,1419.807329135833
2019-06-07,1431.0957020570963
2019-06-10,1430.8157815703632
2019-06-11,1437.5669258952755
2019-06-12,1437.8286062288148
2019-06-13,1437.6992228449765
2019-06-14,1429.455353019537
2019-06-17,1427.2700682841141
2019-06-18,1445.1623711830573
2019-06-19,1444.382194738508
2019-06-20,1447.302300632267
2019-06-21,1440.9728288975732
2019-06-24,1435.9172939009575
2019-06-25,1435.215952606881
2019-06-26,1427.6494436382277
2019-06-27,1432.6379518578885
2019-06-28,1444.8086643280528
2019-07-01,1454.44709274671
2019-07-02,1462.9529576544192
2019-07-03,1475.0323862765204
2019-07-04,1478.5021149170236
2019-07-05,1467.1025088744375
2019-07-08,1464.678925293977
2019-07-09,1454.8832843014554
2019-07-10,1447.3539234549235
2019-07-11,1451.7701043195502
2019-07-12,1458.1562271142764
2019-07-15,1455.8352816891147
2019-07-16,1457.181322834016
2019-07-17,1453.208364214121
2019-07-18,1452.797010793798
2019-07-19,1456.7887799888317
2019-07-22,1454.6248319526162
2019-07-23,1464.3827606200564
2019-07-24,1474.3729565919969
2019-07-25,1462.654720892518
2019-07-26,1471.2680751424707
2019-07-29,1473.3425088145395
2019-07-30,1450.56889182965
2019-07-31,1450.8040638287239
2019-08-01,1456.7421867862479
2019-08-02,1412.425895068685
2019-08-05,1367.9767210889318
2019-08-06,1365.3294443847578
2019-08-07,1366.1863210070828
2019-08-08,1384.0225197485827
2019-08-09,1372.634097972757
2019-08-12,1363.8205266987761
2019-08-13,1368.3793881953063
2019-08-14,1354.506740119522
2019-08-15,1354.301289110283
2019-08-16,1372.3114358251667
2019-08-19,1387.3202742123397
2019-08-20,1377.1883609683268
2019-08-21,1392.51695600699
2019-08-22,1400.7296008918463
2019-08-23,1396.4856711066654
2019-08-26,1389.9439423500999
2019-08-27,1404.5741456763603
2019-08-28,1397.2278468481002
2019-08-29,1408.491878366639
2019-08-30,1420.5413784871055
2019-09-02,1423.5853917032443
2019-09-03,1426.9104671278649
2019-09-04,1440.2449355577849
2019-09-05,1455.385516647197
2019-09-06,1458.0573838157784
2019-09-09,1452.3397041863984
2019-09-10,1458.1404270682997
2019-09-11,1480.6066879055704
2019-09-12,1474.82455839287
2019-09-13,1497.3027520035666
2019-09-16,1491.777444810752
2019-09-17,1492.3547849164033
2019-09-18,1486.7503715849386
2019-09-19,1494.4614290126863
2019-09-20,1499.9255267378433
2019-09-23,1488.0663713345725
2019-09-24,1490.3392648641488
2019-09-25,1476.0842147588553
2019-09-26,1487.1243441375234
2019-09-27,1495.9046658287466
2019-09-30,1499.844905514567
2019-10-01,1476.3583626712286
2019-10-02,1439.4255256345004
2019-10-03,1437.8713590531156
2019-10-04,1440.53527973803
2019-10-07,1445.2704609189016
2019-10-08,1423.2655290677437
2019-10-09,1421.963407232388
2019-10-10,1433.476968638334
2019-10-11,1514.758817518945
2019-10-14,1495.7296284875076
2019-10-15,1530.345515359312
2019-10-16,1523.8856287527035
2019-10-17,1525.4179767381809
2019-10-18,1525.5710092434606
2019-10-21,1536.3959781898168
2019-10-22,1533.5497806644719
2019-10-23,1535.5134901974982
2019-10-24,1539.4819859901818
2019-10-25,1532.6112605920355
2019-10-28,1541.660936524528
2019-10-29,1540.8047268129762
2019-10-30,1537.368131907643
2019-10-31,1533.4174914763744
2019-11-01,1540.1763808465626
2019-11-04,1545.9322439600528
2019-11-05,1557.9283920398443
2019-11-06,1558.2965150599277
2019-11-07,1562.2861561241136
2019-11-08,1552.5928433242068
2019-11-11,1555.6250980798677
2019-11-12,1561.2857910951097
2019-11-13,1555.6215564402744
2019-11-14,1551.2703525749569
2019-11-15,1554.5788436997386
2019-11-18,1558.0782973911603
2019-11-19,1558.3179350911118
2019-11-20,1544.5659391564254
2019-11-21,1534.847488732169
2019-11-22,1546.5362810154072
2019-11-25,1578.4145900850192
2019-11-26,1580.046220609631
2019-11-27,1599.8043989959635
2019-11-28,1603.2863253401613
2019-11-29,1590.0999643886696
2019-12-02,1561.416520075847
2019-12-03,1545.3342482797148
2019-12-04,1570.037146158825
2019-12-05,1573.3257300255289
2019-12-06,1593.167763494991
2019-12-09,1593.30528148743
2019-12-10,1586.828949927278
2019-12-11,1586.5068534965433
2019-12-12,1586.0120133221747
2019-12-13,1656.0111848448216
2019-12-16,1690.619861150621
2019-12-17,1648.9509257100497
2019-12-18,1643.932058720898
2019-12-19,1640.9407633324797
2019-12-20,1651.336035078813
2019-12-23,1647.9418072901108
2019-12-24,1657.5767590817811
2019-12-25,1657.5767590817811
2019-12-26,1660.9709467157372
2019-12-27,1667.2391594842857
2019-12-30,1652.915526786365
2019-12-31,1658.0704571930262
2020-01-01,1658.0704571930262
2020-01-02,1667.0021393760546
2020-01-03,1650.624617530025
2020-01-06,1642.06979049146
2020-01-07,1645.5392466747096
2020-01-08,1641.7817073335937
2020-01-09,1644.1764220826462
2020-01-10,1637.8481240782849
2020-01-13,1630.728329215697
2020-01-14,1640.9563052814417
2020-01-15,1639.3283689757627
2020-01-16,1642.507755302048
2020-01-17,1656.9992643246985
2020-01-20,1649.2111302949315
2020-01-21,1651.031117370338
2020-01-22,1666.4736671040246
2020-01-23,1654.056446614182
2020-01-24,1672.2181998839183
2020-01-27,1636.3890993743628
2020-01-28,1646.7915998027268
2020-01-29,1652.0438259390398
2020-01-30,1645.6175639698122
2020-01-31,1632.2193291252447
2020-02-03,1625.3115162202846
2020-02-04,1649.5177084862833
2020-02-05,1660.202878295777
2020-02-06,1662.740828033108
2020-02-07,1660.3823214701924
2020-02-10,1662.5700212082425
2020-02-11,1677.5131655392236
2020-02-12,1693.799848343592
2020-02-13,1700.7587068204812
2020-02-14,1701.5572215233767
2020-02-17,1706.091430808577
2020-02-18,1708.238059608722
2020-02-19,1716.5829831107208
2020-02-20,1701.897274020663
2020-02-21,1698.2724836309678
2020-02-24,1641.596187027079
2020-02-25,1616.7652198978737
2020-02-26,1601.4449929990176
2020-02-27,1522.5426496385405
2020-02-28,1465.525997054786
2020-03-02,1449.9192954438777
2020-03-03,1470.015147961261
2020-03-04,1494.4370546412508
2020-03-05,1476.421762032089
2020-03-06,1425.5534177379252
2020-03-09,1325.3024798869874
2020-03-10,1308.6339193239608
2020-03-11,1290.8461751187285
2020-03-12,1146.1274411948762
2020-03-13,1152.894394975633
2020-03-16,1076.0685989048222
2020-03-17,1087.5866675564646
2020-03-18,1041.2587159815766
2020-03-19,1050.0427400585597
2020-03-20,1072.4254157342893
2020-03-23,993.4809612805883
2020-03-24,1090.5187560665104
2020-03-25,1137.4719587179252
2020-03-26,1201.8803749914673
2020-03-27,1167.8681088896394
2020-03-30,1173.1619733008288
2020-03-31,1192.1099057211404
2020-04-01,1146.0691814814638
2020-04-02,1137.9249365519875
2020-04-03,1118.4370337591608
2020-04-06,1168.2954928112754
2020-04-07,1201.1262889372647
2020-04-08,1215.270156839695
2020-04-09,1249.0853358683473
2020-04-10,1249.0853358683478
2020-04-13,1256.9582434548433
2020-04-14,1245.6701832006308
2020-04-15,1196.203450048245
2020-04-16,1205.1090575219957
2020-04-17,1243.1920808610912
2020-04-20,1248.4868344844838
2020-04-21,1195.927849171217
2020-04-22,1228.87219420991
2020-04-23,1244.7084274082426
2020-04-24,1229.8176596707
2020-04-27,1252.759072444774
2020-04-28,1282.3723019115785
2020-04-29,1316.442786016422
2020-04-30,1286.5511420265666
2020-05-01,1250.9483181645282
2020-05-04,1241.41649439998
2020-05-05,1264.809135896222
2020-05-06,1260.6571941587354
2020-05-07,1278.3984309499342
2020-05-08,1284.5055822046265
2020-05-11,1281.1977058241985
2020-05-12,1281.5605907612658
2020-05-13,1255.0694915943614
2020-05-14,1221.3344520339997
2020-05-15,1224.699593260783
2020-05-18,1272.8088085734473
2020-05-19,1266.615458137976
2020-05-20,1269.407011190503
2020-05-21,1268.9073529772143
2020-05-22,1269.2172338958035
2020-05-25,1269.5443180187178
2020-05-26,1301.7178904526547
2020-05-27,1303.409721283306
2020-05-28,1327.3073391808102
2020-05-29,1301.6040745748637
2020-06-01,1331.023963147716
2020-06-02,1342.9380334188327
2020-06-03,1379.3681256911275
2020-06-04,1356.7272742746272
2020-06-05,1399.5225546441882
2020-06-08,1396.0484032532624
2020-06-09,1359.0070052546605
2020-06-10,1358.9618870710196
2020-06-11,1293.5578429745726
2020-06-12,1305.818022110264
2020-06-15,1302.6565102872366
2020-06-16,1342.8613697605037
2020-06-17,1349.9652850838322
2020-06-18,1333.508343100978
2020-06-19,1342.5351386596267
2020-06-22,1338.2272538199609
2020-06-23,1348.025188124682
2020-06-24,1304.3676320702903
2020-06-25,1313.1888320579537
2020-06-26,1309.1869321260956
2020-06-29,1310.7864151125152
2020-06-30,1317.6590489547136
2020-07-01,1321.7572651708242
2020-07-02,1340.9677723335444
2020-07-03,1324.6742876320288
2020-07-06,1341.3084926911522
2020-07-07,1331.6823383124795
2020-07-08,1318.9497370138142
2020-07-09,1309.117826618222
2020-07-10,1323.0083138119414
2020-07-13,1325.7625022091954
2020-07-14,1307.3881225040095
2020-07-15,1336.0784101153017
2020-07-16,1328.5934553794718
2020-07-17,1329.984856752206
2020-07-20,1337.3026207043285
2020-07-21,1347.953016698954
2020-07-22,1333.2679825934315
2020-07-23,1333.908789712816
2020-07-24,1314.437862806773
2020-07-27,1305.2567038314517
2020-07-28,1322.8536677425648
2020-07-29,1325.142190165489
2020-07-30,1301.1036258110782
2020-07-31,1294.8459236792028
2020-08-03,1324.1277221856565
2020-08-04,1324.131980698457
2020-08-05,1339.4410764820395
2020-08-06,1335.3315835898081
2020-08-07,1343.6013795060633
2020-08-10,1350.868692036215
2020-08-11,1368.4944563416698
2020-08-12,1381.8385530025769
2020-08-13,1371.6075637377633
2020-08-14,1356.7600428650844
2020-08-17,1356.3307422063858
2020-08-18,1351.1119545476154
2020-08-19,1356.3808642271463
2020-08-20,1345.7408252127314
2020-08-21,1344.1828974118625
2020-08-24,1355.6765088079915
2020-08-25,1348.7438873396077
2020-08-26,1365.698153136147
2020-08-27,1362.6563913766074
2020-08-28,1358.1306853846907
2020-08-31,1357.0758883850724
2020-09-01,1339.1723528682799
2020-09-02,1358.6740782677614
2020-09-03,1333.1557076105178
2020-09-04,1316.042965594589
2020-09-07,1338.1816348974203
2020-09-08,1328.4323131289993
2020-09-09,1334.9279657613995
2020-09-10,1313.7554311911838
2020-09-11,1312.2841372222824
2020-09-14,1318.6376822662353
2020-09-15,1330.600111002586
2020-09-16,1348.797887670631
2020-09-17,1340.0668794350527
2020-09-18,1327.0432387221122
2020-09-21,1273.2145682303
2020-09-22,1269.668759966488
2020-09-23,1294.4467984737062
2020-09-24,1279.5168423693053
2020-09-25,1288.9966250633033
2020-09-28,1322.7272017892797
2020-09-29,1310.2984418147573
2020-09-30,1318.9662310689341
2020-10-01,1322.3946204902159
2020-10-02,1339.4838687359345
2020-10-05,1344.3558797864139
2020-10-07,1338.6794767632175
2020-10-08,1349.182962088782
2020-10-09,1356.241683637083
2020-10-12,1367.331390543627
2020-10-13,1354.8166373075978
2020-10-14,1355.5471598513338
2020-10-15,1327.8163145287638
2020-10-16,1341.7716668616238
2020-10-19,1336.5207934620444
2020-10-20,1333.4138106898238
2020-10-21,1327.2607542810701
2020-10-22,1329.6951833346516
2020-10-23,1337.8996845647507
2020-10-26,1319.8550158111884
2020-10-27,1304.6389479945376
2020-10-28,1275.897591603503
2020-10-29,1266.756742660573
2020-10-30,1269.6171433029622
2020-11-02,1279.7611624292422
2020-11-03,1314.035783190308
2020-11-04,1331.743961479704
2020-11-05,1347.343177060915
2020-11-06,1343.1697828214303
2020-11-09,1412.714654998204
2020-11-10,1438.654143177495
2020-11-11,1458.2043406491905
2020-11-12,1443.360120546525
2020-11-13,1442.2066416275973
2020-11-16,1460.008358615264
2020-11-17,1456.728894660196
2020-11-18,1470.3573434700816
2020-11-19,1455.7252600225486
2020-11-20,1460.5164124712164
2020-11-23,1457.3372539763511
2020-11-24,1463.055734325073
2020-11-25,1455.513921752139
2020-11-26,1444.8125498786874
2020-11-27,1440.639424985293
2020-11-30,1429.6489631710904
2020-12-01,1446.7198508567708
2020-12-02,1441.937843250132
2020-12-03,1456.9469517793254
2020-12-04,1462.9722749818125
2020-12-07,1439.5080088621598
2020-12-08,1451.0699233407101
2020-12-09,1467.0419516441414
2020-12-10,1443.234345283268
2020-12-11,1429.0217025631187
2020-12-14,1448.343522203348
2020-12-15,1455.7243782086937
2020-12-16,1479.3131563129741
2020-12-17,1485.3991783522229
2020-12-18,1468.5564655976898
2020-12-21,1431.165200286048
2020-12-22,1449.0404627444761
2020-12-23,1484.1513349834229
2020-12-24,1492.8379189412306
2020-12-25,1492.8379189412306
2020-12-28,1478.983914507266
2020-12-29,1508.1818498562332
2020-12-30,1503.387034644664
2020-12-31,1497.6118365003379
2021-01-01,1497.6118365003379
2021-01-04,1501.475687111359
2021-01-05,1503.1165118626827
2021-01-06,1535.3062779561908
2021-01-07,1536.2717299761812
2021-01-08,1545.569118276316
2021-01-11,1530.1421260156599
2021-01-12,1530.5750466827992
2021-01-13,1534.5420434018054
2021-01-14,1550.807148693457
2021-01-15,1533.7636442815035
2021-01-18,1533.2942565593441
2021-01-19,1527.6101210923762
2021-01-20,1542.4605459312413
2021-01-21,1548.9525306955927
2021-01-22,1535.2259728171634
2021-01-25,1531.0013939116934
2021-01-26,1537.5865403754615
2021-01-27,1528.1304034322573
2021-01-28,1515.0199746297235
2021-01-29,1489.790702069676
2021-02-01,1511.11159877381
2021-02-02,1530.5202123748234
2021-02-03,1539.8152822307218
2021-02-04,1542.8959287755322
2021-02-05,1538.04972413267
2021-02-08,1536.9295237643214
2021-02-09,1538.5173742364927
2021-02-10,1533.2432963159038
2021-02-11,1537.623179738047
2021-02-12,1554.5188897565279
2021-02-15,1590.4802372109928
2021-02-16,1588.4373144927308
2021-02-17,1577.7196980064027
2021-02-18,1568.9365991792165
2021-02-19,1569.786421414459
2021-02-22,1563.121896071598
2021-02-23,1571.3911509856996
2021-02-24,1576.0110437078504
2021-02-25,1560.6407800495779
2021-02-26,1524.793425352343
2021-03-01,1554.6789337362302
2021-03-02,1558.6011427060305
2021-03-03,1571.5139737121617
2021-03-04,1572.9925702489068
2021-03-05,1555.203862684958
2021-03-08,1575.9828251111026
2021-03-09,1596.133669424206
2021-03-10,1595.5509167655348
2021-03-11,1599.1598486979135
2021-03-12,1595.356872520004
2021-03-15,1597.190865415165
2021-03-16,1624.7139718505896
2021-03-17,1610.21535679363
2021-03-18,1616.9616015309232
2021-03-19,1597.24560524983
2021-03-22,1599.3476514023375
2021-03-23,1600.603697297921
2021-03-24,1597.6222352479338
2021-03-25,1609.05539436732
2021-03-26,1623.0538990340772
2021-03-29,1625.0558025108962
2021-03-30,1630.8463437445391
2021-03-31,1626.2886894867886
2021-04-01,1643.5992745998492
2021-04-02,1643.5992745998492
2021-04-05,1646.899617674186
2021-04-06,1652.5274266401345
2021-04-07,1648.1331440346908
2021-04-08,1656.3324574977146
2021-04-09,1657.9063196399572
2021-04-12,1650.4163786451338
2021-04-13,1648.8661644513638
2021-04-14,1650.561448688277
2021-04-15,1665.5395053031887
2021-04-16,1672.2828373160944
2021-04-19,1685.7582450273324
2021-04-20,1652.6138425943884
2021-04-21,1657.6956458992613
2021-04-22,1662.0320382721713
2021-04-23,1655.4305555328501
2021-04-26,1662.3324331773233
2021-04-27,1657.2389295029361
2021-04-28,1654.583546657773
2021-04-29,1658.9198989955319
2021-04-30,1664.8530370794524
2021-05-03,1669.6506428593361
2021-05-04,1655.5559068736209
2021-05-05,1678.3957110178537
2021-05-06,1678.329739301392
2021-05-07,1688.9154349186235
2021-05-10,1702.8634754721443
2021-05-11,1663.076134787017
2021-05-12,1673.1072782802028
2021-05-13,1664.1320845933653
2021-05-14,1682.845596447963
2021-05-17,1677.4506675010737
2021-05-18,1676.6979760752806
2021-05-19,1659.7566723496136
2021-05-20,1683.5542266341229
2021-05-21,1685.4738959421982
2021-05-24,1688.850088990692
2021-05-25,1680.3762426188969
2021-05-26,1684.5797964284689
2021-05-27,1686.2218897403131
2021-05-28,1689.452067754859
2021-05-31,1687.5671721246663
2021-06-01,1689.9839670409494
2021-06-02,1697.1438002598989
2021-06-03,1692.8393801666289
2021-06-04,1698.9631324873774
2021-06-07,1700.7341302603425
2021-06-08,1701.8193826195625
2021-06-09,1688.8961581902572
2021-06-10,1693.5126029998753
2021-06-11,1708.973722206104
2021-06-14,1708.3827999811244
2021-06-15,1711.6576053802653
2021-06-16,1719.4989883903445
2021-06-17,1722.4266523338567
2021-06-18,1686.8788758736896
2021-06-21,1708.3654864967432
2021-06-22,1717.751569551944
2021-06-23,1709.6556831325688
2021-06-24,1705.9286984178714
2021-06-25,1709.2909962763163
2021-06-28,1698.4518276636206
2021-06-29,1697.151713500378
2021-06-30,1687.778681130505
2021-07-01,1700.5375510906867
2021-07-02,1706.4256236204633
2021-07-05,1721.7486750644796
2021-07-06,1713.6768402980622
2021-07-07,1727.0772100765078
2021-07-08,1686.5014445999993
2021-07-09,1714.1812448451142
2021-07-12,1727.1296301377467
2021-07-13,1727.154090001458
2021-07-14,1716.8992984611145
2021-07-15,1700.036669443622
2021-07-16,1696.4465270823832
2021-07-19,1645.8744291368346
2021-07-20,1652.5911503177074
2021-07-21,1685.2819855922637
2021-07-22,1696.4577451711361
2021-07-23,1715.2720117648319
2021-07-26,1710.0601860627753
2021-07-27,1703.531279962433
2021-07-28,1707.4684855468545
2021-07-29,1714.7303110473536
2021-07-30,1702.9820650123252
2021-08-02,1713.3089749070175
2021-08-03,1719.6582274751772
2021-08-04,1731.2885008843557
2021-08-05,1744.4818057683744
2021-08-06,1750.7820268690632
2021-08-09,1753.3972514259697
2021-08-10,1763.4753528691474
2021-08-11,1780.3077237453392
2021-08-12,1780.7865319938007
2021-08-13,1778.9466098202313
2021-08-16,1769.4218269644919
2021-08-17,1765.2099217656566
2021-08-18,1774.9027715562027
2021-08-19,1752.6010301829913
2021-08-20,1755.978511739548
2021-08-23,1762.4716088262965
2021-08-24,1764.0822084571666
2021-08-25,1770.3099071345541
2021-08-26,1764.327974551887
2021-08-27,1765.1049853065788
2021-08-30,1764.956280029644
2021-08-31,1764.330904788451
2021-09-01,1771.0924626379883
2021-09-02,1777.9338126934692
2021-09-03,1775.8748005806763
2021-09-06,1784.4541793333187
2021-09-07,1772.2191985123854
2021-09-08,1757.2125412836513
2021-09-09,1758.3996034950708
2021-09-10,1754.5233111973516
2021-09-13,1764.8077249405076
2021-09-14,1758.1102315406094
2021-09-15,1744.3812237664595
2021-09-16,1760.7555751761856
2021-09-17,1750.3308235865752
2021-09-20,1720.073272193066
2021-09-21,1732.8610647825576
2021-09-22,1750.7570782486175
2021-09-23,1758.6463615488915
2021-09-24,1742.605986897365
2021-09-27,1738.1007943802952
2021-09-28,1696.8563618611595
2021-09-29,1705.7257040685865
2021-09-30,1709.2855213765565
2021-10-01,1705.0397341064122
2021-10-04,1696.0049764487947
2021-10-05,1717.4749812911525
2021-10-06,1693.8586974639609
2021-10-07,1711.1965679247817
2021-10-08,1709.2921887945702
2021-10-11,1707.56351914674
2021-10-12,1707.2728435856377
2021-10-13,1717.6296287580008
2021-10-14,1734.46913464636
2021-10-15,1748.6183862369512
2021-10-18,1737.5764795518646
2021-10-19,1745.2362345574786
2021-10-20,1747.840482605313
2021-10-21,1750.2175481250974
2021-10-22,1744.8511603332568
2021-10-25,1747.9036060472363
2021-10-26,1775.315446887179
2021-10-27,1765.3292312654921
2021-10-28,1767.218976817974
2021-10-29,1767.9517251833233
2021-11-01,1773.711241352406
2021-11-02,1768.7337259560093
2021-11-03,1767.4066801796137
2021-11-04,1768.2528979707563
2021-11-05,1767.878816281136
2021-11-08,1770.3024054311488
2021-11-09,1763.046123212594
2021-11-10,1782.4739770999245
2021-11-11,1786.7443292207656
2021-11-12,1790.790229153066
2021-11-15,1800.2398289716723
2021-11-16,1803.4726306637351
2021-11-17,1802.3320906086308
2021-11-18,1801.7484284803554
2021-11-19,1801.2997503905758
2021-11-22,1805.0962020813945
2021-11-23,1788.055404714624
2021-11-24,1796.7142990224784
2021-11-25,1800.1855566000586
2021-11-26,1731.2394548612526
2021-11-29,1744.6371467248302
2021-11-30,1720.0746697399175
2021-12-01,1746.4091782332248
2021-12-02,1734.7677255999752
2021-12-03,1728.914375437744
2021-12-06,1753.9626588829362
2021-12-07,1780.218539217353
2021-12-08,1766.6969179155672
2021-12-09,1771.0268770880555
2021-12-10,1760.089558439998
2021-12-13,1751.603047814495
2021-12-14,1743.2180929932351
2021-12-15,1735.618097115751
2021-12-16,1758.09053255329
2021-12-17,1761.1807307518695
2021-12-20,1736.4285050987864
2021-12-21,1760.0385282170175
2021-12-22,1780.8354070464595
2021-12-23,1799.2777949909969
2021-12-24,1797.6065912624135
2021-12-27,1800.0667185999696
2021-12-28,1804.5929750720998
2021-12-29,1824.3908129999434
2021-12-30,1823.9472280394084
2021-12-31,1817.6155712737143
2022-01-03,1817.3835450955528
2022-01-04,1851.504673421677
2022-01-05,1846.4285337828362
2022-01-06,1826.3328543471762
2022-01-07,1827.1480213148711
2022-01-10,1810.328480452048
2022-01-11,1817.2645262960084
2022-01-12,1818.985666691197
2022-01-13,1817.92242363354
2022-01-14,1804.4394355105685
2022-01-17,1816.4925286447165
2022-01-18,1799.5805417595473
2022-01-19,1809.4501351891697
2022-01-20,1818.8040947151376
2022-01-21,1782.21712807864
2022-01-24,1732.1010934519331
2022-01-25,1750.478387903131
2022-01-26,1762.2444527747746
2022-01-27,1780.9658397738972
2022-01-28,1766.4537465876133
2022-01-31,1771.6121801798436
2022-02-01,1780.9915844284583
2022-02-02,1799.2881510517138
2022-02-03,1764.245382667348
2022-02-04,1729.6129079079744
2022-02-07,1738.18998151693
2022-02-08,1741.3310587971312
2022-02-09,1759.4160517429166
2022-02-10,1764.9641047569676
2022-02-11,1764.0682267114985
2022-02-14,1735.2393825128318
2022-02-15,1752.9647246995883
2022-02-16,1756.8629647477871
2022-02-17,1750.1818085390819
2022-02-18,1744.616744292338
2022-02-21,1736.6964970575757
2022-02-22,1737.280801493581
2022-02-23,1736.0939503524512
2022-02-24,1666.4450718882351
2022-02-25,1725.2528539378045
2022-02-28,1729.152637014273
2022-03-01,1692.9452461378764
2022-03-02,1713.7418638923389
2022-03-03,1674.0327626443066
2022-03-04,1625.9319486019106
2022-03-07,1597.9103753826591
2022-03-08,1581.4491592887728
2022-03-09,1637.9506622364684
2022-03-10,1620.471172102857
2022-03-11,1635.8775404910064
2022-03-14,1659.596038369458
2022-03-15,1654.5021215849197
2022-03-16,1691.631548349478
2022-03-17,1695.9147419339326
2022-03-18,1718.0271703548135
2022-03-21,1714.184287572296
2022-03-22,1737.4803908188874
2022-03-23,1712.4838316536175
2022-03-24,1704.9984244185957
2022-03-25,1704.1935103009969
2022-03-28,1701.9855880672706
2022-03-29,1724.2984003336712
2022-03-30,1708.4071332538842
2022-03-31,1701.9507678158416
2022-04-01,1710.7243308189252
2022-04-04,1724.5817336406617
2022-04-05,1744.066043700546
2022-04-06,1729.7224038181423
2022-04-07,1726.9779305624727
2022-04-08,1741.3017340171318
2022-04-11,1731.0545078841715
2022-04-12,1718.9368349792767
2022-04-13,1721.7860529156212
2022-04-14,1743.999893936281
2022-04-15,1743.9998939362808
2022-04-18,1737.6492204974888
2022-04-19,1723.7620721975043
2022-04-20,1736.3196135057888
2022-04-21,1748.2787541660243
2022-04-22,1715.5193934566819
2022-04-25,1693.8574014166134
2022-04-26,1682.006729771833
2022-04-27,1682.5779443948084
2022-04-28,1697.5651065996608
2022-04-29,1707.7377468992865
2022-05-02,1707.2526854251525
2022-05-03,1696.486771642655
2022-05-04,1673.1149839132813
2022-05-05,1653.329298264337
2022-05-06,1607.067201935312
2022-05-09,1579.6851532029189
2022-05-10,1587.7884707880924
2022-05-11,1608.308982750064
2022-05-12,1605.1913257503602
2022-05-13,1640.902417181414
2022-05-16,1645.588807737055
2022-05-17,1664.633825272293
2022-05-18,1641.7213633051963
2022-05-19,1613.6854351789893
2022-05-20,1636.5407041546441
2022-05-23,1655.91095455925
2022-05-24,1628.4482811709083
2022-05-25,1644.3397174110241
2022-05-26,1654.76053238494
2022-05-27,1666.051874578543
2022-05-30,1668.5113985831354
2022-05-31,1669.7896734741844
2022-06-01,1645.7189521851185
2022-06-02,1644.4209670362366
2022-06-03,1640.6948885641575
2022-06-06,1665.8394802493976
2022-06-07,1660.5301585235384
2022-06-08,1646.482209963899
2022-06-09,1634.922559869175
2022-06-10,1592.1922029457169
2022-06-13,1556.7324587222765
2022-06-14,1530.1265745020733
2022-06-15,1563.084656736264
2022-06-16,1534.4930068427013
2022-06-17,1537.5173798733847
2022-06-20,1548.5781551289233
2022-06-21,1548.8658751569947
2022-06-22,1537.8797736308518
2022-06-23,1529.4023733730328
2022-06-24,1569.8716334651106
2022-06-27,1573.9785190746168
2022-06-28,1583.1317445626594
2022-06-29,1563.287892770427
2022-06-30,1540.9624826531588
2022-07-01,1534.7480915771628
2022-07-04,1548.2638428561731
2022-07-05,1522.6774626438453
2022-07-06,1551.9681718335623
2022-07-07,1587.9371212076558
2022-07-08,1595.8476925587913
2022-07-11,1590.0507340381455
2022-07-12,1603.48054926072
2022-07-13,1590.8149312387495
2022-07-14,1566.1554513482824
2022-07-15,1583.566802735729
2022-07-18,1602.7152878682666
2022-07-19,1614.8465519112115
2022-07-20,1609.9624614034942
2022-07-21,1615.7662416300257
2022-07-22,1627.111506296074
2022-07-25,1630.5912890027942
2022-07-26,1630.895216469527
2022-07-27,1639.988313050459
2022-07-28,1658.9258503953122
2022-07-29,1685.8414636227221
2022-08-01,1685.3271844230826
2022-08-02,1680.375818733307
2022-08-03,1687.7957416331856
2022-08-04,1684.4378324445458
2022-08-05,1671.491734530569
2022-08-08,1683.3265170542572
2022-08-09,1670.6897739322412
2022-08-10,1691.3238676294263
2022-08-11,1681.9204470178881
2022-08-12,1687.0478156521438
2022-08-15,1694.8872969699057
2022-08-16,1701.5876155780047
2022-08-17,1682.4860412976818
2022-08-18,1688.3068209847038
2022-08-19,1665.0830303437658
2022-08-22,1661.3081065662832
2022-08-23,1646.1018867665744
2022-08-24,1638.1277895733683
2022-08-25,1637.5842565602973
2022-08-26,1612.1548464169014
2022-08-29,1603.9035532424004
2022-08-30,1584.4711158044568
2022-08-31,1562.2619046479228
2022-09-01,1528.3601782371932
2022-09-02,1552.0347022802305
2022-09-05,1551.1248063088044
2022-09-06,1568.5585984044073
2022-09-07,1545.3428307151419
2022-09-08,1551.207276377855
2022-09-09,1573.5326743611488
2022-09-12,1605.4045147094987
2022-09-13,1575.1086875102394
2022-09-14,1553.5833567713426
2022-09-15,1544.7488093525653
2022-09-16,1524.1707218542965
2022-09-19,1523.4384275175787
2022-09-20,1508.4868488720374
2022-09-21,1527.8566987716029
2022-09-22,1503.4927489647264
2022-09-23,1446.0488173569672
2022-09-26,1431.587033471976
2022-09-27,1407.6128546924026
2022-09-28,1406.5056390285592
2022-09-29,1388.4389567057485
2022-09-30,1413.3135960112238
2022-10-03,1432.846332144501
2022-10-04,1469.7267318843599
2022-10-05,1444.6844774903313
2022-10-06,1435.8301959294706
2022-10-07,1420.310171435215
2022-10-10,1420.0614117220175
2022-10-11,1406.9099923266194
2022-10-12,1382.6599455872802
2022-10-13,1415.824383208553
2022-10-14,1418.7814982403524
2022-10-17,1456.9000212626859
2022-10-18,1442.9269487032846
2022-10-19,1432.722128224016
2022-10-20,1436.200799205016
2022-10-21,1419.4691330835183
2022-10-24,1436.6256089441395
2022-10-25,1460.7482090952674
2022-10-26,1477.1297410406894
2022-10-27,1478.6330079246018
2022-10-28,1478.0584185073426
2022-10-31,1484.8960208566327
2022-11-01,1498.8993760481803
2022-11-02,1495.586240302328
2022-11-03,1472.2943501199657
2022-11-04,1500.0848988254668
2022-11-07,1508.3375933005948
2022-11-08,1526.9731787817689
2022-11-09,1505.7575393234588
2022-11-10,1569.7543689030756
2022-11-11,1560.4113908485122
2022-11-14,1562.1898037045482
2022-11-15,1568.0240538988883
2022-11-16,1547.7266589112685
2022-11-17,1541.2080614462118
2022-11-18,1571.5511906553595
2022-11-21,1575.2176197520712
2022-11-22,1583.1566399702194
2022-11-23,1600.0351412455004
2022-11-24,1611.1837930756637
2022-11-25,1606.6931017988545
2022-11-28,1590.9372982364291
2022-11-29,1590.2830908132216
2022-11-30,1593.7667166903627
2022-12-01,1620.1481281605106
2022-12-02,1618.0776604418725
2022-12-05,1611.8867380344082
2022-12-06,1606.8754781324442
2022-12-07,1593.016622956173
2022-12-08,1582.2339074430172
2022-12-09,1600.0452934645803
2022-12-12,1586.0711837853826
2022-12-13,1606.3424655907058
2022-12-14,1606.1164669725538
2022-12-15,1564.648974804664
2022-12-16,1536.2643094932794
2022-12-19,1539.3685290419444
2022-12-20,1527.6230426880063
2022-12-21,1554.3375896146033
2022-12-22,1538.0940103800801
2022-12-23,1542.3560357124957
2022-12-26,1542.3560357124957
2022-12-27,1531.7254571736337
2022-12-28,1548.2596206452954
2022-12-29,1549.3218523953774
2022-12-30,1530.5571354184033
2023-01-02,1530.5571354184028
2023-01-03,1570.1548608695746
2023-01-04,1594.0976952137771
2023-01-05,1596.0713213001554
2023-01-06,1619.318080580117
2023-01-09,1624.91709949722
2023-01-10,1614.6327246229455
2023-01-11,1616.4693129127202
2023-01-12,1634.5506037642413
2023-01-13,1647.3227153090259
2023-01-16,1658.264952246225
2023-01-17,1666.8478498553702
2023-01-18,1674.019774378147
2023-01-19,1651.7264697959954
2023-01-20,1654.1292329155176
2023-01-23,1653.2346267074545
2023-01-24,1645.9686358746073
2023-01-25,1646.0086049480026
2023-01-26,1665.0019239901953
2023-01-27,1671.1569855771697
2023-01-30,1671.371326844229
2023-01-31,1655.8081186669604
2023-02-01,1648.2778168864413
2023-02-02,1678.8675585420297
2023-02-03,1670.0030253986874
2023-02-06,1657.5994121129188
2023-02-07,1657.3267757968893
2023-02-08,1664.945471534029
2023-02-09,1675.4882323093582
2023-02-10,1656.616529217467
2023-02-13,1671.6429043075568
2023-02-14,1674.9863522102346
2023-02-15,1672.0841625176786
2023-02-16,1678.9603417535445
2023-02-17,1677.067518089221
2023-02-20,1679.4279978725879
2023-02-21,1681.712921184208
2023-02-22,1674.1652746443235
2023-02-23,1669.888271856112
2023-02-24,1657.8446300106255
2023-02-27,1675.4183225829163
2023-02-28,1678.974535810731
2023-03-01,1656.6441020600687
2023-03-02,1660.0531282022816
2023-03-03,1670.7457031448776
2023-03-06,1663.241338345913
2023-03-07,1651.4685986746363
2023-03-08,1652.8322526380364
2023-03-09,1652.2106000728825
2023-03-10,1629.4023759025442
2023-03-13,1590.3777137290513
2023-03-14,1610.903278300335
2023-03-15,1572.0898012569473
2023-03-16,1591.4538927709316
2023-03-17,1564.064295550218
2023-03-20,1581.9085230574728
2023-03-21,1591.686378130791
2023-03-22,1596.6000133083621
2023-03-23,1585.2595324516672
2023-03-24,1572.423025782306
2023-03-27,1585.5845342192554
2023-03-28,1583.177598540112
2023-03-29,1602.9070776243702
2023-03-30,1622.9955384646976
2023-03-31,1630.1502665775338
2023-04-03,1631.8830195665491
2023-04-04,1626.9219453798364
2023-04-05,1623.5264610239235
2023-04-06,1636.4761420687796
2023-04-07,1636.4761420687796
2023-04-10,1639.1453287907862
2023-04-11,1650.092308863022
2023-04-12,1654.2858310876913
2023-04-13,1657.2145934334085
2023-04-14,1664.415214055144
2023-04-17,1672.0341842768057
2023-04-18,1680.6452540164894
2023-04-19,1678.741752166497
2023-04-20,1676.531452487919
2023-04-21,1676.0325787602003
2023-04-24,1674.079290633386
2023-04-25,1669.650529418615
2023-04-26,1662.6582475274836
2023-04-27,1670.2422287120612
2023-04-28,1692.6062445708305
2023-05-01,1695.2113139879011
2023-05-02,1674.0656027772168
2023-05-03,1676.4778254536338
2023-05-04,1674.2647007953253
2023-05-05,1693.8878607007778
2023-05-08,1694.5456772952944
2023-05-09,1694.9929514820017
2023-05-10,1687.779797080434
2023-05-11,1684.0314480504198
2023-05-12,1684.726230324454
2023-05-15,1695.5788353489322
2023-05-16,1684.7839585655481
2023-05-17,1679.0325713081243
2023-05-18,1684.3505018800627
2023-05-19,1686.8022446144948
2023-05-22,1684.4235053593704
2023-05-23,1684.5042190093902
2023-05-24,1649.5292533564964
2023-05-25,1640.8286458007701
2023-05-26,1650.0647979526545
2023-05-29,1652.2674748942825
2023-05-30,1648.1754354301781
2023-05-31,1643.6095879567542
2023-06-01,1660.624282203389
2023-06-02,1685.5429434875696
2023-06-05,1675.0080570085552
2023-06-06,1687.6250518950221
2023-06-07,1690.0741500071008
2023-06-08,1682.9491620008123
2023-06-09,1682.657217052957
2023-06-12,1676.4019364656501
2023-06-13,1679.9325995919332
2023-06-14,1686.6863025794482
2023-06-15,1684.1178073763147
2023-06-16,1693.2374561389724
2023-06-19,1678.1388859619565
2023-06-20,1665.45330885252
2023-06-21,1642.0974745864448
2023-06-22,1631.4894612249175
2023-06-23,1624.5791684961782
2023-06-26,1617.7690836528584
2023-06-27,1621.9023919826618
2023-06-28,1624.9812276406292
2023-06-29,1616.3343000480183
2023-06-30,1640.8210251786543
2023-07-03,1641.472409747432
2023-07-04,1645.786924668102
2023-07-05,1629.679097176796
2023-07-06,1593.7484219340943
2023-07-07,1595.8941499664256
2023-07-10,1594.9084519536968
2023-07-11,1607.3760983203792
2023-07-12,1635.938535492418
2023-07-13,1647.148066173142
2023-07-14,1640.6702219788942
2023-07-17,1629.2986839919129
2023-07-18,1643.5299200046597
2023-07-19,1660.9594505211805
2023-07-20,1670.8802886596015
2023-07-21,1674.1875913751273
2023-07-24,1675.800823228961
2023-07-25,1697.0467504227076
2023-07-26,1703.7851290462613
2023-07-27,1710.6543263492867
2023-07-28,1699.5431910396733
2023-07-31,1698.0269478577095
2023-08-01,1679.1293747875122
2023-08-02,1650.3853114104072
2023-08-03,1645.662486335459
2023-08-04,1646.6534378568983
2023-08-07,1647.4227067722786
2023-08-08,1642.5542196168592
2023-08-09,1646.6521843698547
2023-08-10,1657.557597531281
2023-08-11,1641.1257662077528
2023-08-14,1641.135450053707
2023-08-15,1625.0417924055876
2023-08-16,1625.6443603922683
2023-08-17,1614.628793373274
2023-08-18,1597.759281596124
2023-08-21,1587.1784166289995
2023-08-22,1596.3611123142862
2023-08-23,1607.4759313847067
2023-08-24,1606.1911028749498
2023-08-25,1601.134651671311
2023-08-28,1599.0636547054648
2023-08-29,1632.5378305290824
2023-08-30,1638.8511234114703
2023-08-31,1638.7834282266258
2023-09-01,1639.1898891411636
2023-09-04,1636.9942936319246
2023-09-05,1633.2329243731442
2023-09-06,1618.5376890176665
2023-09-07,1618.444018942695
2023-09-08,1625.1270128566691
2023-09-11,1630.2000307931614
2023-09-12,1632.0909442080192
2023-09-13,1635.4316056534876
2023-09-14,1665.5682232593188
2023-09-15,1669.6703080577788
2023-09-18,1646.1737676444327
2023-09-19,1644.5258920102299
2023-09-20,1665.3781784285147
2023-09-21,1651.0826164311381
2023-09-22,1645.9918962111801
2023-09-25,1636.2319154485058
2023-09-26,1632.3129784239384
2023-09-27,1623.8257649357602
2023-09-28,1624.5797722331886
2023-09-29,1631.0814749800463
2023-10-02,1607.0577511169529
2023-10-03,1586.6882623500167
2023-10-04,1581.2326155547992
2023-10-05,1591.039040216482
2023-10-06,1603.5534815283145
2023-10-09,1593.160480728917
2023-10-10,1629.6191864261136
2023-10-11,1629.8965984732047
2023-10-12,1627.0920121017716
2023-10-13,1606.737324537234
2023-10-16,1612.4239896960348
2023-10-17,1613.681876740282
2023-10-18,1590.4494210214298
2023-10-19,1563.7276949469367
2023-10-20,1538.7314036460166
2023-10-23,1538.3413131197492
2023-10-24,1540.0211654745367
2023-10-25,1535.2007658613024
2023-10-26,1530.3029568225288
2023-10-27,1520.8455895214054
2023-10-30,1526.2844518458483
2023-10-31,1535.4546501770437
2023-11-01,1547.7099879862142
2023-11-02,1572.7957322213022
2023-11-03,1591.0936960631648
2023-11-06,1582.7752920261703
2023-11-07,1585.7569824540528
2023-11-08,1580.912562576524
2023-11-09,1599.1841689680118
2023-11-10,1577.291088859525
2023-11-13,1592.1195978712942
2023-11-14,1620.1702882458358
2023-11-15,1625.7050908263575
2023-11-16,1608.5691875426796
2023-11-17,1627.3134257561223
2023-11-20,1620.9636575373468
2023-11-21,1624.7420438611935
2023-11-22,1632.2691607190636
2023-11-23,1636.5556445498992
2023-11-24,1643.1603321895561
2023-11-27,1642.2377916038315
2023-11-28,1641.1237579301546
2023-11-29,1644.6900520959277
2023-11-30,1650.647241818611
2023-12-01,1678.65444327478
2023-12-04,1677.252051035361
2023-12-05,1678.641936669142
2023-12-06,1698.5712859118007
2023-12-07,1698.697081219216
2023-12-08,1696.6045490009963
2023-12-11,1705.4887811613257
2023-12-12,1696.1127766338361
2023-12-13,1689.4816518365435
2023-12-14,1724.4475981117935
2023-12-15,1716.120005968892
2023-12-18,1707.8251385516098
2023-12-19,1718.7693513849715
2023-12-20,1731.0528236413616
2023-12-21,1723.2278853527846
2023-12-22,1728.3165637538295
2023-12-25,1728.3165637538293
2023-12-26,1724.628989338014
2023-12-27,1733.9879782542152
2023-12-28,1730.0823153705774
2023-12-29,1734.3939934882387
2024-01-01,1734.3939934882387
2024-01-02,1722.4418314153118
2024-01-03,1710.2144001327497
2024-01-04,1719.6338551553742
2024-01-05,1711.4990058212393
2024-01-08,1724.051575751046
2024-01-09,1721.0887559534824
2024-01-10,1713.604174780026
2024-01-11,1693.6743534024909
2024-01-12,1708.3460265980632
2024-01-15,1697.8104698505729
2024-01-16,1690.6659362651667
2024-01-17,1669.6793299497253
2024-01-18,1676.3842603621788
2024-01-19,1673.793859924409
2024-01-22,1692.5885917726896
2024-01-23,1689.3213970362588
2024-01-24,1701.2898244767475
2024-01-25,1710.2700828290497
2024-01-26,1730.3477619021985
2024-01-29,1729.2065068388824
2024-01-30,1730.4319936745699
2024-01-31,1729.1435780714771
2024-02-01,1714.9713060603758
2024-02-02,1716.9656226124148
2024-02-05,1702.4177107830626
2024-02-06,1719.959204734479
2024-02-07,1713.5613540365061
2024-02-08,1701.8224842639986
2024-02-09,1694.1272611916745
2024-02-12,1702.1624196328603
2024-02-13,1684.5408367006578
2024-02-14,1693.4452278074855
2024-02-15,1707.2886579938229
2024-02-16,1732.2858069589383
2024-02-19,1736.1071046964796
2024-02-20,1738.0123052235797
2024-02-21,1727.9393449552347
2024-02-22,1737.1781409392256
2024-02-23,1747.1183951742903
2024-02-26,1738.586044632469
2024-02-27,1736.7903195992035
2024-02-28,1714.0722925546586
2024-02-29,1727.8205786662297
2024-03-01,1741.4514999352682
2024-03-04,1733.2357103594795
2024-03-05,1734.2570035099873
2024-03-06,1736.442564965884
2024-03-07,1752.262007127025
2024-03-08,1758.6184616294295
2024-03-11,1752.7882422895973
