Date,Euro SRI
2012-05-31,1000.0
2012-06-01,974.617730175479
2012-06-04,983.4987492430306
2012-06-05,985.2955622033871
2012-06-06,1014.6684238210743
2012-06-07,1026.0568818438696
2012-06-08,1014.6488139251537
2012-06-11,1018.797783119121
2012-06-12,1009.6777228462593
2012-06-13,1021.1557737083069
2012-06-14,1024.8053747328427
2012-06-15,1044.0100546234273
2012-06-18,1033.6433702942682
2012-06-19,1058.061700155224
2012-06-20,1064.5364982633862
2012-06-21,1050.542089592844
2012-06-22,1034.973590335556
2012-06-25,1006.4650658670497
2012-06-26,1005.0009358157422
2012-06-27,1022.1313121603849
2012-06-28,1014.4898917684914
2012-06-29,1087.9097640468563
2012-07-02,1088.3322860919648
2012-07-03,1103.2814895541305
2012-07-04,1092.0208237734778
2012-07-05,1066.6816429711048
2012-07-06,1036.853143914092
2012-07-09,1031.4395455460133
2012-07-10,1037.5098713606103
2012-07-11,1039.0989925163835
2012-07-12,1030.1927609865274
2012-07-13,1047.5968136017595
2012-07-16,1048.3318972330799
2012-07-17,1047.7161450323044
2012-07-18,1066.4276441044772
2012-07-19,1077.239749683275
2012-07-20,1046.7313227387506
2012-07-23,1013.7666502806904
2012-07-24,1005.1463586305244
2012-07-25,1010.5656971080592
2012-07-26,1061.7269507856754
2012-07-27,1091.3523915262228
2012-07-30,1096.1434059001876
2012-07-31,1092.4720932693874
2012-08-01,1092.172363605206
2012-08-02,1052.4972699234893
2012-08-03,1109.7635315323505
2012-08-06,1133.383198689605
2012-08-07,1144.1169159077892
2012-08-08,1138.177211941319
2012-08-09,1137.6690320368918
2012-08-10,1129.8652721325898
2012-08-13,1131.3152024583098
2012-08-14,1134.3897456692544
2012-08-15,1128.5818831697773
2012-08-16,1147.328167292273
2012-08-17,1148.3588216924204
2012-08-20,1147.7761412750383
2012-08-21,1175.1461652418247
2012-08-22,1160.1136006802724
2012-08-23,1160.6873720146925
2012-08-24,1156.3590309428141
2012-08-27,1169.394886003054
2012-08-28,1166.6070631347118
2012-08-29,1159.625881541051
2012-08-30,1144.890971301623
2012-08-31,1171.3501582498598
2012-09-03,1179.7213786398295
2012-09-04,1167.7535949004948
2012-09-05,1178.94573458099
2012-09-06,1217.683357592264
2012-09-07,1237.245719748223
2012-09-10,1231.4854610750558
2012-09-11,1242.818321467788
2012-09-12,1253.6589974359063
2012-09-13,1248.7325424117505
2012-09-14,1290.3549833906877
2012-09-17,1286.3525128746003
2012-09-18,1267.3161553439832
2012-09-19,1273.2474857687675
2012-09-20,1258.7067693224958
2012-09-21,1272.8897332104389
2012-09-24,1254.971863974161
2012-09-25,1270.3905904884948
2012-09-26,1229.0962821547676
2012-09-27,1232.9870286078701
2012-09-28,1213.8627696155843
2012-10-01,1237.433504925645
2012-10-02,1236.1449083877378
2012-10-03,1228.5531967642896
2012-10-04,1238.0870905208312
2012-10-05,1261.4236546592085
2012-10-08,1239.0673081451457
2012-10-09,1220.893629397493
2012-10-10,1211.584935105113
2012-10-11,1231.1074231103291
2012-10-12,1226.569751506418
2012-10-15,1232.7367440556154
2012-10-16,1265.7866243610047
2012-10-17,1287.1375157108446
2012-10-18,1284.1398295338556
2012-10-19,1264.1306590831675
2012-10-22,1261.742426965596
2012-10-23,1226.8498567039037
2012-10-24,1234.118802890225
2012-10-25,1235.5358954060764
2012-10-26,1237.071218074666
2012-10-29,1231.8479029420105
2012-10-30,1252.8752186732838
2012-10-31,1251.7697341729934
2012-11-01,1262.1297835341718
2012-11-02,1262.6917099067116
2012-11-05,1244.6115411810974
2012-11-06,1251.6520665812568
2012-11-07,1223.143638981374
2012-11-08,1217.6656902953864
2012-11-09,1215.6940012605132
2012-11-12,1214.7523503051186
2012-11-13,1225.595188319748
2012-11-14,1218.1247435475527
2012-11-15,1214.7204450238983
2012-11-16,1188.9382790064742
2012-11-19,1229.9335837611363
2012-11-20,1236.715035423065
2012-11-21,1244.3744516313586
2012-11-22,1261.1040461816194
2012-11-23,1278.454398215747
2012-11-26,1274.6936083928708
2012-11-27,1275.345735528874
2012-11-28,1274.2095603036316
2012-11-29,1296.0555571049972
2012-11-30,1297.543299529801
2012-12-03,1306.3955995900074
2012-12-04,1309.6500345712761
2012-12-05,1305.3629665334063
2012-12-06,1305.6255699481421
2012-12-07,1299.8863292814788
2012-12-10,1299.0462562857322
2012-12-11,1315.8480796447352
2012-12-12,1323.3533547246286
2012-12-13,1324.3622859832988
2012-12-14,1330.0138794703719
2012-12-17,1337.2558682195017
2012-12-18,1345.5914727230445
2012-12-19,1361.4756136966816
2012-12-20,1359.9732685945726
2012-12-21,1347.9291766432727
2012-12-24,1349.896885076546
2012-12-25,1349.8968850765457
2012-12-26,1352.6590840835222
2012-12-27,1358.406837993646
2012-12-28,1346.0460903429414
2012-12-31,1346.0983843070055
2013-01-01,1346.0983843070055
2013-01-02,1387.8270850872461
2013-01-03,1365.2856007034723
2013-01-04,1361.129832770169
2013-01-07,1361.842034016569
2013-01-08,1354.2373498879285
2013-01-09,1359.1731735836552
2013-01-10,1379.27450633407
2013-01-11,1396.4764003222278
2013-01-14,1400.3139788900598
2013-01-15,1392.9681928526716
2013-01-16,1388.3589043854383
2013-01-17,1403.0552980826833
2013-01-18,1393.2745718640087
2013-01-21,1403.779189135068
2013-01-22,1395.7841501964776
2013-01-23,1396.563622321813
2013-01-24,1417.017625850848
2013-01-25,1436.98315638644
2013-01-28,1432.938720731561
2013-01-29,1440.3923067686633
2013-01-30,1439.3840843171254
2013-01-31,1427.271631664128
2013-02-01,1445.6452946085392
2013-02-04,1392.5140438813735
2013-02-05,1400.2195707100034
2013-02-06,1387.4625496953274
2013-02-07,1370.3014611068897
2013-02-08,1385.4979855374822
2013-02-11,1381.4404100215716
2013-02-12,1407.218231292111
2013-02-13,1409.3417763660345
2013-02-14,1392.616869320875
2013-02-15,1387.0323740879248
2013-02-18,1388.2785497168975
2013-02-19,1408.647068092848
2013-02-20,1401.9796174726046
2013-02-21,1358.4926948324942
2013-02-22,1375.2728438764818
2013-02-25,1394.2569934058877
2013-02-26,1343.2918041327105
2013-02-27,1359.7258165663002
2013-02-28,1367.2124189130086
2013-03-01,1352.500094873218
2013-03-04,1354.6864008678212
2013-03-05,1388.2771816081938
2013-03-06,1391.676855398414
2013-03-07,1411.178394964374
2013-03-08,1420.476747767788
2013-03-11,1422.9930894117092
2013-03-12,1425.4496274996363
2013-03-13,1418.0797372709192
2013-03-14,1438.2746474731666
2013-03-15,1440.3548143940498
2013-03-18,1420.8652810620301
2013-03-19,1400.5118980132988
2013-03-20,1420.8594456380179
2013-03-21,1401.399016581384
2013-03-22,1404.7444656307969
2013-03-25,1380.3948850822549
2013-03-26,1377.0825897488617
2013-03-27,1356.6490593080127
2013-03-28,1368.6987263640474
2013-03-29,1368.6987263640474
2013-04-01,1369.3382554005852
2013-04-02,1391.0991242846414
2013-04-03,1376.7435523459224
2013-04-04,1364.74411241305
2013-04-05,1360.9204490581142
2013-04-08,1359.954478444375
2013-04-09,1362.952244932655
2013-04-10,1396.2239835906014
2013-04-11,1411.2040672563294
2013-04-12,1393.1610959860143
2013-04-15,1384.9589677726565
2013-04-16,1386.8041864130794
2013-04-17,1352.5390967891963
2013-04-18,1354.0691987430405
2013-04-19,1367.8772349376402
2013-04-22,1363.1984415481345
2013-04-23,1399.9641377632934
2013-04-24,1414.9551159081707
2013-04-25,1421.2082607429645
2013-04-26,1415.910675306658
2013-04-29,1443.092086559745
2013-04-30,1445.3885006785883
2013-05-01,1445.9469971945864
2013-05-02,1438.3970374039009
2013-05-03,1466.7894859125151
2013-05-06,1461.422961040067
2013-05-07,1477.3389929615237
2013-05-08,1499.4080752520972
2013-05-09,1487.2284067381129
2013-05-10,1480.8161377857473
2013-05-13,1482.2322758811827
2013-05-14,1494.3207709083986
2013-05-15,1490.5715334957206
2013-05-16,1496.7764024824735
2013-05-17,1488.9205060402733
2013-05-20,1497.3642290351252
2013-05-21,1496.6875218517807
2013-05-22,1503.762989250399
2013-05-23,1473.425593964968
2013-05-24,1466.7572027275137
2013-05-27,1481.6903604701008
2013-05-28,1494.9865585796636
2013-05-29,1482.7002119482668
2013-05-30,1502.4396670070068
2013-05-31,1473.9165117072428
2013-06-03,1471.8537857369515
2013-06-04,1482.3251017209548
2013-06-05,1457.409788727992
2013-06-06,1455.0413133939117
2013-06-07,1481.0633682578587
2013-06-10,1480.2423446456291
2013-06-11,1467.0554676018405
2013-06-12,1464.541299073084
2013-06-13,1457.7014317308779
2013-06-14,1468.1936021762904
2013-06-17,1483.3757343353054
2013-06-18,1488.7719698639974
2013-06-19,1486.6338674353399
2013-06-20,1412.4285145248448
2013-06-21,1382.4701070955216
2013-06-24,1359.021523261913
2013-06-25,1377.7302351139303
2013-06-26,1399.0665586870837
2013-06-27,1411.5086675399082
2013-06-28,1403.2874606209023
2013-07-01,1418.3382077844558
2013-07-02,1412.1433732244325
2013-07-03,1386.7148002740103
2013-07-04,1417.7328543114995
2013-07-05,1386.514666807906
2013-07-08,1413.28507166912
2013-07-09,1413.791641942656
2013-07-10,1424.7098463204939
2013-07-11,1454.5992218813806
2013-07-12,1455.6768086633551
2013-07-15,1462.2757970236928
2013-07-16,1456.8667972136302
2013-07-17,1461.197696265183
2013-07-18,1472.0121879810408
2013-07-19,1475.5966749125039
2013-07-22,1481.1211811843316
2013-07-23,1480.088626614918
2013-07-24,1499.1384340654445
2013-07-25,1497.0724851183993
2013-07-26,1495.280661280306
2013-07-29,1500.1713271946398
2013-07-30,1504.6833576129536
2013-07-31,1505.0842194081217
2013-08-01,1524.3326896869023
2013-08-02,1535.5623897867317
2013-08-05,1531.6520883884718
2013-08-06,1531.497058834953
2013-08-07,1529.2904260327596
2013-08-08,1545.8739638309742
2013-08-09,1547.886728911861
2013-08-12,1542.5994327985516
2013-08-13,1543.0800855449143
2013-08-14,1556.6384128507175
2013-08-15,1544.0784375725368
2013-08-16,1555.429803527585
2013-08-19,1545.0431375532698
2013-08-20,1532.7621895658522
2013-08-21,1522.1729308998952
2013-08-22,1541.1662070711532
2013-08-23,1553.4709329216041
2013-08-26,1546.6349904238996
2013-08-27,1509.0758681401699
2013-08-28,1494.7042676049502
2013-08-29,1490.4649008284464
2013-08-30,1469.8667335601192
2013-09-02,1495.3983841381396
2013-09-03,1481.4343380628638
2013-09-04,1488.1480543542275
2013-09-05,1482.7978769104006
2013-09-06,1497.343267314335
2013-09-09,1510.3091805384263
2013-09-10,1537.9158507152515
2013-09-11,1537.7750913006284
2013-09-12,1542.6580553549607
2013-09-13,1537.473439645836
2013-09-16,1564.9972571097676
2013-09-17,1560.5301936136545
2013-09-18,1572.0120682903907
2013-09-19,1605.1249003832927
2013-09-20,1597.106254064682
2013-09-23,1587.3021261477359
2013-09-24,1595.6383470850622
2013-09-25,1600.5340992206889
2013-09-26,1590.7123491783377
2013-09-27,1592.3445355037509
2013-09-30,1582.2702735879525
2013-10-01,1600.5484695298953
2013-10-02,1600.347726113484
2013-10-03,1596.6828766380283
2013-10-04,1599.9640753585065
2013-10-07,1586.472934928096
2013-10-08,1578.7279784736395
2013-10-09,1564.0984560332988
2013-10-10,1600.6271019288113
2013-10-11,1612.2944067146234
2013-10-14,1614.0177555890082
2013-10-15,1618.4833799076541
2013-10-16,1621.0917620449018
2013-10-17,1640.433567209227
2013-10-18,1659.3358067774627
2013-10-21,1665.9532311067417
2013-10-22,1694.189986012994
2013-10-23,1683.361800902122
2013-10-24,1692.2498720576618
2013-10-25,1684.192167147976
2013-10-28,1678.755480477889
2013-10-29,1684.0603969509045
2013-10-30,1676.1745289185349
2013-10-31,1661.394711175114
2013-11-01,1640.700678202039
2013-11-04,1651.730089344793
2013-11-05,1633.8301003849333
2013-11-06,1654.7799795069254
2013-11-07,1632.8937686384663
2013-11-08,1628.1585637920343
2013-11-11,1647.8455250969077
2013-11-12,1643.823702327029
2013-11-13,1632.871003266639
2013-11-14,1657.947485107138
2013-11-15,1661.4889762181294
2013-11-18,1678.4086593630052
2013-11-19,1666.771493723317
2013-11-20,1660.00215274836
2013-11-21,1655.6815441833896
2013-11-22,1667.492116278524
2013-11-25,1673.9058755221497
2013-11-26,1674.9393134670968
2013-11-27,1687.6165134348223
2013-11-28,1698.0371958942508
2013-11-29,1697.6261881739904
2013-12-02,1685.709160233933
2013-12-03,1660.8980277286494
2013-12-04,1645.9768013546498
2013-12-05,1638.8057526068505
2013-12-06,1655.1086980314365
2013-12-09,1663.1574164388405
2013-12-10,1656.7667639869055
2013-12-11,1649.6774546113559
2013-12-12,1627.1148860899873
2013-12-13,1627.1478847641515
2013-12-16,1657.788113306936
2013-12-17,1634.389285391245
2013-12-18,1654.7773843378238
2013-12-19,1673.7427297221877
2013-12-20,1687.3440998571023
2013-12-23,1705.0413355180426
2013-12-24,1701.071721033563
2013-12-25,1701.071721033563
2013-12-26,1704.245594516138
2013-12-27,1733.7647290886534
2013-12-30,1735.8181173463595
2013-12-31,1736.0607808669645
2014-01-01,1736.0607808669645
2014-01-02,1701.1925309624935
2014-01-03,1701.764343312999
2014-01-06,1702.9845226570637
2014-01-07,1718.032584533411
2014-01-08,1720.553620179905
2014-01-09,1706.8415454858
2014-01-10,1726.2453703046997
2014-01-13,1729.1724915542911
2014-01-14,1736.0226432815653
2014-01-15,1746.8508430762022
2014-01-16,1740.193366712648
2014-01-17,1735.5659639658206
2014-01-20,1734.091550100147
2014-01-21,1726.8036816554825
2014-01-22,1727.7974771502518
2014-01-23,1718.4089481597998
2014-01-24,1670.7506163726773
2014-01-27,1657.9772435257496
2014-01-28,1668.5141927497464
2014-01-29,1651.0117837164992
2014-01-30,1643.8281047892115
2014-01-31,1623.7601221261853
2014-02-03,1606.5001083392629
2014-02-04,1608.0339329953797
2014-02-05,1609.805204406149
2014-02-06,1650.5002100384847
2014-02-07,1663.7542283025373
2014-02-10,1667.1150098672892
2014-02-11,1692.2728953286744
2014-02-12,1688.3200447864133
2014-02-13,1702.703468958128
2014-02-14,1714.6728603847512
2014-02-17,1718.5014188978346
2014-02-18,1717.9281146825958
2014-02-19,1718.3404030568984
2014-02-20,1708.0264386457034
2014-02-21,1712.4596701699274
2014-02-24,1723.3040733587052
2014-02-25,1730.0235872591466
2014-02-26,1713.3937370333874
2014-02-27,1704.4435824362176
2014-02-28,1725.4529274890886
2014-03-03,1671.220006747812
2014-03-04,1708.1846804224501
2014-03-05,1705.2591956279414
2014-03-06,1723.0089552878514
2014-03-07,1703.2111991455238
2014-03-10,1697.7139041241005
2014-03-11,1695.6784825997495
2014-03-12,1683.258827308382
2014-03-13,1661.4664194571471
2014-03-14,1650.2965949142265
2014-03-17,1673.1431763685257
2014-03-18,1685.0560526882423
2014-03-19,1684.1205340708832
2014-03-20,1670.0911195272838
2014-03-21,1664.582350307391
2014-03-24,1648.039335572692
2014-03-25,1670.8277772667673
2014-03-26,1693.3497420968347
2014-03-27,1690.2650527882251
2014-03-28,1704.7393221564196
2014-03-31,1706.7354632675422
2014-04-01,1719.8995976186284
2014-04-02,1719.0078284124138
2014-04-03,1719.2910374452506
2014-04-04,1727.8828195441902
2014-04-07,1710.5679166820676
2014-04-08,1708.1037681163616
2014-04-09,1716.607556900558
2014-04-10,1710.33968554465
2014-04-11,1688.8345103088184
2014-04-14,1684.5584306697485
2014-04-15,1669.2778486999694
2014-04-16,1685.778356136411
2014-04-17,1687.7947772795321
2014-04-18,1687.7947772795326
2014-04-21,1683.9520874248612
2014-04-22,1701.256412815188
2014-04-23,1699.0176431082311
2014-04-24,1702.9994258891516
2014-04-25,1687.685567839369
2014-04-28,1694.117640512334
2014-04-29,1713.7851255599546
2014-04-30,1720.3874280397267
2014-05-01,1720.866630395707
2014-05-02,1713.0713753081786
2014-05-05,1708.0474649981297
2014-05-06,1706.9694761519038
2014-05-07,1712.4259527945935
2014-05-08,1723.181152469667
2014-05-09,1703.7336560899805
2014-05-12,1714.53651411787
2014-05-13,1714.5879027237709
2014-05-14,1716.2210771506047
2014-05-15,1694.1108166269237
2014-05-16,1692.875295149675
2014-05-19,1695.9108892133277
2014-05-20,1691.3870594076297
2014-05-21,1698.2573652343156
2014-05-22,1701.076754325139
2014-05-23,1702.2083974838474
2014-05-26,1722.483321965311
2014-05-27,1724.011093701866
2014-05-28,1721.4981111924503
2014-05-29,1726.6334019720805
2014-05-30,1730.44736366491
2014-06-02,1727.6009296516677
2014-06-03,1726.8723389375223
2014-06-04,1723.9915901553752
2014-06-05,1735.4327646820852
2014-06-06,1751.163621728114
2014-06-09,1751.3883398958405
2014-06-10,1748.9790027786614
2014-06-11,1739.5727405188313
2014-06-12,1738.1257614336707
2014-06-13,1729.7028256538672
2014-06-16,1725.6909379679125
2014-06-17,1729.197755909678
2014-06-18,1735.517351947315
2014-06-19,1757.426841025189
2014-06-20,1746.5331916425016
2014-06-23,1736.465853133697
2014-06-24,1736.7015934255894
2014-06-25,1725.2683369040378
2014-06-26,1716.5218853759152
2014-06-27,1722.3836183365427
2014-06-30,1730.635791632119
2014-07-01,1740.4184332039529
2014-07-02,1738.2681300604984
2014-07-03,1755.8809024531422
2014-07-04,1749.48315431167
2014-07-07,1735.8165998905415
2014-07-08,1716.989672848344
2014-07-09,1730.3055304710776
2014-07-10,1702.181717644756
2014-07-11,1704.7195138429338
2014-07-14,1724.0724647908598
2014-07-15,1703.2794217663002
2014-07-16,1720.1453688796307
2014-07-17,1704.577894345126
2014-07-18,1704.433528830752
2014-07-21,1693.8500155535187
2014-07-22,1708.87701884252
2014-07-23,1712.6199724574667
2014-07-24,1723.7319406675465
2014-07-25,1701.261126407693
2014-07-28,1702.8691349482335
2014-07-29,1704.4131247597088
2014-07-30,1695.587808023809
2014-07-31,1658.6770349958697
2014-08-01,1633.2400179072524
2014-08-04,1626.8020337951748
2014-08-05,1626.442389597426
2014-08-06,1612.127495390283
2014-08-07,1592.9778204121335
2014-08-08,1597.1053624479332
2014-08-11,1616.6663922898065
2014-08-12,1604.4127018696101
2014-08-13,1618.0717371465603
2014-08-14,1623.724168521698
2014-08-15,1611.6045745247702
2014-08-18,1631.248931951384
2014-08-19,1633.770271978669
2014-08-20,1624.190009185441
2014-08-21,1639.994100826558
2014-08-22,1623.0937878367345
2014-08-25,1647.6680203434664
2014-08-26,1661.1380195399743
2014-08-27,1658.2092900526234
2014-08-28,1642.0495006557962
2014-08-29,1641.939603419901
2014-09-01,1638.013729141474
2014-09-02,1643.3762981228915
2014-09-03,1659.597424301197
2014-09-04,1658.3856625572732
2014-09-05,1654.5172688591394
2014-09-08,1653.4236649997702
2014-09-09,1636.1215624527747
2014-09-10,1638.2233095958984
2014-09-11,1636.7745088832705
2014-09-12,1636.0008304455484
2014-09-15,1634.5099736013804
2014-09-16,1628.0143908351188
2014-09-17,1638.0515969952628
2014-09-18,1646.5125096276397
2014-09-19,1632.2850765055998
2014-09-22,1627.4689718916968
2014-09-23,1613.510036603266
2014-09-24,1619.7450446493738
2014-09-25,1594.2594622567528
2014-09-26,1586.5885315078635
2014-09-29,1573.1518950033512
2014-09-30,1578.085682425749
2014-10-01,1559.146726221263
2014-10-02,1532.8604553172477
2014-10-03,1527.8325129554405
2014-10-06,1540.269753198771
2014-10-07,1526.9040120911627
2014-10-08,1519.9053480513116
2014-10-09,1520.74673120455
2014-10-10,1487.9851984734398
2014-10-13,1494.1083224503448
2014-10-14,1493.7217102503182
2014-10-15,1459.7361135199446
2014-10-16,1452.6167026199018
2014-10-17,1490.9962655398642
2014-10-20,1474.0797944942353
2014-10-21,1497.9691434661856
2014-10-22,1494.2675286900026
2014-10-23,1505.3957439752733
2014-10-24,1501.3215666786866
2014-10-27,1497.6158077613557
2014-10-28,1527.1361483610372
2014-10-29,1526.8031155482158
2014-10-30,1513.0356440742667
2014-10-31,1535.2254897488585
2014-11-03,1514.3012908357769
2014-11-04,1508.788323167355
2014-11-05,1523.0368476435424
2014-11-06,1527.384283447962
2014-11-07,1513.2863725564764
2014-11-10,1531.3817951787012
2014-11-11,1537.005001088891
2014-11-12,1522.4068742107547
2014-11-13,1528.3947102530328
2014-11-14,1531.993276150973
2014-11-17,1538.4827996464333
2014-11-18,1564.556545604259
2014-11-19,1566.2046559403777
2014-11-20,1556.4983964656433
2014-11-21,1573.283853702708
2014-11-24,1583.6238459817596
2014-11-25,1592.3620155373108
2014-11-26,1596.8473362670072
2014-11-27,1600.8067357403354
2014-11-28,1604.0884732312165
2014-12-01,1597.8170002854374
2014-12-02,1592.1352672275236
2014-12-03,1586.5288809866984
2014-12-04,1577.4716123489925
2014-12-05,1591.4499563917745
2014-12-08,1581.1915737633083
2014-12-09,1565.276377523742
2014-12-10,1561.21729553569
2014-12-11,1564.136001648625
2014-12-12,1531.52101456435
2014-12-15,1489.1881127424672
2014-12-16,1525.654801421922
2014-12-17,1509.2673820638336
2014-12-18,1543.369410657809
2014-12-19,1546.915459565714
2014-12-22,1554.9044811935566
2014-12-23,1560.058586455291
2014-12-24,1557.3528075362722
2014-12-25,1557.3528075362726
2014-12-26,1554.9253327962763
2014-12-29,1559.3187603767356
2014-12-30,1538.9011259188662
2014-12-31,1536.6122976854922
2015-01-01,1536.6122976854926
2015-01-02,1521.0014277757016
2015-01-05,1466.0159334284613
2015-01-06,1454.5485603660775
2015-01-07,1450.1601969151827
2015-01-08,1492.0146102551946
2015-01-09,1470.3165143777828
2015-01-12,1488.7295960507035
2015-01-13,1505.6105530835678
2015-01-14,1487.9381252698252
2015-01-15,1493.1754976032882
2015-01-16,1498.4942080747626
2015-01-19,1526.4719630387197
2015-01-20,1523.6763954572166
2015-01-21,1539.0990790242836
2015-01-22,1537.5938711301162
2015-01-23,1542.102969780291
2015-01-26,1556.770628567767
2015-01-27,1555.2456650074676
2015-01-28,1542.9036977651033
2015-01-29,1549.8404943397484
2015-01-30,1532.0160270630681
2015-02-02,1551.1076027973486
2015-02-03,1580.2235541548207
2015-02-04,1580.8285565714073
2015-02-05,1580.730009695832
2015-02-06,1567.7158248453047
2015-02-09,1548.2371307351384
2015-02-10,1559.0381772297821
2015-02-11,1555.409600933011
2015-02-12,1586.5448360982682
2015-02-13,1601.1292188624896
2015-02-16,1593.3500195459815
2015-02-17,1592.4995451241175
2015-02-18,1600.4073467771645
2015-02-19,1617.9793961939754
2015-02-20,1614.7039313236012
2015-02-23,1625.8983295186852
2015-02-24,1633.12226717907
2015-02-25,1636.2279549487466
2015-02-26,1629.0599961835599
2015-02-27,1636.6254349933815
2015-03-02,1635.5718516735096
2015-03-03,1619.0203533471743
2015-03-04,1612.2270249296248
2015-03-05,1620.6566899397176
2015-03-06,1600.832230318719
2015-03-09,1592.4619810181607
2015-03-10,1558.5208338907946
2015-03-11,1567.2392167584997
2015-03-12,1575.8332946204782
2015-03-13,1572.7479279177358
2015-03-16,1602.4745010628728
2015-03-17,1591.0731265497707
2015-03-18,1599.188179700463
2015-03-19,1599.024003869761
2015-03-20,1649.42000612403
2015-03-23,1658.6110492136422
2015-03-24,1667.236485501481
2015-03-25,1656.7393810144117
2015-03-26,1635.85272122443
2015-03-27,1640.363824137916
2015-03-30,1651.1864688935973
2015-03-31,1627.6739268290921
2015-04-01,1638.1789318860262
2015-04-02,1662.880873215372
2015-04-03,1662.8808732153716
2015-04-06,1685.9541570982585
2015-04-07,1680.4563124528652
2015-04-08,1661.938953601868
2015-04-09,1661.4651640000982
2015-04-10,1667.2597929130545
2015-04-13,1662.351224028633
2015-04-14,1669.2960235735168
2015-04-15,1661.2015231826817
2015-04-16,1656.1621598201236
2015-04-17,1634.7575390661004
2015-04-20,1647.24645835684
2015-04-21,1658.1399497057423
2015-04-22,1656.0009567145123
2015-04-23,1652.4839527544052
2015-04-24,1663.9293109601942
2015-04-27,1691.597073043605
2015-04-28,1676.836831289299
2015-04-29,1656.6334968664032
2015-04-30,1666.5278248073628
2015-05-01,1668.547329105518
2015-05-04,1671.778072014229
2015-05-05,1640.9028785377534
2015-05-06,1670.4869268216244
2015-05-07,1657.7823128062005
2015-05-08,1688.3632430199245
2015-05-11,1671.0898451208475
2015-05-12,1665.6633090097112
2015-05-13,1676.508600976002
2015-05-14,1705.447760288087
2015-05-15,1706.462484248064
2015-05-18,1700.0816530041538
2015-05-19,1699.6970959603777
2015-05-20,1700.0622107632462
2015-05-21,1706.0979877864893
2015-05-22,1688.135719042616
2015-05-25,1680.257460845693
2015-05-26,1647.7585569181792
2015-05-27,1672.175015047023
2015-05-28,1666.8396058903156
2015-05-29,1639.8871673266365
2015-06-01,1634.4703742731465
2015-06-02,1652.6867823788436
2015-06-03,1681.4526103440958
2015-06-04,1672.4798545310382
2015-06-05,1628.4359313958958
2015-06-08,1624.7188021186198
2015-06-09,1626.9345478210164
2015-06-10,1659.0040285085859
2015-06-11,1662.5840462833296
2015-06-12,1642.7496637567756
2015-06-15,1617.822422310741
2015-06-16,1626.0076690354024
2015-06-17,1613.334543164984
2015-06-18,1645.5031135590884
2015-06-19,1634.7935272429825
2015-06-22,1698.605693175843
2015-06-23,1678.4915140195512
2015-06-24,1671.2994160390817
2015-06-25,1669.159161502719
2015-06-26,1665.7873771281195
2015-06-29,1606.276265675486
2015-06-30,1587.571106226269
2015-07-01,1612.6886911797305
2015-07-02,1597.4979912299025
2015-07-03,1589.5925552928536
2015-07-06,1556.9014439045902
2015-07-07,1511.047185008502
2015-07-08,1545.2860183279702
2015-07-09,1580.7611631420568
2015-07-10,1645.2691682766751
2015-07-13,1650.2161670704759
2015-07-14,1660.5687384084965
2015-07-15,1662.2305847418017
2015-07-16,1675.2773835315377
2015-07-17,1663.0011204773257
2015-07-20,1672.8120437254572
2015-07-21,1666.9818436759917
2015-07-22,1655.9621287100006
2015-07-23,1672.5666688193776
2015-07-24,1657.06585452383
2015-07-27,1642.9605446520013
2015-07-28,1648.6011372706585
2015-07-29,1653.5253997569446
2015-07-30,1642.0232707631217
2015-07-31,1660.3524673802108
2015-08-03,1669.3388112369387
2015-08-04,1666.8749682489113
2015-08-05,1670.6349102481909
2015-08-06,1675.9979849511456
2015-08-07,1665.5538253537231
2015-08-10,1692.0177967156524
2015-08-11,1673.8891539948681
2015-08-12,1633.5781147635648
2015-08-13,1640.3953565139125
2015-08-14,1630.4081262268458
2015-08-17,1627.809050912467
2015-08-18,1622.9094703171515
2015-08-19,1598.1461103835725
2015-08-20,1582.293854243782
2015-08-21,1548.8662062955432
2015-08-24,1514.1337761035525
2015-08-25,1551.8367002534692
2015-08-26,1527.41853806833
2015-08-27,1546.4716284313324
2015-08-28,1551.1585532994943
2015-08-31,1544.457417177437
2015-09-01,1515.1372877177548
2015-09-02,1513.3259004923902
2015-09-03,1525.8031232485305
2015-09-04,1490.7003600209605
2015-09-07,1503.1486080951488
2015-09-08,1518.690778798285
2015-09-09,1531.9024767972176
2015-09-10,1518.4672566686963
2015-09-11,1512.4690577106232
2015-09-14,1507.4534897545961
2015-09-15,1517.7727777650657
2015-09-16,1544.8733361395273
2015-09-17,1547.178890657708
2015-09-18,1516.4825926445335
2015-09-21,1512.866102382594
2015-09-22,1460.1512920949638
2015-09-23,1462.7352664594493
2015-09-24,1456.0172992016549
2015-09-25,1486.334535872644
2015-09-28,1466.1605380439128
2015-09-29,1462.511918627434
2015-09-30,1492.210245954035
2015-10-01,1485.3131481254893
2015-10-02,1501.769952988945
2015-10-05,1538.2397919243926
2015-10-06,1557.074996707704
2015-10-07,1549.4240726823743
2015-10-08,1561.066938039424
2015-10-09,1582.2908357539877
2015-10-12,1585.8632903501243
2015-10-13,1579.7439196337941
2015-10-14,1575.6622953799194
2015-10-15,1597.4688385802367
2015-10-16,1606.9437977286811
2015-10-19,1601.9365243887055
2015-10-20,1602.1169091824552
2015-10-21,1617.4735869970282
2015-10-22,1627.391163514581
2015-10-23,1640.593011232978
2015-10-26,1640.4335888220764
2015-10-27,1627.2937504519803
2015-10-28,1648.8396246020895
2015-10-29,1639.601709489602
2015-10-30,1644.4044432648845
2015-11-02,1646.4693600910844
2015-11-03,1641.3646317182574
2015-11-04,1628.1765343951106
2015-11-05,1637.8459026132293
2015-11-06,1618.9183490511173
2015-11-09,1602.0596493836588
2015-11-10,1596.7388826462523
2015-11-11,1621.669131515872
2015-11-12,1601.3140116206064
2015-11-13,1584.3025102453087
2015-11-16,1584.9603340747187
2015-11-17,1609.653777560682
2015-11-18,1603.5552395249308
2015-11-19,1628.9716016631967
2015-11-20,1624.131698325355
2015-11-23,1614.943969362702
2015-11-24,1596.285755477167
2015-11-25,1623.8270191862875
2015-11-26,1637.624834964739
2015-11-27,1631.4123589136434
2015-11-30,1630.3208520292344
2015-12-01,1631.950709453772
2015-12-02,1626.6500708192268
2015-12-03,1611.488995050474
2015-12-04,1614.325464341612
2015-12-07,1630.1098083487561
2015-12-08,1608.9899168464058
2015-12-09,1608.6339560713752
2015-12-10,1599.9926786242129
2015-12-11,1579.198732690402
2015-12-14,1556.5484932786737
2015-12-15,1581.530019754915
2015-12-16,1584.7313157779402
2015-12-17,1597.046486637897
2015-12-18,1579.0185900184294
2015-12-21,1568.1990963527285
2015-12-22,1574.6811917074936
2015-12-23,1595.943760809893
2015-12-24,1607.6659796009435
2015-12-25,1607.6659796009435
2015-12-28,1597.837660653681
2015-12-29,1616.530101777248
2015-12-30,1607.950696052338
2015-12-31,1589.9565051286263
2016-01-01,1589.956505128626
2016-01-04,1532.4311737781786
2016-01-05,1528.588299524506
2016-01-06,1520.0364326457288
2016-01-07,1508.6958315109214
2016-01-08,1498.6670539545435
2016-01-11,1489.8011937480355
2016-01-12,1510.3763142126768
2016-01-13,1517.0646704809171
2016-01-14,1491.3564490472995
2016-01-15,1473.1837124615797
2016-01-18,1460.0341987125996
2016-01-19,1489.0699558101203
2016-01-20,1447.6100906783247
2016-01-21,1462.9739540908454
2016-01-22,1498.5287476304982
2016-01-25,1497.9336059565408
2016-01-26,1508.3378785036825
2016-01-27,1522.5108472566606
2016-01-28,1508.3371153131982
2016-01-29,1532.8608573866018
2016-02-01,1537.9184439921694
2016-02-02,1514.0403718440405
2016-02-03,1506.2210337247682
2016-02-04,1520.8276096783766
2016-02-05,1499.4653666277288
2016-02-08,1453.4762836647394
2016-02-09,1454.423332675634
2016-02-10,1464.285212692956
2016-02-11,1429.3275940581127
2016-02-12,1440.4015317919411
2016-02-15,1468.9819030957813
2016-02-16,1464.9848373779273
2016-02-17,1504.0663989021784
2016-02-18,1503.8236127534376
2016-02-19,1499.443704739827
2016-02-22,1513.4344114576616
2016-02-23,1499.2006670895505
2016-02-24,1465.8710218822291
2016-02-25,1496.6152360734739
2016-02-26,1501.7235562759786
2016-02-29,1501.1518163134715
2016-03-01,1527.1518557606162
2016-03-02,1523.7419759862148
2016-03-03,1530.5420040418207
2016-03-04,1549.117789007361
2016-03-07,1540.646382615364
2016-03-08,1541.85609205528
2016-03-09,1544.029797055172
2016-03-10,1540.7909167464036
2016-03-11,1584.2083534978442
2016-03-14,1590.1518685242
2016-03-15,1584.6449982313138
2016-03-16,1577.4687222774567
2016-03-17,1605.7590511856097
2016-03-18,1607.2729962307117
2016-03-21,1597.5696459882909
2016-03-22,1593.268623511337
2016-03-23,1591.2089939592586
2016-03-24,1564.9561958033723
2016-03-25,1564.9561958033723
2016-03-28,1572.175727678131
2016-03-29,1578.9276133030512
2016-03-30,1620.822788830472
2016-03-31,1607.91552219222
2016-04-01,1577.9374593060415
2016-04-04,1588.6251726340777
2016-04-05,1560.6315369430426
2016-04-06,1570.8749276227184
2016-04-07,1558.2709865123054
2016-04-08,1574.91165990045
2016-04-11,1582.0808590856675
2016-04-12,1585.7516513126477
2016-04-13,1613.2854517364224
2016-04-14,1617.8092488100829
2016-04-15,1618.000858018683
2016-04-18,1626.5287133420054
2016-04-19,1661.5427897106301
2016-04-20,1665.8723264572095
2016-04-21,1654.077033211471
2016-04-22,1644.8656825022274
2016-04-25,1641.3687749166359
2016-04-26,1648.3266844377354
2016-04-27,1653.9343287813379
2016-04-28,1649.057872630071
2016-04-29,1624.61109381723
2016-05-02,1646.5645617267248
2016-05-03,1623.3609289131086
2016-05-04,1606.1671604467745
2016-05-05,1595.5675640393417
2016-05-06,1596.410574454573
2016-05-09,1609.5326712227927
2016-05-10,1616.323492291442
2016-05-11,1605.9458978696716
2016-05-12,1594.4478637710633
2016-05-13,1589.2645480464369
2016-05-16,1595.3973229406286
2016-05-17,1592.4993669811547
2016-05-18,1596.6835584320715
2016-05-19,1575.4095978777373
2016-05-20,1598.3111812325133
2016-05-23,1592.6722679894485
2016-05-24,1626.8525785352906
2016-05-25,1642.9135940839963
2016-05-26,1658.214371207633
2016-05-27,1657.6411840140804
2016-05-30,1661.3443344078346
2016-05-31,1653.724747165301
2016-06-01,1652.0186401853555
2016-06-02,1645.9068686955827
2016-06-03,1656.7745558228958
2016-06-06,1662.5034652659106
2016-06-07,1674.4745427462851
2016-06-08,1669.189123163051
2016-06-09,1643.8508346581439
2016-06-10,1599.3456552824096
2016-06-13,1566.8295309106693
2016-06-14,1527.7830817351323
2016-06-15,1544.703250520258
2016-06-16,1529.6035164269629
2016-06-17,1553.9087720769892
2016-06-20,1619.6132286959487
2016-06-21,1625.129513642986
2016-06-22,1633.9723131591309
2016-06-23,1671.6392776401103
2016-06-24,1523.0082412348945
2016-06-27,1457.2081755595937
2016-06-28,1499.2993397577827
2016-06-29,1547.2901138158834
2016-06-30,1565.0364947018263
2016-07-01,1576.1389878337789
2016-07-04,1566.7541003620934
2016-07-05,1541.0638167415498
2016-07-06,1512.0368602762267
2016-07-07,1521.9420212844027
2016-07-08,1542.956691734377
2016-07-11,1570.4417391000397
2016-07-12,1588.8958620404615
2016-07-13,1592.3597096883782
2016-07-14,1605.866148561315
2016-07-15,1598.9861219707377
2016-07-18,1596.5842016341844
2016-07-19,1578.6742553820318
2016-07-20,1604.5925169560273
2016-07-21,1599.727316372203
2016-07-22,1599.4021106719536
2016-07-25,1604.7823395271757
2016-07-26,1610.7445815493609
2016-07-27,1621.129370427266
2016-07-28,1628.6288094773283
2016-07-29,1651.168774310438
2016-08-01,1642.0410774405025
2016-08-02,1627.135831946903
2016-08-03,1616.17248402077
2016-08-04,1622.167894473744
2016-08-05,1629.4231662582454
2016-08-08,1634.303131884265
2016-08-09,1665.897690076001
2016-08-10,1674.501604839599
2016-08-11,1695.4177622234456
2016-08-12,1692.2520639899
2016-08-15,1697.4781668596054
2016-08-16,1692.366323141444
2016-08-17,1680.0709017944012
2016-08-18,1695.3142058814863
2016-08-19,1685.9560113638095
2016-08-22,1680.3582950016023
2016-08-23,1695.3342357475412
2016-08-24,1688.0260391990564
2016-08-25,1685.42333446916
2016-08-26,1693.2571268674171
2016-08-29,1674.5671684524382
2016-08-30,1688.3343278998902
2016-08-31,1680.9035562860765
2016-09-01,1689.2807911826521
2016-09-02,1719.53219154411
2016-09-05,1717.2039882415409
2016-09-06,1721.3422934950504
2016-09-07,1730.6448369124412
2016-09-08,1722.6113703564768
2016-09-09,1692.1758730746326
2016-09-12,1678.9566522209602
2016-09-13,1666.8697982688313
2016-09-14,1665.5663980384788
2016-09-15,1676.5574671641825
2016-09-16,1647.3744935395312
2016-09-19,1670.6236920245942
2016-09-20,1674.3498010630465
2016-09-21,1679.0219097453626
2016-09-22,1732.9458574932885
2016-09-23,1722.5809153228229
2016-09-26,1700.454732004571
2016-09-27,1689.8117794032748
2016-09-28,1699.1300742414257
2016-09-29,1698.3585295353332
2016-09-30,1705.370417588069
2016-10-03,1700.936637516531
2016-10-04,1705.4457210786616
2016-10-05,1704.5445716238942
2016-10-06,1699.0751254224192
2016-10-07,1683.7468527485316
2016-10-10,1700.4868170834827
2016-10-11,1676.8306967685746
2016-10-12,1665.2355203394568
2016-10-13,1647.9957409885903
2016-10-14,1667.7677563670466
2016-10-17,1656.4918741646984
2016-10-18,1675.3285862975029
2016-10-19,1674.5290550468894
2016-10-20,1672.8964076650213
2016-10-21,1667.8760787506365
2016-10-24,1676.5276284118272
2016-10-25,1664.1919536066841
2016-10-26,1668.4442524145102
2016-10-27,1670.8239533087258
2016-10-28,1671.5752410109562
2016-10-31,1669.5449386807281
2016-11-01,1664.0271100289087
2016-11-02,1652.103266497215
2016-11-03,1640.5767072306364
2016-11-04,1635.3011720792038
2016-11-07,1651.6290669874975
2016-11-08,1660.2335542513538
2016-11-09,1656.0081024496146
2016-11-10,1634.4061445360855
2016-11-11,1622.2868925801242
2016-11-14,1606.7101646088017
2016-11-15,1613.890097215302
2016-11-16,1598.1138740781585
2016-11-17,1606.7325708827163
2016-11-18,1589.1195013100382
2016-11-21,1596.3892250823717
2016-11-22,1598.1224049290124
2016-11-23,1583.1959018001016
2016-11-24,1594.8103981711422
2016-11-25,1605.5604964535435
2016-11-28,1586.919637701656
2016-11-29,1601.5866853282575
2016-11-30,1603.9683815929923
2016-12-01,1589.8136791499717
2016-12-02,1589.434445501529
2016-12-05,1612.3098957300915
2016-12-06,1630.590565101571
2016-12-07,1651.0768620776491
2016-12-08,1642.8418468946793
2016-12-09,1642.6982743368612
2016-12-12,1650.5556040917768
2016-12-13,1672.305999693177
2016-12-14,1662.669759933229
2016-12-15,1638.9559394776352
2016-12-16,1645.421611949361
2016-12-19,1651.7765848599918
2016-12-20,1652.0667752921288
2016-12-21,1655.9137559323215
2016-12-22,1660.2079219889229
2016-12-23,1662.034975176526
2016-12-26,1662.034975176526
2016-12-27,1665.4960334402242
2016-12-28,1656.806556855193
2016-12-29,1670.2375990245143
2016-12-30,1687.1297675927221
2017-01-02,1695.4810977186144
2017-01-03,1666.558203434082
2017-01-04,1677.7040526496646
2017-01-05,1697.8156394649643
2017-01-06,1697.6139655761963
2017-01-09,1690.8067830747498
2017-01-10,1693.5459898934773
2017-01-11,1673.5098993522834
2017-01-12,1696.4010179445556
2017-01-13,1707.9426513540127
2017-01-16,1695.4274186886757
2017-01-17,1702.2233733929643
2017-01-18,1708.3661443780095
2017-01-19,1690.7059394251446
2017-01-20,1702.4714975124361
2017-01-23,1702.9031653355664
2017-01-24,1709.2001900338237
2017-01-25,1729.5354619485313
2017-01-26,1711.9078214747815
2017-01-27,1713.6104211424163
2017-01-30,1694.9359901323062
2017-01-31,1699.7120252232278
2017-02-01,1699.044864020602
2017-02-02,1708.3679628095144
2017-02-03,1716.3181852928203
2017-02-06,1694.8646238121173
2017-02-07,1687.2071539805147
2017-02-08,1695.1710794673902
2017-02-09,1703.8715124827033
2017-02-10,1695.7491100526784
2017-02-13,1709.2781337217461
2017-02-14,1700.5230106446618
2017-02-15,1706.1120784650404
2017-02-16,1713.4580293763383
2017-02-17,1723.6108152956858
2017-02-20,1716.1329299117835
2017-02-21,1716.0643111237216
2017-02-22,1725.5359806841184
2017-02-23,1727.9146120597409
2017-02-24,1709.1297406452848
2017-02-27,1716.7961459272196
2017-02-28,1721.851350460922
2017-03-01,1740.00383664041
2017-03-02,1733.8818658902658
2017-03-03,1744.0494890548778
2017-03-06,1746.3939838674446
2017-03-07,1740.9946941666074
2017-03-08,1741.9351415933124
2017-03-09,1762.475525912344
2017-03-10,1779.9211279017811
2017-03-13,1781.1234236615967
2017-03-14,1771.0387069697204
2017-03-15,1777.27229119483
2017-03-16,1806.4807781878033
2017-03-17,1814.1613784459566
2017-03-20,1813.2235289053042
2017-03-21,1818.400132633692
2017-03-22,1812.5866126144322
2017-03-23,1826.2725019626537
2017-03-24,1825.4391455304772
2017-03-27,1834.358288857852
2017-03-28,1841.1933284908787
2017-03-29,1827.26970681059
2017-03-30,1831.9563977226655
2017-03-31,1834.7867956931377
2017-04-03,1814.9283822757977
2017-04-04,1827.1679016037722
2017-04-05,1824.3816254312744
2017-04-06,1833.617799998586
2017-04-07,1834.4365422096596
2017-04-10,1826.8903811832026
2017-04-11,1826.8832245692308
2017-04-12,1828.6716921318093
2017-04-13,1820.6523290239822
2017-04-14,1820.6523290239822
2017-04-17,1827.2492058455362
2017-04-18,1816.8805914485997
2017-04-19,1820.8894869572218
2017-04-20,1837.8954567203616
2017-04-21,1824.9506418500407
2017-04-24,1913.104610919899
2017-04-25,1926.9943198601625
2017-04-26,1918.700473811825
2017-04-27,1909.636127196949
2017-04-28,1910.5963905757303
2017-05-01,1915.5090770109316
2017-05-02,1924.599868576055
2017-05-03,1926.6945662238347
2017-05-04,1955.0645790726064
2017-05-05,1975.6961357087773
2017-05-08,1959.6390547263022
2017-05-09,1959.874196961543
2017-05-10,1953.8707222961411
2017-05-11,1943.6774199008055
2017-05-12,1958.7674940908937
2017-05-15,1973.217266958488
2017-05-16,1992.8337189997565
2017-05-17,1977.8885410901746
2017-05-18,1962.2947982044075
2017-05-19,1984.7262760968838
2017-05-22,1995.586808616991
2017-05-23,2000.455078312424
2017-05-24,1991.2096240651365
2017-05-25,1996.6520995835426
2017-05-26,1989.9680526759091
2017-05-29,1990.8248061827508
2017-05-30,1988.1768595223573
2017-05-31,1997.165197426486
2017-06-01,2001.1546021424501
2017-06-02,2020.4456874096998
2017-06-05,2007.8966762306025
2017-06-06,1998.4746788702944
2017-06-07,1998.2203656296265
2017-06-08,1994.6500022941964
2017-06-09,1998.9256925646303
2017-06-12,1979.5627774380014
2017-06-13,1990.709634156285
2017-06-14,1999.8733976993096
2017-06-15,1966.359268626413
2017-06-16,1992.7371576723092
2017-06-19,2007.23772040938
2017-06-20,1990.9905024308985
2017-06-21,1989.7499168921454
2017-06-22,1989.588835956347
2017-06-23,1991.9331452566469
2017-06-26,2003.0473408861203
2017-06-27,2005.7370377791242
2017-06-28,2015.7400267559688
2017-06-29,1990.969957529913
2017-06-30,1979.8043326673894
2017-07-03,1997.8496794428008
2017-07-04,1989.201890522358
2017-07-05,1989.9850252231968
2017-07-06,1993.1265205345724
2017-07-07,1991.1575085234679
2017-07-10,2000.0173027000326
2017-07-11,1995.0488096431027
2017-07-12,2020.85840393177
2017-07-13,2026.2665435831475
2017-07-14,2037.3825937131528
2017-07-17,2039.330415037901
2017-07-18,2039.0824067617841
2017-07-19,2046.989770533189
2017-07-20,2065.9609056542004
2017-07-21,2040.841874892575
2017-07-24,2038.327176236343
2017-07-25,2056.0756801487396
2017-07-26,2061.3266624472026
2017-07-27,2073.739749289598
2017-07-28,2071.3970202389137
2017-07-31,2070.71755829311
2017-08-01,2088.834371942552
2017-08-02,2094.200614507022
2017-08-03,2104.1199380597964
2017-08-04,2104.726651208559
2017-08-07,2111.654798665721
2017-08-08,2107.6313481563843
2017-08-09,2083.0773477595385
2017-08-10,2062.183515599201
2017-08-11,2051.0578646686854
2017-08-14,2072.0164513754526
2017-08-15,2066.9904297529074
2017-08-16,2076.2025079191567
2017-08-17,2071.4147455140264
2017-08-18,2062.0738379590875
2017-08-21,2064.988337274715
2017-08-22,2075.118634425909
2017-08-23,2076.976094705745
2017-08-24,2077.347323559774
2017-08-25,2085.4990114907328
2017-08-28,2087.1904510171157
2017-08-29,2081.662626885283
2017-08-30,2072.1132927307854
2017-08-31,2080.138939377561
2017-09-01,2090.877278074474
2017-09-04,2089.166713310126
2017-09-05,2088.8102862261403
2017-09-06,2097.0815334760855
2017-09-07,2119.1565322168917
2017-09-08,2122.9610419149594
2017-09-11,2147.5054872366086
2017-09-12,2146.906116212174
2017-09-13,2146.648051486112
2017-09-14,2138.538846511826
2017-09-15,2150.218546777275
2017-09-18,2154.6021693607595
2017-09-19,2160.9924480990326
2017-09-20,2159.778368959028
2017-09-21,2151.1395890597582
2017-09-22,2160.628647039593
2017-09-25,2138.6109380026446
2017-09-26,2113.3900674053566
2017-09-27,2116.2083811120697
2017-09-28,2131.7553956244187
2017-09-29,2158.6118748205104
2017-10-02,2151.974632479566
2017-10-03,2159.2635634014046
2017-10-04,2152.7707876088393
2017-10-05,2153.0960268914796
2017-10-06,2148.688406754547
2017-10-09,2155.6345201526146
2017-10-10,2169.1980231729335
2017-10-11,2180.7281218690487
2017-10-12,2185.482627636068
2017-10-13,2184.4450603370633
2017-10-16,2175.839466879015
2017-10-17,2164.5193871135243
2017-10-18,2172.260385235549
2017-10-19,2174.9510616886896
2017-10-20,2164.375875914085
2017-10-23,2156.4540767107756
2017-10-24,2159.3727941034017
2017-10-25,2165.826081169318
2017-10-26,2184.3440627518567
2017-10-27,2168.916388542171
2017-10-30,2182.0211424454524
2017-10-31,2196.297695313733
2017-11-01,2202.5415065770712
2017-11-02,2206.503409975148
2017-11-03,2197.529903376907
2017-11-06,2187.0074135196546
2017-11-07,2174.579845510068
2017-11-08,2180.1062852356686
2017-11-09,2163.2017173915838
2017-11-10,2161.7664919952695
2017-11-13,2151.6747951574753
2017-11-14,2159.138212241978
2017-11-15,2155.7337263791133
2017-11-16,2163.4681268433637
2017-11-17,2160.2161970244197
2017-11-20,2161.3826591693514
2017-11-21,2169.8664055636073
2017-11-22,2169.2721620858015
2017-11-23,2182.782780088529
2017-11-24,2204.5669906083103
2017-11-27,2188.3585233242143
2017-11-28,2188.965976364383
2017-11-29,2185.2914195230364
2017-11-30,2185.8179451322176
2017-12-01,2151.5048059411033
2017-12-04,2176.2617879639097
2017-12-05,2174.0133472966113
2017-12-06,2166.4363232992832
2017-12-07,2174.430151539301
2017-12-08,2174.395954910059
2017-12-11,2177.515048301194
2017-12-12,2175.5551907562126
2017-12-13,2169.096788436966
2017-12-14,2160.291450876694
2017-12-15,2161.0310824608014
2017-12-18,2196.544745859143
2017-12-19,2180.9384413262514
2017-12-20,2172.872121686881
2017-12-21,2180.0103373685774
2017-12-22,2166.8139302100626
2017-12-25,2166.813930210063
2017-12-26,2172.4900525555527
2017-12-27,2176.696760199172
2017-12-28,2173.0950671731343
2017-12-29,2173.138740382716
2018-01-01,2173.1387403827157
2018-01-02,2169.824776010522
2018-01-03,2179.7123294742196
2018-01-04,2221.4447571429646
2018-01-05,2238.2243763279694
2018-01-08,2231.8986528254554
2018-01-09,2231.3175433858605
2018-01-10,2231.5731041724093
2018-01-11,2230.765147045203
2018-01-12,2256.963397609638
2018-01-15,2280.7142614103877
2018-01-16,2273.8160635897184
2018-01-17,2276.6986980599304
2018-01-18,2284.38162929943
2018-01-19,2300.948788400633
2018-01-22,2312.516760916374
2018-01-23,2326.6422479277144
2018-01-24,2328.4125168605015
2018-01-25,2341.256551608445
2018-01-26,2338.6587081634257
2018-01-29,2321.9229989518008
2018-01-30,2314.44531976611
2018-01-31,2328.699772906785
2018-02-01,2317.5199516914117
2018-02-02,2279.154079222218
2018-02-05,2246.174517167898
2018-02-06,2172.355977992958
2018-02-07,2207.6282237562255
2018-02-08,2153.618732805814
2018-02-09,2127.0547643640075
2018-02-12,2157.9559017877646
2018-02-13,2152.861759036827
2018-02-14,2178.6574328013303
2018-02-15,2205.37505519609
2018-02-16,2219.281556969511
2018-02-19,2198.095146101696
2018-02-20,2206.0568885729117
2018-02-21,2201.8357090224654
2018-02-22,2203.7442643207132
2018-02-23,2200.766664678498
2018-02-26,2214.322072721946
2018-02-27,2199.6553454500745
2018-02-28,2186.1610639650567
2018-03-01,2155.6220214608197
2018-03-02,2134.2431668082118
2018-03-05,2155.808891017865
2018-03-06,2170.808217420502
2018-03-07,2186.923057385964
2018-03-08,2196.379534005978
2018-03-09,2203.61911207261
2018-03-12,2207.845403664991
2018-03-13,2202.315111195094
2018-03-14,2198.4717742118414
2018-03-15,2207.8579908114298
2018-03-16,2212.539627021912
2018-03-19,2194.781863383426
2018-03-20,2198.904887933059
2018-03-21,2197.0813875573126
2018-03-22,2175.1403172106225
2018-03-23,2152.3952099685766
2018-03-26,2152.0865149654664
2018-03-27,2167.706895634151
2018-03-28,2172.1748020034665
2018-03-29,2175.4255838265844
2018-03-30,2175.4255838265844
2018-04-02,2177.3713236665712
2018-04-03,2168.7675102181456
2018-04-04,2171.5413030358545
2018-04-05,2214.400732311577
2018-04-06,2212.1841143336264
2018-04-09,2227.555958242581
2018-04-10,2244.891009622995
2018-04-11,2237.5711483049095
2018-04-12,2238.8222311419454
2018-04-13,2242.8507190810374
2018-04-16,2247.934277470416
2018-04-17,2264.2773261267625
2018-04-18,2279.328175035012
2018-04-19,2272.5201020561985
2018-04-20,2261.212750586254
2018-04-23,2262.4078502194952
2018-04-24,2270.968326675004
2018-04-25,2253.4588561155883
2018-04-26,2262.9583995220023
2018-04-27,2274.252076819186
2018-04-30,2281.3172573796214
2018-05-01,2263.5220506038518
2018-05-02,2266.576925945334
2018-05-03,2254.3285974343207
2018-05-04,2266.14612372459
2018-05-07,2272.73056202276
2018-05-08,2260.2911425455527
2018-05-09,2266.5606097906257
2018-05-10,2278.0287129264443
2018-05-11,2289.805472233522
2018-05-14,2294.3205721582835
2018-05-15,2274.717909232525
2018-05-16,2260.1701696684577
2018-05-17,2284.8566053630884
2018-05-18,2275.999506416043
2018-05-21,2276.365070578254
2018-05-22,2284.097426206261
2018-05-23,2242.583077481965
2018-05-24,2240.1275750069995
2018-05-25,2226.238417289127
2018-05-28,2205.1950943320744
2018-05-29,2164.488212547894
2018-05-30,2184.218951021539
2018-05-31,2182.548246512605
2018-06-01,2206.9701329586273
2018-06-04,2222.821388794638
2018-06-05,2210.884269316456
2018-06-06,2234.2831521557378
2018-06-07,2244.1349456676094
2018-06-08,2234.9003804807594
2018-06-11,2264.989990097598
2018-06-12,2256.6338786410615
2018-06-13,2257.780537689869
2018-06-14,2256.6454030795653
2018-06-15,2237.21122619854
2018-06-18,2214.612787853009
2018-06-19,2188.1417438372246
2018-06-20,2189.7580850272047
2018-06-21,2174.045853447167
2018-06-22,2204.9068104976727
2018-06-25,2171.6887036496505
2018-06-26,2169.0343180383343
2018-06-27,2175.07497522936
2018-06-28,2151.816821034934
2018-06-29,2189.9207777664938
2018-07-02,2158.3258924226056
2018-07-03,2188.224948133432
2018-07-04,2190.4947800270716
2018-07-05,2215.001210686168
2018-07-06,2226.4120401148384
2018-07-09,2240.61464862846
2018-07-10,2241.3712580789465
2018-07-11,2208.624431293796
2018-07-12,2217.537751036804
2018-07-13,2220.9955076110305
2018-07-16,2223.4736117700027
2018-07-17,2224.9361044270354
2018-07-18,2229.2541137455178
2018-07-19,2210.284906432831
2018-07-20,2214.7743920218804
2018-07-23,2210.4078376005
2018-07-24,2227.6368662496916
2018-07-25,2209.3830500672143
2018-07-26,2232.286021290017
2018-07-27,2238.9903470594095
2018-07-30,2247.448535366296
2018-07-31,2255.161884341974
2018-08-01,2238.2813647872817
2018-08-02,2203.8242804011197
2018-08-03,2210.330179609241
2018-08-06,2203.8736257493124
2018-08-07,2221.251659722511
2018-08-08,2219.6622691614034
2018-08-09,2220.782493627207
2018-08-10,2155.2084002477136
2018-08-13,2152.5694846638926
2018-08-14,2141.9455042520076
2018-08-15,2102.2461840329106
2018-08-16,2132.911236430093
2018-08-17,2132.19551582173
2018-08-20,2151.1613419350606
2018-08-21,2175.624713826716
2018-08-22,2199.4132014196225
2018-08-23,2197.023428312834
2018-08-24,2214.2488550473295
2018-08-27,2240.5091198780265
2018-08-28,2243.959883104771
2018-08-29,2241.8439558070277
2018-08-30,2221.639622613829
2018-08-31,2194.957976231836
2018-09-03,2195.1513464327895
2018-09-04,2164.0800076988103
2018-09-05,2149.580277067195
2018-09-06,2138.2020584495936
2018-09-07,2130.992337219815
2018-09-10,2147.7060304792726
2018-09-11,2151.6008404894123
2018-09-12,2179.214084227392
2018-09-13,2185.574985105276
2018-09-14,2188.994724004705
2018-09-17,2190.5716399835756
2018-09-18,2198.129372475319
2018-09-19,2197.7817175786295
2018-09-20,2229.505935519005
2018-09-21,2247.4699692499807
2018-09-24,2246.4640934321856
2018-09-25,2263.247346366017
2018-09-26,2262.2086733804817
2018-09-27,2257.236751343673
2018-09-28,2212.8654549652533
2018-10-01,2214.65786149046
2018-10-02,2190.926427807748
2018-10-03,2194.346993160515
2018-10-04,2177.947904355897
2018-10-05,2155.8288813713007
2018-10-08,2121.6777897765164
2018-10-09,2132.1031075573965
2018-10-10,2103.251964680021
2018-10-11,2061.8028917914417
2018-10-12,2054.146389954382
2018-10-15,2068.605567068763
2018-10-16,2096.569690424157
2018-10-17,2081.1235848972656
2018-10-18,2046.552103957486
2018-10-19,2045.02877813433
2018-10-22,2028.06421792078
2018-10-23,1998.7058077278502
2018-10-24,1982.5562015329065
2018-10-25,2008.5012730900978
2018-10-26,1986.064319386155
2018-10-29,2004.3062950893027
2018-10-30,1995.4950348570023
2018-10-31,2023.688204421639
2018-11-01,2032.0755759075391
2018-11-02,2040.3447685351102
2018-11-05,2044.1078581841
2018-11-06,2038.1145150025554
2018-11-07,2069.0473331470776
2018-11-08,2063.1026359996486
2018-11-09,2047.108360149583
2018-11-12,2003.8890440788623
2018-11-13,2028.72558635754
2018-11-14,2023.9101471803126
2018-11-15,2021.5919768294846
2018-11-16,2033.7117320556351
2018-11-19,2024.13244545333
2018-11-20,1992.1577742954798
2018-11-21,2013.8049180866226
2018-11-22,2002.1772994379323
2018-11-23,1994.8328547776027
2018-11-26,2019.7111315622483
2018-11-27,2010.2544262520066
2018-11-28,2008.0265365323796
2018-11-29,2033.4989833477675
2018-11-30,2021.6630331936574
2018-12-03,2054.1193050257207
2018-12-04,2036.1309379452928
2018-12-05,2008.3108222127273
2018-12-06,1953.1900669981121
2018-12-07,1969.1895295201823
2018-12-10,1943.1751105613675
2018-12-11,1949.783166391595
2018-12-12,1982.0910546336404
2018-12-13,1979.9139191339752
2018-12-14,1958.3688397704927
2018-12-17,1940.7565413727675
2018-12-18,1933.0851415865022
2018-12-19,1953.076918516487
2018-12-20,1923.939743251903
2018-12-21,1919.641338938903
2018-12-24,1908.703869280541
2018-12-25,1908.703869280541
2018-12-26,1907.987085053969
2018-12-27,1884.3684258918415
2018-12-28,1918.3874302383115
2018-12-31,1926.9954693130921
2019-01-01,1926.9954693130921
2019-01-02,1912.7622756880135
2019-01-03,1895.7255907260967
2019-01-04,1949.6148491413317
2019-01-07,1949.396402669198
2019-01-08,1956.2930279808488
2019-01-09,1982.577840688604
2019-01-10,1986.2862284303812
2019-01-11,1973.6968258498455
2019-01-14,1965.7021849644862
2019-01-15,1963.4304892066125
2019-01-16,1964.5329368445925
2019-01-17,1967.0543306350974
2019-01-18,2002.9856765535642
2019-01-21,1994.3690305588839
2019-01-22,1983.2081086422088
2019-01-23,1987.3442803137955
2019-01-24,1987.6552221191585
2019-01-25,2008.7618224754615
2019-01-28,2002.1623895153211
2019-01-29,2008.2577345455163
2019-01-30,2013.339207209308
2019-01-31,2026.4501742464336
2019-02-01,2031.1602014921907
2019-02-04,2021.207946767941
2019-02-05,2048.5154172880284
2019-02-06,2039.3038330632014
2019-02-07,2001.4920216845705
2019-02-08,1988.0291490919706
2019-02-11,1997.858886660769
2019-02-12,2015.2874103038012
2019-02-13,2019.0548977550009
2019-02-14,2007.2857928094722
2019-02-15,2039.7643251198715
2019-02-18,2052.453655808863
2019-02-19,2056.6783259261483
2019-02-20,2071.365281417293
2019-02-21,2075.393127620284
2019-02-22,2081.23421295838
2019-02-25,2086.3576213714755
2019-02-26,2095.11160641104
2019-02-27,2090.1406903229304
2019-02-28,2102.924618241838
2019-03-01,2113.196364402664
2019-03-04,2105.163439916626
2019-03-05,2107.204744588241
2019-03-06,2110.3422488894375
2019-03-07,2088.0217299307633
2019-03-08,2070.961546331276
2019-03-11,2080.1922704354583
2019-03-12,2087.1812530113657
2019-03-13,2102.2769498517523
2019-03-14,2119.7166331100943
2019-03-15,2147.8235361884826
2019-03-18,2152.485364342873
2019-03-19,2164.258176701784
2019-03-20,2146.318446034298
2019-03-21,2145.7522593741437
2019-03-22,2099.9496513787362
2019-03-25,2103.88689154899
2019-03-26,2112.335880918005
2019-03-27,2107.697024673644
2019-03-28,2102.4437646961524
2019-03-29,2119.6724040866607
2019-04-01,2138.3470202855547
2019-04-02,2140.3447496205636
2019-04-03,2168.504738309005
2019-04-04,2168.2022203803417
2019-04-05,2170.1564884038653
2019-04-08,2173.265469256126
2019-04-09,2160.723127061031
2019-04-10,2167.782891201946
2019-04-11,2177.957490450253
2019-04-12,2191.8193614412385
2019-04-15,2195.455493849361
2019-04-16,2203.017050227717
2019-04-17,2216.854704154151
2019-04-18,2215.0494470626895
2019-04-19,2215.0494470626895
2019-04-22,2217.2298860794463
2019-04-23,2211.9355357864415
2019-04-24,2221.953785919983
2019-04-25,2208.384761357814
2019-04-26,2210.712712603348
2019-04-29,2213.0569638994666
2019-04-30,2232.113191215845
2019-05-01,2238.671927543765
2019-05-02,2210.9508578739483
2019-05-03,2223.045368207074
2019-05-06,2205.5457217360317
2019-05-07,2168.272843872512
2019-05-08,2183.6425196301725
2019-05-09,2159.2669175347555
2019-05-10,2173.835559134645
2019-05-13,2152.2154856841485
2019-05-14,2173.658004720314
2019-05-15,2184.749643505377
2019-05-16,2217.260699424662
2019-05-17,2206.0549592977477
2019-05-20,2181.231218230502
2019-05-21,2204.635341202994
2019-05-22,2196.417155117664
2019-05-23,2155.2064916524228
2019-05-24,2182.476015661108
2019-05-27,2186.1697849514926
2019-05-28,2175.785192663041
2019-05-29,2134.9383459297887
2019-05-30,2145.585266976251
2019-05-31,2125.289213529925
2019-06-03,2147.060472218351
2019-06-04,2167.640129831341
2019-06-05,2175.6653561995963
2019-06-06,2177.5167948487883
2019-06-07,2212.58092959634
2019-06-10,2217.4970721603327
2019-06-11,2227.3075864712464
2019-06-12,2215.0644328568574
2019-06-13,2214.3947973232507
2019-06-14,2198.6658608875646
2019-06-17,2198.679348178463
2019-06-18,2231.5957896004247
2019-06-19,2239.5003258875086
2019-06-20,2263.091138405143
2019-06-21,2269.2272125675677
2019-06-24,2277.7894956383984
2019-06-25,2268.2031338430415
2019-06-26,2269.050959837836
2019-06-27,2262.871879755295
2019-06-28,2288.264560456271
2019-07-01,2296.8695497874496
2019-07-02,2300.3124236254193
2019-07-03,2313.939653028835
2019-07-04,2318.7754024990654
2019-07-05,2287.8399798191904
2019-07-08,2287.657341907148
2019-07-09,2276.6215951820386
2019-07-10,2280.917965463822
2019-07-11,2280.4027866274014
2019-07-12,2280.5070336733816
2019-07-15,2287.528194727579
2019-07-16,2284.848645478694
2019-07-17,2274.7143332326186
2019-07-18,2258.5332743804975
2019-07-19,2255.05666875603
2019-07-22,2257.4624876875937
2019-07-23,2264.9155196269544
2019-07-24,2267.8830024735244
2019-07-25,2262.8184831489625
2019-07-26,2262.638352913578
2019-07-29,2261.590663035557
2019-07-30,2225.465819610166
2019-07-31,2227.6939158485648
2019-08-01,2228.92401576566
2019-08-02,2167.5087962525736
2019-08-05,2138.3886057687673
2019-08-06,2124.4408487474884
2019-08-07,2138.5048720314753
2019-08-08,2171.47244251937
2019-08-09,2142.669657027228
2019-08-12,2143.7715870615966
2019-08-13,2153.477948474309
2019-08-14,2104.4425911365897
2019-08-15,2090.063164319679
2019-08-16,2113.3565320218577
2019-08-19,2136.6978794541164
2019-08-20,2120.8824489548865
2019-08-21,2153.282636523872
2019-08-22,2138.405062954685
2019-08-23,2119.9592019236293
2019-08-26,2133.051185279743
2019-08-27,2144.780162453777
2019-08-28,2136.921593585225
2019-08-29,2162.829878229734
2019-08-30,2165.9189867379737
2019-09-02,2160.484190961636
2019-09-03,2152.587968540459
2019-09-04,2186.2360815572993
2019-09-05,2214.1395783418343
2019-09-06,2220.669213620409
2019-09-09,2228.850966522975
2019-09-10,2229.582423250105
2019-09-11,2228.9863291877177
2019-09-12,2243.918116946983
2019-09-13,2258.858720170881
2019-09-16,2227.794487543158
2019-09-17,2243.1620252295093
2019-09-18,2251.6266579834237
2019-09-19,2266.9271893461646
2019-09-20,2271.4113580170724
2019-09-23,2248.2272115874507
2019-09-24,2241.8888134949325
2019-09-25,2216.375893221261
2019-09-26,2233.7354794794446
2019-09-27,2251.671199911487
2019-09-30,2257.6651294414787
2019-10-01,2233.0842076403474
2019-10-02,2173.1488613278284
2019-10-03,2180.9159177408924
2019-10-04,2199.3789200818724
2019-10-07,2216.8952072313227
2019-10-08,2181.1162403015796
2019-10-09,2210.137817724908
2019-10-10,2231.46107603903
2019-10-11,2295.0142290561275
2019-10-14,2285.586689569196
2019-10-15,2316.7673160706286
2019-10-16,2312.3714733182824
2019-10-17,2318.3011548863424
2019-10-18,2316.300874223072
2019-10-21,2334.8550295022487
2019-10-22,2341.4169918586617
2019-10-23,2337.819982918158
2019-10-24,2347.8434141163025
2019-10-25,2351.3186038632416
2019-10-28,2361.3772188396656
2019-10-29,2359.20714171666
2019-10-30,2363.2918688116924
2019-10-31,2357.362590517804
2019-11-01,2379.1106794757607
2019-11-04,2402.893740249906
2019-11-05,2394.9813667023886
2019-11-06,2397.287232324795
2019-11-07,2407.367611263773
2019-11-08,2393.4967520798223
2019-11-11,2394.650312024982
2019-11-12,2394.4126950243626
2019-11-13,2388.199999663361
2019-11-14,2380.605172126585
2019-11-15,2407.233805494798
2019-11-18,2412.698813941819
2019-11-19,2407.468777793284
2019-11-20,2397.146848505348
2019-11-21,2392.0942577774103
2019-11-22,2388.6729294033407
2019-11-25,2395.843116367569
2019-11-26,2397.932013180565
2019-11-27,2397.9147238498513
2019-11-28,2395.8793537105034
2019-11-29,2398.0792191520095
2019-12-02,2360.105004628057
2019-12-03,2355.118626881982
2019-12-04,2382.8456548272356
2019-12-05,2377.556098653212
2019-12-06,2401.2219466477277
2019-12-09,2392.362917860583
2019-12-10,2392.549726772748
2019-12-11,2402.5452493503253
2019-12-12,2422.632530559006
2019-12-13,2437.8760549567537
2019-12-16,2465.7098461310375
2019-12-17,2456.7865698537294
2019-12-18,2445.1386797504915
2019-12-19,2443.932502949886
2019-12-20,2457.5619707817305
2019-12-23,2460.1344245503797
2019-12-24,2458.8028494734267
2019-12-25,2458.802849473426
2019-12-26,2460.711717706537
2019-12-27,2480.250446845068
2019-12-30,2466.3827686044865
2019-12-31,2471.7400974191814
2020-01-01,2471.740097419182
2020-01-02,2494.517947024121
2020-01-03,2476.3612031115963
2020-01-06,2470.857810199013
2020-01-07,2466.942818431648
2020-01-08,2472.7899691452817
2020-01-09,2483.1286224342775
2020-01-10,2477.7203691112963
2020-01-13,2475.6900682834166
2020-01-14,2473.1052159697742
2020-01-15,2476.3140911597825
2020-01-16,2474.929439275996
2020-01-17,2484.924135650078
2020-01-20,2480.3210715863474
2020-01-21,2481.150662739266
2020-01-22,2467.3550447250404
2020-01-23,2437.473943233331
2020-01-24,2461.6771700908853
2020-01-27,2391.9127745117353
2020-01-28,2406.9912922227486
2020-01-29,2418.5153536168173
2020-01-30,2396.9442048226692
2020-01-31,2370.0895892655058
2020-02-03,2381.6241698586787
2020-02-04,2421.134746808216
2020-02-05,2444.268278048945
2020-02-06,2452.5709981682057
2020-02-07,2447.9896060259866
2020-02-10,2436.3278906774763
2020-02-11,2454.9395641685983
2020-02-12,2465.4644983934572
2020-02-13,2450.8434767972076
2020-02-14,2451.036183251138
2020-02-17,2451.5030924557873
2020-02-18,2439.164565083876
2020-02-19,2453.1124093071344
2020-02-20,2428.5383548512677
2020-02-21,2426.550368192039
2020-02-24,2327.1243526184535
2020-02-25,2283.714807222268
2020-02-26,2283.2195105023984
2020-02-27,2230.573547272123
2020-02-28,2154.414785812618
2020-03-02,2188.3200199683056
2020-03-03,2227.9256734390447
2020-03-04,2247.9324793609735
2020-03-05,2224.7300292196655
2020-03-06,2171.0189343173042
2020-03-09,2010.2578025242908
2020-03-10,1978.085887240578
2020-03-11,1956.1690945922262
2020-03-12,1691.656675487254
2020-03-13,1703.609093908994
2020-03-16,1625.0665137344495
2020-03-17,1626.987412508474
2020-03-18,1517.88299769506
2020-03-19,1535.6892664604077
2020-03-20,1606.375675637089
2020-03-23,1594.958730160915
2020-03-24,1767.4258254654976
2020-03-25,1824.4908216006036
2020-03-26,1891.9542446097375
2020-03-27,1816.4425414353384
2020-03-30,1839.6563262633367
2020-03-31,1856.9984035007872
2020-04-01,1783.4130244315727
2020-04-02,1780.296772340796
2020-04-03,1741.9623239286402
2020-04-06,1826.6329552676573
2020-04-07,1886.3872941919194
2020-04-08,1884.6305224170105
2020-04-09,1922.4773509140527
2020-04-10,1922.4773509140527
2020-04-13,1915.2775675967064
2020-04-14,1946.571216869007
2020-04-15,1866.1869967167574
2020-04-16,1862.9939597997568
2020-04-17,1918.7843926804508
2020-04-20,1929.2773477693827
2020-04-21,1847.0756051298204
2020-04-22,1874.9472505832548
2020-04-23,1887.2579180499615
2020-04-24,1859.1902114217316
2020-04-27,1905.3129823297447
2020-04-28,1939.0356378673291
2020-04-29,1987.366700910772
2020-04-30,1969.842220279058
2020-05-01,1979.609432056737
2020-05-04,1878.882494632371
2020-05-05,1911.8463672385624
2020-05-06,1886.0675339503803
2020-05-07,1914.2485112768518
2020-05-08,1950.2235631590183
2020-05-11,1930.9126122773082
2020-05-12,1934.9253458158769
2020-05-13,1884.3950137578354
2020-05-14,1844.1323133184396
2020-05-15,1854.6721796525155
2020-05-18,1948.7170088492192
2020-05-19,1967.0400332619738
2020-05-20,2004.086493117429
2020-05-21,1965.6450634710015
2020-05-22,1961.4556516489517
2020-05-25,1999.9173429579243
2020-05-26,2034.902862798434
2020-05-27,2059.681864987906
2020-05-28,2100.74160214308
2020-05-29,2090.0074707420968
2020-06-01,2101.595623180467
2020-06-02,2154.198965270401
2020-06-03,2241.3555650453563
2020-06-04,2265.6907097842363
2020-06-05,2326.279826005747
2020-06-08,2295.2520826152722
2020-06-09,2283.2589387230905
2020-06-10,2266.426577498052
2020-06-11,2184.8225875435724
2020-06-12,2161.5767812079434
2020-06-15,2154.09527952982
2020-06-16,2220.222274736327
2020-06-17,2234.552615395882
2020-06-18,2226.017889715113
2020-06-19,2239.4590409066554
2020-06-22,2236.8473382488737
2020-06-23,2289.617708740692
2020-06-24,2216.0972565213983
2020-06-25,2222.4361903506615
2020-06-26,2218.4771862710563
2020-06-29,2236.9886767608623
2020-06-30,2242.9701229945726
2020-07-01,2245.2152468432664
2020-07-02,2294.722963094582
2020-07-03,2282.5414255996648
2020-07-06,2336.2869700505476
2020-07-07,2312.2660181399483
2020-07-08,2302.631464796365
2020-07-09,2287.1994507150134
2020-07-10,2315.9255687661157
2020-07-13,2355.1904950420767
2020-07-14,2341.0987907170115
2020-07-15,2366.756779408031
2020-07-16,2367.1351712335418
2020-07-17,2361.0162501404297
2020-07-20,2389.9584271030085
2020-07-21,2413.283308711669
2020-07-22,2423.5659229651005
2020-07-23,2420.824951569784
2020-07-24,2377.410471293714
2020-07-27,2412.44012463816
2020-07-28,2400.592040875381
2020-07-29,2407.304086514029
2020-07-30,2337.0720790457663
2020-07-31,2323.418134300943
2020-08-03,2357.553134923143
2020-08-04,2361.0453820588864
2020-08-05,2401.482261147473
2020-08-06,2371.361996841656
2020-08-07,2374.9928616311154
2020-08-10,2367.844841621778
2020-08-11,2410.8599090272587
2020-08-12,2445.6769626621776
2020-08-13,2442.2814480580982
2020-08-14,2412.679967465428
2020-08-17,2428.119363091089
2020-08-18,2429.337588255828
2020-08-19,2443.5942892333696
2020-08-20,2401.1440537436442
2020-08-21,2380.111288863237
2020-08-24,2436.1281079745213
2020-08-25,2435.490352655307
2020-08-26,2458.8077644647565
2020-08-27,2430.0264151756505
2020-08-28,2444.6667234808992
2020-08-31,2430.170262172453
2020-09-01,2443.5728165133514
2020-09-02,2458.3746433092297
2020-09-03,2418.9257347618714
2020-09-04,2370.940083351962
2020-09-07,2410.723201864333
2020-09-08,2364.56935433278
2020-09-09,2422.826270339171
2020-09-10,2430.771820755348
2020-09-11,2423.0072222501462
2020-09-14,2428.3965493217524
2020-09-15,2433.2416044591077
2020-09-16,2438.9394330592736
2020-09-17,2415.026271343288
2020-09-18,2410.865762352486
2020-09-21,2305.3897133510723
2020-09-22,2307.2118003253786
2020-09-23,2309.802448710269
2020-09-24,2288.254564139829
2020-09-25,2264.4457774144184
2020-09-28,2337.5231208275623
2020-09-29,2345.805231389168
2020-09-30,2334.1552157051115
2020-10-01,2345.1204899040317
2020-10-02,2335.497799492143
2020-10-05,2368.5429635787827
2020-10-06,2376.3342572363254
2020-10-07,2362.7323579983768
2020-10-08,2382.3145841944934
2020-10-09,2415.5384834650267
2020-10-12,2435.8206972292473
2020-10-13,2414.929976796073
2020-10-14,2418.0357571133336
2020-10-15,2343.7908738553306
2020-10-16,2371.867767329786
2020-10-19,2378.8936446200137
2020-10-20,2370.8869515011916
2020-10-21,2346.2810436278724
2020-10-22,2336.6862619155117
2020-10-23,2354.2209497822523
2020-10-26,2247.827868578223
2020-10-27,2225.9088753407677
2020-10-28,2140.963357409106
2020-10-29,2130.140913616884
2020-10-30,2128.015868271749
2020-11-02,2162.0222949675235
2020-11-03,2240.4881701847726
2020-11-04,2270.614785661706
2020-11-05,2325.985555078574
2020-11-06,2330.7437447776683
2020-11-09,2457.8673113008103
2020-11-10,2478.9025430130578
2020-11-11,2480.660285268988
2020-11-12,2468.788476714441
2020-11-13,2479.3429571945917
2020-11-16,2516.2032684825754
2020-11-17,2521.3559210932117
2020-11-18,2530.9776416010204
2020-11-19,2499.470494389258
2020-11-20,2515.2200213679994
2020-11-23,2507.049192866934
2020-11-24,2540.9385843705963
2020-11-25,2550.5710590351414
2020-11-26,2547.3081868206987
2020-11-27,2579.1898792758393
2020-11-30,2562.8367916414363
2020-12-01,2597.6360866067866
2020-12-02,2602.511265368339
2020-12-03,2615.264890700465
2020-12-04,2632.3636363541113
2020-12-07,2626.7943045085763
2020-12-08,2626.175957573721
2020-12-09,2617.3511969272727
2020-12-10,2616.7297761907325
2020-12-11,2584.085829839399
2020-12-14,2603.5156917044205
2020-12-15,2626.737527589575
2020-12-16,2659.389658410488
2020-12-17,2686.1919939736435
2020-12-18,2682.269066751941
2020-12-21,2608.706794611537
2020-12-22,2638.738205231389
2020-12-23,2660.965293568374
2020-12-24,2665.371674523183
2020-12-25,2665.371674523183
2020-12-28,2705.73221083049
2020-12-29,2717.1672893860737
2020-12-30,2729.8155830277724
2020-12-31,2701.0220383358796
2021-01-01,2701.0220383358796
2021-01-04,2725.876757523605
2021-01-05,2711.1278510224893
2021-01-06,2755.888831861351
2021-01-07,2760.270587192023
2021-01-08,2778.1009399527043
2021-01-11,2740.3096097638354
2021-01-12,2738.221641748962
2021-01-13,2736.3778635634126
2021-01-14,2751.86574088592
2021-01-15,2711.3170931690906
2021-01-18,2709.1777597432033
2021-01-19,2721.8796641838303
2021-01-20,2735.6408333756935
2021-01-21,2763.0142536245553
2021-01-22,2760.2199692448635
2021-01-25,2720.764655159128
2021-01-26,2758.9280292043773
2021-01-27,2694.7422780826455
2021-01-28,2715.588365762928
2021-01-29,2669.298948010745
2021-02-01,2706.978475041864
2021-02-02,2736.187300049406
2021-02-03,2740.187668609831
2021-02-04,2757.9354219825887
2021-02-05,2764.1857339508665
2021-02-08,2779.467855617385
2021-02-09,2793.066353241887
2021-02-10,2790.0517392440574
2021-02-11,2817.463426225284
2021-02-12,2842.9180669283037
2021-02-15,2863.1010353674346
2021-02-16,2855.114715422238
2021-02-17,2800.3440164087365
2021-02-18,2793.434434914896
2021-02-19,2833.554262043328
2021-02-22,2811.717334595242
2021-02-23,2804.310113492904
2021-02-24,2796.7590758106485
2021-02-25,2833.6999662026024
2021-02-26,2772.300375322066
2021-03-01,2800.7202628648006
2021-03-02,2801.421466662687
2021-03-03,2805.6990622048907
2021-03-04,2763.529602409902
2021-03-05,2706.739192456219
2021-03-08,2757.90742099461
2021-03-09,2785.9065426606194
2021-03-10,2801.6708450807387
2021-03-11,2842.091036140159
2021-03-12,2819.8173888084357
2021-03-15,2814.8637923402616
2021-03-16,2821.1438184517024
2021-03-17,2817.5349266047856
2021-03-18,2844.4441967222087
2021-03-19,2825.277244995238
2021-03-22,2828.908426743457
2021-03-23,2815.178411698951
2021-03-24,2819.2923897120663
2021-03-25,2803.832674218468
2021-03-26,2845.5787495099717
2021-03-29,2848.206102312194
2021-03-30,2858.1310940267367
2021-03-31,2858.4270686693167
2021-04-01,2884.9676491721793
2021-04-02,2884.9676491721793
2021-04-05,2894.239911740302
2021-04-06,2927.8707809449643
2021-04-07,2935.371744519486
2021-04-08,2959.1737938912074
2021-04-09,2967.0321844417645
2021-04-12,2951.8340779297323
2021-04-13,2963.00549295476
2021-04-14,2971.5770313837465
2021-04-15,2984.789926371265
2021-04-16,3017.3784204529093
2021-04-19,3016.2712270916554
2021-04-20,2976.340046381348
2021-04-21,3003.1514183745794
2021-04-22,3035.4218155475514
2021-04-23,3045.2619928714603
2021-04-26,3055.4434368751386
2021-04-27,3048.0633272577816
2021-04-28,3051.001539710498
2021-04-29,3044.197402215485
2021-04-30,3012.9165118891265
2021-05-03,3041.181359542009
2021-05-04,2961.647259500135
2021-05-05,3030.781338233801
2021-05-06,3039.3350026405424
2021-05-07,3101.820191427066
2021-05-10,3088.7365232769926
2021-05-11,3031.2070238183787
2021-05-12,2999.560938678128
2021-05-13,3018.8036790488486
2021-05-14,3087.6865139520173
2021-05-17,3082.56802016768
2021-05-18,3098.289533420877
2021-05-19,3045.419609115157
2021-05-20,3093.0429165597625
2021-05-21,3102.8501652616324
2021-05-24,3123.89593463274
2021-05-25,3136.8291267386185
2021-05-26,3121.1991113180748
2021-05-27,3103.991780180451
2021-05-28,3126.1167510737105
2021-05-31,3117.5494122501927
2021-06-01,3135.999633719025
2021-06-02,3141.114995155917
2021-06-03,3120.1601386275197
2021-06-04,3143.572859768672
2021-06-07,3162.2044352085445
2021-06-08,3161.017677219801
2021-06-09,3153.1230019009713
2021-06-10,3155.9948161746534
2021-06-11,3156.066873364947
2021-06-14,3171.0896569733536
2021-06-15,3182.672374162857
2021-06-16,3186.085795414106
2021-06-17,3153.7592067101423
2021-06-18,3068.6426015614584
2021-06-21,3101.6248645521437
2021-06-22,3108.820448534206
2021-06-23,3096.1456359831636
2021-06-24,3137.9190183926867
2021-06-25,3151.955016537274
2021-06-28,3137.2502126504855
2021-06-29,3146.468535559712
2021-06-30,3096.8020731038428
2021-07-01,3103.612032242366
2021-07-02,3106.1560143317747
2021-07-05,3121.538453136926
2021-07-06,3101.7796351964553
2021-07-07,3125.4011481907596
2021-07-08,3074.6228081974036
2021-07-09,3132.4190512119562
2021-07-12,3158.7309030078795
2021-07-13,3157.301241360282
2021-07-14,3162.681632295458
2021-07-15,3131.412303582732
2021-07-16,3108.1757646408673
2021-07-19,3041.425612357362
2021-07-20,3048.959402916448
2021-07-21,3098.327750783833
2021-07-22,3134.008186372076
2021-07-23,3170.2725083012347
2021-07-26,3177.2758837128304
2021-07-27,3152.1230668561197
2021-07-28,3174.273086225782
2021-07-29,3213.1932018653515
2021-07-30,3200.329445711857
2021-08-02,3228.656498715964
2021-08-03,3231.9303575109975
2021-08-04,3266.7784791424497
2021-08-05,3278.5216136339372
2021-08-06,3254.405947892386
2021-08-09,3261.2525118866497
2021-08-10,3263.234615235831
2021-08-11,3280.062700306213
2021-08-12,3293.467168507238
2021-08-13,3315.543246485664
2021-08-16,3301.032813518113
2021-08-17,3280.6040336403657
2021-08-18,3285.3980773479443
2021-08-19,3249.3320678311516
2021-08-20,3263.562636405591
2021-08-23,3305.0738564846883
2021-08-24,3301.2094614404286
2021-08-25,3298.113746440483
2021-08-26,3295.276388373278
2021-08-27,3322.6500526671566
2021-08-30,3337.9556637228807
2021-08-31,3330.6108338345803
2021-09-01,3364.3799541827693
2021-09-02,3373.34012031406
2021-09-03,3363.8969612705764
2021-09-06,3394.100421852184
2021-09-07,3367.2445435205423
2021-09-08,3325.7114288874604
2021-09-09,3327.0848552728576
2021-09-10,3334.9752714840415
2021-09-13,3338.8991694419424
2021-09-14,3364.112585389983
2021-09-15,3336.701416878275
2021-09-16,3339.05931934175
2021-09-17,3285.3178410324103
2021-09-20,3212.2923194531704
2021-09-21,3257.7678370646427
2021-09-22,3285.5901353476165
2021-09-23,3325.725057341787
2021-09-24,3273.622213330995
2021-09-27,3240.3792774762146
2021-09-28,3126.148826719573
2021-09-29,3112.187771892494
2021-09-30,3090.4348464998484
2021-10-01,3074.699513548375
2021-10-04,3045.4606683279967
2021-10-05,3090.5888486731697
2021-10-06,3043.054759348425
2021-10-07,3103.984536641695
2021-10-08,3073.172807437999
2021-10-11,3051.9129418714865
2021-10-12,3039.771742534723
2021-10-13,3076.708373871089
2021-10-14,3133.9429278212906
2021-10-15,3168.7303136097767
2021-10-18,3158.127501899305
2021-10-19,3178.3780391025607
2021-10-20,3157.4723861425796
2021-10-21,3154.708887546465
2021-10-22,3199.7382231436195
2021-10-25,3188.283942930385
2021-10-26,3204.7004725202937
2021-10-27,3212.8446779042356
2021-10-28,3254.493808031259
2021-10-29,3239.4544447402964
2021-11-01,3265.58674860833
2021-11-02,3285.3364647782387
2021-11-03,3313.7623556400513
2021-11-04,3328.2227096962383
2021-11-05,3338.446412688008
2021-11-08,3343.2910565318157
2021-11-09,3338.8276222249497
2021-11-10,3305.3984735774475
2021-11-11,3299.5553058871765
2021-11-12,3303.660391038156
2021-11-15,3311.606486242275
2021-11-16,3296.1372028769983
2021-11-17,3297.007653594421
2021-11-18,3303.5150226022442
2021-11-19,3280.651210708775
2021-11-22,3238.0638351027524
2021-11-23,3176.3739238980083
2021-11-24,3148.43487284668
2021-11-25,3155.841647053564
2021-11-26,3066.3264730916567
2021-11-29,3075.4269866682507
2021-11-30,3040.9074837340813
2021-12-01,3151.3484543313125
2021-12-02,3075.1477958324454
2021-12-03,3051.7779212415358
2021-12-06,3073.5789910925505
2021-12-07,3182.8035991179318
2021-12-08,3178.5998296356056
2021-12-09,3147.520859376399
2021-12-10,3145.09814509125
2021-12-13,3130.6485634007063
2021-12-14,3094.056621924194
2021-12-15,3112.9528488867127
2021-12-16,3151.126158291288
2021-12-17,3113.000529518952
2021-12-20,3081.436421757181
2021-12-21,3127.064526840522
2021-12-22,3176.2504183817805
2021-12-23,3202.2454667317197
2021-12-24,3203.1945992601354
2021-12-27,3223.6874092211892
2021-12-28,3237.2861249925973
2021-12-29,3233.999809716841
2021-12-30,3237.339629710856
2021-12-31,3241.2250889949064
2022-01-03,3233.2996852395336
2022-01-04,3251.04934237227
2022-01-05,3253.91116936298
2022-01-06,3190.330974028503
2022-01-07,3198.4981393872354
2022-01-10,3114.4573613378775
2022-01-11,3150.9143840250445
2022-01-12,3210.506697726484
2022-01-13,3232.6972073069637
2022-01-14,3182.994776322708
2022-01-17,3204.1921594179007
2022-01-18,3149.566097014234
2022-01-19,3128.9098006695617
2022-01-20,3159.213877014036
2022-01-21,3110.385384125011
2022-01-24,2976.1361020632157
2022-01-25,2968.0129024603616
2022-01-26,3017.330336934756
2022-01-27,2969.350543582694
2022-01-28,2927.7391117185475
2022-01-31,2989.803837320567
2022-02-01,3034.0151611344722
2022-02-02,3056.662988410134
2022-02-03,3022.6658473690472
2022-02-04,2989.304995873758
2022-02-07,3017.980138015821
2022-02-08,3013.0679575336817
2022-02-09,3069.008270062711
2022-02-10,3064.727006380368
2022-02-11,3005.11894412789
2022-02-14,2913.1447303978184
2022-02-15,2972.3299492729634
2022-02-16,2963.848771698838
2022-02-17,2950.9179145059193
2022-02-18,2909.856429538483
2022-02-21,2841.6197965590227
2022-02-22,2840.0255474351306
2022-02-23,2826.3933623425887
2022-02-24,2691.6291968625924
2022-02-25,2819.6700009296965
2022-02-28,2801.524144575399
2022-03-01,2681.1840569757464
2022-03-02,2687.9036236034476
2022-03-03,2647.823270545675
2022-03-04,2492.537961764141
2022-03-07,2454.101228360083
2022-03-08,2432.402851963707
2022-03-09,2663.2949434228403
2022-03-10,2575.7391460373096
2022-03-11,2589.3858948728566
2022-03-14,2639.4225913108103
2022-03-15,2640.245002026545
2022-03-16,2753.0615121671212
2022-03-17,2787.615174402779
2022-03-18,2797.8637983028248
2022-03-21,2783.9798448515503
2022-03-22,2811.563130899118
2022-03-23,2759.7112507926504
2022-03-24,2748.8878215913965
2022-03-25,2740.4327551773285
2022-03-28,2753.3786733392385
2022-03-29,2868.6707071084916
2022-03-30,2845.0860376681217
2022-03-31,2802.480898678235
2022-04-01,2781.7840550108335
2022-04-04,2788.7578182749025
2022-04-05,2747.473109711671
2022-04-06,2675.1437414388165
2022-04-07,2666.2215659741737
2022-04-08,2682.971956509209
2022-04-11,2663.11581864911
2022-04-12,2658.526497319082
2022-04-13,2647.052081851011
2022-04-14,2643.551923352623
2022-04-15,2643.551923352623
2022-04-18,2647.588941319165
2022-04-19,2633.0271951510963
2022-04-20,2715.5502436951497
2022-04-21,2723.950319816181
2022-04-22,2651.5361738208885
2022-04-25,2575.826749740749
2022-04-26,2529.990566084362
2022-04-27,2505.1830596345353
2022-04-28,2548.2522040866947
2022-04-29,2564.6648229943066
2022-05-02,2516.275525460222
2022-05-03,2528.495706654096
2022-05-04,2507.984752324803
2022-05-05,2486.5923746259373
2022-05-06,2443.716591839663
2022-05-09,2350.8149254778
2022-05-10,2368.0741701275133
2022-05-11,2441.6182895440397
2022-05-12,2385.804551728382
2022-05-13,2438.0419825257845
2022-05-16,2418.5829928420435
2022-05-17,2487.564664353964
2022-05-18,2435.1489988179364
2022-05-19,2414.0316692209435
2022-05-20,2418.012122744345
2022-05-23,2492.4043318071817
2022-05-24,2473.360911381364
2022-05-25,2466.1391615498364
2022-05-26,2504.354310838631
2022-05-27,2555.615325872288
2022-05-30,2606.9807337072734
2022-05-31,2547.2418716596594
2022-06-01,2507.366339450278
2022-06-02,2548.8092314419823
2022-06-03,2532.1988591953364
2022-06-06,2571.3449725652445
2022-06-07,2541.9025894636875
2022-06-08,2546.166154908284
2022-06-09,2487.49970812539
2022-06-10,2373.0317789686574
2022-06-13,2286.9270014024255
2022-06-14,2260.593542502996
2022-06-15,2306.0805620883993
2022-06-16,2253.17308464987
2022-06-17,2258.112773236982
2022-06-20,2293.4122933774547
2022-06-21,2320.9100484237924
2022-06-22,2310.159587901216
2022-06-23,2274.546538473616
2022-06-24,2355.7790762424697
2022-06-27,2389.9879462417207
2022-06-28,2357.323340057231
2022-06-29,2334.6136933723155
2022-06-30,2302.761076448912
2022-07-01,2269.553589242243
2022-07-04,2277.929783388175
2022-07-05,2193.648239469192
2022-07-06,2228.077320318489
2022-07-07,2270.3551661006372
2022-07-08,2273.0941667679504
2022-07-11,2232.5650818894965
2022-07-12,2231.9357288817396
2022-07-13,2231.6394851476566
2022-07-14,2181.3483859055827
2022-07-15,2252.075928012413
2022-07-18,2300.3590335531735
2022-07-19,2360.63072877487
2022-07-20,2363.5822822917885
2022-07-21,2400.16463159038
2022-07-22,2404.937334707513
2022-07-25,2408.6209455848093
2022-07-26,2362.249307013446
2022-07-27,2377.082401830465
2022-07-28,2428.809741009608
2022-07-29,2471.7500925915724
2022-08-01,2502.17008653563
2022-08-02,2454.264879379711
2022-08-03,2483.1715756572453
2022-08-04,2520.888559097001
2022-08-05,2473.352952720199
2022-08-08,2502.56575428631
2022-08-09,2460.690770372728
2022-08-10,2523.9466034030506
2022-08-11,2526.69335246848
2022-08-12,2508.8231543353227
2022-08-15,2515.9241247609248
2022-08-16,2516.8578229934874
2022-08-17,2484.117200939008
2022-08-18,2489.159108473104
2022-08-19,2436.385727675196
2022-08-22,2363.280444081678
2022-08-23,2360.37569762777
2022-08-24,2375.3922061541784
2022-08-25,2379.74014488534
2022-08-26,2336.522223313723
2022-08-29,2292.2192053728554
2022-08-30,2280.1033625244886
2022-08-31,2269.352203403041
2022-09-01,2196.272056927821
2022-09-02,2271.4707017087794
2022-09-05,2210.882452693328
2022-09-06,2211.459744362872
2022-09-07,2219.2822713825753
2022-09-08,2237.8153550909747
2022-09-09,2307.490414064489
2022-09-12,2372.2201499233415
2022-09-13,2292.0741640046203
2022-09-14,2276.153475921402
2022-09-15,2258.1066066849717
2022-09-16,2239.952506077656
2022-09-19,2233.444831362504
2022-09-20,2209.3112649710674
2022-09-21,2200.1657020282596
2022-09-22,2133.8399326909907
2022-09-23,2073.436266424097
2022-09-26,2063.6443100854335
2022-09-27,2049.8305341167
2022-09-28,2056.4285840182924
2022-09-29,2043.3818124236936
2022-09-30,2073.55432767621
2022-10-03,2087.21968341149
2022-10-04,2215.743848923917
2022-10-05,2176.744265353336
2022-10-06,2171.2918790772633
2022-10-07,2096.2947929490165
2022-10-10,2061.7162583344743
2022-10-11,2045.4710270479072
2022-10-12,2033.1992899563113
2022-10-13,2041.219476340906
2022-10-14,2048.4229510109517
2022-10-17,2094.0429092779527
2022-10-18,2120.9003602085304
2022-10-19,2124.2850860820568
2022-10-20,2154.0578546400543
2022-10-21,2125.8764672418242
2022-10-24,2180.508267718692
2022-10-25,2243.924262125942
2022-10-26,2266.060860112274
2022-10-27,2234.0099142050603
2022-10-28,2220.981502831283
2022-10-31,2206.0546402871314
2022-11-01,2215.755989207983
2022-11-02,2195.1133527874454
2022-11-03,2139.1573022112048
2022-11-04,2235.458149603879
2022-11-07,2285.9507911981864
2022-11-08,2341.7421557309967
2022-11-09,2324.970417878703
2022-11-10,2465.8836497328307
2022-11-11,2524.0999577119233
2022-11-14,2543.896828602775
2022-11-15,2573.9946996631365
2022-11-16,2558.6092591242286
2022-11-17,2539.4310231725676
2022-11-18,2576.3885414813576
2022-11-21,2536.3388160139903
2022-11-22,2552.909335434056
2022-11-23,2600.938241591654
2022-11-24,2614.2249354619507
2022-11-25,2607.373744559065
2022-11-28,2589.7838599836336
2022-11-29,2565.172286789912
2022-11-30,2566.0980673236663
2022-12-01,2642.3162761352305
2022-12-02,2638.8837232352093
2022-12-05,2635.0702780402808
2022-12-06,2619.33402236142
2022-12-07,2607.2458323752458
2022-12-08,2616.1421898973294
2022-12-09,2638.1069449888982
2022-12-12,2610.6345400901378
2022-12-13,2699.6190632914686
2022-12-14,2695.4553283547116
2022-12-15,2588.999216613924
2022-12-16,2555.1730076993576
2022-12-19,2548.3217495284393
2022-12-20,2547.6220687400805
2022-12-21,2595.0564805410604
2022-12-22,2548.1892176320844
2022-12-23,2542.9330377917995
2022-12-26,2542.9330377917995
2022-12-27,2556.251795530383
2022-12-28,2532.033055317418
2022-12-29,2579.272571252681
2022-12-30,2533.8844547283225
2023-01-02,2575.3573149624044
2023-01-03,2573.9393788453963
2023-01-04,2663.6975912111975
2023-01-05,2636.139883095769
2023-01-06,2694.8520531540134
2023-01-09,2787.0115825490934
2023-01-10,2777.7237997283332
2023-01-11,2814.0665801311106
2023-01-12,2840.0130494556647
2023-01-13,2869.2721580320585
2023-01-16,2875.753788153219
2023-01-17,2881.2034969870297
2023-01-18,2895.187477212316
2023-01-19,2819.793560819968
2023-01-20,2845.3557249653413
2023-01-23,2891.0905312440677
2023-01-24,2896.214445928507
2023-01-25,2902.2767340622277
2023-01-26,2906.497417908049
2023-01-27,2903.6658582700425
2023-01-30,2886.2761024650868
2023-01-31,2887.299666572227
2023-02-01,2914.475121650057
2023-02-02,2981.2054501173443
2023-02-03,2979.583495954936
2023-02-06,2902.97686436638
2023-02-07,2882.2762858580627
2023-02-08,2894.506223098619
2023-02-09,2928.6261310306513
2023-02-10,2855.1076152510036
2023-02-13,2907.321233663466
2023-02-14,2900.7986609168515
2023-02-15,2914.05334651381
2023-02-16,2924.55322074656
2023-02-17,2895.8744214877684
2023-02-20,2892.9609323569334
2023-02-21,2866.57764298881
2023-02-22,2847.4110745924754
2023-02-23,2839.879137247204
2023-02-24,2775.6981384552487
2023-02-27,2842.617060939966
2023-02-28,2837.0587077287964
2023-03-01,2842.181507875484
2023-03-02,2843.443470628734
2023-03-03,2865.643922645595
2023-03-06,2894.8751703198564
2023-03-07,2837.755608600737
2023-03-08,2836.144423036716
2023-03-09,2844.282370728712
2023-03-10,2836.7112010395917
2023-03-13,2775.5796488305623
2023-03-14,2820.442750822541
2023-03-15,2685.2406944411323
2023-03-16,2772.8406785934544
2023-03-17,2753.2443184217204
2023-03-20,2808.566567641022
2023-03-21,2848.1494134080167
2023-03-22,2869.9417255452636
2023-03-23,2917.625260702447
2023-03-24,2831.418612639096
2023-03-27,2857.9388878960053
2023-03-28,2858.9980018666456
2023-03-29,2909.076048164471
2023-03-30,2978.1504945957677
2023-03-31,2984.395725227647
2023-04-03,2975.997648496294
2023-04-04,3006.646697291535
2023-04-05,2970.211149274128
2023-04-06,2977.015439322289
2023-04-07,2977.015439322289
2023-04-10,2954.3739218299756
2023-04-11,2991.9002339223916
2023-04-12,2997.674489251732
2023-04-13,3040.804869749214
2023-04-14,3044.5870923765324
2023-04-17,2989.695426291834
2023-04-18,3026.8643683991927
2023-04-19,3011.4692693265365
2023-04-20,3029.4893971238052
2023-04-21,3054.681839153325
2023-04-24,3057.3893372421226
2023-04-25,3026.196285341989
2023-04-26,3019.2111633636728
2023-04-27,3027.876590958598
2023-04-28,3048.6092600619663
2023-05-01,3032.492568066308
2023-05-02,2998.338498762609
2023-05-03,3031.508129622944
2023-05-04,3000.9612029064256
2023-05-05,3044.821629715864
2023-05-08,3060.1071284433115
2023-05-09,3013.384474680866
2023-05-10,3018.8575278565827
2023-05-11,3014.485422723502
2023-05-12,3003.454121867819
2023-05-15,3006.6802452806255
2023-05-16,3005.728525455963
2023-05-17,2998.494036741189
2023-05-18,3029.273884317541
2023-05-19,3045.0770523705014
2023-05-22,3047.9899539737235
2023-05-23,3004.8712901876556
2023-05-24,2941.903866822877
2023-05-25,2963.4454147220176
2023-05-26,3010.1499587355524
2023-05-29,2995.032407185787
2023-05-30,2996.023077737301
2023-05-31,2920.833385717915
2023-06-01,2968.2628539426946
2023-06-02,3006.0059494265756
2023-06-05,2984.9821810648177
2023-06-06,2975.8665232170965
2023-06-07,2970.31355292872
2023-06-08,2987.6124807015
2023-06-09,2978.205476529599
2023-06-12,2998.8587077867955
2023-06-13,3044.487008284649
2023-06-14,3076.709386463225
2023-06-15,3080.4016060731083
2023-06-16,3080.850720852499
2023-06-19,3061.0085086211075
2023-06-20,3029.7560109999868
2023-06-21,3017.2210560257754
2023-06-22,3018.1875987673434
2023-06-23,2976.7776388424595
2023-06-26,2991.230707269979
2023-06-27,3021.999626428934
2023-06-28,3050.436695592424
2023-06-29,3056.147733117418
2023-06-30,3088.469397402501
2023-07-03,3084.19972157829
2023-07-04,3082.933871516773
2023-07-05,3042.9225812251198
2023-07-06,2954.9852214885937
2023-07-07,2981.010815319656
2023-07-10,2998.737074175019
2023-07-11,3014.5065315490256
2023-07-12,3114.7882881525175
2023-07-13,3159.3650838951244
2023-07-14,3194.462857026808
2023-07-17,3149.7925486018944
2023-07-18,3151.3442551326702
2023-07-19,3127.4225216897667
2023-07-20,3087.9811311490807
2023-07-21,3105.1427311764182
2023-07-24,3084.768030120299
2023-07-25,3097.881869739955
2023-07-26,3075.572368788244
2023-07-27,3142.404629971147
2023-07-28,3166.2302063933134
2023-07-31,3154.0356607639396
2023-08-01,3107.646231027656
2023-08-02,3050.07130712227
2023-08-03,3029.0581670885267
2023-08-04,3062.6342858949392
2023-08-07,3054.4322856927756
2023-08-08,3009.461289771615
2023-08-09,3026.685184222349
2023-08-10,3076.486709518608
2023-08-11,3010.407051852789
2023-08-14,3000.3434340035965
2023-08-15,2986.4235394347215
2023-08-16,2978.132904633894
2023-08-17,2940.9131974989955
2023-08-18,2925.862500624017
2023-08-21,2929.2158987325665
2023-08-22,2948.2504042248015
2023-08-23,2962.264187841341
2023-08-24,2925.8911332600364
2023-08-25,2899.3552848300815
2023-08-28,2947.330719844154
2023-08-29,2983.6901051275963
2023-08-30,3003.383962747276
2023-08-31,2976.035570602979
2023-09-01,2964.3675963192295
2023-09-04,2959.77274738024
2023-09-05,2930.907248720913
2023-09-06,2920.878607236727
2023-09-07,2885.964256164761
2023-09-08,2888.2664682559785
2023-09-11,2904.3820078527174
2023-09-12,2877.7135649711636
2023-09-13,2871.543438103715
2023-09-14,2891.188692538426
2023-09-15,2884.031935338678
2023-09-18,2858.516068901614
2023-09-19,2845.6568699835293
2023-09-20,2879.7772274610484
2023-09-21,2819.9190486732027
2023-09-22,2820.799263424372
2023-09-25,2775.0638525420054
2023-09-26,2744.862619104111
2023-09-27,2721.1315481773026
2023-09-28,2747.6892483152055
2023-09-29,2779.360179753324
2023-10-02,2735.8418787681317
2023-10-03,2705.3961122999754
2023-10-04,2721.6301448913127
2023-10-05,2721.2533619846163
2023-10-06,2761.56371293761
2023-10-09,2742.285747476263
2023-10-10,2822.1537109673504
2023-10-11,2823.3538808369226
2023-10-12,2818.2550728919828
2023-10-13,2753.8669940277005
2023-10-16,2767.3316798419514
2023-10-17,2770.445868491706
2023-10-18,2719.2293174013143
2023-10-19,2718.1559962581564
2023-10-20,2670.50176811166
2023-10-23,2695.3043797546134
2023-10-24,2711.7995555655402
2023-10-25,2720.366016537415
2023-10-26,2703.357964089246
2023-10-27,2707.810330990597
2023-10-30,2714.5994979029833
2023-10-31,2733.56811857815
2023-11-01,2742.3476278195067
2023-11-02,2821.132392598314
2023-11-03,2866.257258149285
2023-11-06,2853.66144947654
2023-11-07,2851.4340281608056
2023-11-08,2878.003975987655
2023-11-09,2926.5128587587183
2023-11-10,2902.092898276446
2023-11-13,2923.3726322165235
2023-11-14,3016.4063306069243
2023-11-15,3044.1531489362483
2023-11-16,3031.6549725284717
2023-11-17,3054.959727253042
2023-11-20,3073.04658146939
2023-11-21,3069.529100489288
2023-11-22,3071.814394522163
2023-11-23,3082.770624486979
2023-11-24,3101.4993977621334
2023-11-27,3092.810856488352
2023-11-28,3093.677247601753
2023-11-29,3114.9335755388884
2023-11-30,3096.7709454589185
2023-12-01,3109.947560753669
2023-12-04,3095.4702589454223
2023-12-05,3118.4109614910208
2023-12-06,3127.553912053474
2023-12-07,3122.1089267917055
2023-12-08,3138.1662261149527
2023-12-11,3150.653290734342
2023-12-12,3169.939205565302
2023-12-13,3175.747504379132
2023-12-14,3248.7279528508225
2023-12-15,3245.5528726054863
2023-12-18,3216.531675661758
2023-12-19,3248.6895688675854
2023-12-20,3248.3111198322936
2023-12-21,3249.3978387483085
2023-12-22,3236.9359211040155
2023-12-25,3236.9359211040155
2023-12-26,3241.050981525851
2023-12-27,3271.884292397024
2023-12-28,3268.293874532963
2023-12-29,3249.4115556762968
2024-01-01,3249.4115556762968
2024-01-02,3187.611026061209
2024-01-03,3133.844061259491
2024-01-04,3149.0908565005457
2024-01-05,3142.545142762644
2024-01-08,3163.201487307843
2024-01-09,3142.9951022546247
2024-01-10,3159.1935674423644
2024-01-11,3142.4134523723596
2024-01-12,3176.17528158625
2024-01-15,3148.992090622813
2024-01-16,3134.5685556951116
2024-01-17,3105.4954705811106
2024-01-18,3158.637276584039
2024-01-19,3178.747849460353
2024-01-22,3217.7284868630977
2024-01-23,3200.1313914901766
2024-01-24,3320.215699648829
2024-01-25,3354.2140727447395
2024-01-26,3374.2266076522087
2024-01-29,3360.9600473454116
2024-01-30,3370.146556167807
2024-01-31,3364.6986643395408
2024-02-01,3359.4198359738607
2024-02-02,3359.1814726107577
2024-02-05,3354.2217344036576
2024-02-06,3381.915706693102
2024-02-07,3394.641083334172
2024-02-08,3412.87266805965
2024-02-09,3422.780315217091
2024-02-12,3436.407677004548
2024-02-13,3371.345324659624
2024-02-14,3387.8273748208067
2024-02-15,3429.707675244765
2024-02-16,3462.879335448668
2024-02-19,3448.628865331344
2024-02-20,3441.2696743016436
2024-02-21,3435.468396223855
2024-02-22,3518.113974379633
2024-02-23,3516.686283485464
2024-02-26,3523.274777528184
2024-02-27,3530.4571830985756
2024-02-28,3512.438430848554
2024-02-29,3504.617822775485
2024-03-01,3537.3574497491
2024-03-04,3568.998268220663
2024-03-05,3538.888712702333
2024-03-06,3561.81738815854
2024-03-07,3636.6918261285805
2024-03-08,3619.8085205591365
2024-03-11,3561.5356131050185
