Date,WORLD SRI SELECT
2014-11-25,1000.0
2014-11-26,1002.8988253928137
2014-11-27,1000.8975702825792
2014-11-28,1000.5836644195906
2014-12-01,996.2790642493287
2014-12-02,999.3672956677492
2014-12-03,1000.4356437737937
2014-12-04,998.385544312922
2014-12-05,999.2620153834197
2014-12-08,993.681719774415
2014-12-09,992.1923586950633
2014-12-10,980.0624156016921
2014-12-11,979.7743658468988
2014-12-12,968.1574133105026
2014-12-15,957.2167202005418
2014-12-16,958.5949967794036
2014-12-17,965.3260341372549
2014-12-18,985.711418281366
2014-12-19,993.470598787555
2014-12-22,993.4529190518537
2014-12-23,993.2385944946793
2014-12-24,995.6778185492858
2014-12-25,995.291998722138
2014-12-26,997.5230599222768
2014-12-29,998.5565017424427
2014-12-30,992.2504704598438
2014-12-31,986.5598568915331
2015-01-01,986.5715147404048
2015-01-02,982.8475280880173
2015-01-05,966.2464284537815
2015-01-06,955.0239513446662
2015-01-07,959.1714620040473
2015-01-08,975.0768489805462
2015-01-09,971.6259369926452
2015-01-12,969.4834947896394
2015-01-13,970.188202230193
2015-01-14,964.6442150074929
2015-01-15,965.7916350618955
2015-01-16,970.9131446164973
2015-01-19,975.8721373436895
2015-01-20,978.5053396447884
2015-01-21,983.0056039350777
2015-01-22,991.2783691606628
2015-01-23,990.3739417644849
2015-01-26,992.8060155115919
2015-01-27,990.457923860828
2015-01-28,981.2113103838898
2015-01-29,980.9175459889285
2015-01-30,973.044938469524
2015-02-02,981.3278813195602
2015-02-03,992.625181240703
2015-02-04,994.2608632851263
2015-02-05,1000.9638052645089
2015-02-06,995.6769237337191
2015-02-09,991.1824292562007
2015-02-10,997.4202656453506
2015-02-11,996.0419962531516
2015-02-12,1008.9203742179895
2015-02-13,1014.8762652889014
2015-02-16,1014.6239501719347
2015-02-17,1015.771973643097
2015-02-18,1020.5192605468261
2015-02-19,1022.8592659285288
2015-02-20,1025.8858248562942
2015-02-23,1027.9224666729099
2015-02-24,1029.999795645883
2015-02-25,1032.5403525106292
2015-02-26,1031.4008194882372
2015-02-27,1031.9170071464603
2015-03-02,1033.60207119847
2015-03-03,1028.7184069844675
2015-03-04,1023.3022328144502
2015-03-05,1026.2152198306655
2015-03-06,1013.98337273308
2015-03-09,1012.3513818988554
2015-03-10,995.6058826531689
2015-03-11,994.6197877914085
2015-03-12,1006.7324048704027
2015-03-13,1003.2630467296704
2015-03-16,1014.4042005726909
2015-03-17,1012.3430912777071
2015-03-18,1022.1004475615779
2015-03-19,1022.2445979962895
2015-03-20,1038.431779800538
2015-03-23,1040.685288357878
2015-03-24,1037.994857057333
2015-03-25,1031.2284225991234
2015-03-26,1023.7343522015971
2015-03-27,1024.301996089963
2015-03-30,1029.4517096523998
2015-03-31,1020.7923285220284
2015-04-01,1020.2135851339034
2015-04-02,1028.362946489276
2015-04-03,1029.4947737823068
2015-04-06,1037.6918320459747
2015-04-07,1037.8182658694122
2015-04-08,1041.239340334075
2015-04-09,1043.3693062378666
2015-04-10,1045.6731625407863
2015-04-13,1041.009030056233
2015-04-14,1046.4861392584205
2015-04-15,1048.9978656873684
2015-04-16,1050.2663389942804
2015-04-17,1039.0901573688195
2015-04-20,1044.3223155710207
2015-04-21,1049.291590992771
2015-04-22,1051.0208378003722
2015-04-23,1054.461077005879
2015-04-24,1055.7236755653735
2015-04-27,1057.8711030078393
2015-04-28,1057.7707552358959
2015-04-29,1055.4916335977273
2015-04-30,1046.080901112131
2015-05-01,1050.7777302564773
2015-05-04,1052.3087616349287
2015-05-05,1042.940430495394
2015-05-06,1044.7111901474852
2015-05-07,1041.0907859072672
2015-05-08,1054.8310772939178
2015-05-11,1053.5056194616634
2015-05-12,1051.3400630956257
2015-05-13,1056.4385104398325
2015-05-14,1064.6186966363878
2015-05-15,1067.7733533079893
2015-05-18,1068.1422077365055
2015-05-19,1065.111855059349
2015-05-20,1066.0214087661334
2015-05-21,1069.3327732549642
2015-05-22,1065.2571092417609
2015-05-25,1065.6289525383218
2015-05-26,1052.4126086963795
2015-05-27,1060.1526410155209
2015-05-28,1058.634019345768
2015-05-29,1051.313108025029
2015-06-01,1050.2231795252037
2015-06-02,1052.992978384736
2015-06-03,1057.734662036452
2015-06-04,1049.8759762040056
2015-06-05,1039.7988300866061
2015-06-08,1035.8350547326731
2015-06-09,1035.2500832247474
2015-06-10,1050.485658470542
2015-06-11,1053.5439925490411
2015-06-12,1048.6477791216257
2015-06-15,1040.5919279764491
2015-06-16,1044.3796830948131
2015-06-17,1043.1433728108664
2015-06-18,1053.347048891593
2015-06-19,1050.1757942026113
2015-06-22,1064.3341357964855
2015-06-23,1064.1150324273376
2015-06-24,1058.1240658227393
2015-06-25,1056.1222780470093
2015-06-26,1052.9558276423975
2015-06-29,1029.9690829698975
2015-06-30,1028.6029392258688
2015-07-01,1036.1335451009304
2015-07-02,1035.3446323195215
2015-07-03,1034.0080128997483
2015-07-06,1023.2593106536359
2015-07-07,1019.3200092827987
2015-07-08,1011.0292171805568
2015-07-09,1018.5152488295407
2015-07-10,1032.6354480825657
2015-07-13,1040.7344207297517
2015-07-14,1046.6642591819923
2015-07-15,1045.8711267042572
2015-07-16,1053.8997059511312
2015-07-17,1050.855955986446
2015-07-20,1051.3982816556595
2015-07-21,1049.954360595284
2015-07-22,1043.5762185242809
2015-07-23,1042.2329398706083
2015-07-24,1030.9609993265296
2015-07-27,1023.2437412880939
2015-07-28,1030.2571105634313
2015-07-29,1038.404250641722
2015-07-30,1037.6629503759375
2015-07-31,1042.8444767253627
2015-08-03,1042.6623711146788
2015-08-04,1042.479053150311
2015-08-05,1040.4758764341675
2015-08-06,1034.6611635539098
2015-08-07,1033.4540988397232
2015-08-10,1045.2571100319308
2015-08-11,1035.4432032500617
2015-08-12,1028.98859751377
2015-08-13,1029.092861676104
2015-08-14,1029.9798103973435
2015-08-17,1033.0631784163509
2015-08-18,1030.3910914652738
2015-08-19,1019.6961913691079
2015-08-20,1002.2887029130003
2015-08-21,978.0871185154508
2015-08-24,944.4211890324472
2015-08-25,942.9796744317126
2015-08-26,957.3686314405568
2015-08-27,974.4060066080923
2015-08-28,979.5600122630543
2015-08-31,972.3938112738487
2015-09-01,947.3731221468258
2015-09-02,955.1081408884341
2015-09-03,960.6918734739263
2015-09-04,944.985131094213
2015-09-07,946.8952391314275
2015-09-08,961.1673960485999
2015-09-09,964.1926280769741
2015-09-10,962.4345038318969
2015-09-11,964.1176017903985
2015-09-14,959.7326448781228
2015-09-15,966.9252828368492
2015-09-16,978.2862310041738
2015-09-17,978.3378522130474
2015-09-18,965.0855875218945
2015-09-21,964.1641523334902
2015-09-22,948.060330243665
2015-09-23,944.9115835313793
2015-09-24,938.1559663494145
2015-09-25,944.2833403048018
2015-09-28,927.3469197490305
2015-09-29,921.5718054810683
2015-09-30,940.5845778942128
2015-10-01,943.9162819416266
2015-10-02,954.4565192914785
2015-10-05,972.4591431619187
2015-10-06,975.9889307583973
2015-10-07,980.7243655587206
2015-10-08,988.0809145107014
2015-10-09,993.7055963108517
2015-10-12,993.6310422843646
2015-10-13,985.8975990714695
2015-10-14,980.8732358106414
2015-10-15,994.0176554815387
2015-10-16,999.4001392959177
2015-10-19,997.2595460415098
2015-10-20,997.8013048118628
2015-10-21,996.3082750539888
2015-10-22,1007.6810532169753
2015-10-23,1018.796298032792
2015-10-26,1020.32390910982
2015-10-27,1015.3235907271786
2015-10-28,1024.6576231313775
2015-10-29,1021.030751441738
2015-10-30,1021.3841370480053
2015-11-02,1025.851110497298
2015-11-03,1026.5911137410587
2015-11-04,1023.7241584816942
2015-11-05,1023.6122002213848
2015-11-06,1018.464198174947
2015-11-09,1012.737967963415
2015-11-10,1011.7669429020327
2015-11-11,1014.6598689167305
2015-11-12,1003.7348540624107
2015-11-13,993.9649152081232
2015-11-16,1000.346062285435
2015-11-17,1004.9445505907187
2015-11-18,1013.1575822917218
2015-11-19,1020.4741330672394
2015-11-20,1021.576962164968
2015-11-23,1018.4267618713541
2015-11-24,1015.5073331395865
2015-11-25,1019.0170630039764
2015-11-26,1023.2585036641528
2015-11-27,1021.318492258619
2015-11-30,1018.5629562871874
2015-12-01,1027.0961284659506
2015-12-02,1020.6538170497791
2015-12-03,1009.8862064212129
2015-12-04,1017.9546450502079
2015-12-07,1015.8664357371254
2015-12-08,1006.9309708340759
2015-12-09,1002.6069469908249
2015-12-10,1000.8783578687625
2015-12-11,986.5873841117875
2015-12-14,982.9447873115727
2015-12-15,990.9478471983583
2015-12-16,1003.7079810442418
2015-12-17,996.5400633225208
2015-12-18,982.7993459951836
2015-12-21,985.4054976568025
2015-12-22,992.450595006408
2015-12-23,1003.5354196905964
2015-12-24,1006.1596747031905
2015-12-25,1006.0148422066477
2015-12-28,1005.4145374405689
2015-12-29,1014.6854507546375
2015-12-30,1009.7476402025083
2015-12-31,1001.6770007644523
2016-01-01,1001.6770007644523
2016-01-04,981.1489859525915
2016-01-05,981.7712575143137
2016-01-06,971.3822597286301
2016-01-07,952.2099930054193
2016-01-08,945.6142221576976
2016-01-11,941.5877752344039
2016-01-12,943.5578853049195
2016-01-13,935.2235999244269
2016-01-14,933.1670300136085
2016-01-15,916.4122682554606
2016-01-18,911.9331593505844
2016-01-19,916.5783231948908
2016-01-20,899.8833061736777
2016-01-21,902.0257544142851
2016-01-22,926.1186226658157
2016-01-25,918.9250505854301
2016-01-26,925.4703175090344
2016-01-27,926.6244058434532
2016-01-28,925.0577959279034
2016-01-29,944.3518325340892
2016-02-01,950.6340399112436
2016-02-02,933.134296952117
2016-02-03,933.2337592506044
2016-02-04,938.6208560723477
2016-02-05,922.11051378594
2016-02-08,905.6247000662657
2016-02-09,900.1326134415858
2016-02-10,899.6910424307998
2016-02-11,891.2992896771902
2016-02-12,898.0787465025523
2016-02-15,911.1621219666285
2016-02-16,919.4013926049839
2016-02-17,934.1883762207304
2016-02-18,936.3449340834175
2016-02-19,933.2292901647411
2016-02-22,944.6140463744163
2016-02-23,934.7714472230107
2016-02-24,929.6107967365928
2016-02-25,943.2836832468835
2016-02-26,942.2523240119259
2016-02-29,939.7955652564575
2016-03-01,956.4470188928367
2016-03-02,962.3247870357147
2016-03-03,968.2892460920093
2016-03-04,973.7202825316392
2016-03-07,973.980748562071
2016-03-08,967.7310648657918
2016-03-09,970.1424909856123
2016-03-10,967.9602824028734
2016-03-11,985.7956973308331
2016-03-14,988.4126168862693
2016-03-15,983.812437778738
2016-03-16,986.5398250807486
2016-03-17,1001.566092371347
2016-03-18,1000.8979180234688
2016-03-21,1000.2399883505503
2016-03-22,1000.3846675580174
2016-03-23,992.6088645893598
2016-03-24,988.1922232192305
2016-03-25,989.1302464732935
2016-03-28,992.0672326369072
2016-03-29,999.2589560620821
2016-03-30,1009.9534447116006
2016-03-31,1007.8409785536901
2016-04-01,1000.8571192345357
2016-04-04,1002.8144520928665
2016-04-05,990.2731397016921
2016-04-06,998.9944105265273
2016-04-07,993.3998551849992
2016-04-08,1000.1609904337868
2016-04-11,1001.1885610724587
2016-04-12,1006.583209659649
2016-04-13,1019.5662889696414
2016-04-14,1023.6413469137491
2016-04-15,1023.8434399322352
2016-04-18,1026.865550681223
2016-04-19,1039.2198723801416
2016-04-20,1038.8660936035146
2016-04-21,1036.7449256560362
2016-04-22,1031.8071358985508
2016-04-25,1030.3989823864656
2016-04-26,1031.415381167473
2016-04-27,1032.1515757118493
2016-04-28,1025.8777309384877
2016-04-29,1020.7234517312471
2016-05-02,1023.7583923548522
2016-05-03,1013.0026694438533
2016-05-04,1004.4174511919148
2016-05-05,1003.6437318267444
2016-05-06,1005.3260103258814
2016-05-09,1005.8398185639802
2016-05-10,1017.7671396768898
2016-05-11,1012.4707417055664
2016-05-12,1011.4917554718292
2016-05-13,1003.3311746205601
2016-05-16,1010.2792633850122
2016-05-17,1006.3442495816983
2016-05-18,1005.5434037593303
2016-05-19,997.04527615838
2016-05-20,1005.6600156666453
2016-05-23,1003.5731858230181
2016-05-24,1016.3868699890794
2016-05-25,1024.0263116281697
2016-05-26,1026.716555471542
2016-05-27,1030.299703545622
2016-05-30,1030.763616057828
2016-05-31,1031.30849412928
2016-06-01,1030.0796181349663
2016-06-02,1029.2184744935691
2016-06-03,1034.3457246956634
2016-06-06,1038.8156163431297
2016-06-07,1043.1688254112148
2016-06-08,1045.7979624285028
2016-06-09,1038.8154119730582
2016-06-10,1023.7668897544751
2016-06-13,1009.0517025894561
2016-06-14,998.4056288973735
2016-06-15,1000.7538841836748
2016-06-16,996.5395707836531
2016-06-17,1002.5376415853121
2016-06-20,1021.8000360607474
2016-06-21,1025.5348993983696
2016-06-22,1025.3351578170364
2016-06-23,1039.8969751395962
2016-06-24,984.3967390976803
2016-06-27,959.8112042521143
2016-06-28,977.6612471634268
2016-06-29,1001.5108615373252
2016-06-30,1013.8598529968722
2016-07-01,1018.5357857741009
2016-07-04,1019.2316492077288
2016-07-05,1009.4791734349574
2016-07-06,1005.1371106976235
2016-07-07,1007.181855221811
2016-07-08,1018.2817127196919
2016-07-11,1027.665466464519
2016-07-12,1036.4953933478816
2016-07-13,1039.5446867717733
2016-07-14,1043.1635724680718
2016-07-15,1042.292477213974
2016-07-18,1042.8095027400943
2016-07-19,1038.7325648782141
2016-07-20,1047.3557833665216
2016-07-21,1045.5008169486987
2016-07-22,1046.4173089713042
2016-07-25,1046.704222411756
2016-07-26,1049.2138546041815
2016-07-27,1047.1219050655614
2016-07-28,1048.5797008757793
2016-07-29,1058.3439932644476
2016-08-01,1056.6432526310282
2016-08-02,1051.7135948234209
2016-08-03,1048.3447549631405
2016-08-04,1051.4119613469793
2016-08-05,1054.53811036147
2016-08-08,1056.6235010457947
2016-08-09,1062.8321863573601
2016-08-10,1063.6458170954065
2016-08-11,1069.285472490398
2016-08-12,1069.4182542559274
2016-08-15,1071.3581649720556
2016-08-16,1066.4886253535233
2016-08-17,1066.4514707018106
2016-08-18,1069.3731411694878
2016-08-19,1067.9376413281173
2016-08-22,1068.4165144764295
2016-08-23,1073.3478210464639
2016-08-24,1069.5172253454466
2016-08-25,1069.127138709595
2016-08-26,1067.6939355042446
2016-08-29,1066.3299126299396
2016-08-30,1065.6510924108925
2016-08-31,1062.6233725336476
2016-09-01,1064.668415191156
2016-09-02,1071.6354952240104
2016-09-05,1073.7576919473372
2016-09-06,1078.9558655126134
2016-09-07,1079.4517865159191
2016-09-08,1076.2058053387218
2016-09-09,1052.3300312581991
2016-09-12,1056.68915785556
2016-09-13,1044.5756715058492
2016-09-14,1042.5197557085137
2016-09-15,1050.0190123403863
2016-09-16,1046.0727118083053
2016-09-19,1051.4527126600185
2016-09-20,1052.0757213226154
2016-09-21,1062.5134652163558
2016-09-22,1075.323891224177
2016-09-23,1067.9542936212554
2016-09-26,1059.1118884347618
2016-09-27,1061.848174897548
2016-09-28,1066.145054877632
2016-09-29,1063.5152419100323
2016-09-30,1067.8735689073833
2016-10-03,1064.1942482529669
2016-10-04,1059.8873944932518
2016-10-05,1060.6618165636933
2016-10-06,1058.7744120415446
2016-10-07,1054.4828273859564
2016-10-10,1058.416709002368
2016-10-11,1046.6888209875274
2016-10-12,1042.7237670010993
2016-10-13,1039.018591457698
2016-10-14,1043.498240545463
2016-10-17,1039.8205501508126
2016-10-18,1048.2348171595982
2016-10-19,1049.6203021244673
2016-10-20,1048.0007429941636
2016-10-21,1048.5820446421596
2016-10-24,1051.1473106301646
2016-10-25,1048.4771684174075
2016-10-26,1048.8096289055725
2016-10-27,1044.8881856737166
2016-10-28,1042.855428412532
2016-10-31,1044.0934500838594
2016-11-01,1040.7211423620247
2016-11-02,1034.4801219460167
2016-11-03,1031.9544452061373
2016-11-04,1026.8890794049414
2016-11-07,1042.7744031124903
2016-11-08,1047.281147485964
2016-11-09,1043.605215961812
2016-11-10,1042.8088985617496
2016-11-11,1040.130376650941
2016-11-14,1037.0283430891711
2016-11-15,1043.4968079661644
2016-11-16,1041.956658920681
2016-11-17,1046.9853826024723
2016-11-18,1040.071711421977
2016-11-21,1046.9752593211165
2016-11-22,1048.5677729464182
2016-11-23,1044.6418731208892
2016-11-24,1047.2478379993627
2016-11-25,1053.2657450690958
2016-11-28,1049.4684163346333
2016-11-29,1051.6797856843089
2016-11-30,1049.022567340746
2016-12-01,1044.5781869301359
2016-12-02,1045.1885603547569
2016-12-05,1050.4621683452428
2016-12-06,1056.1126081413736
2016-12-07,1069.4982531828489
2016-12-08,1070.6083239881978
2016-12-09,1075.183951006945
2016-12-12,1077.1720033985976
2016-12-13,1086.1426950819725
2016-12-14,1079.4266102239721
2016-12-15,1071.3322891730445
2016-12-16,1070.9745839850982
2016-12-19,1075.8795089189189
2016-12-20,1076.3568002974857
2016-12-21,1075.6893141690732
2016-12-22,1075.2421693783397
2016-12-23,1075.9775851667666
2016-12-26,1075.3618934575559
2016-12-27,1076.5059843538456
2016-12-28,1070.5120303810443
2016-12-29,1073.7262641308648
2016-12-30,1072.6361145790609
2017-01-02,1074.1090827026512
2017-01-03,1074.650421042823
2017-01-04,1084.85183798482
2017-01-05,1090.5904813223367
2017-01-06,1090.4924478560888
2017-01-09,1086.253462057315
2017-01-10,1086.8503616609044
2017-01-11,1086.0795218838698
2017-01-12,1089.694992897904
2017-01-13,1092.8921183889768
2017-01-16,1089.771842703484
2017-01-17,1090.63173477542
2017-01-18,1092.505252055603
2017-01-19,1085.6402755636282
2017-01-20,1091.8393213581862
2017-01-23,1092.1014747724753
2017-01-24,1097.673677844677
2017-01-25,1105.4005388194846
2017-01-26,1103.1954494532258
2017-01-27,1105.715651990076
2017-01-30,1099.6083085964308
2017-01-31,1098.8996736918853
2017-02-01,1096.5062581345508
2017-02-02,1097.426202358365
2017-02-03,1103.367415203385
2017-02-06,1097.4987199904901
2017-02-07,1097.2926048370678
2017-02-08,1100.316453585767
2017-02-09,1103.3099565736895
2017-02-10,1107.0282176783335
2017-02-13,1112.8383522907986
2017-02-14,1110.9211298122773
2017-02-15,1118.0561065537433
2017-02-16,1120.872664795376
2017-02-17,1123.1482945754728
2017-02-20,1121.807789593651
2017-02-21,1125.161185533004
2017-02-22,1124.3908212898514
2017-02-23,1125.8118758719459
2017-02-24,1123.3618804297105
2017-02-27,1122.545490858311
2017-02-28,1120.9854846515702
2017-03-01,1129.3470401678728
2017-03-02,1125.7094346207343
2017-03-03,1125.3536858279554
2017-03-06,1124.0075518611795
2017-03-07,1121.0583313594964
2017-03-08,1117.432231847335
2017-03-09,1118.4619359049927
2017-03-10,1125.6074372505304
2017-03-13,1128.0017330188423
2017-03-14,1123.5145154177208
2017-03-15,1129.5293987519876
2017-03-16,1136.633949660546
2017-03-17,1137.3737386052253
2017-03-20,1137.3691755296345
2017-03-21,1130.9227275717592
2017-03-22,1130.173771582131
2017-03-23,1132.040897198522
2017-03-24,1132.7410521778345
2017-03-27,1134.0317369042714
2017-03-28,1141.1338626761803
2017-03-29,1140.2995487185608
2017-03-30,1141.9910976798192
2017-03-31,1140.1713893974666
2017-04-03,1135.7723741052814
2017-04-04,1137.6085286018808
2017-04-05,1135.697129569357
2017-04-06,1137.0468721173654
2017-04-07,1136.648965866294
2017-04-10,1138.2339471682453
2017-04-11,1140.212958346763
2017-04-12,1137.434385511471
2017-04-13,1132.6563714439606
2017-04-14,1132.033986999775
2017-04-17,1140.0975837411283
2017-04-18,1136.063341769334
2017-04-19,1134.7849351919115
2017-04-20,1141.8078459125122
2017-04-21,1139.8840892876312
2017-04-24,1159.427663446975
2017-04-25,1166.2013538041608
2017-04-26,1165.3895586025812
2017-04-27,1165.2052035667207
2017-04-28,1162.7727608831663
2017-05-01,1164.696658742406
2017-05-02,1167.088335257721
2017-05-03,1165.6011584282646
2017-05-04,1167.7839149200952
2017-05-05,1174.7836816448505
2017-05-08,1174.391226958165
2017-05-09,1172.2559114696305
2017-05-10,1173.173114796732
2017-05-11,1168.455438218911
2017-05-12,1169.5262783307476
2017-05-15,1174.9395491537423
2017-05-16,1179.7933648745
2017-05-17,1168.259592295044
2017-05-18,1163.837302477396
2017-05-19,1172.415314484519
2017-05-22,1180.2130086014438
2017-05-23,1181.2395290717561
2017-05-24,1180.9325868241908
2017-05-25,1186.2411600346757
2017-05-26,1185.31445441408
2017-05-29,1185.153497529574
2017-05-30,1185.6444079070409
2017-05-31,1187.4439290399646
2017-06-01,1192.535618711769
2017-06-02,1201.0013011932424
2017-06-05,1199.646726582654
2017-06-06,1194.5773888958222
2017-06-07,1193.644396909762
2017-06-08,1191.8942111636522
2017-06-09,1190.1499855450966
2017-06-12,1188.9101851820576
2017-06-13,1196.1088206197842
2017-06-14,1197.6155106272827
2017-06-15,1189.191979127997
2017-06-16,1194.6609338725561
2017-06-19,1202.4868996412288
2017-06-20,1193.2032768012618
2017-06-21,1191.516907281571
2017-06-22,1192.0328065655915
2017-06-23,1195.5013301353874
2017-06-26,1196.7223731268089
2017-06-27,1190.4274557385577
2017-06-28,1199.3297148128863
2017-06-29,1189.2849716978474
2017-06-30,1189.065466886617
2017-07-03,1190.907114837719
2017-07-04,1189.7006887265495
2017-07-05,1190.1439952817725
2017-07-06,1182.8597494041187
2017-07-07,1185.3434301432976
2017-07-10,1188.0975673449736
2017-07-11,1186.9583491321794
2017-07-12,1198.209727346453
2017-07-13,1200.8571860825596
2017-07-14,1209.9669638130185
2017-07-17,1211.3083734394988
2017-07-18,1213.1399861751875
2017-07-19,1216.8706211890942
2017-07-20,1221.7102673585937
2017-07-21,1218.2388896114117
2017-07-24,1214.780823370064
2017-07-25,1218.9884601079343
2017-07-26,1219.6208203535355
2017-07-27,1220.2270295652077
2017-07-28,1220.4940799632793
2017-07-31,1221.1884395769898
2017-08-01,1226.4668733822914
2017-08-02,1226.0005374169293
2017-08-03,1227.22862225616
2017-08-04,1226.0761050277567
2017-08-07,1227.828295503351
2017-08-08,1225.0506189361242
2017-08-09,1221.443149693942
2017-08-10,1209.6700056303432
2017-08-11,1208.4125131051371
2017-08-14,1217.527665780088
2017-08-15,1215.7211469683791
2017-08-16,1219.132649945368
2017-08-17,1210.1477946119935
2017-08-18,1206.0869864742938
2017-08-21,1207.6023397920023
2017-08-22,1214.8236874111526
2017-08-23,1212.6940563245528
2017-08-24,1211.5451913979493
2017-08-25,1215.2009668991473
2017-08-28,1215.717714235935
2017-08-29,1214.7575340458732
2017-08-30,1216.6512735877566
2017-08-31,1224.23327508761
2017-09-01,1226.995755342368
2017-09-04,1225.8524066769435
2017-09-05,1221.958001853157
2017-09-06,1223.5615746908788
2017-09-07,1228.9680046989115
2017-09-08,1229.8740463796746
2017-09-11,1241.3103869060044
2017-09-12,1243.369749618223
2017-09-13,1241.4567525496095
2017-09-14,1238.5296844699417
2017-09-15,1243.7370642149572
2017-09-18,1246.2370042059633
2017-09-19,1249.4546044972417
2017-09-20,1251.996369334903
2017-09-21,1244.7593229664103
2017-09-22,1247.3491882475594
2017-09-25,1244.0483765064962
2017-09-26,1238.265153383147
2017-09-27,1240.0574956570752
2017-09-28,1243.041824029426
2017-09-29,1249.059189986187
2017-10-02,1252.2972935373928
2017-10-03,1253.8045621457075
2017-10-04,1255.473333899296
2017-10-05,1257.9197665322147
2017-10-06,1256.8355915509158
2017-10-09,1257.4373352938123
2017-10-10,1262.9941126881533
2017-10-11,1264.856296886247
2017-10-12,1267.2247853422011
2017-10-13,1271.060374494562
2017-10-16,1271.490173121312
2017-10-17,1268.443078625297
2017-10-18,1272.8572677385
2017-10-19,1274.839629612057
2017-10-20,1273.6175106975145
2017-10-23,1271.1429241734083
2017-10-24,1271.4594200010554
2017-10-25,1265.7590349827044
2017-10-26,1269.7458895231127
2017-10-27,1277.539669680712
2017-10-30,1278.4365388519234
2017-10-31,1281.0996734251444
2017-11-01,1284.2431506731368
2017-11-02,1286.1664117831676
2017-11-03,1284.8762521178764
2017-11-06,1286.5543597494727
2017-11-07,1287.4313765835063
2017-11-08,1289.5243046573944
2017-11-09,1282.5843460781928
2017-11-10,1283.2590241855785
2017-11-13,1279.3515137896645
2017-11-14,1278.8573395150188
2017-11-15,1271.3854900689832
2017-11-16,1280.4606975506192
2017-11-17,1278.6872489172724
2017-11-20,1280.7454084013407
2017-11-21,1286.9166021817668
2017-11-22,1288.1427677633717
2017-11-23,1290.7261624882224
2017-11-24,1294.2920564115277
2017-11-27,1292.3558461932787
2017-11-28,1298.4468709878713
2017-11-29,1298.9563835759343
2017-11-30,1306.225606140595
2017-12-01,1301.3630711206993
2017-12-04,1300.3442966873897
2017-12-05,1295.8221825766102
2017-12-06,1292.5733707263698
2017-12-07,1294.916285282948
2017-12-08,1300.179119370491
2017-12-11,1305.099064584752
2017-12-12,1305.3698246831234
2017-12-13,1305.5544202856015
2017-12-14,1301.3514563139993
2017-12-15,1306.9235937875433
2017-12-18,1319.3827371512477
2017-12-19,1314.9167597524015
2017-12-20,1314.6775936958
2017-12-21,1316.9132120123684
2017-12-22,1316.239527812366
2017-12-25,1316.586125492765
2017-12-26,1317.1764162617076
2017-12-27,1319.8309411999014
2017-12-28,1321.8579501944048
2017-12-29,1320.0019021520184
2018-01-01,1320.0092169679356
2018-01-02,1326.3046851675695
2018-01-03,1332.0227983170175
2018-01-04,1344.0487219407646
2018-01-05,1352.5385940340773
2018-01-08,1354.589351060481
2018-01-09,1357.1218903137997
2018-01-10,1354.354522450692
2018-01-11,1358.241767631554
2018-01-12,1366.86383679392
2018-01-15,1372.8926650970798
2018-01-16,1368.85104104423
2018-01-17,1378.82581859174
2018-01-18,1375.6262119641196
2018-01-19,1382.7185814964112
2018-01-22,1391.1627703381798
2018-01-23,1397.4468808482
2018-01-24,1397.3588726289847
2018-01-25,1398.0319467280144
2018-01-26,1409.2665002474464
2018-01-29,1400.3704076699048
2018-01-30,1389.1795869397795
2018-01-31,1390.7949208898738
2018-02-01,1388.084341502648
2018-02-02,1362.7895304159729
2018-02-05,1323.7337387618243
2018-02-06,1317.1191839952098
2018-02-07,1320.236530841148
2018-02-08,1284.383447669449
2018-02-09,1288.4555487216173
2018-02-12,1302.7137678976628
2018-02-13,1305.093666361185
2018-02-14,1321.0035061215744
2018-02-15,1335.9956850331575
2018-02-16,1339.5469564155
2018-02-19,1337.3570025229174
2018-02-20,1335.1625403080102
2018-02-21,1329.2777204947124
2018-02-22,1329.1459164985783
2018-02-23,1344.4514791536376
2018-02-26,1356.563234330446
2018-02-27,1345.0260398133448
2018-02-28,1330.6746545590233
2018-03-01,1313.0900741129378
2018-03-02,1313.6059730740303
2018-03-05,1323.6272174405017
2018-03-06,1332.7139733529623
2018-03-07,1332.6249647755405
2018-03-08,1337.9993721703468
2018-03-09,1352.890476340667
2018-03-12,1355.4135279698387
2018-03-13,1349.391050598349
2018-03-14,1343.9363840432013
2018-03-15,1343.8062688252153
2018-03-16,1345.3158741136444
2018-03-19,1331.4332200123422
2018-03-20,1332.8162645076682
2018-03-21,1330.9341038286088
2018-03-22,1310.47065905503
2018-03-23,1287.4454309196592
2018-03-26,1310.6921831504603
2018-03-27,1302.391813843211
2018-03-28,1299.360832718033
2018-03-29,1312.4674624874178
2018-03-30,1313.5532272407968
2018-04-02,1294.7534544248108
2018-04-03,1300.0970295727243
2018-04-04,1308.4805655089942
2018-04-05,1319.396783728615
2018-04-06,1303.6924150237032
2018-04-09,1310.2534750732545
2018-04-10,1327.8416270526714
2018-04-11,1323.2414407184774
2018-04-12,1328.9489714920235
2018-04-13,1327.4228995545998
2018-04-16,1334.7554344293508
2018-04-17,1344.415174281515
2018-04-18,1349.9661957872331
2018-04-19,1344.1256489614636
2018-04-20,1333.2351978281126
2018-04-23,1331.4386310157868
2018-04-24,1323.9627348420763
2018-04-25,1320.9780682316057
2018-04-26,1331.0308800087814
2018-04-27,1337.1245833935723
2018-04-30,1330.323252091253
2018-05-01,1328.7505145609975
2018-05-02,1322.3463033891894
2018-05-03,1320.2470371999632
2018-05-04,1331.2467396943837
2018-05-07,1336.9405011562058
2018-05-08,1336.1895209109912
2018-05-09,1344.0963205764517
2018-05-10,1352.7484086328082
2018-05-11,1357.8529958515437
2018-05-14,1360.2001664130617
2018-05-15,1348.3614508967805
2018-05-16,1350.279170213177
2018-05-17,1353.3114749174704
2018-05-18,1352.3106243877019
2018-05-21,1358.2204488694172
2018-05-22,1357.387189396596
2018-05-23,1352.0358201343513
2018-05-24,1349.4341465375949
2018-05-25,1345.9729950373571
2018-05-28,1343.0738815247819
2018-05-29,1329.0332778453167
2018-05-30,1339.9552952443064
2018-05-31,1334.4518803192875
2018-06-01,1344.8100453449015
2018-06-04,1353.1525513067184
2018-06-05,1350.5946621542862
2018-06-06,1361.951597778048
2018-06-07,1361.975935682985
2018-06-08,1363.1714916209394
2018-06-11,1367.801165784379
2018-06-12,1369.1737967691688
2018-06-13,1366.4367168332867
2018-06-14,1365.132379565428
2018-06-15,1360.7715730289058
2018-06-18,1353.2778198996682
2018-06-19,1344.1692996704978
2018-06-20,1348.8514874285588
2018-06-21,1341.791422011536
2018-06-22,1346.933362356516
2018-06-25,1330.3658476427363
2018-06-26,1330.808166964516
2018-06-27,1322.7768721856887
2018-06-28,1324.362758972022
2018-06-29,1332.4210218097544
2018-07-02,1327.6000131383882
2018-07-03,1328.8249039256104
2018-07-04,1329.470004764825
2018-07-05,1339.0712439458105
2018-07-06,1350.9661089173446
2018-07-09,1361.9472890726925
2018-07-10,1365.7474542255954
2018-07-11,1353.83049025169
2018-07-12,1362.8114018900624
2018-07-13,1367.9515253091322
2018-07-16,1365.2338301362815
2018-07-17,1369.5534837180032
2018-07-18,1371.8090983653021
2018-07-19,1367.6379408040134
2018-07-20,1372.0586217356606
2018-07-23,1371.8384453973981
2018-07-24,1375.5348255027816
2018-07-25,1385.9247556565158
2018-07-26,1389.3632011200684
2018-07-27,1383.34327907684
2018-07-30,1376.629490733893
2018-07-31,1381.4093647987104
2018-08-01,1377.776557742558
2018-08-02,1378.2805642164221
2018-08-03,1383.6354382682111
2018-08-06,1383.276547422332
2018-08-07,1390.6667591962173
2018-08-08,1387.7021279699181
2018-08-09,1386.1565679646963
2018-08-10,1368.7160525980287
2018-08-13,1361.0459116505037
2018-08-14,1367.7164586201754
2018-08-15,1353.4860164973215
2018-08-16,1362.6955363509885
2018-08-17,1364.9234603751686
2018-08-20,1369.096720180075
2018-08-21,1373.5329735953203
2018-08-22,1377.3584692126885
2018-08-23,1374.7180881106708
2018-08-24,1384.003168011562
2018-08-27,1396.2778532175319
2018-08-28,1398.5606550745888
2018-08-29,1403.28081198967
2018-08-30,1397.1775249701138
2018-08-31,1394.2684538076871
2018-09-03,1392.749312200933
2018-09-04,1383.4068486390174
2018-09-05,1374.7943871016466
2018-09-06,1370.6931040279928
2018-09-07,1366.115118600344
2018-09-10,1373.0044484331781
2018-09-11,1374.0458778592626
2018-09-12,1379.8125559282387
2018-09-13,1386.331048900928
2018-09-14,1390.0920333314007
2018-09-17,1387.5355979339192
2018-09-18,1394.1477147238472
2018-09-19,1395.584678390262
2018-09-20,1408.2303303618853
2018-09-21,1412.1567218472921
2018-09-24,1407.8291539598179
2018-09-25,1409.084967616606
2018-09-26,1408.9471590642336
2018-09-27,1407.2288725200979
2018-09-28,1405.19778697512
2018-10-01,1409.2041606954178
2018-10-02,1404.7478645799304
2018-10-03,1403.9406051677888
2018-10-04,1390.0902470473918
2018-10-05,1381.2452515197156
2018-10-08,1374.2885475757942
2018-10-09,1371.3836698472653
2018-10-10,1339.6595395757324
2018-10-11,1311.9043980925862
2018-10-12,1322.928501451861
2018-10-15,1318.682844780694
2018-10-16,1342.3484203471705
2018-10-17,1339.452734530983
2018-10-18,1321.6161943131196
2018-10-19,1320.8253169256436
2018-10-22,1316.428469640223
2018-10-23,1299.588686154387
2018-10-24,1273.278374678815
2018-10-25,1284.1555515296002
2018-10-26,1272.2389614930812
2018-10-29,1268.4706833522803
2018-10-30,1282.1698062017904
2018-10-31,1295.0057425367304
2018-11-01,1305.3835790230657
2018-11-02,1305.0702253805484
2018-11-05,1310.0168945102512
2018-11-06,1314.7799033581416
2018-11-07,1336.1795882966821
2018-11-08,1336.5396902514947
2018-11-09,1326.0688793251509
2018-11-12,1304.7515729507143
2018-11-13,1306.7354036786264
2018-11-14,1301.6483851223345
2018-11-15,1310.107580294464
2018-11-16,1313.8295180501364
2018-11-19,1300.250121988192
2018-11-20,1279.4899399887595
2018-11-21,1285.5762701062642
2018-11-22,1284.9316467082126
2018-11-23,1282.1277220392137
2018-11-26,1298.5566577295253
2018-11-27,1300.2580661921586
2018-11-28,1318.4285514207022
2018-11-29,1320.4852885069595
2018-11-30,1327.9453228213783
2018-12-03,1341.0583370138725
2018-12-04,1311.7370641077987
2018-12-05,1305.9206141239167
2018-12-06,1294.6247679094347
2018-12-07,1278.9430412525855
2018-12-10,1272.9604500726853
2018-12-11,1274.34695964926
2018-12-12,1287.420235168532
2018-12-13,1288.1604483611468
2018-12-14,1268.4386320924498
2018-12-17,1249.8198940897773
2018-12-18,1244.5941831892292
2018-12-19,1236.6605243758386
2018-12-20,1218.5622274369887
2018-12-21,1201.5898069857155
2018-12-24,1179.5073508759576
2018-12-25,1173.8500029530023
2018-12-26,1207.0821307662902
2018-12-27,1214.9991105690897
2018-12-28,1220.7760211990958
2018-12-31,1229.8229762848457
2019-01-01,1229.842865036136
2019-01-02,1224.8481348021571
2019-01-03,1209.0767530320848
2019-01-04,1241.257351201829
2019-01-07,1250.7664099214392
2019-01-08,1259.4200522115257
2019-01-09,1271.8241826680896
2019-01-10,1276.5606284449063
2019-01-11,1275.2977648472959
2019-01-14,1269.0941642853857
2019-01-15,1279.2219764669449
2019-01-16,1279.6835461477121
2019-01-17,1286.6215351499861
2019-01-18,1303.289155176591
2019-01-21,1302.7472105728214
2019-01-22,1289.8074257476962
2019-01-23,1292.621157125977
2019-01-24,1294.4616938893064
2019-01-25,1303.434153181965
2019-01-28,1293.4748306979388
2019-01-29,1293.8405555967838
2019-01-30,1303.7441857716008
2019-01-31,1313.2558319087773
2019-02-01,1314.4440835145713
2019-02-04,1320.4216679349408
2019-02-05,1328.414266092843
2019-02-06,1325.2676941459301
2019-02-07,1311.4347636373845
2019-02-08,1308.402205259212
2019-02-11,1309.9759411120335
2019-02-12,1325.359011302452
2019-02-13,1330.104100174867
2019-02-14,1328.241869154733
2019-02-15,1340.8278460942906
2019-02-18,1345.0410512178983
2019-02-19,1347.7861726231313
2019-02-20,1352.3224692991912
2019-02-21,1353.3301337007915
2019-02-22,1361.0693796518353
2019-02-25,1363.2685998470542
2019-02-26,1363.4863091153313
2019-02-27,1363.2041853811218
2019-02-28,1360.358145224999
2019-03-01,1366.3194155901629
2019-03-04,1363.5251021959555
2019-03-05,1359.8840681111424
2019-03-06,1354.357717886717
2019-03-07,1343.6675778180277
2019-03-08,1336.7315171510647
2019-03-11,1350.7602792187656
2019-03-12,1357.489794579618
2019-03-13,1365.4970734249882
2019-03-14,1366.704776443395
2019-03-15,1377.055570228765
2019-03-18,1383.3762943301558
2019-03-19,1384.0341255631135
2019-03-20,1376.6519018216045
2019-03-21,1385.5076810963344
2019-03-22,1363.6259977118361
2019-03-25,1359.8760154390889
2019-03-26,1371.3626462556551
2019-03-27,1365.788269746041
2019-03-28,1367.60222794479
2019-03-29,1376.9936548546516
2019-04-01,1391.5033953609527
2019-04-02,1390.4437978155206
2019-04-03,1399.8073626619155
2019-04-04,1398.5025379708734
2019-04-05,1403.930345188404
2019-04-08,1406.5406429513455
2019-04-09,1400.3709287798736
2019-04-10,1404.913460048439
2019-04-11,1405.4152383710348
2019-04-12,1414.9982949496255
2019-04-15,1416.1699731671588
2019-04-16,1416.3624010765136
2019-04-17,1415.9287358646636
2019-04-18,1417.2370006707793
2019-04-19,1418.169698936272
2019-04-22,1417.9685385880766
2019-04-23,1423.9118208143466
2019-04-24,1422.8600755803357
2019-04-25,1423.004006539931
2019-04-26,1426.3577062360132
2019-04-29,1424.2596838770207
2019-04-30,1430.098655661175
2019-05-01,1421.421710550989
2019-05-02,1415.2037811599605
2019-05-03,1427.5541721490165
2019-05-06,1420.3698879069368
2019-05-07,1399.9596104319276
2019-05-08,1398.7192743719795
2019-05-09,1390.0112892854866
2019-05-10,1397.1985966437624
2019-05-13,1374.5307711033747
2019-05-14,1383.8838404066294
2019-05-15,1390.3144579052678
2019-05-16,1402.9223025567837
2019-05-17,1396.9521682014763
2019-05-20,1389.3405501595366
2019-05-21,1397.041796483147
2019-05-22,1394.3264397511202
2019-05-23,1380.7202845564905
2019-05-24,1385.8557064961997
2019-05-27,1386.6332219166056
2019-05-28,1377.7985110066877
2019-05-29,1364.0648837618762
2019-05-30,1366.875283900631
2019-05-31,1355.9136908127625
2019-06-03,1357.7115322886896
2019-06-04,1376.4855063287628
2019-06-05,1390.5940371091508
2019-06-06,1397.1885481423244
2019-06-07,1413.651190656439
2019-06-10,1417.508896020552
2019-06-11,1419.3609931647609
2019-06-12,1416.836712192349
2019-06-13,1421.1182465950656
2019-06-14,1418.5651011148664
2019-06-17,1417.2568657715733
2019-06-18,1429.4764649970618
2019-06-19,1439.2649236915413
2019-06-20,1455.6069908580778
2019-06-21,1451.3141955592318
2019-06-24,1452.9285146818092
2019-06-25,1443.0228744077237
2019-06-26,1439.689730578386
2019-06-27,1443.2548175015215
2019-06-28,1451.1671582815013
2019-07-01,1461.5453786034918
2019-07-02,1464.9820757433058
2019-07-03,1476.526739431522
2019-07-04,1477.919720544275
2019-07-05,1468.7149419953719
2019-07-08,1461.767649216227
2019-07-09,1458.0512360919627
2019-07-10,1463.3747187645524
2019-07-11,1467.6980706848694
2019-07-12,1472.1094294694692
2019-07-15,1473.544833061525
2019-07-16,1468.1558420943904
2019-07-17,1461.45600509253
2019-07-18,1460.5681145190229
2019-07-19,1458.0040716536118
2019-07-22,1459.6135653213519
2019-07-23,1466.0989665014815
2019-07-24,1471.8980611900308
2019-07-25,1466.6135351465746
2019-07-26,1471.042776837401
2019-07-29,1471.0788126697673
2019-07-30,1467.6509508786392
2019-07-31,1456.0584170859331
2019-08-01,1450.3885142257216
2019-08-02,1436.368100259849
2019-08-05,1403.216784294167
2019-08-06,1409.587943258938
2019-08-07,1413.2019656949628
2019-08-08,1436.276657012944
2019-08-09,1431.49536407994
2019-08-12,1421.0387851190858
2019-08-13,1430.2507705593773
2019-08-14,1401.2337284041716
2019-08-15,1399.4013572001143
2019-08-16,1417.0406354220468
2019-08-19,1432.7345677259477
2019-08-20,1426.0285975190634
2019-08-21,1437.0313077849894
2019-08-22,1432.9590564544067
2019-08-23,1410.5690421501602
2019-08-26,1419.4228407595624
2019-08-27,1422.1059345616973
2019-08-28,1425.5078457174047
2019-08-29,1439.1150387847033
2019-08-30,1442.1507404574115
2019-09-02,1441.2641799790354
2019-09-03,1434.8630240393288
2019-09-04,1449.4517507929347
2019-09-05,1464.487624083215
2019-09-06,1467.5180624718228
2019-09-09,1464.0881211249732
2019-09-10,1459.0408008556362
2019-09-11,1466.3612789019828
2019-09-12,1472.8211092352044
2019-09-13,1476.5758923699382
2019-09-16,1468.7575379113093
2019-09-17,1475.6074537931256
2019-09-18,1475.6504772142475
2019-09-19,1479.5349536613921
2019-09-20,1475.38532305413
2019-09-23,1473.9940907066416
2019-09-24,1468.3654890246128
2019-09-25,1469.2816195939172
2019-09-26,1471.8575551415367
2019-09-27,1467.3669050029991
2019-09-30,1469.8956189162047
2019-10-01,1455.9777780689149
2019-10-02,1430.4852211391653
2019-10-03,1438.2821161997858
2019-10-04,1453.304545851994
2019-10-07,1452.4121708502048
2019-10-08,1434.2922808352712
2019-10-09,1445.5014798555972
2019-10-10,1453.7110228911447
2019-10-11,1472.084688233679
2019-10-14,1469.0437126938577
2019-10-15,1481.3790126839667
2019-10-16,1478.9560664271266
2019-10-17,1483.3117977642212
2019-10-18,1479.2316406727487
2019-10-21,1488.123344964388
2019-10-22,1487.2233645187805
2019-10-23,1488.8803444569908
2019-10-24,1497.4766822899658
2019-10-25,1502.592586408982
2019-10-28,1509.2691149427444
2019-10-29,1512.132799037226
2019-10-30,1516.9131945802033
2019-10-31,1513.9685890183534
2019-11-01,1525.9939649173803
2019-11-04,1529.5658426578361
2019-11-05,1526.5164707389065
2019-11-06,1528.3582994055466
2019-11-07,1531.361720225005
2019-11-08,1534.4480476056374
2019-11-11,1532.9880298773483
2019-11-12,1535.4124241948025
2019-11-13,1538.2301216408755
2019-11-14,1537.4319223189016
2019-11-15,1547.5749052069775
2019-11-18,1551.5929926211675
2019-11-19,1551.2440586291314
2019-11-20,1544.0974252033857
2019-11-21,1539.8370184814783
2019-11-22,1541.6253284183913
2019-11-25,1552.909460754215
2019-11-26,1559.4096486225108
2019-11-27,1561.66941233056
2019-11-28,1561.1026074920098
2019-11-29,1556.3086537720305
2019-12-02,1545.3093968459073
2019-12-03,1538.2967543830691
2019-12-04,1546.1906828605033
2019-12-05,1548.0596167471215
2019-12-06,1559.5747672637347
2019-12-09,1558.3414949092107
2019-12-10,1556.825057977523
2019-12-11,1560.3774470870633
2019-12-12,1569.505922371474
2019-12-13,1578.0623353718659
2019-12-16,1588.8377000503344
2019-12-17,1587.3077512943812
2019-12-18,1584.220722865553
2019-12-19,1590.0154481769678
2019-12-20,1598.8386675644417
2019-12-23,1598.5040140583733
2019-12-24,1599.9715118356323
2019-12-25,1599.8799840666534
2019-12-26,1603.6152279925893
2019-12-27,1608.4893864526975
2019-12-30,1598.8804374539422
2019-12-31,1601.9344483749073
2020-01-01,1601.9358481280055
2020-01-02,1611.0491061663906
2020-01-03,1602.0608299253217
2020-01-06,1602.3638781829811
2020-01-07,1599.200516788551
2020-01-08,1603.8520701956097
2020-01-09,1613.3619447181345
2020-01-10,1613.0086379677166
2020-01-13,1620.8135868086842
2020-01-14,1621.063408811455
2020-01-15,1625.209281840319
2020-01-16,1634.0585506186594
2020-01-17,1639.792079423318
2020-01-20,1640.1708120166104
2020-01-21,1636.9529789946675
2020-01-22,1637.4351163970318
2020-01-23,1634.2173422361418
2020-01-24,1628.5907810371518
2020-01-27,1603.6112076916943
2020-01-28,1615.283915088353
2020-01-29,1618.1727469051987
2020-01-30,1623.051662743972
2020-01-31,1603.6024879294787
2020-02-03,1615.788892705374
2020-02-04,1640.6931840304292
2020-02-05,1653.4550374761461
2020-02-06,1661.6276982361699
2020-02-07,1653.388947236882
2020-02-10,1661.8095226052767
2020-02-11,1664.3846707855892
2020-02-12,1669.5535810519398
2020-02-13,1667.9742018913953
2020-02-14,1671.8124130852873
2020-02-17,1671.6408106871497
2020-02-18,1669.7600411975668
2020-02-19,1679.0500901206249
2020-02-20,1669.8637372204946
2020-02-21,1657.9571328939105
2020-02-24,1609.2193692946867
2020-02-25,1572.2602653156744
2020-02-26,1566.321768803726
2020-02-27,1509.4287937802976
2020-02-28,1483.8188650327202
2020-03-02,1536.1586167365763
2020-03-03,1519.8248723363554
2020-03-04,1563.363427256567
2020-03-05,1533.5388675121364
2020-03-06,1503.306660861163
2020-03-09,1398.5179966054413
2020-03-10,1434.4660284409026
2020-03-11,1380.5342617115148
2020-03-12,1246.7703486249977
2020-03-13,1321.541485437188
2020-03-16,1203.2183831309949
2020-03-17,1256.3688249697711
2020-03-18,1193.1415315471172
2020-03-19,1204.6981232167745
2020-03-20,1171.2375643633488
2020-03-23,1140.8674414396255
2020-03-24,1242.9319995982798
2020-03-25,1265.5999343620608
2020-03-26,1328.2796306239327
2020-03-27,1299.4862570254472
2020-03-30,1339.1810656580622
2020-03-31,1324.7683531396824
2020-04-01,1279.5912299519634
2020-04-02,1297.888268731158
2020-04-03,1281.9770082718364
2020-04-06,1352.3137912124503
2020-04-07,1357.712433950427
2020-04-08,1384.3141187409421
2020-04-09,1406.5030141159264
2020-04-10,1407.0058941241348
2020-04-13,1395.3521594327433
2020-04-14,1435.380811327942
2020-04-15,1403.0322187306438
2020-04-16,1412.424938204579
2020-04-17,1448.8680031306128
2020-04-20,1431.2380744902894
2020-04-21,1388.1488929275502
2020-04-22,1411.1934224228492
2020-04-23,1410.6411950172096
2020-04-24,1420.442829943781
2020-04-27,1445.5750157090533
2020-04-28,1445.473881813427
2020-04-29,1473.9269973755872
2020-04-30,1463.5752757103555
2020-05-01,1433.9412923395669
2020-05-04,1430.3925649767832
2020-05-05,1444.7412924629232
2020-05-06,1437.05737052758
2020-05-07,1450.9149486148158
2020-05-08,1475.1582680042497
2020-05-11,1477.8848239335853
2020-05-12,1460.3015282607796
2020-05-13,1438.864836261908
2020-05-14,1436.6970425183263
2020-05-15,1449.2207733941204
2020-05-18,1486.6625684768508
2020-05-19,1479.9834964043987
2020-05-20,1498.61410199325
2020-05-21,1484.8467741325228
2020-05-22,1485.184763509657
2020-05-25,1492.9239974851419
2020-05-26,1507.6137353595511
2020-05-27,1519.2901882632561
2020-05-28,1531.0463794010009
2020-05-29,1531.9130150262426
2020-06-01,1540.9559545595655
2020-06-02,1555.8557301655255
2020-06-03,1578.7959079776588
2020-06-04,1574.4363667552127
2020-06-05,1603.5881959376836
2020-06-08,1613.5559575105915
2020-06-09,1605.5289192209118
2020-06-10,1609.6811616473221
2020-06-11,1536.3289083993732
2020-06-12,1539.6919113896083
2020-06-15,1545.8566099148943
2020-06-16,1577.3199093744765
2020-06-17,1580.7545516999592
2020-06-18,1580.0337324881093
2020-06-19,1579.3524301070433
2020-06-22,1586.7030520290966
2020-06-23,1598.9155957624162
2020-06-24,1561.0426125765005
2020-06-25,1571.251004278846
2020-06-26,1550.3640566215304
2020-06-29,1562.9658743481166
2020-06-30,1585.9966644108806
2020-07-01,1591.9484868622487
2020-07-02,1606.5651821388087
2020-07-03,1605.355347918198
2020-07-06,1631.4461762526444
2020-07-07,1618.5212319059451
2020-07-08,1626.9740283047727
2020-07-09,1622.4051748139257
2020-07-10,1633.7189988671794
2020-07-13,1627.6849352113215
2020-07-14,1640.3212789130753
2020-07-15,1656.9118162010943
2020-07-16,1648.1842330899328
2020-07-17,1652.8991412872692
2020-07-20,1670.3930050754584
2020-07-21,1676.724430382914
2020-07-22,1685.2334883565834
2020-07-23,1668.7532210994118
2020-07-24,1657.1596089201903
2020-07-27,1675.856993449012
2020-07-28,1666.9790069638186
2020-07-29,1680.3130960381102
2020-07-30,1665.722461455713
2020-07-31,1658.8987490618608
2020-08-03,1681.611992821573
2020-08-04,1686.0278233250856
2020-08-05,1699.2887864930995
2020-08-06,1698.1561145619646
2020-08-07,1696.1896783520458
2020-08-10,1692.6526365559498
2020-08-11,1689.4776104648138
2020-08-12,1718.482470851887
2020-08-13,1719.5157154449305
2020-08-14,1715.4734169867424
2020-08-17,1730.526104377874
2020-08-18,1733.2775196167772
2020-08-19,1729.2075176989492
2020-08-20,1727.812065766235
2020-08-21,1727.5191041122673
2020-08-24,1741.687689061937
2020-08-25,1747.3408349165697
2020-08-26,1768.8538316408606
2020-08-27,1773.0690359440857
2020-08-28,1780.7635150591836
2020-08-31,1780.1788920045528
2020-09-01,1783.7259826477705
2020-09-02,1805.2416003364456
2020-09-03,1752.3443624864492
2020-09-04,1731.429302323033
2020-09-07,1737.105400971598
2020-09-08,1692.6312500975155
2020-09-09,1729.008188023209
2020-09-10,1712.3169051880798
2020-09-11,1714.2504981596487
2020-09-14,1736.2265092449209
2020-09-15,1747.3612539149908
2020-09-16,1744.8864138025465
2020-09-17,1731.036825563089
2020-09-18,1724.3375846104034
2020-09-21,1698.8363924199957
2020-09-22,1705.3268343452391
2020-09-23,1676.2171957478852
2020-09-24,1672.925922747298
2020-09-25,1690.2569706828049
2020-09-28,1717.3418694370112
2020-09-29,1714.6904733174201
2020-09-30,1724.5710716485785
2020-10-01,1732.3068642354922
2020-10-02,1716.3120885268092
2020-10-05,1744.4181784295065
2020-10-06,1730.723030117472
2020-10-07,1747.7483782214483
2020-10-08,1758.0615034299797
2020-10-09,1776.50392060978
2020-10-12,1795.2325089993255
2020-10-13,1793.400505511503
2020-10-14,1788.6121502532717
2020-10-15,1771.9450164832165
2020-10-16,1775.122211539948
2020-10-19,1757.8859391159642
2020-10-20,1760.2289706916383
2020-10-21,1756.2524667739933
2020-10-22,1753.3289918061535
2020-10-23,1760.6486077660325
2020-10-26,1724.637160895628
2020-10-27,1723.885892332237
2020-10-28,1670.5555529680203
2020-10-29,1675.2999077137788
2020-10-30,1661.630219965358
2020-11-02,1685.3752873050967
2020-11-03,1723.5138243343915
2020-11-04,1753.7259914181197
2020-11-05,1792.3650216952014
2020-11-06,1795.937716689921
2020-11-09,1806.7906868712153
2020-11-10,1801.0359484396033
2020-11-11,1816.5729554538361
2020-11-12,1806.2070840017038
2020-11-13,1818.6122618741165
2020-11-16,1838.688460866617
2020-11-17,1836.4658410660913
2020-11-18,1829.414615402836
2020-11-19,1830.5137337887052
2020-11-20,1825.3821190104131
2020-11-23,1832.3719284464366
2020-11-24,1856.56203971882
2020-11-25,1859.3633292459301
2020-11-26,1860.1690324049798
2020-11-27,1871.821348307063
2020-11-30,1858.5615935396636
2020-12-01,1872.537054260735
2020-12-02,1865.888190833794
2020-12-03,1868.0838506718328
2020-12-04,1879.1556616058404
2020-12-07,1878.139079769787
2020-12-08,1882.9856186073876
2020-12-09,1871.6161671233783
2020-12-10,1868.9981082820577
2020-12-11,1870.3547173176798
2020-12-14,1872.1750155651828
2020-12-15,1884.3924409100025
2020-12-16,1895.6929741950428
2020-12-17,1915.2785573959407
2020-12-18,1914.4368054712631
2020-12-21,1896.7841433851331
2020-12-22,1894.1168743605122
2020-12-23,1898.2293206792797
2020-12-24,1906.2635653749717
2020-12-25,1906.3797717550588
2020-12-28,1918.137655022683
2020-12-29,1923.2795451040408
2020-12-30,1929.416267614311
2020-12-31,1933.4951609286525
2021-01-01,1933.4951609286518
2021-01-04,1926.2160534113277
2021-01-05,1932.7071411091222
2021-01-06,1942.2683384798866
2021-01-07,1966.514364885832
2021-01-08,1986.9183166986318
2021-01-11,1967.5847994161115
2021-01-12,1971.1662452184096
2021-01-13,1972.7585553956258
2021-01-14,1967.2803372435446
2021-01-15,1953.7497382177862
2021-01-18,1952.2274743857047
2021-01-19,1967.0850964490546
2021-01-20,1987.0422017424464
2021-01-21,1988.9800139413614
2021-01-22,1986.3565458995304
2021-01-25,1992.5581473288437
2021-01-26,1991.7353662957623
2021-01-27,1955.5894510977614
2021-01-28,1969.4707501792777
2021-01-29,1931.3180514540215
2021-02-01,1960.6341285941048
2021-02-02,1981.641116199171
2021-02-03,1984.4837153819483
2021-02-04,1991.2501434200572
2021-02-05,1998.4032666460082
2021-02-08,2014.6824222182895
2021-02-09,2014.1577827710141
2021-02-10,2012.5434767584281
2021-02-11,2020.4346629657891
2021-02-12,2024.2519166206835
2021-02-15,2030.6003334363288
2021-02-16,2027.5835141362177
2021-02-17,2018.737033540037
2021-02-18,2010.5160323487985
2021-02-19,2012.07332829005
2021-02-22,1993.3960614841749
2021-02-23,1988.458950970528
2021-02-24,1992.763060135173
2021-02-25,1965.5893930109557
2021-02-26,1939.6985608455636
2021-03-01,1975.3506863910156
2021-03-02,1962.5460233114488
2021-03-03,1936.6476177976692
2021-03-04,1909.4394405564874
2021-03-05,1921.1814839182052
2021-03-08,1921.0499030490046
2021-03-09,1952.344168250768
2021-03-10,1961.6119898043783
2021-03-11,1984.4046582753524
2021-03-12,1985.3375916095822
2021-03-15,1996.1137990187485
2021-03-16,1997.2264067071828
2021-03-17,1999.11901595765
2021-03-18,1985.5688873793574
2021-03-19,1980.5371348322017
2021-03-22,1994.6117022200283
2021-03-23,1984.9392018969734
2021-03-24,1971.6035173470402
2021-03-25,1975.9980253944889
2021-03-26,2003.4614599564602
2021-03-29,2003.125208178756
2021-03-30,1998.8614160070845
2021-03-31,2006.2766766056068
2021-04-01,2026.9277061104672
2021-04-02,2029.2977694601075
2021-04-05,2053.691587606283
2021-04-06,2054.1043244790567
2021-04-07,2052.7660116295256
2021-04-08,2064.556869652172
2021-04-09,2076.441663333643
2021-04-12,2080.7281211806153
2021-04-13,2093.013746459891
2021-04-14,2087.7965777928566
2021-04-15,2108.5443106293933
2021-04-16,2118.742957584402
2021-04-19,2110.0762707295216
2021-04-20,2097.0789390444834
2021-04-21,2112.7346503294366
2021-04-22,2105.4232798871376
2021-04-23,2119.2734744952186
2021-04-26,2122.531208830268
2021-04-27,2115.124648286885
2021-04-28,2105.7683243856154
2021-04-29,2106.6212932420726
2021-04-30,2096.9174735918086
2021-05-03,2104.651512842787
2021-05-04,2087.1651250278064
2021-05-05,2094.024774009307
2021-05-06,2105.436840360889
2021-05-07,2128.5107672228246
2021-05-10,2117.9153901603063
2021-05-11,2090.495701363005
2021-05-12,2050.1263370607617
2021-05-13,2064.262840453848
2021-05-14,2093.720133805095
2021-05-17,2085.4669410820507
2021-05-18,2080.7640826898087
2021-05-19,2069.1973419881124
2021-05-20,2093.502958736032
2021-05-21,2096.906304747953
2021-05-24,2114.126347805066
2021-05-25,2118.0264312929203
2021-05-26,2120.4275886881355
2021-05-27,2114.780654178218
2021-05-28,2124.4925152433
2021-05-31,2121.9851181907243
2021-06-01,2123.6338526572963
2021-06-02,2123.4837358010172
2021-06-03,2115.474695353398
2021-06-04,2136.471570983425
2021-06-07,2145.033308926132
2021-06-08,2145.8244131218376
2021-06-09,2141.6715124885495
2021-06-10,2151.870089892188
2021-06-11,2155.1867323375786
2021-06-14,2160.8614623842136
2021-06-15,2159.179777839955
2021-06-16,2154.2277263169044
2021-06-17,2146.864477797588
2021-06-18,2118.212313231126
2021-06-21,2138.4215106192023
2021-06-22,2151.9199636855465
2021-06-23,2151.5050567219023
2021-06-24,2163.5676608879407
2021-06-25,2170.0743735681135
2021-06-28,2176.922750418007
2021-06-29,2178.2698074190353
2021-06-30,2172.107128598949
2021-07-01,2180.603688500509
2021-07-02,2195.2254256717783
2021-07-05,2198.360310257522
2021-07-06,2189.8621492732295
2021-07-07,2198.045431291986
2021-07-08,2177.709310873004
2021-07-09,2197.379995552479
2021-07-12,2213.8809570158
2021-07-13,2210.9362888553796
2021-07-14,2207.630409586751
2021-07-15,2197.6322303891907
2021-07-16,2186.6510245986815
2021-07-19,2158.030333770654
2021-07-20,2175.5072828837197
2021-07-21,2195.0605654071164
2021-07-22,2201.591020481518
2021-07-23,2219.1459390077803
2021-07-26,2219.808290507793
2021-07-27,2212.9028310069734
2021-07-28,2211.9878962658145
2021-07-29,2232.3184642901992
2021-07-30,2223.504968376377
2021-08-02,2233.959648075479
2021-08-03,2244.3407101841867
2021-08-04,2242.253048390005
2021-08-05,2256.7973624745437
2021-08-06,2247.6831753512824
2021-08-09,2247.7449952680654
2021-08-10,2246.4378877417316
2021-08-11,2255.7100427171345
2021-08-12,2262.846705254843
2021-08-13,2273.4292897462224
2021-08-16,2271.9341268471685
2021-08-17,2252.4021435845157
2021-08-18,2243.260605872626
2021-08-19,2242.8166777573483
2021-08-20,2263.0328705408388
2021-08-23,2284.9392697710105
2021-08-24,2285.193191101811
2021-08-25,2286.9228851884664
2021-08-26,2274.8384225020377
2021-08-27,2289.7688566162665
2021-08-30,2300.8038796562964
2021-08-31,2298.1566849531246
2021-09-01,2306.0569060284206
2021-09-02,2313.73509597829
2021-09-03,2316.4057844122976
2021-09-06,2322.1419573157746
2021-09-07,2309.2155959650813
2021-09-08,2303.9672803035974
2021-09-09,2293.731912454764
2021-09-10,2287.8402337539274
2021-09-13,2290.9393466349748
2021-09-14,2291.2206062105292
2021-09-15,2301.247214951242
2021-09-16,2297.228181112584
2021-09-17,2276.807680333014
2021-09-20,2238.9303385239123
2021-09-21,2241.5893786366846
2021-09-22,2259.5212570060285
2021-09-23,2279.195005947245
2021-09-24,2273.3690442797442
2021-09-27,2261.5487169919693
2021-09-28,2210.363935141395
2021-09-29,2207.906463379969
2021-09-30,2190.377035264659
2021-10-01,2202.3609022286105
2021-10-04,2182.353587630197
2021-10-05,2199.153107630961
2021-10-06,2201.371223946149
2021-10-07,2225.770489586921
2021-10-08,2220.5449400925363
2021-10-11,2216.0760304327355
2021-10-12,2212.17844125502
2021-10-13,2228.005231843876
2021-10-14,2264.037949598708
2021-10-15,2283.962205353077
2021-10-18,2288.4773423143197
2021-10-19,2301.858614411959
2021-10-20,2308.738686435515
2021-10-21,2321.9902824030946
2021-10-22,2330.8182693166914
2021-10-25,2345.8241156318823
2021-10-26,2357.8748792548
2021-10-27,2364.4049609571994
2021-10-28,2387.334227289856
2021-10-29,2396.6745138403544
2021-11-01,2417.0650161951517
2021-11-02,2421.3538250167485
2021-11-03,2434.771865433387
2021-11-04,2455.4066749044364
2021-11-05,2453.7962708251703
2021-11-08,2455.2788548388494
2021-11-09,2436.4233818458156
2021-11-10,2421.9413711624816
2021-11-11,2420.7242241478248
2021-11-12,2432.7182942715517
2021-11-15,2428.659619782432
2021-11-16,2441.5080090559723
2021-11-17,2434.639050594677
2021-11-18,2445.542492005572
2021-11-19,2452.8406144520072
2021-11-22,2439.6990275007474
2021-11-23,2423.300770989833
2021-11-24,2423.2415403062655
2021-11-25,2427.7570213079553
2021-11-26,2373.9408238313913
2021-11-29,2400.0072009550495
2021-11-30,2359.185986893419
2021-12-01,2355.873755948621
2021-12-02,2368.3317695187056
2021-12-03,2342.7293951953197
2021-12-06,2360.7768708835747
2021-12-07,2417.255017900677
2021-12-08,2421.741651608373
2021-12-09,2398.231729790507
2021-12-10,2414.141472614931
2021-12-13,2388.71501158079
2021-12-14,2361.770036336378
2021-12-15,2392.69536030723
2021-12-16,2379.134793780705
2021-12-17,2358.8480477146963
2021-12-20,2325.7849342875497
2021-12-21,2365.0725411201875
2021-12-22,2398.6635599773167
2021-12-23,2420.748460299664
2021-12-24,2421.476716192097
2021-12-27,2451.8497474700216
2021-12-28,2454.108571807768
2021-12-29,2459.1888343731894
2021-12-30,2450.6738545175826
2021-12-31,2446.985139260744
2022-01-03,2454.9283336778653
2022-01-04,2447.726369432786
2022-01-05,2406.995176351889
2022-01-06,2388.3431991489824
2022-01-07,2376.0746297187043
2022-01-10,2365.366916914208
2022-01-11,2379.9699281547473
2022-01-12,2401.3865642934443
2022-01-13,2366.0693720652666
2022-01-14,2359.595292823395
2022-01-17,2361.543473156902
2022-01-18,2322.9940994925564
2022-01-19,2301.7008807263437
2022-01-20,2290.9735716319806
2022-01-21,2249.316027368303
2022-01-24,2234.902012961134
2022-01-25,2207.616636695258
2022-01-26,2215.2361675123143
2022-01-27,2183.081693614542
2022-01-28,2213.412695215934
2022-01-31,2257.4609693418724
2022-02-01,2267.9334511857396
2022-02-02,2288.7411399591842
2022-02-03,2247.5157327741363
2022-02-04,2247.2207287621563
2022-02-07,2244.4973239462533
2022-02-08,2260.0850164030435
2022-02-09,2298.5361083060648
2022-02-10,2266.593802553373
2022-02-11,2225.1821496058537
2022-02-14,2205.4048348656734
2022-02-15,2244.5258093407024
2022-02-16,2248.1825290254133
2022-02-17,2209.047204439202
2022-02-18,2191.089616983746
2022-02-21,2182.8850340940285
2022-02-22,2161.5300898049827
2022-02-23,2127.1188130095584
2022-02-24,2132.2675566317857
2022-02-25,2183.423708547957
2022-02-28,2188.7152553975893
2022-03-01,2157.9062088812584
2022-03-02,2181.8180735572932
2022-03-03,2167.679769235425
2022-03-04,2133.9905713314474
2022-03-07,2078.6988400696814
2022-03-08,2058.7831663456736
2022-03-09,2126.4249502912726
2022-03-10,2111.3564739382487
2022-03-11,2086.190411203605
2022-03-14,2081.794266184124
2022-03-15,2119.299834990455
2022-03-16,2171.5814331435995
2022-03-17,2205.122764256307
2022-03-18,2230.5564582574216
2022-03-21,2229.018512550796
2022-03-22,2251.943430560222
2022-03-23,2224.5845805670424
2022-03-24,2246.0317246159157
2022-03-25,2248.231000256244
2022-03-28,2269.14189067792
2022-03-29,2307.503666885187
2022-03-30,2298.091077691928
2022-03-31,2266.2564623993435
2022-04-01,2266.6830333922526
2022-04-04,2287.8966425760136
2022-04-05,2265.20251410488
2022-04-06,2227.8626993010266
2022-04-07,2233.18707269817
2022-04-08,2225.2740098818917
2022-04-11,2186.1645125143623
2022-04-12,2171.5244617865483
2022-04-13,2192.0402333457596
2022-04-14,2168.824678368297
2022-04-15,2167.9055526531697
2022-04-18,2165.629334875461
2022-04-19,2186.308546418722
2022-04-20,2199.6208117557076
2022-04-21,2179.5098830421402
2022-04-22,2127.5614255421074
2022-04-25,2126.241860615371
2022-04-26,2068.657052453556
2022-04-27,2075.7880358728203
2022-04-28,2102.9345755092804
2022-04-29,2062.3994146804193
2022-05-02,2067.083696965913
2022-05-03,2071.0798511048856
2022-05-04,2109.518348063023
2022-05-05,2047.314328183573
2022-05-06,2025.0768395214504
2022-05-09,1958.0310619652557
2022-05-10,1963.676853926057
2022-05-11,1937.8976084141725
2022-05-12,1924.4876303069288
2022-05-13,1968.0698636042657
2022-05-16,1958.2108699247958
2022-05-17,1997.4382750828345
2022-05-18,1932.2182772811564
2022-05-19,1920.7796743027625
2022-05-20,1920.3855641685468
2022-05-23,1954.5834498561915
2022-05-24,1941.8123195597768
2022-05-25,1958.0597171361308
2022-05-26,1989.6368562200153
2022-05-27,2033.6162144843586
2022-05-30,2045.5202406916535
2022-05-31,2025.9550227932516
2022-06-01,2005.0366758933558
2022-06-02,2038.1425686524071
2022-06-03,2009.029026351835
2022-06-06,2013.936348275698
2022-06-07,2021.5439333354145
2022-06-08,2007.982419915142
2022-06-09,1971.3231179264262
2022-06-10,1910.9388388821958
2022-06-13,1841.1610865140985
2022-06-14,1826.4284755599188
2022-06-15,1853.1961410516642
2022-06-16,1806.8753239237087
2022-06-17,1807.334683847299
2022-06-20,1814.2157822747383
2022-06-21,1850.664237166883
2022-06-22,1848.6017145984954
2022-06-23,1860.1076797306453
2022-06-24,1913.193410103927
2022-06-27,1915.7376625847635
2022-06-28,1880.0953481063743
2022-06-29,1877.2231129563452
2022-06-30,1859.1380623750713
2022-07-01,1868.5368787566852
2022-07-04,1873.316070348651
2022-07-05,1868.4039099714482
2022-07-06,1876.015873961815
2022-07-07,1904.579727338644
2022-07-08,1904.5876888974892
2022-07-11,1880.2823913843279
2022-07-12,1861.2182924775095
2022-07-13,1857.1005566967488
2022-07-14,1843.9299914248857
2022-07-15,1874.8451709044773
2022-07-18,1876.4134684257835
2022-07-19,1918.6268715667193
2022-07-20,1929.5776505806136
2022-07-21,1953.065136194819
2022-07-22,1947.800526345177
2022-07-25,1942.6301311902957
2022-07-26,1921.4710114431746
2022-07-27,1962.895777422179
2022-07-28,2000.167907729341
2022-07-29,2025.83423240508
2022-08-01,2027.7219270599596
2022-08-02,2010.7186782510466
2022-08-03,2031.628351148184
2022-08-04,2039.1712718966746
2022-08-05,2024.4438570553227
2022-08-08,2027.244469077158
2022-08-09,2014.0678591841377
2022-08-10,2061.9962341743353
2022-08-11,2057.130772297417
2022-08-12,2083.1873881402853
2022-08-15,2096.497921314261
2022-08-16,2096.1400000556464
2022-08-17,2080.599606820459
2022-08-18,2079.6295197405807
2022-08-19,2050.6713202552423
2022-08-22,2010.060912414164
2022-08-23,2003.5874560875736
2022-08-24,2006.5847248962227
2022-08-25,2026.9858100228612
2022-08-26,1969.6738486215706
2022-08-29,1947.1897302435002
2022-08-30,1930.5740416587248
2022-08-31,1919.0214170691393
2022-09-01,1902.7524591044896
2022-09-02,1895.457166980359
2022-09-05,1888.7252692928596
2022-09-06,1882.0195822042438
2022-09-07,1908.604245151659
2022-09-08,1926.8694766806404
2022-09-09,1963.077613424918
2022-09-12,1984.0747536189506
2022-09-13,1907.207675395286
2022-09-14,1903.1920313207604
2022-09-15,1880.801221273886
2022-09-16,1868.1239262134695
2022-09-19,1875.4178568130376
2022-09-20,1853.1868034265876
2022-09-21,1829.3239788250964
2022-09-22,1804.217066147262
2022-09-23,1772.4956864240323
2022-09-26,1751.8716146760516
2022-09-27,1747.8407766392681
2022-09-28,1778.5113897227754
2022-09-29,1750.9506459945826
2022-09-30,1736.5912731166
2022-10-03,1765.6205062002277
2022-10-04,1824.8391926354102
2022-10-05,1813.3080634963924
2022-10-06,1797.015176674889
2022-10-07,1744.0515685377468
2022-10-10,1725.9607003214603
2022-10-11,1712.571753404052
2022-10-12,1707.814481252545
2022-10-13,1738.4682479257024
2022-10-14,1711.3983317545005
2022-10-17,1754.031949187302
2022-10-18,1771.737307616236
2022-10-19,1756.9534940517904
2022-10-20,1742.4148509807344
2022-10-21,1763.6167269835294
2022-10-24,1789.53483888859
2022-10-25,1828.7786745112953
2022-10-26,1819.881049150137
2022-10-27,1815.335318779879
2022-10-28,1844.8113140155147
2022-10-31,1833.6859952679047
2022-11-01,1834.189645537037
2022-11-02,1800.3554570641943
2022-11-03,1776.3597221452455
2022-11-04,1807.743678235886
2022-11-07,1829.0675570974277
2022-11-08,1845.9440330515201
2022-11-09,1811.0256790128349
2022-11-10,1912.9799642759278
2022-11-11,1943.1101920674555
2022-11-14,1923.8007570083469
2022-11-15,1937.4382538953128
2022-11-16,1922.4515794046915
2022-11-17,1907.6539157138902
2022-11-18,1918.1353292267893
2022-11-21,1910.0281586967171
2022-11-22,1933.0280704520262
2022-11-23,1955.3402527765847
2022-11-24,1961.744513004362
2022-11-25,1960.6564127523757
2022-11-28,1934.761006703783
2022-11-29,1928.8983256569188
2022-11-30,1976.6662063580786
2022-12-01,1999.4436882566451
2022-12-02,1995.113496832571
2022-12-05,1965.8053799133047
2022-12-06,1943.215847352437
2022-12-07,1937.230566432306
2022-12-08,1951.2258230667142
2022-12-09,1948.7700969504092
2022-12-12,1960.7302616767383
2022-12-13,1985.477483198623
2022-12-14,1978.0267403659102
2022-12-15,1930.2948797698236
2022-12-16,1905.8587651468047
2022-12-19,1888.1729798880951
2022-12-20,1886.9424627062363
2022-12-21,1908.7917924105948
2022-12-22,1880.256986906233
2022-12-23,1883.983492061406
2022-12-26,1884.271563445195
2022-12-27,1875.0913951050743
2022-12-28,1859.426457549769
2022-12-29,1891.3716006149828
2022-12-30,1880.8939519157157
2023-01-02,1884.5571098660616
2023-01-03,1878.0468448215972
2023-01-04,1891.777639218221
2023-01-05,1863.9683767325876
2023-01-06,1902.2121466582544
2023-01-09,1918.1291147169138
2023-01-10,1922.9284723248393
2023-01-11,1946.9474573793984
2023-01-12,1962.733867265837
2023-01-13,1974.4767246555639
2023-01-16,1975.2663501630527
2023-01-17,1981.2425823239012
2023-01-18,1964.1839814541352
2023-01-19,1936.4469463999803
2023-01-20,1970.2396067883149
2023-01-23,1995.1244948229048
2023-01-24,1997.176807103203
2023-01-25,1997.9886722831886
2023-01-26,2017.5900425034579
2023-01-27,2029.3707792900675
2023-01-30,2006.780016310091
2023-01-31,2029.0472303233173
2023-02-01,2052.727423482837
2023-02-02,2086.361764703818
2023-02-03,2064.695738464661
2023-02-06,2048.77009474674
2023-02-07,2069.2463660475796
2023-02-08,2065.351652430244
2023-02-09,2058.516921206462
2023-02-10,2044.4886345349405
2023-02-13,2069.8893965610114
2023-02-14,2076.3554562449262
2023-02-15,2076.2773202588623
2023-02-16,2051.6947853573406
2023-02-17,2043.9671770175505
2023-02-20,2045.5938181630702
2023-02-21,2007.7148180421655
2023-02-22,2001.728717066653
2023-02-23,2017.145478273869
2023-02-24,1990.6688144097477
2023-02-27,2006.1241224141918
2023-02-28,1999.585809948542
2023-03-01,1990.7526205006934
2023-03-02,2000.8139736869175
2023-03-03,2028.2731551909903
2023-03-06,2028.9318537581423
2023-03-07,1997.540090815349
2023-03-08,1997.9597646108443
2023-03-09,1975.0198550558139
2023-03-10,1950.1094570467176
2023-03-13,1946.5717137913337
2023-03-14,1970.9332397257263
2023-03-15,1952.7409949252199
2023-03-16,1987.6622565220657
2023-03-17,1978.4682795101055
2023-03-20,1987.6445514867949
2023-03-21,2010.7210736916822
2023-03-22,1994.6920869619985
2023-03-23,2007.8966415845357
2023-03-24,2007.0577899812406
2023-03-27,2010.4173059228656
2023-03-28,2010.8372725714078
2023-03-29,2036.9680662813746
2023-03-30,2056.3612680393794
2023-03-31,2083.176642208613
2023-04-03,2081.429372129781
2023-04-04,2073.9702129239226
2023-04-05,2060.7612007630823
2023-04-06,2068.4026115612724
2023-04-07,2068.555334025515
2023-04-10,2066.5503374889054
2023-04-11,2072.351622013327
2023-04-12,2069.8105203594796
2023-04-13,2094.087717178738
2023-04-14,2088.515140541121
2023-04-17,2094.401294105894
2023-04-18,2101.6288532429235
2023-04-19,2097.4241794081913
2023-04-20,2085.3544038977393
2023-04-21,2089.0691332968017
2023-04-24,2087.293053264088
2023-04-25,2059.870595961226
2023-04-26,2065.0118431848814
2023-04-27,2093.4909856407885
2023-04-28,2114.104217516719
2023-05-01,2112.2967215014837
2023-05-02,2092.618839710308
2023-05-03,2087.747823589427
2023-05-04,2078.836095663623
2023-05-05,2112.4234034294664
2023-05-08,2114.359030520622
2023-05-09,2101.8273272229962
2023-05-10,2107.887160986369
2023-05-11,2099.102291086322
2023-05-12,2094.5682197603014
2023-05-15,2100.923211209602
2023-05-16,2088.3770925701424
2023-05-17,2104.2168774356956
2023-05-18,2121.800994009387
2023-05-19,2123.961331762754
2023-05-22,2130.79432949332
2023-05-23,2105.3544140614626
2023-05-24,2081.331456227862
2023-05-25,2115.134834596346
2023-05-26,2140.2030824570684
2023-05-29,2141.6014920289863
2023-05-30,2140.6712870036195
2023-05-31,2114.599509999515
2023-06-01,2138.2973523435185
2023-06-02,2171.8615965211748
2023-06-05,2172.6863557529186
2023-06-06,2178.916370494518
2023-06-07,2167.7294382541263
2023-06-08,2178.5582336448124
2023-06-09,2183.508452554711
2023-06-12,2199.825594021179
2023-06-13,2221.4696820677464
2023-06-14,2227.317211075944
2023-06-15,2253.5143015583435
2023-06-16,2248.5594882435416
2023-06-19,2243.341281615703
2023-06-20,2230.29690836886
2023-06-21,2215.697063033489
2023-06-22,2220.4321179103813
2023-06-23,2196.853267023887
2023-06-26,2188.9374308613656
2023-06-27,2214.036474447437
2023-06-28,2218.154278217977
2023-06-29,2225.1496948512195
2023-06-30,2249.0674897549084
2023-07-03,2257.6789955565223
2023-07-04,2258.11310538236
2023-07-05,2250.7307471940003
2023-07-06,2226.9498122158925
2023-07-07,2223.347437372851
2023-07-10,2227.862766838524
2023-07-11,2241.3239608438757
2023-07-12,2268.3635305897537
2023-07-13,2292.414364545828
2023-07-14,2297.0779803130586
2023-07-17,2297.8477666937674
2023-07-18,2322.543885544116
2023-07-19,2322.4238314656504
2023-07-20,2295.6336126794813
2023-07-21,2295.1486077510494
2023-07-24,2303.264483465203
2023-07-25,2312.031621038494
2023-07-26,2299.4558482719467
2023-07-27,2281.6724766289103
2023-07-28,2302.314757385925
2023-07-31,2303.113906262734
2023-08-01,2289.0700206471433
2023-08-02,2250.6338669915135
2023-08-03,2241.2423272064398
2023-08-04,2241.6163938536774
2023-08-07,2254.836598762527
2023-08-08,2244.351105725175
2023-08-09,2233.3583218538183
2023-08-10,2243.298472163918
2023-08-11,2231.429478388989
2023-08-14,2229.06259799969
2023-08-15,2210.3301188585774
2023-08-16,2196.4231856240044
2023-08-17,2175.0667410558126
2023-08-18,2168.8766029165936
2023-08-21,2178.974651802343
2023-08-22,2181.354048291275
2023-08-23,2204.8736260905216
2023-08-24,2179.882168056001
2023-08-25,2186.6536058560287
2023-08-28,2203.6067408131375
2023-08-29,2236.974362689017
2023-08-30,2245.082793206028
2023-08-31,2239.499062830347
2023-09-01,2240.3200082069743
2023-09-04,2240.6825879215457
2023-09-05,2232.0232537863412
2023-09-06,2224.621136327866
2023-09-07,2217.5474704928315
2023-09-08,2217.9206827242324
2023-09-11,2242.20622255487
2023-09-12,2225.9543601834994
2023-09-13,2229.0180656023776
2023-09-14,2250.287390104124
2023-09-15,2228.673927457961
2023-09-18,2216.216890101269
2023-09-19,2210.2368060366643
2023-09-20,2201.1237761706825
2023-09-21,2165.581566561784
2023-09-22,2154.5557266373844
2023-09-25,2152.2727832718942
2023-09-26,2127.8523405598594
2023-09-27,2121.2534641401217
2023-09-28,2132.5908972398993
2023-09-29,2135.5756956921787
2023-10-02,2123.546524617145
2023-10-03,2089.8437039334726
2023-10-04,2110.5824271793695
2023-10-05,2112.356318568504
2023-10-06,2134.648023744764
2023-10-09,2142.794685763039
2023-10-10,2166.0162535384425
2023-10-11,2177.1080717870627
2023-10-12,2161.9142228612204
2023-10-13,2142.350430385391
2023-10-16,2160.139067319376
2023-10-17,2167.3415981909025
2023-10-18,2134.5623359791593
2023-10-19,2107.737115360988
2023-10-20,2081.0495524242237
2023-10-23,2079.7521463015737
2023-10-24,2088.984250563296
2023-10-25,2085.0017591377914
2023-10-26,2058.6418053257157
2023-10-27,2050.528622761797
2023-10-30,2067.30664573392
2023-10-31,2078.8017008604957
2023-11-01,2100.646277722226
2023-11-02,2147.7020176319593
2023-11-03,2172.5839764301945
2023-11-06,2176.717715322326
2023-11-07,2177.9125058446302
2023-11-08,2183.1419561773155
2023-11-09,2172.2401647615347
2023-11-10,2190.2227703145604
2023-11-13,2192.4698858763736
2023-11-14,2242.2118956486097
2023-11-15,2256.401967360422
2023-11-16,2257.5365978972354
2023-11-17,2261.535791282525
2023-11-20,2279.4473266524496
2023-11-21,2277.7687315044727
2023-11-22,2283.1766009708053
2023-11-23,2285.846312632505
2023-11-24,2292.8257039104574
2023-11-27,2290.801847105678
2023-11-28,2298.175094508956
2023-11-29,2299.5176074594683
2023-11-30,2307.039511561847
2023-12-01,2316.335277439521
2023-12-04,2307.210615365371
2023-12-05,2304.4634718698467
2023-12-06,2304.6195019912425
2023-12-07,2313.104816518074
2023-12-08,2318.6328936734762
2023-12-11,2325.1008045424214
2023-12-12,2332.5204176548914
2023-12-13,2358.3260045186826
2023-12-14,2379.892650360445
2023-12-15,2378.312727366273
2023-12-18,2375.9368254447522
2023-12-19,2393.2655072287716
2023-12-20,2370.2927057978713
2023-12-21,2389.4490355588036
2023-12-22,2394.871737642552
2023-12-25,2395.1822908992867
2023-12-26,2403.073592181112
2023-12-27,2413.5349309559724
2023-12-28,2415.0445930522424
2023-12-29,2409.1501274497123
2024-01-01,2409.1501274497114
2024-01-02,2391.3907533945808
2024-01-03,2362.9205550265115
2024-01-04,2363.343477650289
2024-01-05,2365.6617021426546
2024-01-08,2389.3266245900145
2024-01-09,2381.74143219581
2024-01-10,2394.311700594856
2024-01-11,2389.8012769137936
2024-01-12,2398.508071753349
2024-01-15,2395.942714289767
2024-01-16,2386.472538900126
2024-01-17,2367.4970032634874
2024-01-18,2380.433710978736
2024-01-19,2402.417483161338
2024-01-22,2408.2468858548714
2024-01-23,2407.604053275533
2024-01-24,2415.287400025875
2024-01-25,2418.550625041098
2024-01-26,2422.7394347527907
2024-01-29,2441.990534986013
2024-01-30,2444.8356462298652
2024-01-31,2423.7150812574987
2024-02-01,2441.793865697913
2024-02-02,2448.491558344796
2024-02-05,2429.60343739512
2024-02-06,2437.4640053722765
2024-02-07,2453.6519279378945
2024-02-08,2460.219290649277
2024-02-09,2472.9491629604554
2024-02-12,2469.950043721723
2024-02-13,2431.2600751924883
2024-02-14,2451.634642815354
2024-02-15,2470.7253112969784
2024-02-16,2465.739423624227
2024-02-19,2466.026066273735
2024-02-20,2458.9504284683203
2024-02-21,2459.752395300073
2024-02-22,2492.819119682593
2024-02-23,2492.6935039061605
2024-02-26,2488.427581541704
2024-02-27,2489.3763114086173
2024-02-28,2487.5985288082616
2024-02-29,2498.5826675470335
2024-03-01,2514.164803646305
2024-03-04,2512.1384349050372
2024-03-05,2481.6060837078494
2024-03-06,2487.5484098569223
2024-03-07,2517.4580270679567
2024-03-08,2512.798378067961
2024-03-11,2504.6698713452993
