Date,BOTSWANA IMI
2010-11-30,1000.0
2010-12-01,1007.6454946372735
2010-12-02,1003.1763389090149
2010-12-03,991.7465457787155
2010-12-06,998.1663938041486
2010-12-07,947.7139908571971
2010-12-08,900.3784710713568
2010-12-09,902.2956595233713
2010-12-10,898.3087213533734
2010-12-13,875.1032127876466
2010-12-14,831.5253404253954
2010-12-15,834.0128954435551
2010-12-16,839.6664812231644
2010-12-17,843.3401817372081
2010-12-20,856.2380489394018
2010-12-21,858.8318221944536
2010-12-22,858.0228799458922
2010-12-23,868.9210943076549
2010-12-24,866.1183175661515
2010-12-27,864.9245606175946
2010-12-28,871.8041081596111
2010-12-29,870.9395529217811
2010-12-30,876.1572217276212
2010-12-31,871.3274023914457
2011-01-03,874.816102887475
2011-01-04,876.6063406294892
2011-01-05,878.9609599254039
2011-01-06,882.5489551631705
2011-01-07,903.4178438551486
2011-01-10,917.9809535724855
2011-01-11,948.3069902192552
2011-01-12,947.2970431706176
2011-01-13,937.040597186966
2011-01-14,931.6535572741612
2011-01-17,957.4580047111797
2011-01-18,956.2662086055448
2011-01-19,954.4205084441785
2011-01-20,949.3530598855394
2011-01-21,940.6571202884285
2011-01-24,938.8307358931035
2011-01-25,938.6538157785135
2011-01-26,943.9274781222368
2011-01-27,943.1053308200538
2011-01-28,945.6287451941477
2011-01-31,927.6588612529634
2011-02-01,926.5049775636716
2011-02-02,922.7838197634829
2011-02-03,930.4332663993539
2011-02-04,924.5909046025486
2011-02-07,925.9728695873382
2011-02-08,920.0486473152448
2011-02-09,919.8813881614033
2011-02-10,922.0241579899506
2011-02-11,927.4458586693263
2011-02-14,938.8827734703787
2011-02-15,964.064983211872
2011-02-16,965.0972430325072
2011-02-17,964.0051964679006
2011-02-18,968.7206078485758
2011-02-21,966.3820723651081
2011-02-22,964.0029218446737
2011-02-23,966.170902445094
2011-02-24,943.0383120575544
2011-02-25,952.6276079180337
2011-02-28,950.0469374975645
2011-03-01,950.1370872373093
2011-03-02,950.7934109447351
2011-03-03,951.7458377400503
2011-03-04,946.4380196356854
2011-03-07,952.7206875629505
2011-03-08,948.7669369182147
2011-03-09,951.9585481891116
2011-03-10,958.1665395478361
2011-03-11,948.4419174093136
2011-03-14,956.5358452147769
2011-03-15,948.186073455912
2011-03-16,951.2930082360787
2011-03-17,935.6534051031249
2011-03-18,933.7969168766932
2011-03-21,940.545071973624
2011-03-22,941.2375464493816
2011-03-23,945.8547443896789
2011-03-24,944.4812119240081
2011-03-25,948.2206737359243
2011-03-28,949.5261094812955
2011-03-29,952.6832466028388
2011-03-30,954.32944338566
2011-03-31,948.0503841847207
2011-04-01,955.1027580534833
2011-04-04,950.8531021258065
2011-04-05,947.0490834224134
2011-04-06,941.0856078335289
2011-04-07,946.9494672385463
2011-04-08,945.2344782468398
2011-04-11,946.3930749829968
2011-04-12,941.7965506240527
2011-04-13,908.2669109640767
2011-04-14,906.8557469093577
2011-04-15,904.716822313793
2011-04-18,934.5023285731382
2011-04-19,928.0267046338375
2011-04-20,930.1055572335181
2011-04-21,931.3930107621632
2011-04-22,931.3930107621632
2011-04-25,931.763439322877
2011-04-26,930.2578529647316
2011-04-27,937.2165340628782
2011-04-28,939.8785646033721
2011-04-29,951.0283759121029
2011-05-02,948.3874457509154
2011-05-03,946.4772290264965
2011-05-04,945.6460865256395
2011-05-05,949.9214855623179
2011-05-06,958.0992836960286
2011-05-09,967.3349030963535
2011-05-10,967.5956052930728
2011-05-11,965.1731543073402
2011-05-12,952.9071091115368
2011-05-13,949.7522579458964
2011-05-16,942.3459175449434
2011-05-17,946.5866403219264
2011-05-18,947.6461656155057
2011-05-19,951.3448883658955
2011-05-20,969.6655938420332
2011-05-23,963.8614434840589
2011-05-24,960.8555610387602
2011-05-25,959.5432064514989
2011-05-26,965.2369388784809
2011-05-27,962.338215896382
2011-05-30,961.9480374725058
2011-05-31,965.6668184688306
2011-06-01,968.5296569375074
2011-06-02,967.5571029191145
2011-06-03,962.9085667017486
2011-06-06,969.7063531253326
2011-06-07,967.1385264427772
2011-06-08,970.4292746042918
2011-06-09,985.2850182993278
2011-06-10,978.4665117783819
2011-06-13,971.8158760273584
2011-06-14,968.4335812930677
2011-06-15,968.2228156559049
2011-06-16,972.1934650837209
2011-06-17,983.9368836631744
2011-06-20,1000.7804074579501
2011-06-21,1002.2502860192407
2011-06-22,992.1241890318664
2011-06-23,1001.7353002284322
2011-06-24,1000.0803140079186
2011-06-27,985.8818714266514
2011-06-28,974.4968603559075
2011-06-29,972.9024542538272
2011-06-30,971.4211127827547
2011-07-01,973.1299381893297
2011-07-04,976.226360184436
2011-07-05,976.9203287065645
2011-07-06,989.9182144687476
2011-07-07,990.9037306688225
2011-07-08,998.4092609077841
2011-07-11,1014.5147837484267
2011-07-12,1005.8248575912974
2011-07-13,1002.053161983729
2011-07-14,1009.4649637358931
2011-07-15,1012.040289076358
2011-07-18,1011.0074231254591
2011-07-19,1006.2607181955864
2011-07-20,1008.170705764842
2011-07-21,1004.5624837953359
2011-07-22,1008.1789731632247
2011-07-25,1021.779491871812
2011-07-26,1020.1951980858819
2011-07-27,1026.4188512499818
2011-07-28,1025.7515516494173
2011-07-29,1019.4291939396782
2011-08-01,1034.0616384887985
2011-08-02,1023.4723640209586
2011-08-03,1016.3300498877121
2011-08-04,996.4477012894733
2011-08-05,992.4075099291329
2011-08-08,987.5558598790517
2011-08-09,963.2203413248894
2011-08-10,978.1704799837171
2011-08-11,960.3961629143229
2011-08-12,974.5787306310954
2011-08-15,960.0365588313579
2011-08-16,973.5708857123931
2011-08-17,986.941746943683
2011-08-18,987.024147911605
2011-08-19,982.0336520427278
2011-08-22,982.5630993690847
2011-08-23,979.2152431431941
2011-08-24,967.5361930284179
2011-08-25,968.4183146454435
2011-08-26,968.1480781915016
2011-08-29,967.6879192261807
2011-08-30,962.3093424465516
2011-08-31,953.2682519949508
2011-09-01,962.4914766395295
2011-09-02,958.0058664649794
2011-09-05,955.5121166859971
2011-09-06,946.3231205255739
2011-09-07,945.5457055609304
2011-09-08,945.7742125567808
2011-09-09,955.6846121789255
2011-09-12,947.716976739426
2011-09-13,942.6434634520645
2011-09-14,942.7641730065797
2011-09-15,850.8858597343261
2011-09-16,845.6783367358377
2011-09-19,839.5943198467908
2011-09-20,830.5900911049681
2011-09-21,828.2347330283499
2011-09-22,808.6216475426387
2011-09-23,816.9964623143293
2011-09-26,838.9488686226636
2011-09-27,845.9354233366864
2011-09-28,846.219123806137
2011-09-29,829.2189175993269
2011-09-30,842.6105702276898
2011-10-03,838.9240913259429
2011-10-04,827.037742626092
2011-10-05,845.4181821280529
2011-10-06,839.7988456312203
2011-10-07,855.5778106249852
2011-10-10,851.5195834042588
2011-10-11,843.3991182617787
2011-10-12,847.5653816596526
2011-10-13,846.0983992414442
2011-10-14,834.8630183598507
2011-10-17,840.3795957499657
2011-10-18,834.2551059690206
2011-10-19,831.9862932426099
2011-10-20,827.0947378044146
2011-10-21,815.928586565709
2011-10-24,813.9603456028951
2011-10-25,814.9640449631368
2011-10-26,815.8066098353647
2011-10-27,805.8669566920457
2011-10-28,787.4130638427586
2011-10-31,798.2275108424611
2011-11-01,794.7129351433823
2011-11-02,796.2489622772962
2011-11-03,800.9719108278057
2011-11-04,810.2248309987446
2011-11-07,807.5634274613772
2011-11-08,807.679308537759
2011-11-09,809.7611252746532
2011-11-10,803.9727144538471
2011-11-11,797.4774400153323
2011-11-14,801.5675862610383
2011-11-15,796.8355394055033
2011-11-16,794.0556166482567
2011-11-17,801.6314666065853
2011-11-18,827.4053287963101
2011-11-21,817.8673250489876
2011-11-22,812.816510049077
2011-11-23,815.0224148975519
2011-11-24,815.1837476482951
2011-11-25,823.699706492656
2011-11-28,832.4900917582261
2011-11-29,834.7835573907923
2011-11-30,843.834415682188
2011-12-01,841.7385218697437
2011-12-02,849.5453497483019
2011-12-05,861.5964687121459
2011-12-06,863.2630114966472
2011-12-07,876.8815744450674
2011-12-08,871.2718466544247
2011-12-09,873.3483872324425
2011-12-12,877.2710028752404
2011-12-13,881.8046689984042
2011-12-14,879.6621978510032
2011-12-15,875.8467783870111
2011-12-16,865.1286825763113
2011-12-19,862.7733455278909
2011-12-20,862.785342836511
2011-12-21,863.486228498209
2011-12-22,873.1658194408287
2011-12-23,871.2386431371775
2011-12-26,871.2386431371775
2011-12-27,869.4382877595024
2011-12-28,875.4886722063628
2011-12-29,875.3483623871895
2011-12-30,878.3801273434474
2012-01-02,878.3801273434474
2012-01-03,877.4860008734339
2012-01-04,877.3717486769707
2012-01-05,883.9949598666213
2012-01-06,890.1580708370576
2012-01-09,887.8467141569134
2012-01-10,884.8458253963624
2012-01-11,889.5536982073417
2012-01-12,885.5235066377631
2012-01-13,887.940351005751
2012-01-16,879.2617096296913
2012-01-17,877.3331811504745
2012-01-18,875.4872361517312
2012-01-19,858.0236491035528
2012-01-20,853.6953948366539
2012-01-23,848.4906841945585
2012-01-24,850.3143726521322
2012-01-25,840.376298065529
2012-01-26,845.0370930643704
2012-01-27,848.194194255734
2012-01-30,844.7069378077758
2012-01-31,849.6405529621936
2012-02-01,853.196310962006
2012-02-02,858.5852120650361
2012-02-03,865.2657589895657
2012-02-06,866.0002227967086
2012-02-07,851.1688170008231
2012-02-08,854.6792205927342
2012-02-09,845.8558806087469
2012-02-10,841.2872135567288
2012-02-13,841.9816758433091
2012-02-14,843.7727652127026
2012-02-15,847.3520388957712
2012-02-16,849.058438683292
2012-02-17,847.7413419801469
2012-02-20,850.6298411653464
2012-02-21,848.0198610997826
2012-02-22,847.0580586105608
2012-02-23,846.0936829131656
2012-02-24,843.098379984544
2012-02-27,847.6831990607593
2012-02-28,848.9250991387051
2012-02-29,857.3700664314555
2012-03-01,858.4264632862177
2012-03-02,860.8076740991844
2012-03-05,856.8588403303272
2012-03-06,886.4375895955015
2012-03-07,884.8132500052262
2012-03-08,885.7750240034711
2012-03-09,913.1564156439512
2012-03-12,907.1485686218056
2012-03-13,910.9345144579996
2012-03-14,903.5460120006353
2012-03-15,904.0874524266443
2012-03-16,900.7789645102599
2012-03-19,900.169283596952
2012-03-20,896.4308396625379
2012-03-21,896.5483141885129
2012-03-22,891.681514549112
2012-03-23,888.0485236767179
2012-03-26,896.6294196280847
2012-03-27,901.0598147179305
2012-03-28,896.4731014282917
2012-03-29,892.6734537999232
2012-03-30,897.1616205625687
2012-04-02,898.240831593995
2012-04-03,895.0312375632553
2012-04-04,897.241778230199
2012-04-05,898.6595992360482
2012-04-06,898.6595992360482
2012-04-09,898.1439382441757
2012-04-10,886.0075480270231
2012-04-11,886.4521211178806
2012-04-12,889.0774963219931
2012-04-13,891.3149687565
2012-04-16,891.4189626313237
2012-04-17,895.9674939138856
2012-04-18,896.5691914152716
2012-04-19,892.5291578517104
2012-04-20,909.0188274640904
2012-04-23,911.4327020118105
2012-04-24,891.4314190664722
2012-04-25,894.3619602452445
2012-04-26,893.9103198590406
2012-04-27,893.1970151910791
2012-04-30,895.4724374675368
2012-05-01,897.167854885806
2012-05-02,899.1778114792562
2012-05-03,903.1031602834432
2012-05-04,908.340599757174
2012-05-07,908.1649491292247
2012-05-08,905.8704239219024
2012-05-09,902.5266074063898
2012-05-10,900.5418845428802
2012-05-11,897.5935297276196
2012-05-14,896.8146361607311
2012-05-15,894.035615889548
2012-05-16,895.0459881245717
2012-05-17,893.2332986948181
2012-05-18,895.0052567521902
2012-05-21,899.6707033023237
2012-05-22,912.3353508231027
2012-05-23,911.535256615558
2012-05-24,915.8559702004295
2012-05-25,917.4562720209436
2012-05-28,920.5276513682604
2012-05-29,919.2531704727909
2012-05-30,915.7852793769453
2012-05-31,918.5809899342703
2012-06-01,920.9270751783433
2012-06-04,919.7581235504764
2012-06-05,923.9226328244227
2012-06-06,925.7248948833455
2012-06-07,925.9442370799367
2012-06-08,921.1765331220032
2012-06-11,917.9368426530262
2012-06-12,922.6376745513969
2012-06-13,921.5594944458036
2012-06-14,917.05873769242
2012-06-15,917.4807323908251
2012-06-18,921.871199699215
2012-06-19,920.3535203967841
2012-06-20,919.8805626762291
2012-06-21,915.2830076531344
2012-06-22,913.6836012448481
2012-06-25,890.5822373239197
2012-06-26,892.6202117285532
2012-06-27,896.7662697649031
2012-06-28,909.5139257127604
2012-06-29,896.0341449982665
2012-07-02,903.6173964638034
2012-07-03,907.5616906042824
2012-07-04,908.6148067493552
2012-07-05,926.1821566702605
2012-07-06,922.833154498011
2012-07-09,923.395880516039
2012-07-10,930.2932636071976
2012-07-11,927.1649971351499
2012-07-12,923.5016520890224
2012-07-13,923.2788207064552
2012-07-16,931.1126590004013
2012-07-17,932.0927297343497
2012-07-18,933.5481020703741
2012-07-19,930.9501288685515
2012-07-20,931.9701704141875
2012-07-23,924.2603265969678
2012-07-24,923.8015067927735
2012-07-25,921.2299546800654
2012-07-26,923.7152665349694
2012-07-27,920.9724171537442
2012-07-30,931.2811184102931
2012-07-31,925.760959127767
2012-08-01,924.2976274175185
2012-08-02,925.0013555721496
2012-08-03,928.1921267273259
2012-08-06,923.0871658574317
2012-08-07,929.9154894766484
2012-08-08,936.090572826778
2012-08-09,943.3400992137298
2012-08-10,943.6766035229867
2012-08-13,934.0976240821947
2012-08-14,932.978843796065
2012-08-15,930.598132746665
2012-08-16,924.8574324104546
2012-08-17,920.6196060515996
2012-08-20,919.8319749824211
2012-08-21,916.6353820471282
2012-08-22,910.851779546225
2012-08-23,907.0349374983018
2012-08-24,904.4387070077909
2012-08-27,894.2410295043924
2012-08-28,889.6444986108723
2012-08-29,892.0668534925134
2012-08-30,890.6918435323079
2012-08-31,887.9625423079517
2012-09-03,890.8978927486291
2012-09-04,891.6946358162604
2012-09-05,887.2014766365311
2012-09-06,894.8057021851591
2012-09-07,891.6976926616026
2012-09-10,893.4242400354537
2012-09-11,891.621744181518
2012-09-12,886.9559126321878
2012-09-13,880.3864141352336
2012-09-14,871.6948174417053
2012-09-17,863.344002678994
2012-09-18,875.8769859634253
2012-09-19,878.2813866726914
2012-09-20,879.3545697229973
2012-09-21,880.6290765442499
2012-09-24,885.2274620985327
2012-09-25,896.8802245874315
2012-09-26,899.5909433625619
2012-09-27,901.1768863440296
2012-09-28,896.8131708093647
2012-10-01,890.2698012126169
2012-10-02,885.1328159033919
2012-10-03,885.5439436749087
2012-10-04,876.1119206525769
2012-10-05,863.9423229679559
2012-10-08,862.9650767703159
2012-10-09,872.6887073304699
2012-10-10,890.2363087471399
2012-10-11,888.7820930829265
2012-10-12,891.3299383963581
2012-10-15,882.9586897149369
2012-10-16,881.9307177533002
2012-10-17,882.741693213363
2012-10-18,895.5869568566915
2012-10-19,899.7793292278263
2012-10-22,897.7634315342225
2012-10-23,894.8569722087659
2012-10-24,909.5593207886484
2012-10-25,908.3608927211283
2012-10-26,928.4027730021689
2012-10-29,921.8843647596465
2012-10-30,921.763488553357
2012-10-31,948.5133504455031
2012-11-01,956.8726848851364
2012-11-02,956.1466707288674
2012-11-05,975.1561764181923
2012-11-06,977.5942176068792
2012-11-07,979.613640711735
2012-11-08,1023.1944218267051
2012-11-09,1025.456155981718
2012-11-12,1023.2637154365282
2012-11-13,1019.6130270588875
2012-11-14,1011.8305620360602
2012-11-15,1005.5972040929565
2012-11-16,1010.3318805084951
2012-11-19,1006.9222668280856
2012-11-20,1015.6480890849102
2012-11-21,1023.1875752481742
2012-11-22,1028.4709969498933
2012-11-23,1033.5713392915977
2012-11-26,1034.7027444017424
2012-11-27,1037.8368108737295
2012-11-28,1039.1510965698585
2012-11-29,1038.9820429389727
2012-11-30,1028.5632815232475
2012-12-03,1028.7267262828461
2012-12-04,1000.5179077663297
2012-12-05,1004.8103182483167
2012-12-06,1011.9206299238296
2012-12-07,1014.0993981312366
2012-12-10,1014.2563065945092
2012-12-11,1010.947554466175
2012-12-12,1008.5621682766516
2012-12-13,1004.9016752112733
2012-12-14,1006.4096673746627
2012-12-17,1007.1104974770979
2012-12-18,1015.0726589473422
2012-12-19,1010.5822515271946
2012-12-20,1011.1220137239454
2012-12-21,1010.395347794048
2012-12-24,1007.6438227398045
2012-12-25,1007.6438227398045
2012-12-26,1008.3379620426041
2012-12-27,1010.6584285157304
2012-12-28,1009.2005178454444
2012-12-31,1012.4270177934069
2013-01-01,1012.4270177934069
2013-01-02,1010.1458954912616
2013-01-03,1013.7122841004235
2013-01-04,1013.6521007972815
2013-01-07,1012.647813125413
2013-01-08,1012.0229339430992
2013-01-09,1014.6045516528291
2013-01-10,999.9391639303157
2013-01-11,984.2066464567375
2013-01-14,985.8081587249465
2013-01-15,980.9070835375444
2013-01-16,1004.3721760271746
2013-01-17,1007.063042584656
2013-01-18,994.432619264367
2013-01-21,993.4694431352304
2013-01-22,995.6004692993333
2013-01-23,996.7262016353367
2013-01-24,983.4324910669142
2013-01-25,988.2260904953513
2013-01-28,1001.2975856291963
2013-01-29,1006.1052613097017
2013-01-30,1000.7088626322352
2013-01-31,1010.7797680309947
2013-02-01,1005.5742562718713
2013-02-04,1011.530673437209
2013-02-05,1017.828879058402
2013-02-06,1016.7850574078902
2013-02-07,1027.6504428352716
2013-02-08,1030.8126468677387
2013-02-11,1026.8094471157983
2013-02-12,1020.289174715902
2013-02-13,1027.7468187362208
2013-02-14,1038.7823449803689
2013-02-15,1047.9298262053996
2013-02-18,1032.264820292373
2013-02-19,1038.248047230924
2013-02-20,1043.059630938682
2013-02-21,1050.4713493491338
2013-02-22,1057.8458688723351
2013-02-25,1060.6911260881584
2013-02-26,1067.8883249999813
2013-02-27,1073.6970217138219
2013-02-28,1071.4178035318225
2013-03-01,1067.470310710465
2013-03-04,1080.7212332857864
2013-03-05,1081.0715603061249
2013-03-06,1081.0699181121045
2013-03-07,1112.9274704168035
2013-03-08,1121.586383062653
2013-03-11,1132.854896958501
2013-03-12,1136.000286377155
2013-03-13,1131.0784749654704
2013-03-14,1135.8423749209592
2013-03-15,1139.5843050507801
2013-03-18,1154.7375817551117
2013-03-19,1151.155213028043
2013-03-20,1152.0644784664632
2013-03-21,1162.1154438339572
2013-03-22,1216.59327378967
2013-03-25,1231.7458280139824
2013-03-26,1244.3168561427324
2013-03-27,1246.748165788349
2013-03-28,1251.1994859697777
2013-03-29,1251.1994859697777
2013-04-01,1249.5879325989113
2013-04-02,1248.3594899418783
2013-04-03,1250.785197674925
2013-04-04,1251.744813662169
2013-04-05,1244.7370239080035
2013-04-08,1249.787537112105
2013-04-09,1255.534004681866
2013-04-10,1254.916934371283
2013-04-11,1249.9418486413629
2013-04-12,1256.5611201684064
2013-04-15,1245.5401851703818
2013-04-16,1237.1220495282687
2013-04-17,1249.2978758799022
2013-04-18,1257.7705961411036
2013-04-19,1267.9504992801742
2013-04-22,1272.909038116378
2013-04-23,1278.625812204651
2013-04-24,1279.492633194299
2013-04-25,1290.019933685507
2013-04-26,1282.1695621474717
2013-04-29,1294.7832201937365
2013-04-30,1287.3711961733152
2013-05-01,1281.8129301534339
2013-05-02,1297.7772065436493
2013-05-03,1297.6575195193843
2013-05-06,1307.8038973870673
2013-05-07,1302.509902781985
2013-05-08,1293.3564384091087
2013-05-09,1301.109663335807
2013-05-10,1299.9542928053556
2013-05-13,1298.5642754783908
2013-05-14,1223.7421679565773
2013-05-15,1219.91135189677
2013-05-16,1225.7621380329144
2013-05-17,1231.81625298583
2013-05-20,1226.145229109648
2013-05-21,1227.5625295089367
2013-05-22,1234.4212023381165
2013-05-23,1223.7235055132483
2013-05-24,1223.0862421465247
2013-05-27,1218.1655987470608
2013-05-28,1213.6462033002203
2013-05-29,1205.2644985324048
2013-05-30,1184.9437999775905
2013-05-31,1195.8591283308276
2013-06-03,1199.6719207107105
2013-06-04,1203.304065420814
2013-06-05,1185.817999588177
2013-06-06,1179.609242096909
2013-06-07,1181.329833341379
2013-06-10,1155.392088736022
2013-06-11,1133.2597736517391
2013-06-12,1136.7392534674873
2013-06-13,1141.1337090705324
2013-06-14,1137.184514277891
2013-06-17,1141.8745980107412
2013-06-18,1129.3467998694562
2013-06-19,1135.6239857985738
2013-06-20,1129.3401116679597
2013-06-21,1134.126670054795
2013-06-24,1142.2087205332891
2013-06-25,1147.9125654942832
2013-06-26,1152.2797511470164
2013-06-27,1163.6408588677407
2013-06-28,1169.0503436962872
2013-07-01,1163.7351364093902
2013-07-02,1162.8258552095451
2013-07-03,1156.7058934273612
2013-07-04,1164.9626718346137
2013-07-05,1158.9803632566814
2013-07-08,1156.277622310846
2013-07-09,1168.9882378806167
2013-07-10,1161.7910765484305
2013-07-11,1154.3729057383307
2013-07-12,1150.2938648431093
2013-07-15,1156.7728041952564
2013-07-16,1155.7422691085594
2013-07-17,1159.1362867247126
2013-07-18,1155.3549793465768
2013-07-19,1150.6427612978905
2013-07-22,1151.817391903719
2013-07-23,1150.617805329631
2013-07-24,1153.4350621387684
2013-07-25,1154.9945604822344
2013-07-26,1147.3363205047488
2013-07-29,1139.0041128405483
2013-07-30,1134.821359027165
2013-07-31,1125.7330898945236
2013-08-01,1123.9994525494387
2013-08-02,1118.5668660316426
2013-08-05,1126.9974492623933
2013-08-06,1117.2942778350398
2013-08-07,1111.0918679687072
2013-08-08,1112.1723233936355
2013-08-09,1117.8404628632359
2013-08-12,1117.9704189789636
2013-08-13,1095.6661535401608
2013-08-14,1073.9874698469987
2013-08-15,1064.6625830368314
2013-08-16,1062.6980566046236
2013-08-19,1049.507738868025
2013-08-20,1045.4642525130037
2013-08-21,1034.9048057402015
2013-08-22,1044.4908182299876
2013-08-23,1040.4264039041784
2013-08-26,1055.0599841780563
2013-08-27,1042.6124249853012
2013-08-28,1043.1432616771463
2013-08-29,1051.3738602568194
2013-08-30,1061.9485277471028
2013-09-02,1078.9739575566905
2013-09-03,1074.043121686838
2013-09-04,1074.4926460037939
2013-09-05,1081.8640545419166
2013-09-06,1091.806067346109
2013-09-09,1086.7771630454322
2013-09-10,1083.8082440764663
2013-09-11,1093.8080565770558
2013-09-12,1095.1023086825658
2013-09-13,1099.1492194352668
2013-09-16,1110.0104016973048
2013-09-17,1106.5488343767884
2013-09-18,1110.3846185693183
2013-09-19,1106.458760126098
2013-09-20,1097.1104695705437
2013-09-23,1097.5646110076993
2013-09-24,1093.8519188774405
2013-09-25,1088.9286334914939
2013-09-26,1089.2112430533787
2013-09-27,1080.4812017549964
2013-09-30,1083.1987914959354
2013-10-01,1082.223433002046
2013-10-02,1077.2101803727624
2013-10-03,1075.060494269238
2013-10-04,1084.3428621428548
2013-10-07,1102.3360054117436
2013-10-08,1111.260632892823
2013-10-09,1115.7536213148912
2013-10-10,1120.5810663389864
2013-10-11,1121.5641801535664
2013-10-14,1118.197307430061
2013-10-15,1122.1577716568993
2013-10-16,1131.378009867834
2013-10-17,1131.9131405403025
2013-10-18,1133.6203171062334
2013-10-21,1130.5061205523043
2013-10-22,1131.9386978069333
2013-10-23,1133.2004649931073
2013-10-24,1131.4764667488319
2013-10-25,1138.5287291579714
2013-10-28,1136.357516978542
2013-10-29,1147.9915762773055
2013-10-30,1127.0103057473623
2013-10-31,1131.9382110406323
2013-11-01,1150.2079522437373
2013-11-04,1157.503520304506
2013-11-05,1169.8847475238388
2013-11-06,1166.3088137183386
2013-11-07,1171.816129132883
2013-11-08,1174.8546646133395
2013-11-11,1162.6735690288278
2013-11-12,1159.9193465054354
2013-11-13,1166.8423295853054
2013-11-14,1160.2882307440498
2013-11-15,1177.611913894279
2013-11-18,1176.245173689346
2013-11-19,1175.9222659178781
2013-11-20,1182.3099347617895
2013-11-21,1179.436639771733
2013-11-22,1175.5230574955253
2013-11-25,1181.1363872348522
2013-11-26,1175.3031246806886
2013-11-27,1175.399192332012
2013-11-28,1167.3279477038488
2013-11-29,1168.9781007894715
2013-12-02,1166.9838490365812
2013-12-03,1160.283839862398
2013-12-04,1160.9137119804743
2013-12-05,1146.387209274864
2013-12-06,1156.9509893629092
2013-12-09,1164.2958003316398
2013-12-10,1163.9321992617572
2013-12-11,1157.294675340205
2013-12-12,1158.389078819022
2013-12-13,1166.3965820445324
2013-12-16,1165.4131366972001
2013-12-17,1161.7772434388983
2013-12-18,1174.6215633014099
2013-12-19,1178.5912051468606
2013-12-20,1176.1095873666013
2013-12-23,1186.282651215529
2013-12-24,1173.0373607635731
2013-12-25,1173.0373607635731
2013-12-26,1170.852774113986
2013-12-27,1158.1768728923198
2013-12-30,1153.6059711453618
2013-12-31,1154.8971905399244
2014-01-01,1154.8971905399244
2014-01-02,1165.1283696632051
2014-01-03,1166.04918042639
2014-01-06,1151.7910272173583
2014-01-07,1172.3332404813805
2014-01-08,1170.1154436921063
2014-01-09,1163.1105688177347
2014-01-10,1170.654308152783
2014-01-13,1177.1160950090014
2014-01-14,1169.4459572015408
2014-01-15,1172.721656240207
2014-01-16,1171.0687712951615
2014-01-17,1178.5540264225247
2014-01-20,1194.3064374184296
2014-01-21,1199.5181260178051
2014-01-22,1202.1200907227578
2014-01-23,1187.6682637471004
2014-01-24,1178.719893709321
2014-01-27,1178.7607816511713
2014-01-28,1182.4757541001095
2014-01-29,1167.9721421979352
2014-01-30,1176.014815096047
2014-01-31,1172.5561500787874
2014-02-03,1179.3121379250529
2014-02-04,1174.5708223667827
2014-02-05,1173.193123126818
2014-02-06,1167.413209214579
2014-02-07,1173.3886318393254
2014-02-10,1164.5746394064292
2014-02-11,1163.8887332935826
2014-02-12,1175.9791796521952
2014-02-13,1162.2711848307442
2014-02-14,1172.089436984364
2014-02-17,1173.4748869007715
2014-02-18,1163.7966101783265
2014-02-19,1160.4669269079739
2014-02-20,1156.639282560997
2014-02-21,1141.2430322772389
2014-02-24,1151.2378955864237
2014-02-25,1166.5809577037217
2014-02-26,1166.1583706352176
2014-02-27,1166.121604553167
2014-02-28,1150.6332983513676
2014-03-03,1142.3021531533036
2014-03-04,1146.5358971508642
2014-03-05,1140.2117991128803
2014-03-06,1130.014383772585
2014-03-07,1123.3750267474004
2014-03-10,1119.4450910022233
2014-03-11,1118.013417349738
2014-03-12,1109.9692825537359
2014-03-13,1120.5276121583772
2014-03-14,1091.986064233465
2014-03-17,1096.5938188296007
2014-03-18,1092.9948097197914
2014-03-19,1093.7527293096596
2014-03-20,1088.6445943768952
2014-03-21,1091.647638004821
2014-03-24,1094.004975101222
2014-03-25,1096.8079467494194
2014-03-26,1104.078226327225
2014-03-27,1106.4909204131357
2014-03-28,1104.328694470821
2014-03-31,1103.8623820969974
2014-04-01,1099.8467005284122
2014-04-02,1098.0937000756335
2014-04-03,1100.759931084251
2014-04-04,1108.9316553392955
2014-04-07,1110.185009124294
2014-04-08,1107.3340133405934
2014-04-09,1103.486047736297
2014-04-10,1105.4438978118928
2014-04-11,1098.2067020738202
2014-04-14,1103.447560867069
2014-04-15,1102.769081102357
2014-04-16,1083.0255390051661
2014-04-17,1087.5970879470433
2014-04-18,1087.5970879470433
2014-04-21,1088.1748591486662
2014-04-22,1085.4552917280885
2014-04-23,1067.896282849226
2014-04-24,1066.3223686693877
2014-04-25,1050.9782354526446
2014-04-28,1051.371533218521
2014-04-29,1050.6055515388111
2014-04-30,1045.7578961592562
2014-05-01,1045.7578961592562
2014-05-02,1046.6732203572076
2014-05-05,1063.549725643819
2014-05-06,1061.2392235975442
2014-05-07,1052.4460170110094
2014-05-08,1065.267496274931
2014-05-09,1071.6548738550844
2014-05-12,1072.6627012121276
2014-05-13,1080.2303902431138
2014-05-14,1074.3174032932072
2014-05-15,1072.914901287906
2014-05-16,1074.7877527710984
2014-05-19,1072.2141103063218
2014-05-20,1069.8900859286475
2014-05-21,1075.1256331987013
2014-05-22,1085.7845681389172
2014-05-23,1078.8889052442194
2014-05-26,1078.2446720274238
2014-05-27,1071.1973116400736
2014-05-28,1063.0579585756843
2014-05-29,1061.6525718286414
2014-05-30,1049.2769671929464
2014-06-02,1035.1656172281826
2014-06-03,1025.3270615703332
2014-06-04,1024.3432804192096
2014-06-05,1027.559143437064
2014-06-06,1028.473017197814
2014-06-09,1038.0999119487492
2014-06-10,1035.3125554402088
2014-06-11,1034.4306696984036
2014-06-12,1024.1246120724315
2014-06-13,1030.9674732825756
2014-06-16,1029.603028778665
2014-06-17,1030.5597064676886
2014-06-18,1033.2784741129892
2014-06-19,1083.7612606378455
2014-06-20,1083.9513329771355
2014-06-23,1084.5250978297431
2014-06-24,1089.9501756970806
2014-06-25,1087.46953544577
2014-06-26,1083.8066666898476
2014-06-27,1087.6175819885912
2014-06-30,1083.0897707056993
2014-07-01,1084.0398841783017
2014-07-02,1101.7119203101297
2014-07-03,1099.4374122417944
2014-07-04,1104.6205288443764
2014-07-07,1101.1141967600538
2014-07-08,1106.503699345401
2014-07-09,1107.9343545598606
2014-07-10,1110.1708658584498
2014-07-11,1110.9768777904474
2014-07-14,1112.2779600468032
2014-07-15,1118.8537718230277
2014-07-16,1122.657297914187
2014-07-17,1130.979124230295
2014-07-18,1143.1922992999375
2014-07-21,1145.2934349443026
2014-07-22,1152.8437651335719
2014-07-23,1155.215638834702
2014-07-24,1157.7867156598816
2014-07-25,1166.3262015116218
2014-07-28,1165.4324810457458
2014-07-29,1163.8022329504947
2014-07-30,1165.6765672989893
2014-07-31,1163.0260244209185
2014-08-01,1161.3574240234816
2014-08-04,1165.3316272520965
2014-08-05,1174.573245229284
2014-08-06,1172.5568063487858
2014-08-07,1176.1308725429028
2014-08-08,1194.2935435793102
2014-08-11,1199.8919910174297
2014-08-12,1202.5868635407705
2014-08-13,1207.289383524012
2014-08-14,1206.2242848177711
2014-08-15,1186.855985563943
2014-08-18,1185.8457182853508
2014-08-19,1188.755276030398
2014-08-20,1186.2986150262882
2014-08-21,1185.4667002110946
2014-08-22,1197.1838566876224
2014-08-25,1200.177156477045
2014-08-26,1200.7914596737348
2014-08-27,1202.9746053080294
2014-08-28,1205.4854627059249
2014-08-29,1207.268914657566
2014-09-01,1204.1859102523827
2014-09-02,1200.151497957266
2014-09-03,1204.6790542564036
2014-09-04,1219.4778234206756
2014-09-05,1219.6735385713282
2014-09-08,1226.5044607014174
2014-09-09,1219.237101200518
2014-09-10,1217.9436029140666
2014-09-11,1216.7404020905713
2014-09-12,1214.2653464536802
2014-09-15,1211.4613410659156
2014-09-16,1214.394402211705
2014-09-17,1214.4529530650734
2014-09-18,1208.1332982784354
2014-09-19,1212.4750408639416
2014-09-22,1213.809883966637
2014-09-23,1211.0988628357577
2014-09-24,1218.657696234906
2014-09-25,1230.2157985270574
2014-09-26,1235.6073947693483
2014-09-29,1234.559419814646
2014-09-30,1239.8367765270937
2014-10-01,1243.4788678082257
2014-10-02,1254.2852207895858
2014-10-03,1255.0694540016696
2014-10-06,1274.5239822778071
2014-10-07,1279.8049282119357
2014-10-08,1274.004369872584
2014-10-09,1288.5971646083565
2014-10-10,1289.1274379040312
2014-10-13,1311.0271324717196
2014-10-14,1307.1871214599262
2014-10-15,1302.5221373720863
2014-10-16,1298.0057146783283
2014-10-17,1299.3273574659388
2014-10-20,1299.1938205956537
2014-10-21,1306.383268921343
2014-10-22,1314.8788839184867
2014-10-23,1317.3516101209611
2014-10-24,1317.0736245806038
2014-10-27,1315.0124723947022
2014-10-28,1317.9159076583826
2014-10-29,1314.268246106335
2014-10-30,1323.981994046462
2014-10-31,1316.404779141655
2014-11-03,1320.4901556050206
2014-11-04,1310.7491721302922
2014-11-05,1308.1705412599256
2014-11-06,1316.071858713554
2014-11-07,1307.495430340074
2014-11-10,1307.4334475991373
2014-11-11,1306.7885759331525
2014-11-12,1305.3675249407108
2014-11-13,1303.8149184159824
2014-11-14,1305.7105181821075
2014-11-17,1308.121415458083
2014-11-18,1305.034993345123
2014-11-19,1306.2930896899102
2014-11-20,1308.5805009589642
2014-11-21,1319.78800847924
2014-11-24,1313.4706210609957
2014-11-25,1308.100201248456
2014-11-26,1306.0036166405957
2014-11-27,1308.5194137473543
2014-11-28,1304.081493739409
2014-12-01,1303.223563113834
2014-12-02,1301.026401142938
2014-12-03,1306.870646204564
2014-12-04,1294.7339926999705
2014-12-05,1305.2169332262176
2014-12-08,1282.6786792355176
2014-12-09,1283.1984111577024
2014-12-10,1268.824630331444
2014-12-11,1266.836304267238
2014-12-12,1263.0108483876181
2014-12-15,1264.893300762412
2014-12-16,1258.4854804505603
2014-12-17,1265.9422898858086
2014-12-18,1283.2743729128954
2014-12-19,1282.7999277325005
2014-12-22,1283.4278534568648
2014-12-23,1291.3510741273672
2014-12-24,1285.0643485808919
2014-12-25,1285.0643485808919
2014-12-26,1288.2998230391568
2014-12-29,1289.0845757731597
2014-12-30,1289.5502121693196
2014-12-31,1300.0799069251284
2015-01-01,1300.0799069251284
2015-01-02,1307.6444797595705
2015-01-05,1300.9668931545011
2015-01-06,1300.687991750796
2015-01-07,1312.2058478967167
2015-01-08,1318.493694615033
2015-01-09,1318.8602866066726
2015-01-12,1321.9204976325607
2015-01-13,1330.4099479637014
2015-01-14,1325.5917558463523
2015-01-15,1350.687220696166
2015-01-16,1350.903404455607
2015-01-19,1323.1694560850656
2015-01-20,1317.9436412648333
2015-01-21,1318.4973853321842
2015-01-22,1338.3688625819987
2015-01-23,1348.1092093503316
2015-01-26,1341.992288544005
2015-01-27,1320.532176043193
2015-01-28,1328.3262559497093
2015-01-29,1321.661185954843
2015-01-30,1324.5435529593383
2015-02-02,1319.558439835699
2015-02-03,1305.3419863757185
2015-02-04,1327.4802426138185
2015-02-05,1326.435202022072
2015-02-06,1344.4914905307985
2015-02-09,1325.7807214193056
2015-02-10,1331.334502450906
2015-02-11,1309.6599376427303
2015-02-12,1321.1782251511909
2015-02-13,1324.7214395485573
2015-02-16,1332.4871183907371
2015-02-17,1329.997283781526
2015-02-18,1336.4250306598576
2015-02-19,1330.9897754993733
2015-02-20,1337.5368656710293
2015-02-23,1341.1231431520735
2015-02-24,1323.7379171787927
2015-02-25,1328.9754355146083
2015-02-26,1345.5967924398797
2015-02-27,1337.010358951309
2015-03-02,1326.5305919020575
2015-03-03,1323.327554885636
2015-03-04,1334.6537566116535
2015-03-05,1338.006541407813
2015-03-06,1344.1138168332236
2015-03-09,1346.9521810877743
2015-03-10,1349.197924844509
2015-03-11,1361.6037209084227
2015-03-12,1361.1044321223142
2015-03-13,1349.7671179958384
2015-03-16,1346.286372831407
2015-03-17,1361.4341751366323
2015-03-18,1359.8657824348595
2015-03-19,1362.4258912171533
2015-03-20,1356.037808821528
2015-03-23,1350.2775464228787
2015-03-24,1358.074208299856
2015-03-25,1350.0429698302332
2015-03-26,1349.9382172946266
2015-03-27,1364.112781641562
2015-03-30,1360.8947860502292
2015-03-31,1376.7598325136164
2015-04-01,1385.4412084284334
2015-04-02,1373.6633508637167
2015-04-03,1373.6633508637167
2015-04-06,1354.1945529394584
2015-04-07,1391.4867345953817
2015-04-08,1399.6963174127154
2015-04-09,1410.7622789405723
2015-04-10,1412.0017331792217
2015-04-13,1433.9765662259717
2015-04-14,1432.787760929007
2015-04-15,1433.1330688863409
2015-04-16,1432.1200104323862
2015-04-17,1436.9148850737047
2015-04-20,1438.395311667208
2015-04-21,1447.0439832705763
2015-04-22,1444.6001986703345
2015-04-23,1435.6673813856373
2015-04-24,1431.4819647992133
2015-04-27,1522.8457354731001
2015-04-28,1531.9874219674377
2015-04-29,1542.839616864186
2015-04-30,1542.2166726121363
2015-05-01,1548.9475110419667
2015-05-04,1582.075726948903
2015-05-05,1635.8572138768234
2015-05-06,1657.6353792403163
2015-05-07,1666.4232601639328
2015-05-08,1676.910610632096
2015-05-11,1682.0158819050143
2015-05-12,1668.6273334934046
2015-05-13,1669.2852928896518
2015-05-14,1672.5409559892855
2015-05-15,1666.0403527984881
2015-05-18,1669.2182053563351
2015-05-19,1692.270294281936
2015-05-20,1706.8694882371515
2015-05-21,1704.7846647048948
2015-05-22,1713.231678288691
2015-05-25,1713.231678288691
2015-05-26,1709.619623757554
2015-05-27,1711.3810486846457
2015-05-28,1697.8800728357865
2015-05-29,1697.6444196625034
2015-06-01,1700.3052028257393
2015-06-02,1667.4986593148776
2015-06-03,1650.4639614324894
2015-06-04,1633.8388522193281
2015-06-05,1633.9890295490736
2015-06-08,1620.1348675777979
2015-06-09,1622.7914688687297
2015-06-10,1616.9599732151203
2015-06-11,1623.5113845768983
2015-06-12,1616.1933766342556
2015-06-15,1620.7560950254237
2015-06-16,1620.8165192216393
2015-06-17,1608.8891205569696
2015-06-18,1616.2081511298657
2015-06-19,1626.7755749564972
2015-06-22,1617.6154496617169
2015-06-23,1623.7716469026884
2015-06-24,1626.0342169398982
2015-06-25,1630.4860547000062
2015-06-26,1600.0743189289656
2015-06-29,1593.8932549118833
2015-06-30,1604.6086125615986
2015-07-01,1602.445247937851
2015-07-02,1600.4959015619759
2015-07-03,1601.0726308630212
2015-07-06,1592.0884472623118
2015-07-07,1605.6496750222736
2015-07-08,1583.889840663362
2015-07-09,1596.0807897800992
2015-07-10,1588.7700937145914
2015-07-13,1608.9953538001012
2015-07-14,1616.9830155572954
2015-07-15,1615.3211694195122
2015-07-16,1628.0764116141793
2015-07-17,1637.214682156665
2015-07-20,1630.7980260994045
2015-07-21,1630.9264140869745
2015-07-22,1632.3186661307852
2015-07-23,1617.8137713761578
2015-07-24,1607.2840847043806
2015-07-27,1589.2050582918605
2015-07-28,1602.4563418984756
2015-07-29,1618.6743336837026
2015-07-30,1679.1800274298666
2015-07-31,1667.2173264469825
2015-08-03,1671.9925241388316
2015-08-04,1677.2131108235392
2015-08-05,1678.0443547516763
2015-08-06,1673.5298328123095
2015-08-07,1658.534823862536
2015-08-10,1657.3899222069883
2015-08-11,1642.2769966844348
2015-08-12,1614.1000700792856
2015-08-13,1628.8784395924629
2015-08-14,1621.2130943278353
2015-08-17,1618.3123085205887
2015-08-18,1620.869096793252
2015-08-19,1607.0737162290882
2015-08-20,1581.722393471212
2015-08-21,1563.009385724707
2015-08-24,1519.9409676114724
2015-08-25,1528.2055255554462
2015-08-26,1522.8576087356305
2015-08-27,1526.5091119033827
2015-08-28,1503.571850303913
2015-08-31,1498.8111262994673
2015-09-01,1489.3749363460731
2015-09-02,1489.9953805922469
2015-09-03,1498.5976951658745
2015-09-04,1486.6614661576195
2015-09-07,1471.5280696963807
2015-09-08,1475.8051251637837
2015-09-09,1483.9031256214366
2015-09-10,1472.7692291200287
2015-09-11,1472.0318629357014
2015-09-14,1473.035854694697
2015-09-15,1462.7909462744726
2015-09-16,1472.2723498671253
2015-09-17,1462.1671652314415
2015-09-18,1460.5783422194816
2015-09-21,1466.7889612518852
2015-09-22,1472.4284350641344
2015-09-23,1467.0504772949635
2015-09-24,1437.734439023492
2015-09-25,1454.1288219086152
2015-09-28,1441.9385739059132
2015-09-29,1443.5816622855762
2015-09-30,1457.0979949644086
2015-10-01,1451.7008540512504
2015-10-02,1448.5786242355016
2015-10-05,1485.7025622556114
2015-10-06,1482.7766365602388
2015-10-07,1497.0613512463908
2015-10-08,1487.8226045760596
2015-10-09,1489.2418306093675
2015-10-12,1505.0256185821188
2015-10-13,1493.4889505053409
2015-10-14,1478.6529709327253
2015-10-15,1500.4305578114986
2015-10-16,1497.0361017384744
2015-10-19,1497.4356973594101
2015-10-20,1493.1450506621047
2015-10-21,1479.2970606846707
2015-10-22,1498.9585259817782
2015-10-23,1500.7826217639877
2015-10-26,1498.6092478265102
2015-10-27,1486.4686962224685
2015-10-28,1489.83524331443
2015-10-29,1483.1004894593493
2015-10-30,1470.3850370195303
2015-11-02,1479.743614770921
2015-11-03,1479.7498459902974
2015-11-04,1485.760368367348
2015-11-05,1488.6457658354898
2015-11-06,1478.9035308708696
2015-11-09,1470.469023329195
2015-11-10,1468.7748602925553
2015-11-11,1471.8592420821922
2015-11-12,1463.5618836960973
2015-11-13,1463.2888504465984
2015-11-16,1463.927468297151
2015-11-17,1477.8532724482116
2015-11-18,1480.7325141771603
2015-11-19,1480.256422448377
2015-11-20,1492.6663680034117
2015-11-23,1490.3064411789035
2015-11-24,1495.2488255095764
2015-11-25,1489.4310666558902
2015-11-26,1482.2419563554133
2015-11-27,1482.4570160489106
2015-11-30,1482.2529743600878
2015-12-01,1475.8251038137232
2015-12-02,1473.126391667529
2015-12-03,1448.9163905886026
2015-12-04,1450.247291751883
2015-12-07,1442.5076976460787
2015-12-08,1422.5741172033079
2015-12-09,1415.3130528816002
2015-12-10,1392.413644417667
2015-12-11,1354.8163087743178
2015-12-14,1384.1912386093816
2015-12-15,1410.8900722258302
2015-12-16,1395.3984750390687
2015-12-17,1411.0610490500444
2015-12-18,1407.3583027969
2015-12-21,1396.4007255198396
2015-12-22,1390.1613934129261
2015-12-23,1395.8437651086347
2015-12-24,1390.4055138891083
2015-12-25,1390.4055138891088
2015-12-28,1383.3692882094829
2015-12-29,1390.1287320532012
2015-12-30,1376.7908004972899
2015-12-31,1382.4137258877022
2016-01-01,1382.4137258877022
2016-01-04,1387.5535206248242
2016-01-05,1395.9969893539512
2016-01-06,1382.0171593531038
2016-01-07,1368.3098011086126
2016-01-08,1358.4387674568375
2016-01-11,1336.092536656083
2016-01-12,1342.6688324867348
2016-01-13,1345.9884377873552
2016-01-14,1341.7758086083722
2016-01-15,1319.5098439929454
2016-01-18,1323.4428844117908
2016-01-19,1319.2046873821166
2016-01-20,1312.44619950513
2016-01-21,1326.613733076241
2016-01-22,1329.2723987483635
2016-01-25,1317.87410166498
2016-01-26,1322.0439220457
2016-01-27,1282.6761535928192
2016-01-28,1277.5915594380165
2016-01-29,1302.0705383437385
2016-02-01,1290.388304111686
2016-02-02,1274.3314931364441
2016-02-03,1260.7578397794975
2016-02-04,1253.525743712658
2016-02-05,1245.0460123904752
2016-02-08,1238.2348309148647
2016-02-09,1228.165377922778
2016-02-10,1232.9773015159517
2016-02-11,1223.7327085287347
2016-02-12,1226.9495120423958
2016-02-15,1234.502937410203
2016-02-16,1231.1049984697888
2016-02-17,1222.9858371570472
2016-02-18,1229.2559200623514
2016-02-19,1228.48116731032
2016-02-22,1228.9215397214891
2016-02-23,1242.506687863185
2016-02-24,1224.7815717909964
2016-02-25,1224.939890387356
2016-02-26,1220.0798586279186
2016-02-29,1226.9772322551933
2016-03-01,1238.105754300541
2016-03-02,1243.0079162452382
2016-03-03,1234.6547728577523
2016-03-04,1230.0269699361138
2016-03-07,1236.101883158197
2016-03-08,1226.905302703719
2016-03-09,1238.6300768025822
2016-03-10,1233.0707769891446
2016-03-11,1228.8288672073702
2016-03-14,1220.2183580285155
2016-03-15,1201.2101830641277
2016-03-16,1198.417808276573
2016-03-17,1218.4395233169905
2016-03-18,1217.1003979760812
2016-03-21,1219.8847364538349
2016-03-22,1222.117158759365
2016-03-23,1222.3107520046779
2016-03-24,1216.0842176340418
2016-03-25,1216.0842176340418
2016-03-28,1213.8868418887619
2016-03-29,1237.9398505011327
2016-03-30,1246.6353071329095
2016-03-31,1248.9742302814825
2016-04-01,1250.545139249465
2016-04-04,1251.2898658987954
2016-04-05,1240.3954889778995
2016-04-06,1230.9883403212605
2016-04-07,1233.573601910272
2016-04-08,1237.5937284119923
2016-04-11,1247.9431502827651
2016-04-12,1256.1958608454825
2016-04-13,1273.407015109253
2016-04-14,1276.4136036460907
2016-04-15,1269.0820627096803
2016-04-18,1274.1029340923799
2016-04-19,1290.3146988311069
2016-04-20,1300.159828585589
2016-04-21,1307.3143565321748
2016-04-22,1302.531504300868
2016-04-25,1300.1436525065824
2016-04-26,1316.887342960325
2016-04-27,1310.7114974423632
2016-04-28,1324.242507977447
2016-04-29,1314.3446006205704
2016-05-02,1306.1101326763117
2016-05-03,1289.0415945214515
2016-05-04,1280.059986097506
2016-05-05,1286.2971624690056
2016-05-06,1283.6511908038528
2016-05-09,1276.078907537522
2016-05-10,1276.253435370101
2016-05-11,1276.2517829683336
2016-05-12,1279.4972496209184
2016-05-13,1277.3304357469615
2016-05-16,1259.5119768332095
2016-05-17,1258.7843369368363
2016-05-18,1257.3413753490358
2016-05-19,1257.9013692978963
2016-05-20,1264.0896141287096
2016-05-23,1261.279798318706
2016-05-24,1269.9536607522236
2016-05-25,1268.84612727252
2016-05-26,1267.054125338108
2016-05-27,1271.6644599008348
2016-05-30,1260.8919073299503
2016-05-31,1264.3560993214896
2016-06-01,1248.2233204518352
2016-06-02,1252.436783337521
2016-06-03,1253.2922963528158
2016-06-06,1272.6360336449093
2016-06-07,1275.8426283123197
2016-06-08,1253.448586521364
2016-06-09,1277.2489562655007
2016-06-10,1256.5439695168052
2016-06-13,1265.4181563897027
2016-06-14,1259.792538340284
2016-06-15,1235.0147585602845
2016-06-16,1226.9794605414352
2016-06-17,1234.4637958280427
2016-06-20,1232.4334662478511
2016-06-21,1250.3719297378748
2016-06-22,1265.6491688737672
2016-06-23,1258.3822900178159
2016-06-24,1245.0225176759745
2016-06-27,1212.5740165428215
2016-06-28,1180.0037100722293
2016-06-29,1217.771332386002
2016-06-30,1226.094634763759
2016-07-01,1229.7912731183023
2016-07-04,1230.426049486928
2016-07-05,1215.9604887711796
2016-07-06,1209.5223051791909
2016-07-07,1220.7551021775703
2016-07-08,1233.0111679244983
2016-07-11,1246.2259189450883
2016-07-12,1251.0629537185189
2016-07-13,1243.7255454486485
2016-07-14,1253.6013228489653
2016-07-15,1248.069524865848
2016-07-18,1247.581551185287
2016-07-19,1247.3975140030307
2016-07-20,1266.3131521614475
2016-07-21,1263.6030506558404
2016-07-22,1257.0861817604466
2016-07-25,1248.481752750637
2016-07-26,1248.569181477632
2016-07-27,1219.2947184383622
2016-07-28,1223.9518716491941
2016-07-29,1208.9078438960687
2016-08-01,1215.7901197397114
2016-08-02,1193.8416275656177
2016-08-03,1197.3682050218758
2016-08-04,1196.3108331636056
2016-08-05,1192.2276903873565
2016-08-08,1180.2437882127365
2016-08-09,1189.3188895925853
2016-08-10,1176.2560501406358
2016-08-11,1167.2521723686177
2016-08-12,1123.0321294504208
2016-08-15,1142.8210272831027
2016-08-16,1111.6638809755227
2016-08-17,1072.3932556397674
2016-08-18,1064.7026165172535
2016-08-19,1061.755699761306
2016-08-22,1052.1256443246227
2016-08-23,1085.8516247468392
2016-08-24,1050.5292078795405
2016-08-25,1031.0416394801284
2016-08-26,1042.055635136912
2016-08-29,1027.645571421334
2016-08-30,1024.41397383975
2016-08-31,1010.8806300782192
2016-09-01,1010.1128271658899
2016-09-02,1045.9241814111372
2016-09-05,1053.3918526580155
2016-09-06,1077.7508929036667
2016-09-07,1042.5836312275364
2016-09-08,1070.6122636059868
2016-09-09,1030.9027299187605
2016-09-12,1024.8433738886995
2016-09-13,1007.7299403226249
2016-09-14,1012.9739139117228
2016-09-15,1046.1697251317098
2016-09-16,1049.2613539405597
2016-09-19,1079.5145396761593
2016-09-20,1127.487831898501
2016-09-21,1165.6608224459706
2016-09-22,1180.9895533001554
2016-09-23,1172.8206683502483
2016-09-26,1162.8945462631473
2016-09-27,1173.3574623921866
2016-09-28,1172.9645629451604
2016-09-29,1148.2295524812791
2016-09-30,1144.4183683941544
2016-10-03,1145.1599418087285
2016-10-04,1154.686556984269
2016-10-05,1166.680236685499
2016-10-06,1139.6406139418261
2016-10-07,1169.9757576885236
2016-10-10,1164.2532942526614
2016-10-11,1135.6504689192923
2016-10-12,1143.9994325484636
2016-10-13,1145.0485346899509
2016-10-14,1158.1604620336018
2016-10-17,1160.6707894901176
2016-10-18,1171.937140685936
2016-10-19,1192.0774315529154
2016-10-20,1195.5279545835733
2016-10-21,1195.2123322748498
2016-10-24,1207.0345351517517
2016-10-25,1217.8036425748066
2016-10-26,1209.261670516722
2016-10-27,1215.1519088805208
2016-10-28,1211.4823192798544
2016-10-31,1228.2541494800826
2016-11-01,1207.8282064487087
2016-11-02,1202.8565448345437
2016-11-03,1192.9290898778622
2016-11-04,1176.0706744894342
2016-11-07,1184.4614614707293
2016-11-08,1180.8639346086775
2016-11-09,1168.0105923297938
2016-11-10,1156.2911523080058
2016-11-11,1138.6420700206347
2016-11-14,1152.9357259920969
2016-11-15,1157.7849925184394
2016-11-16,1165.5572777363654
2016-11-17,1165.1963706155411
2016-11-18,1155.132070473084
2016-11-21,1136.9653203632524
2016-11-22,1125.0192514589196
2016-11-23,1109.9905347562253
2016-11-24,1097.6661302539617
2016-11-25,1095.374789832691
2016-11-28,1130.1153487395147
2016-11-29,1090.6478805092702
2016-11-30,1083.2434122030768
2016-12-01,1074.787353697023
2016-12-02,1067.0886852008116
2016-12-05,1052.9521072204457
2016-12-06,1062.6963859234115
2016-12-07,1081.9755238981336
2016-12-08,1076.6393486905713
2016-12-09,1069.972962742343
2016-12-12,1066.7800379935093
2016-12-13,1053.6951130836508
2016-12-14,1064.4234564751064
2016-12-15,1047.8280315106376
2016-12-16,1039.4890887226168
2016-12-19,1033.8131055667773
2016-12-20,1064.121972912169
2016-12-21,1065.7888690431867
2016-12-22,1081.9635697357542
2016-12-23,1083.3357461491576
2016-12-26,1083.3357461491576
2016-12-27,1086.2708266377235
2016-12-28,1088.9629340588463
2016-12-29,1076.347372227106
2016-12-30,1098.8493125881128
2017-01-02,1098.849312588113
2017-01-03,1092.6549907791295
2017-01-04,1096.2139275837062
2017-01-05,1096.8028903388183
2017-01-06,1080.828559649526
2017-01-09,1080.690840137104
2017-01-10,1078.78410035106
2017-01-11,1081.027048849236
2017-01-12,1092.1949769836253
2017-01-13,1106.9135453441334
2017-01-16,1083.3862350958343
2017-01-17,1080.047173475723
2017-01-18,1081.321044131833
2017-01-19,1095.182205271533
2017-01-20,1088.0972786906636
2017-01-23,1072.8955004953564
2017-01-24,1080.195631643382
2017-01-25,1085.6702094326874
2017-01-26,1094.3240016617442
2017-01-27,1065.648857238881
2017-01-30,1067.336983901215
2017-01-31,1066.023842495086
2017-02-01,1062.4668121736952
2017-02-02,1063.4950605487106
2017-02-03,1070.7970099967001
2017-02-06,1077.2682703308226
2017-02-07,1092.8758557457338
2017-02-08,1089.3311795852567
2017-02-09,1081.4510538730005
2017-02-10,1099.1203855220294
2017-02-13,1103.189378641223
2017-02-14,1111.7665380675999
2017-02-15,1139.1657845028533
2017-02-16,1135.718281679873
2017-02-17,1121.9469471917348
2017-02-20,1129.050775659543
2017-02-21,1130.157574733475
2017-02-22,1114.778428601282
2017-02-23,1125.965665519206
2017-02-24,1123.1407665777888
2017-02-27,1108.7884754898328
2017-02-28,1111.7385531462019
2017-03-01,1112.315171916548
2017-03-02,1103.3925335675276
2017-03-03,1081.236911051851
2017-03-06,1084.561562846137
2017-03-07,1067.0781037206862
2017-03-08,1059.2363083233104
2017-03-09,1052.0920746646875
2017-03-10,1045.8141037538737
2017-03-13,1044.3533465221094
2017-03-14,1069.473781286397
2017-03-15,1074.3041996359855
2017-03-16,1086.60844964173
2017-03-17,1088.4216075318943
2017-03-20,1101.1983662234811
2017-03-21,1097.57151177314
2017-03-22,1108.1183969123938
2017-03-23,1146.7361063102185
2017-03-24,1186.1799074884182
2017-03-27,1147.2767245445007
2017-03-28,1130.4386032338382
2017-03-29,1135.2255728604264
2017-03-30,1099.8806668192733
2017-03-31,1072.604286091465
2017-04-03,1085.5967460594084
2017-04-04,1086.06605505555
2017-04-05,1079.6937268009722
2017-04-06,1118.2610796308213
2017-04-07,1087.9508114758203
2017-04-10,1083.9216581174041
2017-04-11,1087.0920731639687
2017-04-12,1101.7091934088328
2017-04-13,1144.3744364854967
2017-04-14,1144.374436485497
2017-04-17,1143.559287480129
2017-04-18,1116.0084822022768
2017-04-19,1114.2869111088899
2017-04-20,1109.6210653313483
2017-04-21,1128.2772531071362
2017-04-24,1119.6570267492355
2017-04-25,1110.0525515794002
2017-04-26,1107.9920906640154
2017-04-27,1105.1420155466465
2017-04-28,1097.3187498283123
2017-05-01,1096.7804892102197
2017-05-02,1089.1287812562975
2017-05-03,1085.9130200633128
2017-05-04,1126.76206046813
2017-05-05,1069.8402450911976
2017-05-08,1120.0216114514385
2017-05-09,1122.1753522959618
2017-05-10,1113.231478043497
2017-05-11,1119.6474111905225
2017-05-12,1115.3253659838094
2017-05-15,1120.453562921568
2017-05-16,1115.8807606836187
2017-05-17,1104.5731822054895
2017-05-18,1091.7967726439065
2017-05-19,1092.877914181709
2017-05-22,1089.37104457275
2017-05-23,1122.694022416259
2017-05-24,1109.305157518693
2017-05-25,1134.0230772832874
2017-05-26,1128.9279343379224
2017-05-29,1114.65808507214
2017-05-30,1100.7039907697078
2017-05-31,1109.7941222342185
2017-06-01,1120.408950931548
2017-06-02,1119.4824792630886
2017-06-05,1124.0097337245206
2017-06-06,1109.3161996688373
2017-06-07,1096.0072693120926
2017-06-08,1094.111460021282
2017-06-09,1088.9485554580708
2017-06-12,1090.557410019883
2017-06-13,1092.0531269555127
2017-06-14,1096.1386670334464
2017-06-15,1092.3607003774314
2017-06-16,1089.5823496935307
2017-06-19,1057.2616301288815
2017-06-20,1079.0604856377302
2017-06-21,1073.2387018127483
2017-06-22,1071.1842333148597
2017-06-23,1047.4365254731176
2017-06-26,1051.597196195777
2017-06-27,1052.0763159914418
2017-06-28,1019.6908138552941
2017-06-29,1008.5207215395412
2017-06-30,1002.4145225043234
2017-07-03,1031.04644164361
2017-07-04,1031.5464782762265
2017-07-05,1025.9386172032575
2017-07-06,1011.3269055171688
2017-07-07,994.6396372883204
2017-07-10,988.5448821692279
2017-07-11,1002.2750131995411
2017-07-12,991.109222810839
2017-07-13,989.525328326836
2017-07-14,1027.5428887388578
2017-07-17,1002.4382447616281
2017-07-18,1010.6292263169651
2017-07-19,1001.9817363275268
2017-07-20,993.2469675755558
2017-07-21,995.198117129967
2017-07-24,1006.7828726383989
2017-07-25,978.9377807874007
2017-07-26,981.2636749256251
2017-07-27,972.2064677561631
2017-07-28,965.7906047309291
2017-07-31,951.3493511444492
2017-08-01,952.7662673922773
2017-08-02,946.2856646630227
2017-08-03,927.8956426573461
2017-08-04,938.3301139295
2017-08-07,938.9050545373141
2017-08-08,927.010723226493
2017-08-09,912.9716434636892
2017-08-10,928.6604248577906
2017-08-11,919.4077399344823
2017-08-14,920.1136455795555
2017-08-15,919.3913971410873
2017-08-16,922.856993306582
2017-08-17,916.2921289348677
2017-08-18,912.0034878425923
2017-08-21,910.4429934628538
2017-08-22,913.4703289364703
2017-08-23,909.7604788095161
2017-08-24,908.1379428083411
2017-08-25,906.0081252723037
2017-08-28,905.2152453960891
2017-08-29,883.8510888382037
2017-08-30,874.6280793399815
2017-08-31,871.9822650818402
2017-09-01,877.6087444929007
2017-09-04,871.8589654000237
2017-09-05,897.7697233858021
2017-09-06,915.9132197662565
2017-09-07,932.6518803945808
2017-09-08,939.3367904465266
2017-09-11,929.6793343534328
2017-09-12,927.7176170013859
2017-09-13,931.6063117501496
2017-09-14,921.5085560626037
2017-09-15,914.9210667852763
2017-09-18,917.1775609290823
2017-09-19,904.45830206901
2017-09-20,905.4104406840066
2017-09-21,949.2866308483462
2017-09-22,930.5454314864205
2017-09-25,932.0603976160814
2017-09-26,935.7948231848698
2017-09-27,925.256796691968
2017-09-28,939.6222908285558
2017-09-29,938.1302816673929
2017-10-02,939.2226417300619
2017-10-03,901.6509218116087
2017-10-04,949.593310766741
2017-10-05,954.1818677928284
2017-10-06,933.4855996809283
2017-10-09,928.3593895556866
2017-10-10,937.7357176407311
2017-10-11,944.4024650333879
2017-10-12,938.1517116988838
2017-10-13,947.2674269231338
2017-10-16,961.4626069944379
2017-10-17,945.811463626402
2017-10-18,941.390942620528
2017-10-19,944.5137979171146
2017-10-20,940.1154580910941
2017-10-23,936.0904858133399
2017-10-24,933.7638774431479
2017-10-25,921.4168172016773
2017-10-26,920.1243023393369
2017-10-27,922.9082597129476
2017-10-30,936.8270014432943
2017-10-31,925.7097913529368
2017-11-01,930.6498265934669
2017-11-02,929.048261568343
2017-11-03,924.3197187010907
2017-11-06,926.6616832075472
2017-11-07,926.0415720031958
2017-11-08,914.7226016185039
2017-11-09,898.6898537833034
2017-11-10,893.769324121829
2017-11-13,888.2258817518684
2017-11-14,892.5350166106252
2017-11-15,890.7356334032734
2017-11-16,910.9325655649297
2017-11-17,912.2282475573486
2017-11-20,905.9030588434937
2017-11-21,909.0929626924885
2017-11-22,904.5201984344975
2017-11-23,898.5890019883664
2017-11-24,896.0802140193467
2017-11-27,911.4052658142895
2017-11-28,919.4505436607792
2017-11-29,920.1644752718918
2017-11-30,910.7495147616636
2017-12-01,909.114841485035
2017-12-04,922.7576717029749
2017-12-05,919.6622029469565
2017-12-06,917.8656462926515
2017-12-07,900.615660054294
2017-12-08,919.2857481104793
2017-12-11,903.0216212965632
2017-12-12,917.2024503897846
2017-12-13,906.4314402277597
2017-12-14,909.5787177825865
2017-12-15,934.849298621853
2017-12-18,940.1281278974903
2017-12-19,949.2790635589467
2017-12-20,938.9008547079213
2017-12-21,948.1706450006085
2017-12-22,955.4074849648472
2017-12-25,955.4074849648471
2017-12-26,954.6171734602542
2017-12-27,964.7782771486814
2017-12-28,960.431506643885
2017-12-29,952.7823729297903
2018-01-01,952.7823729297903
2018-01-02,957.109140846407
2018-01-03,951.1836678405167
2018-01-04,954.0118644385255
2018-01-05,954.6533671872162
2018-01-08,956.0350478932593
2018-01-09,961.3351337442504
2018-01-10,953.4130405129662
2018-01-11,950.3491000376555
2018-01-12,944.5709988926163
2018-01-15,943.9837590848574
2018-01-16,955.3724649979813
2018-01-17,981.775309683041
2018-01-18,987.4742086694968
2018-01-19,981.7798856656
2018-01-22,989.5389929884054
2018-01-23,963.8237921307523
2018-01-24,967.4702972409798
2018-01-25,961.5310813114338
2018-01-26,964.328404020922
2018-01-29,987.4077930247852
2018-01-30,972.0751784388025
2018-01-31,986.5828741588233
2018-02-01,985.6623347389341
2018-02-02,983.0387479527475
2018-02-05,980.1575662540438
2018-02-06,989.5261280274142
2018-02-07,996.8395171013946
2018-02-08,990.8999838012853
2018-02-09,993.1920211861253
2018-02-12,1004.5726134508724
2018-02-13,984.5476797010917
2018-02-14,1004.0074630125239
2018-02-15,994.5398146610776
2018-02-16,1015.3543953378963
2018-02-19,1010.4366480578649
2018-02-20,1014.3148220420198
2018-02-21,1030.9539566559315
2018-02-22,1015.0070953450717
2018-02-23,1035.581467906125
2018-02-26,1033.207350523881
2018-02-27,1019.6488477510851
2018-02-28,1018.3520468747109
2018-03-01,1015.8151552859316
2018-03-02,988.726849495137
2018-03-05,1002.3543828884788
2018-03-06,1001.9496639542139
2018-03-07,996.2263210469645
2018-03-08,993.7217058538238
2018-03-09,966.8676245173194
2018-03-12,968.3139881293582
2018-03-13,966.7035520085225
2018-03-14,967.8195538105474
2018-03-15,987.3370348731934
2018-03-16,970.1468834221155
2018-03-19,961.1329043427834
2018-03-20,970.6874653002604
2018-03-21,968.3459396504443
2018-03-22,970.2692931981052
2018-03-23,911.0815308568383
2018-03-26,906.5200478459002
2018-03-27,901.3221583385185
2018-03-28,868.8070905295828
2018-03-29,887.0369643575601
2018-03-30,887.0369643575601
2018-04-02,886.1821844296876
2018-04-03,895.7025910427025
2018-04-04,932.9171528274833
2018-04-05,934.3517178001579
2018-04-06,916.1288673498117
2018-04-09,911.3111866986633
2018-04-10,907.5482777073356
2018-04-11,883.5116446043188
2018-04-12,893.6293513925577
2018-04-13,879.2655535389298
2018-04-16,893.244646754316
2018-04-17,907.8749388800512
2018-04-18,912.2698999906598
2018-04-19,912.2274633219005
2018-04-20,885.0637230788755
2018-04-23,904.5775339059345
2018-04-24,903.5657240053607
2018-04-25,900.9859705349946
2018-04-26,978.0784960258572
2018-04-27,983.4645595451684
2018-04-30,989.8905488135117
2018-05-01,993.5984891052893
2018-05-02,998.6865611177514
2018-05-03,1011.0020418122526
2018-05-04,1019.3772488905224
2018-05-07,1021.3745240562398
2018-05-08,1023.1051563264945
2018-05-09,1025.4823884051928
2018-05-10,1028.9569144865318
2018-05-11,1010.3767137244934
2018-05-14,1007.1485223349765
2018-05-15,1004.232174756526
2018-05-16,1004.9854430257117
2018-05-17,1001.1485323595978
2018-05-18,991.9124033573158
2018-05-21,960.3834018458724
2018-05-22,991.443949635954
2018-05-23,999.0726175016293
2018-05-24,996.7832214568302
2018-05-25,991.2873353830031
2018-05-28,1024.6770607603764
2018-05-29,995.5695858452439
2018-05-30,993.7012573987828
2018-05-31,986.998316825982
2018-06-01,985.6138151615885
2018-06-04,987.1363146448945
2018-06-05,969.2027583269188
2018-06-06,956.4359031907937
2018-06-07,949.81887865948
2018-06-08,943.5037587687685
2018-06-11,908.2066396913177
2018-06-12,907.4587190376241
2018-06-13,901.7394353571937
2018-06-14,900.1483439616253
2018-06-15,894.7648787123253
2018-06-18,911.1375990356056
2018-06-19,909.6852309758258
2018-06-20,913.5730901711477
2018-06-21,884.8388785020428
2018-06-22,918.3988516866549
2018-06-25,880.113063815447
2018-06-26,879.8914996542009
2018-06-27,886.4745127701797
2018-06-28,881.0120594657835
2018-06-29,882.2472062015237
2018-07-02,884.6402440788831
2018-07-03,873.0532156896264
2018-07-04,864.502405789102
2018-07-05,866.5625340760109
2018-07-06,868.8606079923331
2018-07-09,871.279983470745
2018-07-10,871.3020327091754
2018-07-11,858.2061957642184
2018-07-12,865.3121870637993
2018-07-13,899.0278060168908
2018-07-16,874.3525816743626
2018-07-17,890.6635089460113
2018-07-18,891.8862332013514
2018-07-19,883.3389606252297
2018-07-20,867.5835635170043
2018-07-23,859.5562488364748
2018-07-24,873.6516330445047
2018-07-25,879.2566419685198
2018-07-26,900.1442355378974
2018-07-27,900.6044250578351
2018-07-30,885.6277777197469
2018-07-31,872.6436770225257
2018-08-01,872.2989507633321
2018-08-02,881.0274352550995
2018-08-03,865.6466316906157
2018-08-06,861.5230877193492
2018-08-07,865.9839899904911
2018-08-08,860.8949177881004
2018-08-09,855.519973339997
2018-08-10,845.7739333624326
2018-08-13,836.3964057396122
2018-08-14,834.2602277196602
2018-08-15,821.7919999806595
2018-08-16,819.255715989871
2018-08-17,814.2888051112956
2018-08-20,816.4417522303008
2018-08-21,811.6154042219798
2018-08-22,797.5186766428868
2018-08-23,808.8147857645098
2018-08-24,796.9425112154304
2018-08-27,798.3629064939595
2018-08-28,786.0125567498721
2018-08-29,778.1483487977142
2018-08-30,775.9486656837591
2018-08-31,783.8728153745693
2018-09-03,771.8533595439353
2018-09-04,760.7491296265923
2018-09-05,744.9896664636591
2018-09-06,746.5193138521017
2018-09-07,771.3430308571673
2018-09-10,755.4673550594083
2018-09-11,759.867682449633
2018-09-12,758.2651244092616
2018-09-13,756.6503357744842
2018-09-14,763.7275615741028
2018-09-17,758.7225805322355
2018-09-18,758.1111910634914
2018-09-19,764.7531288169032
2018-09-20,797.9515745200666
2018-09-21,783.861658980897
2018-09-24,784.8937722440696
2018-09-25,642.9906538531366
2018-09-26,654.9795545965093
2018-09-27,663.7548298423752
2018-09-28,682.9984996495788
2018-10-01,704.5801232017442
2018-10-02,698.8063446256933
2018-10-03,700.255099792148
2018-10-04,691.7250910419463
2018-10-05,691.5814027403815
2018-10-08,684.9218022048962
2018-10-09,679.9033383505364
2018-10-10,685.7230112518466
2018-10-11,687.0613166537889
2018-10-12,692.4403810740157
2018-10-15,690.0418849939641
2018-10-16,684.2530427670224
2018-10-17,693.688330648158
2018-10-18,695.4379988806546
2018-10-19,689.8081013277833
2018-10-22,698.7960386746543
2018-10-23,678.6875907705024
2018-10-24,681.0003823487533
2018-10-25,681.510927836466
2018-10-26,682.983411208079
2018-10-29,684.0728343269608
2018-10-30,683.4957153577782
2018-10-31,674.6324942238101
2018-11-01,675.5756946073709
2018-11-02,681.5357871683251
2018-11-05,683.1910517428555
2018-11-06,682.8377470396915
2018-11-07,685.2822737194178
2018-11-08,682.9167735155762
2018-11-09,679.5566320399084
2018-11-12,682.1031919578509
2018-11-13,678.3744231969187
2018-11-14,680.6600652458873
2018-11-15,680.9820280869034
2018-11-16,683.429896112694
2018-11-19,681.6651070402738
2018-11-20,681.1708556765411
2018-11-21,686.8954458380358
2018-11-22,689.8158054731416
2018-11-23,690.187064436311
2018-11-26,690.4088210459452
2018-11-27,691.2416781419552
2018-11-28,691.9818672368175
2018-11-29,693.9918558145475
2018-11-30,691.4593801519102
2018-12-03,623.244193465008
2018-12-04,622.355913405651
2018-12-05,619.8824796424374
2018-12-06,611.3345740529912
2018-12-07,613.762886420044
2018-12-10,606.8868628403847
2018-12-11,612.834095975273
2018-12-12,617.3613352331954
2018-12-13,617.4549411064088
2018-12-14,614.9746669748465
2018-12-17,614.0936563760359
2018-12-18,615.544809688345
2018-12-19,616.4923686480478
2018-12-20,614.9213651624051
2018-12-21,611.5356260274658
2018-12-24,606.741583021785
2018-12-25,606.741583021785
2018-12-26,607.0920715552869
2018-12-27,608.808287814331
2018-12-28,610.1094993270666
2018-12-31,610.2022411001803
2019-01-01,610.2022411001802
2019-01-02,614.172555596332
2019-01-03,621.7601561785937
2019-01-04,624.5877903189016
2019-01-07,631.7830878820015
2019-01-08,629.955953736187
2019-01-09,629.3202829215784
2019-01-10,629.2771582881124
2019-01-11,631.5825753605425
2019-01-14,633.3844742040303
2019-01-15,636.2726046254223
2019-01-16,638.9566647041389
2019-01-17,637.9634572701503
2019-01-18,561.1347792064886
2019-01-21,559.4157135195534
2019-01-22,559.2691028684127
2019-01-23,554.7804376178987
2019-01-24,563.5475971017412
2019-01-25,563.6985914037585
2019-01-28,560.6783345072215
2019-01-29,556.0365583857852
2019-01-30,556.104838340887
2019-01-31,560.6517084269119
2019-02-01,555.2335984827679
2019-02-04,556.001494790352
2019-02-05,563.1947111929146
2019-02-06,562.7055175648081
2019-02-07,561.7680352686845
2019-02-08,561.9808939565463
2019-02-11,561.0291629501144
2019-02-12,553.616921261579
2019-02-13,550.1261587715842
2019-02-14,548.4024273841748
2019-02-15,549.5463471257593
2019-02-18,546.8503907983168
2019-02-19,546.103955256164
2019-02-20,548.3042418999999
2019-02-21,547.7970415711546
2019-02-22,548.7635999226684
2019-02-25,550.6954386165046
2019-02-26,550.7412423995427
2019-02-27,547.0490299218428
2019-02-28,543.1011752914135
2019-03-01,540.2069413435291
2019-03-04,538.2597445867145
2019-03-05,540.1708111047503
2019-03-06,539.0240248854977
2019-03-07,537.3669918185723
2019-03-08,537.2234962490803
2019-03-11,540.0413561852123
2019-03-12,538.7748980823176
2019-03-13,536.5330814913087
2019-03-14,535.046289107573
2019-03-15,535.7514466824965
2019-03-18,534.6349884738984
2019-03-19,534.7834913961093
2019-03-20,535.0966867890318
2019-03-21,547.2284388333865
2019-03-22,546.5863527173982
2019-03-25,547.8955515941719
2019-03-26,548.1747651489293
2019-03-27,546.0328429556943
2019-03-28,545.6804853133774
2019-03-29,548.6497011612917
2019-04-01,554.6216315468782
2019-04-02,554.3583738818648
2019-04-03,554.2018191003626
2019-04-04,548.4914724834624
2019-04-05,548.756347788366
2019-04-08,546.2997470239981
2019-04-09,547.4823269285002
2019-04-10,550.2961462820388
2019-04-11,548.0622870205856
2019-04-12,547.2319199062416
2019-04-15,546.2934843788904
2019-04-16,545.5956089687528
2019-04-17,547.2102677904127
2019-04-18,547.7558136904726
2019-04-19,547.7558136904723
2019-04-22,549.5196847357738
2019-04-23,544.872791138057
2019-04-24,543.9244445479178
2019-04-25,545.6064079156401
2019-04-26,547.0449603838032
2019-04-29,546.8734882934087
2019-04-30,544.8727911380568
2019-05-01,542.9580912971098
2019-05-02,542.2178284541244
2019-05-03,545.2381211321676
2019-05-06,542.5368396332126
2019-05-07,543.4606551494362
2019-05-08,545.1159944906445
2019-05-09,542.0344360772937
2019-05-10,545.4056324045276
2019-05-13,543.4188664362927
2019-05-14,545.7960355440915
2019-05-15,546.3556057269791
2019-05-16,519.1351602180972
2019-05-17,516.9832195608598
2019-05-20,517.5624294894732
2019-05-21,516.243586955501
2019-05-22,517.5163768641684
2019-05-23,516.032026405545
2019-05-24,514.9298677873451
2019-05-27,515.2046827944869
2019-05-28,511.5908312313956
2019-05-29,511.9230184218571
2019-05-30,512.3802457117715
2019-05-31,515.2190406073277
2019-06-03,514.2136278292069
2019-06-04,509.45631673521314
2019-06-05,505.9399196464666
2019-06-06,500.0144444869919
2019-06-07,499.4921407029131
2019-06-10,501.8476219052953
2019-06-11,503.50455414073787
2019-06-12,501.6038021163742
2019-06-13,488.6196965378771
2019-06-14,491.75638789518825
2019-06-17,491.17811256666255
2019-06-18,497.24779323896365
2019-06-19,495.9177202331084
2019-06-20,497.38418681477606
2019-06-21,496.0880573583885
2019-06-24,492.819252127009
2019-06-25,490.5067115864255
2019-06-26,491.2891687277495
2019-06-27,493.46934687310386
2019-06-28,492.8859818779643
2019-07-01,495.91283088221417
2019-07-02,496.94427283101
2019-07-03,497.53894088784807
2019-07-04,498.04504033194564
2019-07-05,497.4999015043428
2019-07-08,498.3416903420481
2019-07-09,498.21020342055846
2019-07-10,498.35809956692776
2019-07-11,500.38756881031895
2019-07-12,498.8212007666081
2019-07-15,498.929510302345
2019-07-16,500.6409894440246
2019-07-17,501.082600189191
2019-07-18,502.45753846069204
2019-07-19,502.30082830344617
2019-07-22,496.34951041228356
2019-07-23,498.2594455033068
2019-07-24,498.8361060764487
2019-07-25,471.08372918298033
2019-07-26,468.6731229556282
2019-07-29,468.7135236521548
2019-07-30,468.87838417077
2019-07-31,451.9771271427522
2019-08-01,449.46888382637326
2019-08-02,444.80057572665856
2019-08-05,439.81658679833305
2019-08-06,439.75761170512266
2019-08-07,436.2223833036603
2019-08-08,437.2868547494872
2019-08-09,434.84667528674515
2019-08-12,432.9696801431411
2019-08-13,436.33299844327297
2019-08-14,434.92537457459684
2019-08-15,438.2450731318145
2019-08-16,438.16072371966726
2019-08-19,403.21779417161116
2019-08-20,403.678039346553
2019-08-21,370.91385669542206
2019-08-22,371.55441695560467
2019-08-23,369.0757338799261
2019-08-26,370.45113754232034
2019-08-27,369.84321033663724
2019-08-28,353.0603905405893
2019-08-29,286.3610581444331
2019-08-30,288.72338779181206
2019-09-02,289.5873342776393
2019-09-03,290.3610971424995
2019-09-04,291.7861844233965
2019-09-05,291.0977952397818
2019-09-06,291.94751390201316
2019-09-09,292.0147760875292
2019-09-10,292.75650743294364
2019-09-11,293.2881840349632
2019-09-12,293.6729103215421
2019-09-13,293.5247126282073
2019-09-16,294.554129329554
2019-09-17,292.21298513053154
2019-09-18,292.9028470818545
2019-09-19,306.3591715868626
2019-09-20,304.9362706531051
2019-09-23,306.04968881679207
2019-09-24,305.5057421632045
2019-09-25,305.41707708195946
2019-09-26,305.5411530521343
2019-09-27,304.7010657256504
2019-09-30,305.4661722817171
2019-10-01,305.0324900586471
2019-10-02,303.41123739023504
2019-10-03,303.50712501793106
2019-10-04,304.4836764989231
2019-10-07,303.3847127814059
2019-10-08,302.93860234406293
2019-10-09,302.7932152458107
2019-10-10,303.37654913041575
2019-10-11,305.59378057932287
2019-10-14,298.85055849021273
2019-10-15,287.57858849949776
2019-10-16,286.1427422506842
2019-10-17,286.17120602517
2019-10-18,285.8785721066548
2019-10-21,286.00992076332227
2019-10-22,287.34213145335076
2019-10-23,287.8857393946018
2019-10-24,288.18387852765926
2019-10-25,288.22222083708414
2019-10-28,288.964229958966
2019-10-29,288.36631018126303
2019-10-30,281.3394716796811
2019-10-31,279.88124578278735
2019-11-01,279.86185872549174
2019-11-04,282.5136815449534
2019-11-05,284.58001485166164
2019-11-06,283.511349184507
2019-11-07,284.7333559289511
2019-11-08,285.03000064409633
2019-11-11,284.061064133505
2019-11-12,284.16244662820355
2019-11-13,284.08447134417867
2019-11-14,285.22417167112417
2019-11-15,284.5401329675442
2019-11-18,283.79546517076955
2019-11-19,273.05538483532376
2019-11-20,273.0910148081504
2019-11-21,273.7361023036226
2019-11-22,274.79050791815155
2019-11-25,274.5796542930423
2019-11-26,274.06901842580385
2019-11-27,267.803402648613
2019-11-28,267.6330829449343
2019-11-29,253.5436724764948
2019-12-02,252.6158112342365
2019-12-03,252.22831530886734
2019-12-04,252.82098927189128
2019-12-05,252.2970121303887
2019-12-06,253.29030745373663
2019-12-09,253.3690551260082
2019-12-10,251.1462054801211
2019-12-11,251.772533600656
2019-12-12,252.82058955505795
2019-12-13,252.93378108376672
2019-12-16,254.00003145781264
2019-12-17,253.36381190037957
2019-12-18,254.53509120006237
2019-12-19,254.75261320486615
2019-12-20,255.75006757080743
2019-12-23,259.622524346022
2019-12-24,259.56399807813517
2019-12-25,259.56399807813517
2019-12-26,259.5037557801109
2019-12-27,259.5195804671703
2019-12-30,258.58143229839084
2019-12-31,259.0450726617653
2020-01-01,259.0450726617653
2020-01-02,259.7374016130128
2020-01-03,257.82039755365145
2020-01-06,257.80557826915293
2020-01-07,258.0881702650842
2020-01-08,259.0136637012062
2020-01-09,260.10276133490396
2020-01-10,259.29186380209694
2020-01-13,257.0190493494753
2020-01-14,275.5762022456231
2020-01-15,275.4252491688698
2020-01-16,275.08151804287553
2020-01-17,275.78934507893024
2020-01-20,275.65484629160983
2020-01-21,275.2698534895266
2020-01-22,277.0179856160603
2020-01-23,277.4723401633875
2020-01-24,292.3049305987559
2020-01-27,290.2767447268192
2020-01-28,298.01967154560447
2020-01-29,308.979005708296
2020-01-30,309.5545936336387
2020-01-31,307.06524283757716
2020-02-03,308.41937697576833
2020-02-04,310.131374781966
2020-02-05,310.8216742991244
2020-02-06,317.71822245799143
2020-02-07,315.50197534026756
2020-02-10,317.18063745066604
2020-02-11,318.99905282874994
2020-02-12,319.75953709748796
2020-02-13,320.4421381086637
2020-02-14,321.23369475318606
2020-02-17,320.09483946304744
2020-02-18,320.1405602431003
2020-02-19,320.6921040467133
2020-02-20,318.6014513805294
2020-02-21,317.52879935278946
2020-02-24,316.87052960862985
2020-02-25,330.84640834519644
2020-02-26,331.3660964918541
2020-02-27,318.655233142745
2020-02-28,316.39190795873174
2020-03-02,313.43945087903353
2020-03-03,315.2743495257349
2020-03-04,316.67130960243634
2020-03-05,313.22234092307394
2020-03-06,310.2023035118122
2020-03-09,305.5612600131332
2020-03-10,306.35170461216325
2020-03-11,307.13471683675044
2020-03-12,307.81786056205357
2020-03-13,309.9264186673401
2020-03-16,305.3676588960095
2020-03-17,308.2250968103182
2020-03-18,306.76789984507684
2020-03-19,307.27324313721766
2020-03-20,306.53844771135743
2020-03-23,302.17482125128396
2020-03-24,285.6028625716559
2020-03-25,285.6733643560986
2020-03-26,282.7147629401804
2020-03-27,281.3460697989031
2020-03-30,279.23564089130963
2020-03-31,281.3573123990949
2020-04-01,281.5953585377622
2020-04-02,279.2660693522703
2020-04-03,274.7777876401749
2020-04-06,275.83483268193453
2020-04-07,276.681658720061
2020-04-08,277.8226896106151
2020-04-09,278.5788455599733
2020-04-10,278.5788455599732
2020-04-13,279.04930676233715
2020-04-14,272.2027424211375
2020-04-15,270.83313314774955
2020-04-16,271.88719693323947
2020-04-17,269.5802596869384
2020-04-20,270.7572457177921
2020-04-21,266.02558494947846
2020-04-22,267.0249660752238
2020-04-23,266.8486231001811
2020-04-24,267.23115754254445
2020-04-27,267.52386572880476
2020-04-28,268.7175075643884
2020-04-29,270.8032348964894
2020-04-30,268.3431854239979
2020-05-01,267.1516409319865
2020-05-04,266.80016224872276
2020-05-05,270.30886616811284
2020-05-06,268.5892536636362
2020-05-07,269.7468043086069
2020-05-08,290.16301463323936
2020-05-11,290.5547099129235
2020-05-12,290.46065872609256
2020-05-13,289.65118089601407
2020-05-14,289.09876092129275
2020-05-15,288.96514777671564
2020-05-18,289.15764676324164
2020-05-19,288.5238121321665
2020-05-20,289.59975455787
2020-05-21,289.9030417974126
2020-05-22,293.5388641923589
2020-05-25,293.6332242938801
2020-05-26,290.5228196130351
2020-05-27,293.4190595815983
2020-05-28,291.91999043217186
2020-05-29,288.93439616248287
2020-06-01,290.7988888326711
2020-06-02,291.49301943283285
2020-06-03,288.63782423810096
2020-06-04,286.4670192806216
2020-06-05,287.07269195557285
2020-06-08,287.8906113865472
2020-06-09,288.0282263243091
2020-06-10,288.58979868211486
2020-06-11,284.37633799836345
2020-06-12,286.6040402613593
2020-06-15,285.0563224443992
2020-06-16,269.8500113859322
2020-06-17,268.4785732400905
2020-06-18,266.660271628586
2020-06-19,268.15071677801393
2020-06-22,266.9153978629967
2020-06-23,266.16094762976263
2020-06-24,266.5897002028218
2020-06-25,257.1898522673064
2020-06-26,256.6966666791147
2020-06-29,256.14489321496006
2020-06-30,248.76385776872715
2020-07-01,248.40511140391243
2020-07-02,251.62121680851874
2020-07-03,250.86776041356046
2020-07-06,250.3711562102454
2020-07-07,224.9207139076256
2020-07-08,224.61093450333328
2020-07-09,225.94434102041052
2020-07-10,226.4944739036095
2020-07-13,226.02061368342385
2020-07-14,224.52399280939682
2020-07-15,226.0808052394466
2020-07-16,225.16455228941982
2020-07-17,225.09190663679775
2020-07-20,224.73774104943206
2020-07-21,224.05715350770384
2020-07-22,223.94848129724815
2020-07-23,223.01370134200087
2020-07-24,221.93696273203156
2020-07-27,221.32248951793633
2020-07-28,210.6996455710041
2020-07-29,210.11662851921707
2020-07-30,207.8425238152974
2020-07-31,206.58911618431515
2020-08-03,206.6750385380414
2020-08-04,205.64580444043483
2020-08-05,214.61965111453864
2020-08-06,210.1905319064019
2020-08-07,210.79050962942847
2020-08-10,213.83389730353227
2020-08-11,214.73523685695557
2020-08-12,218.44498886352665
2020-08-13,217.83601867281945
2020-08-14,218.1200307772001
2020-08-17,217.03121339721943
2020-08-18,217.20478857493384
2020-08-19,218.45682898831956
2020-08-20,218.2718205578263
2020-08-21,220.18876873207668
2020-08-24,224.2820271151213
2020-08-25,224.61046794388164
2020-08-26,224.4653097126707
2020-08-27,224.2094645389725
2020-08-28,218.0828990362663
2020-08-31,218.7661019808096
2020-09-01,224.0302945939299
2020-09-02,224.2879834242206
2020-09-03,225.1211048236099
2020-09-04,226.40366338287612
2020-09-07,225.2009929604686
2020-09-08,224.5515532942111
2020-09-09,225.92379952193085
2020-09-10,223.46310581100076
2020-09-11,224.72698317466669
2020-09-14,224.46690349978775
2020-09-15,226.42500312893776
2020-09-16,227.88196139827306
2020-09-17,228.54667377552173
2020-09-18,224.03444083368313
2020-09-21,221.90048415834892
2020-09-22,226.6130278526746
2020-09-23,225.26626727133993
2020-09-24,225.64174226081238
2020-09-25,225.26839574593245
2020-09-28,225.028472338084
2020-09-29,228.0084520773572
2020-09-30,228.3611773062275
2020-10-01,228.45107068667514
2020-10-02,228.2692636445838
2020-10-05,227.01915278096044
2020-10-06,230.26753831365554
2020-10-07,229.66490697585107
2020-10-08,230.3161335438115
2020-10-09,230.21414106127793
2020-10-12,229.85817380109785
2020-10-13,230.93405003946435
2020-10-14,230.89414329057095
2020-10-15,230.35030682272512
2020-10-16,231.1415775854497
2020-10-19,243.16813387441107
2020-10-20,242.19180266617516
2020-10-21,243.08993114418575
2020-10-22,244.33325572859968
2020-10-23,243.89095411023064
2020-10-26,243.98486927127212
2020-10-27,244.49689655103427
2020-10-28,244.23864303108112
2020-10-29,245.22322384091194
2020-10-30,246.67988224562194
2020-11-02,246.65237945943792
2020-11-03,246.77310210712042
2020-11-04,248.357403023537
2020-11-05,247.12751276487367
2020-11-06,246.68103239972484
2020-11-09,250.92491195465723
2020-11-10,259.07195181830593
2020-11-11,260.44905651201617
2020-11-12,263.34372211068467
2020-11-13,263.720729176789
2020-11-16,265.41055041224723
2020-11-17,264.2459673709624
2020-11-18,263.79542723583774
2020-11-19,263.71600595698476
2020-11-20,264.8719826838378
2020-11-23,264.93167463150627
2020-11-24,264.0197086606156
2020-11-25,264.56787268064113
2020-11-26,264.82683274043626
2020-11-27,263.7962056556615
2020-11-30,261.7534690379915
2020-12-01,262.09918641155383
2020-12-02,260.67974572246794
2020-12-03,260.63848153619944
2020-12-04,260.892347589658
2020-12-07,261.2077253455461
2020-12-08,262.50059180272365
2020-12-09,264.0597526900137
2020-12-10,262.15432777956977
2020-12-11,262.0559925600567
2020-12-14,261.9646947927084
2020-12-15,262.2307268203001
2020-12-16,262.35554843521976
2020-12-17,263.09096382937724
2020-12-18,271.4250597549008
2020-12-21,268.98390589581794
2020-12-22,272.01501505738065
2020-12-23,272.2005087013883
2020-12-24,272.2675339015446
2020-12-25,272.26753390154454
2020-12-28,271.57652783900016
2020-12-29,270.39290207292703
2020-12-30,269.3868627297753
2020-12-31,270.81795635712484
2021-01-01,270.8179563571249
2021-01-04,281.56673553019294
2021-01-05,277.8199853299562
2021-01-06,277.7181866218718
2021-01-07,274.86068888808643
2021-01-08,276.76399964794024
2021-01-11,275.4857537683086
2021-01-12,276.837366564945
2021-01-13,278.4777220196324
2021-01-14,279.370072736988
2021-01-15,279.42719458610856
2021-01-18,279.832161534784
2021-01-19,281.3869962420125
2021-01-20,281.91002039859615
2021-01-21,282.0814594542978
2021-01-22,279.73430345761227
2021-01-25,278.8706384646433
2021-01-26,279.25950937003773
2021-01-27,279.1535734421391
2021-01-28,279.5043997229564
2021-01-29,279.6617681085328
2021-02-01,280.89247479469935
2021-02-02,282.15349600589883
2021-02-03,282.8396104683092
2021-02-04,286.1630022543562
2021-02-05,286.30096863835774
2021-02-08,287.03225351461606
2021-02-09,286.78261261499574
2021-02-10,287.24796438454126
2021-02-11,287.5237904657821
2021-02-12,287.6882476336817
2021-02-15,289.08049750674473
2021-02-16,287.20886525311386
2021-02-17,288.01790668154746
2021-02-18,288.6160384301067
2021-02-19,287.01939787272096
2021-02-22,279.2244930480612
2021-02-23,282.7923233052571
2021-02-24,283.6554551643863
2021-02-25,279.7755059728584
2021-02-26,279.60811721098617
2021-03-01,281.6150127956644
2021-03-02,280.7401731498222
2021-03-03,280.46116515132957
2021-03-04,281.24145325302953
2021-03-05,281.22876800601455
2021-03-08,280.8665818827439
2021-03-09,281.36173325352064
2021-03-10,282.4642441318419
2021-03-11,283.13434543871307
2021-03-12,283.0435039816139
2021-03-15,283.8669781039832
2021-03-16,285.01877612874324
2021-03-17,284.4662387013084
2021-03-18,258.7479974322694
2021-03-19,258.09154777962334
2021-03-22,258.7378198692241
2021-03-23,259.19144902973073
2021-03-24,259.2436582631624
2021-03-25,258.15849367636406
2021-03-26,258.54743799988506
2021-03-29,262.805203373936
2021-03-30,263.90435339240406
2021-03-31,264.7906727652537
2021-04-01,265.49659117983
2021-04-02,265.49659117983
2021-04-05,264.0601832038096
2021-04-06,264.8948254625285
2021-04-07,267.92978487492405
2021-04-08,264.16881090070336
2021-04-09,267.29983780494763
2021-04-12,266.8957733850033
2021-04-13,266.7846560750182
2021-04-14,274.9390885461008
2021-04-15,276.9742942479966
2021-04-16,275.5598084244799
2021-04-19,275.83362886547025
2021-04-20,293.9610980916624
2021-04-21,294.7680246283549
2021-04-22,294.27851083157594
2021-04-23,293.6191042344181
2021-04-26,301.07271980795576
2021-04-27,299.7977041075928
2021-04-28,329.42810445444564
2021-04-29,328.9939730213937
2021-04-30,332.4885554174329
2021-05-03,331.4834759298568
2021-05-04,332.835640584746
2021-05-05,334.492662600475
2021-05-06,334.8035814350094
2021-05-07,334.3113459504905
2021-05-10,334.53397632675035
2021-05-11,335.21012553843815
2021-05-12,337.2222215083222
2021-05-13,337.63938560010877
2021-05-14,334.18601126877127
2021-05-17,333.8695733000936
2021-05-18,342.35346768837024
2021-05-19,341.7054509113715
2021-05-20,342.07149852884487
2021-05-21,343.562973263453
2021-05-24,343.07134416014753
2021-05-25,343.08723619872876
2021-05-26,344.57741542687336
2021-05-27,345.02926467875477
2021-05-28,345.22867613237946
2021-05-31,348.89301855812295
2021-06-01,347.9962847525219
2021-06-02,358.8348035960558
2021-06-03,360.3167556546774
2021-06-04,362.00865314068415
2021-06-07,360.3597801990632
2021-06-08,358.8531952062379
2021-06-09,358.8826444036616
2021-06-10,359.28068217062247
2021-06-11,360.1483714289325
2021-06-14,359.15908165084346
2021-06-15,357.9531729721499
2021-06-16,358.93961886288963
2021-06-17,359.0199414310356
2021-06-18,363.30753178011025
2021-06-21,361.6299300465945
2021-06-22,360.6152270228938
2021-06-23,361.49129836066714
2021-06-24,360.9633429404546
2021-06-25,371.00979633128986
2021-06-28,370.1625404628263
2021-06-29,368.61411594141487
2021-06-30,370.6508981958471
2021-07-01,370.3698181416036
2021-07-02,371.15165090809364
2021-07-05,370.57277761704273
2021-07-06,371.55950986513557
2021-07-07,370.4865316579407
2021-07-08,368.36283234354323
2021-07-09,370.88352951965044
2021-07-12,368.752482691204
2021-07-13,367.6741222792666
2021-07-14,367.4392101370549
2021-07-15,368.46982360817304
2021-07-16,378.18627129682307
2021-07-19,377.05125537165577
2021-07-20,378.4296361564363
2021-07-21,375.09712265189603
2021-07-22,375.59414641585136
2021-07-23,375.3323036308998
2021-07-26,373.43861746303
2021-07-27,373.30099269839127
2021-07-28,373.4996693019005
2021-07-29,436.9690236166233
2021-07-30,436.7384258079165
2021-08-02,438.52504235168493
2021-08-03,440.7868982867177
2021-08-04,440.3225505553046
2021-08-05,441.08515243102863
2021-08-06,438.67385222042395
2021-08-09,438.2777654015918
2021-08-10,437.50274880676756
2021-08-11,438.9708543262279
2021-08-12,437.86196593254647
2021-08-13,436.96081225604917
2021-08-16,436.6419150662928
2021-08-17,436.3930659070048
2021-08-18,436.09048486725254
2021-08-19,433.007125745497
2021-08-20,432.62811792843644
2021-08-23,432.5933132572275
2021-08-24,434.030091572172
2021-08-25,434.6061110090478
2021-08-26,434.73874134255993
2021-08-27,435.7629330905991
2021-08-30,437.7091402058459
2021-08-31,447.81574486362683
2021-09-01,447.4223949200741
2021-09-02,446.9134248479089
2021-09-03,447.38780199274555
2021-09-06,453.30436388634905
2021-09-07,452.42514147085456
2021-09-08,462.6180822783886
2021-09-09,464.68687164838974
2021-09-10,464.0193591368326
2021-09-13,464.72802364767233
2021-09-14,466.4485521017777
2021-09-15,464.4987111874456
2021-09-16,463.60295242098874
2021-09-17,466.23396427063835
2021-09-20,465.6693674371923
2021-09-21,465.1683210780313
2021-09-22,466.3730377674591
2021-09-23,471.4696377197536
2021-09-24,475.13223993579794
2021-09-27,488.0686675326624
2021-09-28,486.71709846856976
2021-09-29,488.59347566967057
2021-09-30,490.522396577829
2021-10-01,491.0586050650142
2021-10-04,490.4504168933441
2021-10-05,490.3743047648365
2021-10-06,500.017181893685
2021-10-07,502.0687931332531
2021-10-08,500.91780636038965
2021-10-11,499.2864043387065
2021-10-12,500.86895024777084
2021-10-13,501.74418584974615
2021-10-14,511.16844298592804
2021-10-15,511.89679894576244
2021-10-18,515.9815490350541
2021-10-19,516.9561467786957
2021-10-20,517.9746911507413
2021-10-21,516.6016022807048
2021-10-22,514.5637850974153
2021-10-25,514.6042511082302
2021-10-26,513.7120598671098
2021-10-27,510.44223189561006
2021-10-28,514.5820420919289
2021-10-29,516.8504858050388
2021-11-01,517.2122346658964
2021-11-02,518.5005712079203
2021-11-03,520.3914860979729
2021-11-04,538.1675497211892
2021-11-05,564.9253365990866
2021-11-08,567.0992079630938
2021-11-09,566.6766427432576
2021-11-10,565.7211504880503
2021-11-11,567.0899086443267
2021-11-12,564.1733449339343
2021-11-15,568.9454217270737
2021-11-16,567.533372066989
2021-11-17,573.384799475657
2021-11-18,573.3677756244673
2021-11-19,574.270154792239
2021-11-22,580.2411937061277
2021-11-23,589.6670627106365
2021-11-24,592.8477226674964
2021-11-25,592.1337668908673
2021-11-26,582.8261899965279
2021-11-29,585.2571107872129
2021-11-30,591.4442694402771
2021-12-01,593.7702372662495
2021-12-02,593.2490003630734
2021-12-03,592.7860836318747
2021-12-06,595.0266099840987
2021-12-07,592.7808872507609
2021-12-08,592.4637601243397
2021-12-09,592.8448983438209
2021-12-10,604.0992089298626
2021-12-13,604.2303653954867
2021-12-14,602.9147525334624
2021-12-15,603.7372312227953
2021-12-16,602.9016972317604
2021-12-17,607.840661744988
2021-12-20,607.0330431678874
2021-12-21,606.3520095314211
2021-12-22,603.4397061800977
2021-12-23,607.4315393884852
2021-12-24,609.1640575369701
2021-12-27,610.05650794408
2021-12-28,611.2715985853176
2021-12-29,600.5911185057502
2021-12-30,600.9169075486813
2021-12-31,599.4556358247906
2022-01-03,604.0576953756841
2022-01-04,603.1229936055729
2022-01-05,608.8343185154062
2022-01-06,611.0171965164574
2022-01-07,609.6408922954532
2022-01-10,611.5326201906912
2022-01-11,610.7563284448
2022-01-12,612.1361164926103
2022-01-13,611.7615951138674
2022-01-14,612.1465706357026
2022-01-17,612.3672034942037
2022-01-18,614.8942893841978
2022-01-19,616.2098297403135
2022-01-20,620.3176154529921
2022-01-21,628.4499489400191
2022-01-24,626.9398026248793
2022-01-25,627.7962058775477
2022-01-26,630.5905458477594
2022-01-27,632.9980046367078
2022-01-28,626.1931669261958
2022-01-31,626.6304442020114
2022-02-01,629.1914325774272
2022-02-02,626.1831975204459
2022-02-03,620.9820212730257
2022-02-04,617.4505481291783
2022-02-07,615.8842239436577
2022-02-08,618.6941000212073
2022-02-09,641.3342261949787
2022-02-10,671.6038127006232
2022-02-11,673.8258164230712
2022-02-14,677.1460990170787
2022-02-15,654.8785463010561
2022-02-16,657.4420069066948
2022-02-17,677.0643194795638
2022-02-18,694.3089757574434
2022-02-21,711.8224825767838
2022-02-22,731.1728384823048
2022-02-23,730.9787713335924
2022-02-24,752.2561823799716
2022-02-25,748.6556152141237
2022-02-28,743.4861668433435
2022-03-01,749.9623855385469
2022-03-02,752.7770007690348
2022-03-03,759.2795074275512
2022-03-04,762.0880874604807
2022-03-07,789.9808708516181
2022-03-08,787.5315491661559
2022-03-09,781.9066157034272
2022-03-10,784.7324533928368
2022-03-11,789.3675786865214
2022-03-14,786.5709948772502
2022-03-15,785.6665606066488
2022-03-16,786.5169907407989
2022-03-17,780.5605178091618
2022-03-18,782.6016687974815
2022-03-21,785.7063293866372
2022-03-22,788.1214474266039
2022-03-23,814.4929240127145
2022-03-24,817.7960186448973
2022-03-25,819.9777319584127
2022-03-28,815.4589305925923
2022-03-29,813.1203136726954
2022-03-30,810.9137793782519
2022-03-31,809.0495371620641
2022-04-01,812.844230186457
2022-04-04,816.7386704296633
2022-04-05,820.1266486678094
2022-04-06,819.1928878735692
2022-04-07,816.958475952396
2022-04-08,822.1843029081679
2022-04-11,822.3037444733297
2022-04-12,825.9775407531882
2022-04-13,825.5808418587135
2022-04-14,827.1927258715322
2022-04-15,827.1927258715319
2022-04-18,826.3675482297721
2022-04-19,820.2121199025948
2022-04-20,809.9780533024742
2022-04-21,803.4643619603389
2022-04-22,801.9107394357751
2022-04-25,801.7068631045461
2022-04-26,803.0929916821798
2022-04-27,808.8367401701685
2022-04-28,803.5208937043199
2022-04-29,808.3381487837015
2022-05-02,810.825202837187
2022-05-03,808.6926582654245
2022-05-04,806.4597255287237
2022-05-05,804.4110312421433
2022-05-06,780.0811672867011
2022-05-09,776.8671784159
2022-05-10,777.811004138571
2022-05-11,777.5528769386005
2022-05-12,785.6337468157908
2022-05-13,784.5830827675704
2022-05-16,782.9030987957275
2022-05-17,820.6905422770299
2022-05-18,821.4849074169726
2022-05-19,819.4872812668975
2022-05-20,820.9353519641115
2022-05-23,820.3249189245778
2022-05-24,814.9080574845607
2022-05-25,816.5233429215501
2022-05-26,813.6282753189356
2022-05-27,819.1117306652008
2022-05-30,816.7597747799496
2022-05-31,817.9380645494122
2022-06-01,822.3751240144644
2022-06-02,795.2259082574298
2022-06-03,795.7715768602409
2022-06-06,798.2672310276946
2022-06-07,799.3857223139883
2022-06-08,797.9253646610239
2022-06-09,796.4013957694009
2022-06-10,794.3767249309536
2022-06-13,787.6798054404129
2022-06-14,774.9824449407724
2022-06-15,775.4590639106007
2022-06-16,769.6149415612332
2022-06-17,773.3972852208938
2022-06-20,766.6567101624543
2022-06-21,771.6698427192636
2022-06-22,768.4029981443746
2022-06-23,768.1818027446925
2022-06-24,773.1334869749783
2022-06-27,768.7986989027848
2022-06-28,769.2046326689328
2022-06-29,744.3254140646588
2022-06-30,719.1537783358999
2022-07-01,719.9253411731893
2022-07-04,697.9915928142867
2022-07-05,702.4673490359296
2022-07-06,701.3157031959851
2022-07-07,703.4487415428633
2022-07-08,697.1974046632082
2022-07-11,698.0879133682233
2022-07-12,705.1507261653954
2022-07-13,703.6427928340524
2022-07-14,703.0232855725769
2022-07-15,701.2618841769267
2022-07-18,693.7256561052214
2022-07-19,691.0857728557883
2022-07-20,693.8959336694387
2022-07-21,694.8490440874891
2022-07-22,697.5251102539579
2022-07-25,699.2955391213135
2022-07-26,701.0860298649975
2022-07-27,699.0776169534043
2022-07-28,703.2864383578122
2022-07-29,698.7007944665856
2022-08-01,698.2955591531348
2022-08-02,704.5099326738651
2022-08-03,702.6294437012299
2022-08-04,701.031627748164
2022-08-05,701.541476090076
2022-08-08,702.3858603169256
2022-08-09,701.1255010534366
2022-08-10,703.4798796789181
2022-08-11,702.4158168263718
2022-08-12,684.8449339362306
2022-08-15,683.4988920611645
2022-08-16,683.2210065194884
2022-08-17,679.2150906622866
2022-08-18,679.7059808663412
2022-08-19,679.1490949483193
2022-08-22,682.9473152732793
2022-08-23,682.8894644693886
2022-08-24,682.9499643055462
2022-08-25,686.2894837294837
2022-08-26,683.0207826097837
2022-08-29,683.5314311955746
2022-08-30,681.4431013336475
2022-08-31,675.601730239046
2022-09-01,678.0221331513296
2022-09-02,674.0094686690566
2022-09-05,680.4000941730783
2022-09-06,678.8577611933162
2022-09-07,674.1021329918399
2022-09-08,671.3707666330507
2022-09-09,670.8317565338924
2022-09-12,669.275686424471
2022-09-13,670.0280042421041
2022-09-14,637.1695623303991
2022-09-15,636.4666991466933
2022-09-16,631.76346813106
2022-09-19,632.0702780535534
2022-09-20,623.2132917503168
2022-09-21,628.4614508163208
2022-09-22,605.38754369295
2022-09-23,605.8041478392404
2022-09-26,605.7364551826731
2022-09-27,609.0931823507041
2022-09-28,603.0060132208857
2022-09-29,595.8006639730839
2022-09-30,595.1640850367489
2022-10-03,596.2618291623413
2022-10-04,592.6130271961863
2022-10-05,593.9628134342536
2022-10-06,594.0194067525304
2022-10-07,594.2473993735628
2022-10-10,597.7316046459656
2022-10-11,591.9080469271271
2022-10-12,589.2522794472058
2022-10-13,587.4896685090469
2022-10-14,583.8211768316053
2022-10-17,582.7977028810079
2022-10-18,580.0107021124556
2022-10-19,580.0544803515367
2022-10-20,577.7072808507537
2022-10-21,580.0890628763392
2022-10-24,572.9927595261648
2022-10-25,572.9534761245244
2022-10-26,572.7626692151512
2022-10-27,575.6844892831655
2022-10-28,574.6233012458
2022-10-31,574.9828000675935
2022-11-01,576.0102931430133
2022-11-02,577.9737836290598
2022-11-03,579.6084134204757
2022-11-04,570.5598015677978
2022-11-07,568.3848419330542
2022-11-08,565.3486483890787
2022-11-09,566.7412102417685
2022-11-10,561.9166073176849
2022-11-11,562.762721405515
2022-11-14,561.7626966553705
2022-11-15,561.3164698493355
2022-11-16,582.9416999862084
2022-11-17,583.060598937044
2022-11-18,584.6612911108765
2022-11-21,588.1279680406423
2022-11-22,586.3733140241471
2022-11-23,586.9483380683331
2022-11-24,585.7272130891079
2022-11-25,585.5197692759812
2022-11-28,584.8967195892069
2022-11-29,588.7247066722415
2022-11-30,592.1553367310316
2022-12-01,572.090667299553
2022-12-02,576.9135613809192
2022-12-05,576.1861656809775
2022-12-06,577.1848525137746
2022-12-07,580.1124843119436
2022-12-08,578.5447224248868
2022-12-09,575.1040191191992
2022-12-12,573.1650760900384
2022-12-13,569.8062615524668
2022-12-14,571.5313066550224
2022-12-15,568.7965793010043
2022-12-16,566.245265854503
2022-12-19,573.7242596424276
2022-12-20,571.5929923331715
2022-12-21,574.0460199698994
2022-12-22,574.8041581973018
2022-12-23,574.838024245691
2022-12-26,574.838024245691
2022-12-27,573.6302419543439
2022-12-28,575.3049170497513
2022-12-29,575.2858839785115
2022-12-30,575.6963010370519
2023-01-02,575.6963010370519
2023-01-03,581.706487341894
2023-01-04,579.442521131507
2023-01-05,577.7411185178198
2023-01-06,573.2183632396327
2023-01-09,572.7273345602645
2023-01-10,571.6229433050169
2023-01-11,571.3599081989992
2023-01-12,571.8190241005955
2023-01-13,572.0509780382635
2023-01-16,569.3684819380902
2023-01-17,568.8208834715488
2023-01-18,571.9453507515466
2023-01-19,566.1870579445557
2023-01-20,566.5485071975618
2023-01-23,562.9735069538821
2023-01-24,562.0699009124507
2023-01-25,562.8330090765227
2023-01-26,566.4303223234297
2023-01-27,565.6907832458114
2023-01-30,562.6886668556118
2023-01-31,561.4039339488113
2023-02-01,562.2124092054535
2023-02-02,563.7415517482169
2023-02-03,567.6903984545977
2023-02-06,561.2192570209374
2023-02-07,562.5337914761795
2023-02-08,560.4901505597908
2023-02-09,560.3564716671005
2023-02-10,560.0757789756844
2023-02-13,559.2903434820826
2023-02-14,559.7078679513697
2023-02-15,558.2680147837236
2023-02-16,555.4897180161582
2023-02-17,556.7190558210345
2023-02-20,556.201688244093
2023-02-21,554.9437694001456
2023-02-22,557.8417162576642
2023-02-23,558.760899261578
2023-02-24,557.9614297983767
2023-02-27,554.4342278487964
2023-02-28,556.0975195607615
