Date,AC AP IMI WITH PARTIAL A SHARES
2008-11-27,1016.9806129696888
2008-11-28,1032.1209424031638
2008-12-30,1120.4018103911787
2008-12-31,1121.9931186825572
2009-01-29,1061.7728318768925
2009-01-30,1043.0899589493445
2009-02-26,937.7041471771183
2009-02-27,945.6942374595714
2009-03-30,1038.5579622851474
2009-03-31,1024.7220017956042
2009-04-29,1116.9882768552075
2009-04-30,1152.4951192840108
2009-05-28,1282.3615876180622
2009-05-29,1305.4706393258634
2009-06-29,1318.5521637008383
2009-06-30,1325.0161486328789
2009-07-30,1412.4545307132457
2009-07-31,1437.8875984805923
2009-08-28,1468.249161829109
2009-08-31,1462.2657317425733
2009-09-29,1511.1422355001012
2009-09-30,1527.3001908424985
2009-10-29,1485.590919880702
2009-10-30,1508.6114863704338
2009-11-27,1478.0508978393693
2009-11-30,1525.8324989224925
2009-12-30,1555.5559424321746
2009-12-31,1563.294952865136
2010-01-28,1545.74747386876
2010-01-29,1517.4361042343041
2010-02-25,1522.460865177695
2010-02-26,1535.9282833764644
2010-03-30,1645.8045507035351
2010-03-31,1636.1784014481768
2010-04-29,1634.2801419295506
2010-04-30,1651.611937918942
2010-05-28,1490.515488062207
2010-05-31,1492.0667044476643
2010-06-29,1502.0000328470942
2010-06-30,1487.5877366872062
2010-07-29,1580.4676152510658
2010-07-30,1572.4035250703669
2010-08-30,1567.9317744197997
2010-08-31,1544.8679077952486
2010-09-29,1699.1570679375282
2010-09-30,1684.412114014333
2010-10-28,1727.7058329784895
2010-10-29,1725.5556202853154
2010-11-29,1728.3003067900772
2010-11-30,1717.6845466005425
2010-12-30,1831.8769183795598
2010-12-31,1841.6951714612876
2011-01-28,1839.7533387293163
2011-01-31,1826.8354740409757
2011-02-25,1829.5224612689535
2011-02-28,1838.7199602644832
2011-03-30,1814.151979299071
2011-03-31,1826.9556980195446
2011-04-28,1879.6590829557313
2011-04-29,1878.0027061071514
2011-05-30,1813.4235699877777
2011-05-31,1839.291897201342
2011-06-29,1803.6842527323356
2011-06-30,1827.079730054221
2011-07-28,1870.749662193528
2011-07-29,1859.1358962422294
2011-08-30,1684.238336048805
2011-08-31,1705.7566280144654
2011-09-29,1562.8696088309114
2011-09-30,1550.1181768390925
2011-10-28,1702.31664219442
2011-10-31,1663.1276040189464
2011-11-29,1550.4583769117687
2011-11-30,1555.6481931862804
2011-12-29,1543.725930981093
2011-12-30,1558.8725221096117
2012-01-30,1670.79269018069
2012-01-31,1682.3859908852914
2012-02-28,1761.329432015743
2012-02-29,1769.9835431752506
2012-03-29,1743.6566461194711
2012-03-30,1745.8880351023904
2012-04-27,1714.9583472769796
2012-04-30,1729.0333042536527
2012-05-30,1563.3013325731097
2012-05-31,1561.0554154728204
2012-06-28,1594.8709570494207
2012-06-29,1625.7101059249735
2012-07-30,1627.1647512521804
2012-07-31,1644.892653540535
2012-08-30,1647.0117257564716
2012-08-31,1639.8908600996367
2012-09-27,1715.556185216079
2012-09-28,1715.3787505329965
2012-10-30,1695.7684898157656
2012-10-31,1707.4304411923683
2012-11-29,1739.055451873852
2012-11-30,1745.0124570527314
2012-12-28,1815.077277641531
2012-12-31,1811.8808645837955
2013-01-30,1869.75574609106
2013-01-31,1868.8704323503528
2013-02-27,1874.2370006849958
2013-02-28,1899.51677920304
2013-03-28,1920.0483215723273
2013-03-29,1921.1287747063332
2013-04-29,1988.5951957787631
2013-04-30,2011.3359766452816
2013-05-30,1925.2669544649743
2013-05-31,1917.0644464745071
2013-06-27,1821.4881926240196
2013-06-28,1853.2871450425603
2013-07-30,1903.2106895173326
2013-07-31,1881.4508634863798
2013-08-29,1851.4407518663063
2013-08-30,1856.896615270962
2013-09-27,2019.1436571403756
2013-09-30,1989.6275594314782
2013-10-30,2052.9108188875016
2013-10-31,2040.3433318421596
2013-11-28,2033.316205501172
2013-11-29,2035.8890144098978
2013-12-30,2026.1095885045418
2013-12-31,2029.548095470171
2014-01-01,2029.5599556072077
2014-01-02,2024.109312523389
2014-01-03,2017.1700412906505
2014-01-06,2002.2079723017855
2014-01-07,1992.3852793154072
2014-01-08,2011.8670383988995
2014-01-09,2000.2844765800703
2014-01-10,2010.1764688118803
2014-01-13,2024.903501549677
2014-01-14,1995.6249862382278
2014-01-15,2006.3981750932332
2014-01-16,2008.8870207514353
2014-01-17,2009.9299494668169
2014-01-20,2006.5921245856769
2014-01-21,2009.7674041878556
2014-01-22,2016.5016424045293
2014-01-23,1999.5034610173948
2014-01-24,1983.8570769282305
2014-01-27,1942.643438949943
2014-01-28,1936.6423040223845
2014-01-29,1972.4830375776435
2014-01-30,1942.6841778240287
2014-01-31,1945.4406830119244
2014-02-03,1932.3714031238494
2014-02-04,1878.754479046894
2014-02-05,1891.9007271307064
2014-02-06,1898.02051050563
2014-02-07,1923.56264156311
2014-02-10,1938.0784061170573
2014-02-11,1948.184616750066
2014-02-12,1968.8043219679596
2014-02-13,1951.6527846742204
2014-02-14,1953.4642416210975
2014-02-17,1967.9967135537408
2014-02-18,1985.2304928280494
2014-02-19,1985.4827777624776
2014-02-20,1959.6102062586458
2014-02-21,1982.9690690418556
2014-02-24,1980.3669967295978
2014-02-25,1993.4557736548854
2014-02-26,1990.2293957036275
2014-02-27,1991.7396241487806
2014-02-28,1990.0290524170732
2014-03-03,1976.9619806679275
2014-03-04,1977.9841517205527
2014-03-05,1990.0478742227174
2014-03-06,2005.8821933680733
2014-03-07,2012.0393972096856
2014-03-10,1991.9061218652441
2014-03-11,1998.719790188673
2014-03-12,1971.037166318928
2014-03-13,1978.287908347002
2014-03-14,1946.1480958571906
2014-03-17,1942.204508735683
2014-03-18,1957.7112853732006
2014-03-19,1953.194247303734
2014-03-20,1915.324655231208
2014-03-21,1924.6064022077617
2014-03-24,1947.061067725364
2014-03-25,1945.2778447453152
2014-03-26,1963.3272503995904
2014-03-27,1975.3673841119653
2014-03-28,1983.500864541391
2014-03-31,2002.0627356180958
2014-04-01,2006.4270276019793
2014-04-02,2015.0009760450307
2014-04-03,2017.0636724994106
2014-04-04,2020.547652767067
2014-04-07,2009.6218675476339
2014-04-08,2009.7110332611423
2014-04-09,2007.4951211657276
2014-04-10,2018.3124039746278
2014-04-11,1998.6409310534489
2014-04-14,1990.590883816118
2014-04-15,1989.2532644934415
2014-04-16,2007.325284824254
2014-04-17,2011.7150416551312
2014-04-18,2018.4596169244412
2014-04-21,2013.9279641550975
2014-04-22,2009.7978033687148
2014-04-23,2014.6416173407324
2014-04-24,2010.9429469438392
2014-04-25,2005.3339528437132
2014-04-28,1992.143171514732
2014-04-29,1994.6539878494884
2014-04-30,1993.3933605282748
2014-05-01,2003.5208369280192
2014-05-02,2008.9284631833086
2014-05-05,2008.3183436612844
2014-05-06,2017.4781774907226
2014-05-07,1987.0385092590625
2014-05-08,1997.9658356670807
2014-05-09,2001.097257236691
2014-05-12,1999.056219717
2014-05-13,2020.6307086043735
2014-05-14,2037.600904622158
2014-05-15,2038.6560814934019
2014-05-16,2026.925021357904
2014-05-19,2021.348946067593
2014-05-20,2017.9733371822917
2014-05-21,2013.3515644532927
2014-05-22,2036.5524063315252
2014-05-23,2045.981424771466
2014-05-26,2055.1386996291435
2014-05-27,2051.591511570385
2014-05-28,2062.3395830712284
2014-05-29,2065.832454423744
2014-05-30,2061.587799874596
2014-06-02,2071.601528716528
2014-06-03,2079.2120581422023
2014-06-04,2076.195239121394
2014-06-05,2079.469950122419
2014-06-06,2083.399595741147
2014-06-09,2087.4179148118774
2014-06-10,2091.9647770580086
2014-06-11,2102.4699409401796
2014-06-12,2100.8664047349853
2014-06-13,2097.6390972186664
2014-06-16,2092.957104060175
2014-06-17,2090.023033649466
2014-06-18,2093.2179427871743
2014-06-19,2118.408087284558
2014-06-20,2108.662748075208
2014-06-23,2108.5908182587573
2014-06-24,2109.958207888963
2014-06-25,2104.1968041447158
2014-06-26,2121.8417663705577
2014-06-27,2116.4834793983205
2014-06-30,2127.3160585662854
2014-07-01,2135.220064387348
2014-07-02,2151.470896665798
2014-07-03,2147.8241977304183
2014-07-04,2156.2376360572844
2014-07-07,2156.6207120333497
2014-07-08,2155.8173882344963
2014-07-09,2141.5834700522087
2014-07-10,2140.8138022296457
2014-07-11,2132.9856790046115
2014-07-14,2142.0817120378865
2014-07-15,2149.4270689180066
2014-07-16,2150.0254468368007
2014-07-17,2150.9391906595188
2014-07-18,2144.922421746843
2014-07-21,2147.135949348301
2014-07-22,2161.293514608525
2014-07-23,2169.6857729889366
2014-07-24,2168.3172000322375
2014-07-25,2174.4747451541957
2014-07-28,2180.1212828731177
2014-07-29,2183.1905661306105
2014-07-30,2182.3502184828158
2014-07-31,2174.3245816316216
2014-08-01,2158.2683647406398
2014-08-04,2161.7248354795893
2014-08-05,2145.8080914354723
2014-08-06,2136.9743498551834
2014-08-07,2135.674626218766
2014-08-08,2108.151182786607
2014-08-11,2134.0044391574083
2014-08-12,2144.5226483947426
2014-08-13,2153.8669070635124
2014-08-14,2162.5926837002826
2014-08-15,2165.6840875531134
2014-08-18,2165.079861233647
2014-08-19,2178.521233721946
2014-08-20,2175.565288764389
2014-08-21,2173.124056945993
2014-08-22,2174.4198124001455
2014-08-25,2177.117452274385
2014-08-26,2172.9283381215573
2014-08-27,2180.074909099489
2014-08-28,2173.222650751733
2014-08-29,2169.3296840625653
2014-09-01,2172.6495069139823
2014-09-02,2169.6994183331412
2014-09-03,2186.8517776626495
2014-09-04,2182.671149288892
2014-09-05,2178.0412369002665
2014-09-08,2176.0813781100605
2014-09-09,2167.362168982169
2014-09-10,2154.3705629623223
2014-09-11,2148.3881164966233
2014-09-12,2140.997052682078
2014-09-15,2130.178636129785
2014-09-16,2119.3206667977024
2014-09-17,2120.5869364741084
2014-09-18,2114.2705855562463
2014-09-19,2122.242617940704
2014-09-22,2106.8711626967456
2014-09-23,2104.739230588212
2014-09-24,2103.269323302093
2014-09-25,2108.9189463279617
2014-09-26,2093.4829043806762
2014-09-29,2080.6089814143793
2014-09-30,2068.4469984625816
2014-10-01,2061.4822540340406
2014-10-02,2042.726402890347
2014-10-03,2036.565844390668
2014-10-06,2052.875208552272
2014-10-07,2059.2421070347323
2014-10-08,2036.4237336970966
2014-10-09,2044.0944835687196
2014-10-10,2012.4641808592842
2014-10-13,2008.32732242133
2014-10-14,1994.371898588025
2014-10-15,2009.7824366909913
2014-10-16,1984.3572840247843
2014-10-17,1968.690996035641
2014-10-20,2011.4713692376163
2014-10-21,2001.5899489645124
2014-10-22,2030.3974875689169
2014-10-23,2018.2451401199119
2014-10-24,2024.3573812126033
2014-10-27,2035.1137928626338
2014-10-28,2040.561362854316
2014-10-29,2066.8398262300734
2014-10-30,2062.0869364482105
2014-10-31,2082.5985402658794
2014-11-03,2061.0317778339245
2014-11-04,2086.997839696689
2014-11-05,2069.507127083597
2014-11-06,2055.8417162929836
2014-11-07,2058.9137685640712
2014-11-10,2070.2397620171128
2014-11-11,2070.2178667899943
2014-11-12,2076.16071075684
2014-11-13,2080.298760807318
2014-11-14,2080.8694666515858
2014-11-17,2052.4694772807866
2014-11-18,2065.579765522901
2014-11-19,2051.8275230111826
2014-11-20,2045.2302341575714
2014-11-21,2056.210643399742
2014-11-24,2062.491618070502
2014-11-25,2066.7125191993428
2014-11-26,2076.2719131796266
2014-11-27,2068.3457264897215
2014-11-28,2066.4305601622846
2014-12-01,2052.7020120040306
2014-12-02,2058.2490758155627
2014-12-03,2054.3318804733376
2014-12-04,2068.6176055007004
2014-12-05,2056.9975420242363
2014-12-08,2058.323982534188
2014-12-09,2052.0863181580553
2014-12-10,2034.3154763040739
2014-12-11,2012.599130272658
2014-12-12,2018.4390564520256
2014-12-15,1997.6883240075294
2014-12-16,1980.1269828752543
2014-12-17,1970.8183867356786
2014-12-18,1983.9280465746617
2014-12-19,2015.0300065880388
2014-12-22,2027.7783388540863
2014-12-23,2013.3245141121156
2014-12-24,2024.131554367726
2014-12-25,2020.8908751938457
2014-12-26,2028.7232729580517
2014-12-29,2039.7330248413618
2014-12-30,2033.5093323366266
2014-12-31,2034.1470934283313
2015-01-01,2034.1731172683303
2015-01-02,2036.0687248408842
2015-01-05,2029.4001059980735
2015-01-06,1996.2236386843638
2015-01-07,1991.0143796032555
2015-01-08,2015.1133491333853
2015-01-09,2034.6111035911129
2015-01-12,2033.9956758360584
2015-01-13,2034.1577777399364
2015-01-14,2029.9060695085482
2015-01-15,2048.8248971025346
2015-01-16,2028.8137386313051
2015-01-19,2029.7151050643424
2015-01-20,2042.5361865746647
2015-01-21,2058.5699473620452
2015-01-22,2059.3868840694086
2015-01-23,2078.320348501375
2015-01-26,2072.9501244580456
2015-01-27,2098.2187316959157
2015-01-28,2098.5107196650442
2015-01-29,2071.1657886823655
2015-01-30,2071.4624274718767
2015-02-02,2070.692334122894
2015-02-03,2062.8271996803323
2015-02-04,2090.092663309081
2015-02-05,2086.887491332871
2015-02-06,2080.731462607861
2015-02-09,2080.2166998242524
2015-02-10,2074.434018568557
2015-02-11,2062.848608503996
2015-02-12,2083.4927043164084
2015-02-13,2105.3119221231163
2015-02-16,2112.1833757500817
2015-02-17,2110.698971671534
2015-02-18,2125.9116614925106
2015-02-19,2133.2215013357636
2015-02-20,2138.1713011520924
2015-02-23,2137.429730178715
2015-02-24,2142.7771778198594
2015-02-25,2156.419257950418
2015-02-26,2158.568136997664
2015-02-27,2157.879783027173
2015-03-02,2156.14863492268
2015-03-03,2161.490022243965
2015-03-04,2148.941948054063
2015-03-05,2142.6893273138103
2015-03-06,2147.4367644411877
2015-03-09,2126.6816196370273
2015-03-10,2110.485617124105
2015-03-11,2101.1326996167945
2015-03-12,2125.9082435772557
2015-03-13,2128.1965254520246
2015-03-16,2126.593257868711
2015-03-17,2140.429460964673
2015-03-18,2156.929956449574
2015-03-19,2167.751428740549
2015-03-20,2180.3971771832166
2015-03-23,2198.0366947269367
2015-03-24,2197.5687314834718
2015-03-25,2205.0401637994096
2015-03-26,2180.7400595562212
2015-03-27,2174.8185729948077
2015-03-30,2173.869119208908
2015-03-31,2172.6979771176907
2015-04-01,2168.6210595812418
2015-04-02,2191.4803291306257
2015-04-03,2198.8212899428972
2015-04-06,2211.1591613259206
2015-04-07,2214.2780199057747
2015-04-08,2246.125655598982
2015-04-09,2256.6226997463564
2015-04-10,2265.255582770063
2015-04-13,2270.716263506918
2015-04-14,2278.6158304349988
2015-04-15,2269.953754504306
2015-04-16,2295.321978605436
2015-04-17,2286.0338708314366
2015-04-20,2263.538548388661
2015-04-21,2287.1153356395994
2015-04-22,2298.978617394198
2015-04-23,2305.232169915695
2015-04-24,2317.344917156486
2015-04-27,2326.692609158946
2015-04-28,2335.896687866953
2015-04-29,2325.233508310812
2015-04-30,2283.891417500082
2015-05-01,2275.4511536833934
2015-05-04,2279.763111088798
2015-05-05,2275.5322840090207
2015-05-06,2268.0700246708807
2015-05-07,2237.9734449182915
2015-05-08,2252.0301969759475
2015-05-11,2262.6449288282533
2015-05-12,2260.986860222661
2015-05-13,2278.720103319442
2015-05-14,2272.8337230957213
2015-05-15,2290.117617905526
2015-05-18,2292.244358401091
2015-05-19,2289.1227531946283
2015-05-20,2286.555260655518
2015-05-21,2287.4049264256687
2015-05-22,2295.3201839606277
2015-05-25,2303.6623296785247
2015-05-26,2292.815177530215
2015-05-27,2277.1390007827767
2015-05-28,2265.1274325132026
2015-05-29,2268.5271808112607
2015-06-01,2267.486333131262
2015-06-02,2258.490496678296
2015-06-03,2255.235499252396
2015-06-04,2240.45885669004
2015-06-05,2222.5294876214293
2015-06-08,2214.737159901028
2015-06-09,2194.36924292022
2015-06-10,2208.622021697094
2015-06-11,2217.0976787359355
2015-06-12,2227.5886779621537
2015-06-15,2215.5963626296743
2015-06-16,2199.6648840012863
2015-06-17,2197.744926129485
2015-06-18,2203.2044517416302
2015-06-19,2211.9617259226275
2015-06-22,2229.9253128751934
2015-06-23,2250.1145692164296
2015-06-24,2249.1052318614743
2015-06-25,2243.667676906187
2015-06-26,2220.676121221699
2015-06-29,2178.2856812001683
2015-06-30,2199.689087320003
2015-07-01,2203.542289823792
2015-07-02,2208.0779399336016
2015-07-03,2197.2469266026387
2015-07-06,2152.150344688025
2015-07-07,2152.224875357913
2015-07-08,2089.6923058801626
2015-07-09,2108.890207752996
2015-07-10,2114.8696219998337
2015-07-13,2137.384501846316
2015-07-14,2153.641203283739
2015-07-15,2152.12227296038
2015-07-16,2165.3649024053225
2015-07-17,2171.9542566236737
2015-07-20,2166.7615093978125
2015-07-21,2181.7030727928577
2015-07-22,2158.5289445665394
2015-07-23,2159.11931983362
2015-07-24,2143.468517715736
2015-07-27,2114.1139681614104
2015-07-28,2105.591360113663
2015-07-29,2113.649716630756
2015-07-30,2113.352286081841
2015-07-31,2130.910095299466
2015-08-03,2117.2247452433494
2015-08-04,2126.5706458306513
2015-08-05,2119.2925218125342
2015-08-06,2117.3800458866385
2015-08-07,2120.9870955499623
2015-08-10,2129.68278396254
2015-08-11,2108.638381060755
2015-08-12,2081.014119443093
2015-08-13,2084.8723291790043
2015-08-14,2084.158200093436
2015-08-17,2078.711528913875
2015-08-18,2063.9702934415195
2015-08-19,2048.438979476144
2015-08-20,2022.2408166680991
2015-08-21,1979.7099138993235
2015-08-24,1892.8925320517906
2015-08-25,1876.1554691372987
2015-08-26,1906.9872112502683
2015-08-27,1937.6533884359922
2015-08-28,1973.5699792347789
2015-08-31,1957.7075788220118
2015-09-01,1912.8196571219387
2015-09-02,1897.3076586892682
2015-09-03,1900.976725264981
2015-09-04,1879.8987368954083
2015-09-07,1870.0947703832437
2015-09-08,1871.083534641547
2015-09-09,1947.7000020278624
2015-09-10,1921.0210618855638
2015-09-11,1922.1576227608707
2015-09-14,1922.0434706061083
2015-09-15,1910.950908814454
2015-09-16,1937.0835794475856
2015-09-17,1951.4454048320927
2015-09-18,1953.603272988422
2015-09-21,1930.4699991655239
2015-09-22,1931.2371554754413
2015-09-23,1902.5345645593009
2015-09-24,1889.5375736941223
2015-09-25,1892.9575591989296
2015-09-28,1895.449651267464
2015-09-29,1842.1532450746029
2015-09-30,1881.8142199506055
2015-10-01,1910.5951724544173
2015-10-02,1919.0704038041856
2015-10-05,1941.8070698144465
2015-10-06,1957.4829881843166
2015-10-07,1994.3653672455812
2015-10-08,1986.176655039899
2015-10-09,2017.9894478363692
2015-10-12,2031.2118867336574
2015-10-13,2013.2424791601177
2015-10-14,1994.5841887056288
2015-10-15,2032.43035609374
2015-10-16,2038.6474965228342
2015-10-19,2033.0176892541263
2015-10-20,2027.7010495406655
2015-10-21,2039.256551225279
2015-10-22,2029.0930406965874
2015-10-23,2056.8554943927816
2015-10-26,2066.3845553027068
2015-10-27,2058.375328043996
2015-10-28,2050.0544133250337
2015-10-29,2030.6442311364221
2015-10-30,2039.2457018074824
2015-11-02,2016.7210084348847
2015-11-03,2025.3033643244944
2015-11-04,2042.5428842357871
2015-11-05,2044.2619254827719
2015-11-06,2029.3431806721499
2015-11-09,2029.2026086786007
2015-11-10,2014.630472812453
2015-11-11,2020.6168294219553
2015-11-12,2027.185586039598
2015-11-13,2008.4012301230375
2015-11-16,1984.2207388051143
2015-11-17,2004.7958343931393
2015-11-18,1998.9224906515346
2015-11-19,2035.9381319761922
2015-11-20,2046.362264211693
2015-11-23,2042.3024824684228
2015-11-24,2046.8778811872908
2015-11-25,2037.4075778096276
2015-11-26,2046.2270373799604
2015-11-27,2026.1556281013973
2015-11-30,2007.4094971283744
2015-12-01,2041.3475812001063
2015-12-02,2036.6347747533584
2015-12-03,2032.5867451192273
2015-12-04,2012.2685424437984
2015-12-07,2013.7999301768389
2015-12-08,1990.6196925317677
2015-12-09,1981.8514356522671
2015-12-10,1976.321102854043
2015-12-11,1970.9367702170553
2015-12-14,1951.6845553508551
2015-12-15,1932.3152923213677
2015-12-16,1972.2581667635648
2015-12-17,1987.5313108247308
2015-12-18,1977.0525106509858
2015-12-21,1981.803181889768
2015-12-22,1989.7651587461328
2015-12-23,1996.1611688082323
2015-12-24,2001.4552661365196
2015-12-25,1998.3786469685815
2015-12-28,2000.025792406141
2015-12-29,2012.1416902059073
2015-12-30,2012.4190688992664
2015-12-31,2014.8020906709
2016-01-01,2015.0562013834185
2016-01-04,1967.4844990740296
2016-01-05,1960.4531355276301
2016-01-06,1942.1850682680608
2016-01-07,1896.9736431134388
2016-01-08,1895.798319171252
2016-01-11,1875.8638209244623
2016-01-12,1843.6996176201255
2016-01-13,1873.3084319686561
2016-01-14,1842.9002584230548
2016-01-15,1833.1470073251035
2016-01-18,1814.721793127504
2016-01-19,1829.9023263913896
2016-01-20,1781.8587845534032
2016-01-21,1750.0240725875797
2016-01-22,1808.7934255120654
2016-01-25,1829.2379577044453
2016-01-26,1799.1088189442214
2016-01-27,1823.1919524199257
2016-01-28,1822.7365658790293
2016-01-29,1850.3342976315107
2016-02-01,1869.9056693245236
2016-02-02,1856.9140472317488
2016-02-03,1829.7755351341998
2016-02-04,1846.9852435568016
2016-02-05,1835.4572077916025
2016-02-08,1848.6952960297144
2016-02-09,1802.643365837171
2016-02-10,1779.463574545714
2016-02-11,1778.22242618408
2016-02-12,1724.0438477038267
2016-02-15,1791.215834614715
2016-02-16,1809.8490747322242
2016-02-17,1796.298436900635
2016-02-18,1834.362386353606
2016-02-19,1825.8289858210987
2016-02-22,1841.5053153819165
2016-02-23,1838.021713090442
2016-02-24,1828.9250090447372
2016-02-25,1825.603000271212
2016-02-26,1828.0300054287568
2016-02-29,1822.469919828882
2016-03-01,1834.17756706284
2016-03-02,1886.9677481629471
2016-03-03,1914.5141845509143
2016-03-04,1927.7446654900698
2016-03-07,1928.3260453479709
2016-03-08,1918.0002625828176
2016-03-09,1908.8852874854826
2016-03-10,1917.5317197090415
2016-03-11,1935.6257284510846
2016-03-14,1953.549993868257
2016-03-15,1940.0731747920902
2016-03-16,1927.9221588915289
2016-03-17,1968.0599266536215
2016-03-18,1971.033882072188
2016-03-21,1971.0039834666195
2016-03-22,1986.5466547329202
2016-03-23,1969.1077618142724
2016-03-24,1951.270670365208
2016-03-25,1957.0023821987975
2016-03-28,1960.310663345973
2016-03-29,1962.1492529848865
2016-03-30,1979.5088001977385
2016-03-31,1980.9906815392123
2016-04-01,1937.6770086394915
2016-04-04,1948.0717480634255
2016-04-05,1916.8137732644036
2016-04-06,1920.9424037216918
2016-04-07,1939.4984900400636
2016-04-08,1946.9212047462831
2016-04-11,1952.6764384654366
2016-04-12,1965.6428529228513
2016-04-13,1999.640775591961
2016-04-14,2031.1521565768558
2016-04-15,2031.9207325082655
2016-04-18,2004.106038879735
2016-04-19,2038.0518822062324
2016-04-20,2035.8821946169835
2016-04-21,2058.9782613382104
2016-04-22,2041.5357980905246
2016-04-25,2037.3885108282102
2016-04-26,2030.1621498395161
2016-04-27,2016.1764457908096
2016-04-28,2010.5404976257169
2016-04-29,2018.316581619861
2016-05-02,1992.4878035090571
2016-05-03,1987.375042612271
2016-05-04,1968.9388899734577
2016-05-05,1964.3792083281198
2016-05-06,1958.6555009531664
2016-05-09,1948.5743138083162
2016-05-10,1964.52085662391
2016-05-11,1967.901842543702
2016-05-12,1965.3386963974788
2016-05-13,1939.0696981618898
2016-05-16,1947.2749868117353
2016-05-17,1966.382670638829
2016-05-18,1950.9186335396932
2016-05-19,1933.0744123484928
2016-05-20,1938.5420410185227
2016-05-23,1946.9867244141135
2016-05-24,1930.9759619609476
2016-05-25,1955.0268090045456
2016-05-26,1964.8480079150659
2016-05-27,1976.8099677760083
2016-05-30,1977.1703475806212
2016-05-31,1992.0792903094455
2016-06-01,1989.1929835181854
2016-06-02,1978.4305646130292
2016-06-03,2004.3852132993654
2016-06-06,2007.1659604064407
2016-06-07,2029.3261006557027
2016-06-08,2043.6727877234164
2016-06-09,2033.8458672651552
2016-06-10,2013.067249900777
2016-06-13,1970.3108572568194
2016-06-14,1956.9479956808175
2016-06-15,1964.4614033440691
2016-06-16,1943.7204941631715
2016-06-17,1953.8131671697872
2016-06-20,1990.2816375151772
2016-06-21,2003.6603521788288
2016-06-22,2001.7478671357355
2016-06-23,2007.897327580485
2016-06-24,1935.1356109310389
2016-06-27,1946.9274265390877
2016-06-28,1944.8153677685243
2016-06-29,1979.631841359463
2016-06-30,1997.6751843881575
2016-07-01,2009.8308151199874
2016-07-04,2026.1234615337814
2016-07-05,2017.226149052284
2016-07-06,1995.3712015231793
2016-07-07,2001.6016974255183
2016-07-08,1990.6967646225578
2016-07-11,2026.0032693496876
2016-07-12,2041.1157711311423
2016-07-13,2058.4166321675048
2016-07-14,2064.279303629066
2016-07-15,2067.4067891274317
2016-07-18,2070.2539023795716
2016-07-19,2070.368099386535
2016-07-20,2071.5988605637426
2016-07-21,2084.0261582006474
2016-07-22,2073.422951357363
2016-07-25,2075.708801964814
2016-07-26,2082.5614295996793
2016-07-27,2085.1632258912655
2016-07-28,2088.030108130904
2016-07-29,2112.737006533781
2016-08-01,2125.728803360765
2016-08-02,2119.381079198977
2016-08-03,2080.930623450904
2016-08-04,2096.5234417816196
2016-08-05,2100.569192178456
2016-08-08,2125.302718319594
2016-08-09,2141.8402508499767
2016-08-10,2150.6799272513595
2016-08-11,2149.673965716174
2016-08-12,2164.6678843772793
2016-08-15,2164.140634207737
2016-08-16,2158.34139357706
2016-08-17,2161.1186771506877
2016-08-18,2155.6420318542023
2016-08-19,2151.958240554332
2016-08-22,2150.20252100342
2016-08-23,2153.0557243381204
2016-08-24,2149.5301574001405
2016-08-25,2149.6425339958614
2016-08-26,2141.2933075912024
2016-08-29,2133.6368720300206
2016-08-30,2133.3199802864146
2016-08-31,2134.669626317015
2016-09-01,2140.3165891309413
2016-09-02,2137.0255027452677
2016-09-05,2162.9106013578594
2016-09-06,2193.4740466587095
2016-09-07,2200.3333693709496
2016-09-08,2199.3390508977823
2016-09-09,2173.0641848858104
2016-09-12,2132.1641115875655
2016-09-13,2126.517458709089
2016-09-14,2117.067035034217
2016-09-15,2116.1737186819337
2016-09-16,2126.177120503347
2016-09-19,2145.0465738359853
2016-09-20,2149.455308944763
2016-09-21,2190.223911268608
2016-09-22,2204.8892344842634
2016-09-23,2201.9327704030034
2016-09-26,2185.2074004781907
2016-09-27,2202.851334377881
2016-09-28,2193.3618785084905
2016-09-29,2198.5897304093187
2016-09-30,2175.6210751682056
2016-10-03,2188.769279293302
2016-10-04,2188.5461470458135
2016-10-05,2183.68698799634
2016-10-06,2187.3378077648863
2016-10-07,2186.679449977804
2016-10-10,2185.907132724257
2016-10-11,2174.3390386032484
2016-10-12,2157.7402869277366
2016-10-13,2147.125077479008
2016-10-14,2150.163843355728
2016-10-17,2149.1226171783946
2016-10-18,2168.4437878008807
2016-10-19,2179.349881084926
2016-10-20,2181.146564185052
2016-10-21,2174.071364753901
2016-10-24,2178.2122037127046
2016-10-25,2183.92194964759
2016-10-26,2177.1512083230036
2016-10-27,2160.4282198539695
2016-10-28,2159.0550125218047
2016-10-31,2163.2751102457005
2016-11-01,2171.490303004401
2016-11-02,2149.523073534821
2016-11-03,2147.5265291625183
2016-11-04,2129.92373803231
2016-11-07,2139.283158850274
2016-12-08,2150.14574839011
2017-04-03,2313.460286952342
2017-04-04,2305.833901873172
2017-04-05,2309.278853713933
2017-04-06,2290.6187402940577
2017-04-07,2294.9541116534915
2017-04-10,2296.1383578066857
2017-04-11,2300.6503258416724
2017-04-12,2298.5985359560023
2017-04-13,2299.805270654463
2017-04-14,2290.7870854496196
2017-04-17,2301.2975779510825
2017-04-18,2290.7817422520898
2017-04-19,2281.4793127514267
2017-04-20,2288.449359709818
2017-04-21,2304.499873439154
2017-04-24,2313.5496104513104
2017-04-25,2328.959304676371
2017-04-26,2337.384632163358
2017-04-27,2339.1930486003425
2017-04-28,2331.831364338872
2017-05-01,2339.847166546633
2017-05-02,2349.1822739861327
2017-05-03,2342.6668558241695
2017-05-04,2335.4227141260662
2017-05-05,2327.5841429066104
2017-05-08,2358.394959125816
2017-05-09,2347.136117519497
2017-05-10,2353.141253925848
2017-05-11,2363.2386844830603
2017-05-12,2361.355329623122
2017-05-15,2365.499042920944
2017-05-16,2379.2720303794836
2017-05-17,2381.900760971312
2017-05-18,2361.172346838862
2017-05-19,2364.0515252002633
2017-05-22,2386.249931843445
2017-05-23,2380.171776750573
2017-05-24,2377.511271211984
2017-05-25,2394.6214354589015
2017-05-26,2394.325578913169
2017-05-29,2391.8348234082146
2017-05-30,2394.427505088551
2017-05-31,2394.303043051052
2017-06-01,2401.2382075089554
2017-06-02,2435.4330116078104
2017-06-05,2438.318884131494
2017-06-06,2436.7815596720247
2017-06-07,2439.8485153249603
2017-06-08,2435.6098888194147
2017-06-09,2429.6969844019013
2017-06-12,2425.775564726318
2017-06-13,2433.2421961152872
2017-06-14,2448.459090699112
2017-06-15,2419.060312001553
2017-06-16,2423.186963692479
2017-06-19,2436.492137090262
2017-06-20,2436.210872583613
2017-06-21,2425.0391987876947
2017-06-22,2431.6530354730276
2017-06-23,2435.3583932672555
2017-06-26,2444.050462684969
2017-06-27,2438.643303887587
2017-06-28,2432.8120525065788
2017-06-29,2446.0573505228863
2017-06-30,2430.3710065290247
2017-07-03,2423.7825624272596
2017-07-04,2414.6866783623514
2017-07-05,2424.0191723156927
2017-07-06,2420.2916061872097
2017-07-07,2403.4262702841784
2017-07-10,2412.0800846939337
2017-07-11,2426.7204662229256
2017-07-12,2440.898479715073
2017-07-13,2456.0080643894416
2017-07-14,2474.8369235908485
2017-07-17,2476.8728503843936
2017-07-18,2487.266177653737
2017-07-19,2499.624408477465
2017-07-20,2506.9725540870645
2017-07-21,2509.448661576415
2017-07-24,2509.3438473144906
2017-07-25,2502.5581932433442
2017-07-26,2504.086587802564
2017-07-27,2521.7422040726756
2017-07-28,2512.255583746246
2017-07-31,2521.7604264534903
2017-08-01,2536.6697708193237
2017-08-02,2538.0606462942296
2017-08-03,2531.450808596855
2017-08-04,2524.4265897927125
2017-08-07,2537.955251420081
2017-08-08,2537.849247062063
2017-08-09,2525.784207160266
2017-08-10,2515.581216211882
2017-08-11,2496.2307296339
2017-08-14,2495.358681621948
2017-08-15,2496.217836991244
2017-08-16,2504.6249560937963
2017-08-17,2518.504282898112
2017-08-18,2510.447298322521
2017-08-21,2511.39556008643
2017-08-22,2515.70913759266
2017-08-23,2523.1822032030127
2017-08-24,2522.165077966264
2017-08-25,2530.362920041683
2017-08-28,2532.4805841218217
2017-08-29,2529.2158831585707
2017-08-30,2530.217876924611
2017-08-31,2541.499926411689
2017-09-01,2546.7714650667044
2017-09-04,2532.375784800912
2017-09-05,2535.981814805552
2017-09-06,2531.927213094414
2017-09-07,2549.1727377092902
2017-09-08,2555.7897094150103
2017-09-11,2566.271623009191
2017-09-12,2573.861143375757
2017-09-13,2572.067814290498
2017-09-14,2567.513902574444
2017-09-15,2569.4762555226794
2017-09-18,2580.6153528834348
2017-09-19,2595.3445828044523
2017-09-20,2600.423259285602
2017-09-21,2580.703167245471
2017-09-22,2575.0610488692605
2017-09-25,2562.0079798056663
2017-09-26,2547.668417410006
2017-09-27,2547.75490798256
2017-09-28,2545.8015827886443
2017-09-29,2557.0132989169983
2017-10-02,2560.174824246545
2017-10-03,2577.226924194612
2017-10-04,2581.1947693822517
2017-10-05,2580.594465399703
2017-10-06,2588.0566481616984
2017-10-09,2589.4973073279075
2017-10-10,2612.9406139931216
2017-10-11,2615.8254991749545
2017-10-12,2626.558871297848
2017-10-13,2641.8879918124157
2017-10-16,2659.0163318204477
2017-10-17,2652.407057925819
2017-10-18,2648.4964335199415
2017-10-19,2645.118906455609
2017-10-20,2642.4377465953994
2017-10-23,2645.597339677042
2017-10-24,2646.552204151686
2017-10-25,2646.721305409849
2017-10-26,2641.544985000881
2017-10-27,2652.611187808869
2017-10-30,2665.2063046932453
2017-10-31,2664.519848811676
2017-11-01,2687.8465173388086
2017-11-02,2693.7837041877056
2017-11-03,2691.4312168480114
2017-11-06,2694.029790820693
2017-11-07,2716.078647022997
2017-11-08,2721.7733304141316
2017-11-09,2722.2404088009735
2017-11-10,2714.8839057571795
2017-11-13,2698.837533971096
2017-11-14,2690.910199362196
2017-11-15,2662.962632492082
2017-11-16,2688.15904849751
2017-11-17,2703.003259575501
2017-11-20,2698.991299857693
2017-11-21,2722.7399272608072
2017-11-22,2742.726672952467
2017-11-23,2744.2788870440445
2017-11-24,2746.6337545761376
2017-11-27,2735.79642270756
2017-11-28,2730.04358772536
2017-11-29,2729.6727003323854
2017-11-30,2709.8391039935746
2017-12-01,2701.185080615725
2017-12-04,2698.3922249319053
2017-12-05,2692.8622755153647
2017-12-06,2659.4544143652975
2017-12-07,2669.093103936144
2017-12-08,2685.6237686672034
2017-12-11,2706.178168160855
2017-12-12,2696.807370478545
2017-12-13,2711.2058584875945
2017-12-14,2717.0575261765334
2017-12-15,2702.883249813664
2017-12-18,2728.008552891081
2017-12-19,2726.1787159271894
2017-12-20,2727.406006855251
2017-12-21,2727.436827874861
2017-12-22,2742.832453047684
2017-12-25,2744.3992553609883
2017-12-26,2739.1923883045
2017-12-27,2750.103653960873
2017-12-28,2762.0311946271936
2017-12-29,2769.045706575712
2018-01-01,2768.094883002295
2018-01-02,2795.662456850743
2018-01-03,2801.2054857115354
2018-01-04,2833.9710717325815
2018-01-05,2852.010026933749
2018-01-08,2861.310359932188
2018-01-09,2871.865611311267
2018-01-10,2877.6396630756335
2018-01-11,2871.17401827908
2018-01-12,2878.289010542622
2018-01-15,2896.515598023392
2018-01-16,2907.7330702521253
2018-01-17,2906.50308667236
2018-01-18,2898.3729651680123
2018-01-19,2918.669409438908
2018-01-22,2924.2941594350777
2018-01-23,2960.425661817069
2018-01-24,2970.728578430574
2018-01-25,2968.0318484799827
2018-01-26,2977.2673638205056
2018-01-29,2972.2936997848637
2018-01-30,2936.238414801256
2018-01-31,2927.434850618967
2018-02-01,2934.912955702064
2018-02-02,2903.9363731786166
2018-02-05,2853.4473220690893
2018-02-06,2752.62365704652
2018-02-07,2751.4468143768086
2018-02-08,2759.0991027978102
2018-02-09,2713.379843754098
2018-02-12,2725.3884703365557
2018-02-13,2742.767602558417
2018-02-14,2761.248104559556
2018-02-15,2795.395882119247
2018-02-16,2806.3924314693727
2018-02-19,2831.4057648211397
2018-02-20,2810.5838239250224
2018-02-21,2820.1487466654494
2018-02-22,2804.7753184915036
2018-02-23,2837.254628787046
2018-02-26,2854.8991277201712
2018-02-27,2850.0004977063254
2018-02-28,2827.1659892398498
2018-03-01,2802.072848376699
2018-03-02,2782.7134720368967
2018-03-05,2752.188524549745
2018-03-06,2791.0545456794284
2018-03-07,2773.5164531534797
2018-03-08,2791.9022631458556
2018-03-09,2800.2053174466314
2018-03-12,2846.2670175726776
2018-03-13,2853.0800903430504
2018-03-14,2848.5096630641888
2018-03-15,2850.079109396885
2018-03-16,2840.71511919313
2018-03-19,2821.852252420917
2018-03-20,2817.3677276740623
2018-03-21,2814.513417826045
2018-03-22,2817.695168834498
2018-03-23,2743.329408925016
2018-03-26,2756.929604071035
2018-03-27,2789.7987935600827
2018-03-28,2752.669086625525
2018-03-29,2759.7297885677635
2018-03-30,2770.1194233866736
2018-04-02,2767.206596485592
2018-04-03,2760.359451617132
2018-04-04,2743.497486502757
2018-04-05,2755.8435051859456
2018-04-06,2756.1016694226096
2018-04-09,2773.9594465053574
2018-04-10,2796.763766359876
2018-04-11,2798.9769295066744
2018-04-12,2783.961822928316
2018-04-13,2787.1009543958335
2018-04-16,2785.881356551062
2018-04-17,2777.1874222985543
2018-04-18,2799.3638430933033
2018-04-19,2812.325277904631
2018-04-20,2787.1897898828506
2018-04-23,2767.5936124308914
2018-04-24,2772.3759568876976
2018-04-25,2754.9407572078467
2018-04-26,2754.7708647374293
2018-04-27,2776.7883840799645
2018-04-30,2790.6734447510444
2018-05-01,2785.280724742486
2018-05-02,2775.7613668688746
2018-05-03,2776.586111435506
2018-05-04,2767.1119889069423
2018-05-07,2773.4484802180687
2018-05-08,2782.947717588512
2018-05-09,2774.267920423581
2018-05-10,2789.9659251284547
2018-05-11,2815.500434994616
2018-05-14,2830.6794198370494
2018-05-15,2802.7304452617677
2018-05-16,2801.0080130752804
2018-05-17,2795.452514591774
2018-05-18,2800.1218082894807
2018-05-21,2797.116370123262
2018-05-22,2796.8766895316353
2018-05-23,2788.8677901935234
2018-05-24,2790.5703182398415
2018-05-25,2788.668537944937
2018-05-28,2793.0668651591927
2018-05-29,2780.4938941262603
2018-05-30,2744.9900906815246
2018-05-31,2770.243615159087
2018-06-01,2767.6034449422077
2018-06-04,2804.2710265560154
2018-06-05,2803.3786519534724
2018-06-06,2814.9581237218017
2018-06-07,2829.5271958234775
2018-06-08,2810.9699963478674
2018-06-11,2813.927397731719
2018-06-12,2816.7283134699755
2018-06-13,2809.6284444881835
2018-06-14,2785.4029793484724
2018-06-15,2777.270764766213
2018-06-18,2758.490724090832
2018-06-19,2713.0535902987613
2018-06-20,2728.976449405741
2018-06-21,2716.8167321522824
2018-06-22,2720.596117801265
2018-06-25,2690.866936037964
2018-06-26,2685.90574389474
2018-06-27,2660.9511700378785
2018-06-28,2651.2428026815674
2018-06-29,2673.607023039674
2018-07-02,2639.208512476076
2018-07-03,2634.736987503729
2018-07-04,2630.094948256816
2018-07-05,2616.128043578658
2018-07-06,2637.8660532862846
2018-07-09,2669.596953734062
2018-07-10,2668.164231940382
2018-07-11,2641.4224928271883
2018-07-12,2646.1428718796374
2018-07-13,2666.0699773261626
2018-07-16,2658.8383466742252
2018-07-17,2657.6501327149344
2018-07-18,2660.96976947034
2018-07-19,2650.927855575837
2018-07-20,2669.7596768987523
2018-07-23,2666.237901024408
2018-07-24,2686.9144833584737
2018-07-25,2702.089494136938
2018-07-26,2708.163422747065
2018-07-27,2720.421426917282
2018-07-30,2708.9545330876995
2018-07-31,2690.540696466297
2018-08-01,2697.448025763931
2018-08-02,2665.288804276214
2018-08-03,2664.947306840259
2018-08-06,2659.021631261236
2018-08-07,2680.89879246117
2018-08-08,2687.1218299349357
2018-08-09,2690.929262517259
2018-08-10,2665.92927710224
2018-08-13,2615.432783084732
2018-08-14,2627.9485165750784
2018-08-15,2609.343305360988
2018-08-16,2596.1930015091452
2018-08-17,2612.067742460583
2018-08-20,2623.5996512555457
2018-08-21,2631.3883330597523
2018-08-22,2643.290909499483
2018-08-23,2630.6477481575616
2018-08-24,2638.105306291423
2018-08-27,2673.7076687447156
2018-08-28,2680.9489242588497
2018-08-29,2683.7844057588404
2018-08-30,2678.845022380326
2018-08-31,2672.8013192169683
2018-09-03,2652.1047116162704
2018-09-04,2645.4752296610886
2018-09-05,2608.282831633797
2018-09-06,2596.5234857807477
2018-09-07,2586.528324408088
2018-09-10,2570.024419896514
2018-09-11,2568.056134355821
2018-09-12,2566.366963661733
2018-09-13,2588.7851036253583
2018-09-14,2615.9281527770227
2018-09-17,2600.5631975245146
2018-09-18,2616.618929117398
2018-09-19,2649.2039942521765
2018-09-20,2653.97782011463
2018-09-21,2681.9433306463025
2018-09-24,2665.922007803266
2018-09-25,2673.5677983944965
2018-09-26,2684.096009670611
2018-09-27,2668.5097069569742
2018-09-28,2676.0738412263245
2018-10-01,2669.776195887242
2018-10-02,2650.8492148149535
2018-10-03,2631.101700846548
2018-10-04,2605.6507297984494
2018-10-05,2585.2227935905057
2018-10-08,2571.971523012812
2018-10-09,2547.312520566629
2018-10-10,2549.01039850053
2018-10-11,2462.787491747469
2018-10-12,2497.1212121714316
2018-10-15,2469.0200723037265
2018-10-16,2481.9685343005935
2018-10-17,2502.4939817458244
2018-10-18,2483.4307416474308
2018-10-19,2478.1374118886574
2018-10-22,2488.129606021032
2018-10-23,2435.483162821677
2018-10-24,2425.9122795725416
2018-10-25,2376.4513059017677
2018-10-26,2370.985677411745
2018-10-29,2356.075972029367
2018-10-30,2372.1919293029227
2018-10-31,2416.6165307929646
2018-11-01,2430.9853248699796
2018-11-02,2483.1813645643856
2018-11-05,2453.676944156785
2018-11-06,2470.4210330070964
2018-11-07,2476.0375072858606
2018-11-08,2493.687702087894
2018-11-09,2466.6957596472685
2018-11-12,2457.7466560425783
2018-11-13,2437.2194292882973
2018-11-14,2433.9632958342804
2018-11-15,2457.3985846003097
2018-11-16,2459.049747444019
2018-11-19,2467.6893324022235
2018-11-20,2439.2167015962614
2018-11-21,2431.998505765341
2018-11-22,2441.214735937575
2018-11-23,2438.532979515677
2018-11-26,2447.8163368990813
2018-11-27,2457.115279060374
2018-11-28,2473.0210746780785
2018-11-29,2490.2871492064887
2018-11-30,2489.593809320614
2018-12-03,2537.206439616396
2018-12-04,2514.20649437167
2018-12-05,2486.1631293398186
2018-12-06,2444.970037694494
2018-12-07,2449.2359329974547
2018-12-10,2402.9385836524484
2018-12-11,2393.4391226693774
2018-12-12,2434.4530159560422
2018-12-13,2448.1288629396186
2018-12-14,2414.468055446209
2018-12-17,2419.5676076515547
2018-12-18,2391.816271277441
2018-12-19,2395.98153339695
2018-12-20,2361.8583570305364
2018-12-21,2344.0669385925853
2018-12-24,2343.920081872006
2018-12-25,2297.0953833341173
2018-12-26,2309.7751648127683
2018-12-27,2356.615322123416
2018-12-28,2366.39317733202
2018-12-31,2377.661537182502
2019-01-01,2378.090947362299
2019-01-02,2355.6771676906915
2019-01-03,2361.410120422197
2019-01-04,2361.23571981144
2019-01-07,2406.510001595165
2019-01-08,2408.441448037261
2019-01-09,2448.2012880782763
2019-01-10,2446.0267740045333
2019-01-11,2454.232761406416
2019-01-14,2441.0879476389073
2019-01-15,2468.3448749651193
2019-01-16,2466.4532541339295
2019-01-17,2466.3958386825807
2019-01-18,2482.204935140358
2019-01-21,2489.1687299528194
2019-01-22,2472.8604592245842
2019-01-23,2464.3050694373155
2019-01-24,2476.2017791815642
2019-01-25,2505.9111237664815
2019-01-28,2503.0108005038405
2019-01-29,2498.4907242629297
2019-01-30,2502.4598198102367
2019-01-31,2534.808309725793
2019-02-01,2528.204216505424
2019-02-04,2531.037156607482
2019-02-05,2542.0489921528733
2019-02-06,2540.762708212459
2019-02-07,2532.7536847061992
2019-02-08,2507.116098515271
2019-02-11,2503.589101301705
2019-02-12,2528.8224481458096
2019-02-13,2545.2392451488045
2019-02-14,2544.769588665059
2019-02-15,2522.333727119182
2019-02-18,2549.903992106043
2019-02-19,2552.9934717002775
2019-02-20,2572.440858145398
2019-02-21,2576.7186467392967
2019-02-22,2584.651645993717
2019-02-25,2604.88597161284
2019-02-26,2597.5007202920774
2019-02-27,2595.55115885343
2019-02-28,2573.441773740909
2019-03-01,2579.5787571979336
2019-03-04,2593.0384096829857
2019-03-05,2588.217329354377
2019-03-06,2589.0661137218035
2019-03-07,2573.261824185678
2019-03-08,2535.4651328433233
2019-03-11,2551.6588963529375
2019-03-12,2579.8535775388605
2019-03-13,2570.3638164846934
2019-03-14,2561.562355172865
2019-03-15,2581.1551835573587
2019-03-18,2604.810887148352
2019-03-19,2604.1848485784894
2019-03-20,2602.695528258141
2019-03-21,2610.350595742218
2019-03-22,2620.5744962754034
2019-03-25,2570.1179889037962
2019-03-26,2596.1243895071234
2019-03-27,2599.788757557768
2019-03-28,2584.456931844446
2019-03-29,2604.161824904028
2019-04-01,2630.231131691842
2019-04-02,2630.806970811206
2019-04-03,2650.2424974465985
2019-04-04,2644.2299684104437
2019-04-05,2646.506022618946
2019-04-08,2650.765140260879
2019-04-09,2660.0207867545546
2019-04-10,2656.2985926851197
2019-04-11,2640.251363295007
2019-04-12,2643.395865975702
2019-04-15,2655.56637588715
2019-04-16,2663.9445164132835
2019-04-17,2668.436242142416
2019-04-18,2652.755537209282
2019-04-19,2654.8631013710765
2019-04-22,2649.90722933
2019-04-23,2654.685214632456
2019-04-24,2645.8763514355655
2019-04-25,2640.907419714986
2019-04-26,2639.4008535350113
2019-04-29,2645.1183615978857
2019-04-30,2642.4215713688995
2019-05-01,2647.305634228379
2019-05-02,2645.798034337014
2019-05-03,2651.4244015034815
2019-05-06,2622.2494095317948
2019-05-07,2615.35086573594
2019-05-08,2586.616000577723
2019-05-09,2551.420712385732
2019-05-10,2557.949321820042
2019-05-13,2536.940326350528
2019-05-14,2518.8397047059243
2019-05-15,2532.1547159062075
2019-05-16,2520.338580751956
2019-05-17,2512.805516547569
2019-05-20,2517.174325493812
2019-05-21,2510.136944387117
2019-05-22,2509.3952950871108
2019-05-23,2496.3653797183642
2019-05-24,2503.527790020328
2019-05-27,2507.608695498987
2019-05-28,2514.666151707406
2019-05-29,2495.6484402551505
2019-05-30,2490.2692028360943
2019-05-31,2492.3472841100056
2019-06-03,2493.5003560106543
2019-06-04,2492.2333817316703
2019-06-05,2518.6763818508093
2019-06-06,2512.1727011741636
2019-06-07,2524.7457375849763
2019-06-10,2550.3143577651354
2019-06-11,2570.9218340774814
2019-06-12,2558.0342203541645
2019-06-13,2544.9493715545236
2019-06-14,2539.251547282082
2019-06-17,2526.5995150389494
2019-06-18,2535.683321562145
2019-06-19,2580.710613793608
2019-06-20,2614.9991158901757
2019-06-21,2600.1978156297137
2019-06-24,2609.5639333439826
2019-06-25,2603.777534992938
2019-06-26,2595.7447473228917
2019-06-27,2621.719973509175
2019-06-28,2617.451512731292
2019-07-01,2642.593783550502
2019-07-02,2655.9826286710254
2019-07-03,2648.5090557141643
2019-07-04,2658.7112961994208
2019-07-05,2649.76299120095
2019-07-08,2611.9327310878475
2019-07-09,2602.9343898038487
2019-07-10,2609.460184896385
2019-07-11,2628.627541026792
2019-07-12,2628.4093136040397
2019-07-15,2635.2999439412356
2019-07-16,2632.0957111618663
2019-07-17,2628.539090571105
2019-07-18,2604.617529226288
2019-07-19,2637.312943137912
2019-07-22,2624.4290919298082
2019-07-23,2633.187517272252
2019-07-24,2637.728903489621
2019-07-25,2638.1619030690695
2019-07-26,2622.5413112481842
2019-07-29,2610.2610123712107
2019-07-30,2614.2522228756293
2019-07-31,2598.8702266549612
2019-08-01,2586.995366400616
2019-08-02,2552.6968419698874
2019-08-05,2494.409215433353
2019-08-06,2475.5892589493383
2019-08-07,2482.7096266737803
2019-08-08,2495.367978700657
2019-08-09,2501.024876159593
2019-08-12,2500.3036526081
2019-08-13,2461.3047773582216
2019-08-14,2483.955726579969
2019-08-15,2465.410158712634
2019-08-16,2474.6965287980734
2019-08-19,2498.17613351693
2019-08-20,2512.9134051466212
2019-08-21,2504.333359164926
2019-08-22,2494.841644359939
2019-08-23,2504.2270878415534
2019-08-26,2468.2895859483333
2019-08-27,2482.6460228721394
2019-08-28,2484.588579005036
2019-08-29,2483.3912648526853
2019-08-30,2518.5766585912875
2019-09-02,2511.7938716263698
2019-09-03,2506.4363310237095
2019-09-04,2526.672260614711
2019-09-05,2553.733888402675
2019-09-06,2567.9701259938033
2019-09-09,2578.451487911116
2019-09-10,2577.3405323402762
2019-09-11,2601.3013866227884
2019-09-12,2612.941918714095
2019-09-13,2628.906265501431
2019-09-16,2625.213524269703
2019-09-17,2616.2579872899532
2019-09-18,2613.3517520316104
2019-09-19,2613.218607261302
2019-09-20,2624.0106388453432
2019-09-23,2622.938854235446
2019-09-24,2623.5786608364247
2019-09-25,2605.8219046837858
2019-09-26,2610.2301788308487
2019-09-27,2594.712348039963
2019-09-30,2585.8039551754423
2019-10-01,2596.29018460109
2019-10-02,2584.3551915336902
2019-10-03,2571.7051755201437
2019-10-04,2573.2925482211963
2019-10-07,2573.5217980788093
2019-10-08,2585.4830392632944
2019-10-09,2573.635144341244
2019-10-10,2570.032921877204
2019-10-11,2595.261897286945
2019-10-14,2608.8726862257627
2019-10-15,2623.2595145837145
2019-10-16,2640.3917768700558
2019-10-17,2643.5476113891687
2019-10-18,2637.5991525681484
2019-10-21,2647.5760504231043
2019-10-22,2651.7361126961564
2019-10-23,2650.873501812005
2019-10-24,2663.421842855585
2019-10-25,2666.3551483864558
2019-10-28,2672.191426783607
2019-10-29,2686.6067402879407
2019-10-30,2683.88646186075
2019-10-31,2697.6209421573535
2019-11-01,2705.1008049261704
2019-11-04,2722.9285885855447
2019-11-05,2742.9318283044286
2019-11-06,2741.4734305033494
2019-11-07,2748.71625598839
2019-11-08,2744.2172878100578
2019-11-11,2726.617389064568
2019-11-12,2737.5833624403062
2019-11-13,2715.298662066416
2019-11-14,2701.9122508876444
2019-11-15,2718.9661949153633
2019-11-18,2730.492822702249
2019-11-19,2738.840205878217
2019-11-20,2720.0153937509317
2019-11-21,2703.7116561567395
2019-11-22,2708.9996205237153
2019-11-25,2726.1227958342092
2019-11-26,2729.2658196392867
2019-11-27,2739.8157238711046
2019-11-28,2733.1975063018417
2019-11-29,2709.608660318046
2019-12-02,2726.4658470150493
2019-12-03,2718.383556235957
2019-12-04,2700.969600434025
2019-12-05,2718.4737044145745
2019-12-06,2729.443131901623
2019-12-09,2736.577260906509
2019-12-10,2730.709502829214
2019-12-11,2740.1255361835742
2019-12-12,2749.6126674415336
2019-12-13,2790.3435011228426
2019-12-16,2788.2275984731154
2019-12-17,2811.5294678098
2019-12-18,2809.7812699770716
2019-12-19,2807.725586729985
2019-12-20,2806.840028312824
2019-12-23,2808.60557170639
2019-12-24,2805.7712388645
2019-12-25,2802.961882408801
2019-12-26,2809.2009570487694
2019-12-27,2827.909282819118
2019-12-30,2827.8444650002725
2019-12-31,2822.0842909189782
2020-01-01,2822.3815861677854
2020-01-02,2841.50673126558
2020-01-03,2839.3152149421567
2020-01-06,2805.353596166328
2020-01-07,2828.637920252946
2020-01-08,2802.9064740017884
2020-01-09,2840.6035338061865
2020-01-10,2855.6898830945433
2020-01-13,2867.799833774884
2020-01-14,2873.6929944159147
2020-01-15,2864.5367779589187
2020-01-16,2867.646129405275
2020-01-17,2878.3329706940635
2020-01-20,2879.1785578086406
2020-01-21,2848.400674146788
2020-01-22,2865.6087078454466
2020-01-23,2846.250748662907
2020-01-24,2843.399295929266
2020-01-27,2818.438324309114
2020-01-28,2797.0361097348227
2020-01-29,2791.589698740477
2020-01-30,2740.0374273500597
2020-01-31,2739.489571636252
2020-02-03,2720.1998478092382
2020-02-04,2754.433994702775
2020-02-05,2768.871605310806
2020-02-06,2817.2860870759746
2020-02-07,2801.3980635379335
2020-02-10,2787.8130383541793
2020-02-11,2803.347760404318
2020-02-12,2820.264343936783
2020-02-13,2815.5925619053996
2020-02-14,2811.8784337194656
2020-02-17,2802.011608814856
2020-02-18,2771.920241527716
2020-02-19,2775.498621652742
2020-02-20,2756.7018353792064
2020-02-21,2741.8500697941104
2020-02-24,2707.9430064396483
2020-02-25,2680.601736463171
2020-02-26,2646.0410157714305
2020-02-27,2622.681893069965
2020-02-28,2559.7973777167613
2020-03-02,2580.604450002012
2020-03-03,2585.9249702033703
2020-03-04,2596.8153317003353
2020-03-05,2631.1743032564955
2020-03-06,2575.134090414944
2020-03-09,2461.8270995239736
2020-03-10,2480.3108614000375
2020-03-11,2432.3063957382433
2020-03-12,2292.181643293428
2020-03-13,2231.85242412556
2020-03-16,2137.7130352147615
2020-03-17,2136.722809033941
2020-03-18,2066.5962322892433
2020-03-19,2004.6956462174944
2020-03-20,2054.970384342274
2020-03-23,1985.112816110183
2020-03-24,2080.5206714041497
2020-03-25,2197.9565322717435
2020-03-26,2215.2527497885944
2020-03-27,2258.5676430684885
2020-03-30,2251.425490398847
2020-03-31,2253.5774627966116
2020-04-01,2207.383402320308
2020-04-02,2192.157560268508
2020-04-03,2173.6311111967534
2020-04-06,2237.557681108515
2020-04-07,2292.60001627041
2020-04-08,2298.7198126144335
2020-04-09,2322.5282191407246
2020-04-10,2332.3423018418916
2020-04-13,2323.053882694747
2020-04-14,2368.9511395215222
2020-04-15,2361.9244594013057
2020-04-16,2346.3619001989764
2020-04-17,2391.8039733914256
2020-04-20,2378.534588839057
2020-04-21,2329.07647611492
2020-04-22,2333.5364515881556
2020-04-23,2354.866177209267
2020-04-24,2340.087560651194
2020-04-27,2387.3359333016247
2020-04-28,2397.415368792153
2020-04-29,2421.279477782544
2020-04-30,2446.635008692565
2020-05-01,2403.516743155585
2020-05-04,2363.278743220502
2020-05-05,2379.148181654649
2020-05-06,2392.9449752629
2020-05-07,2385.2972734133164
2020-05-08,2428.892717704869
2020-05-11,2445.6220514941956
2020-05-12,2431.0820393433755
2020-05-13,2433.526919601258
2020-05-14,2396.937787978877
2020-05-15,2403.1262482666907
2020-05-18,2415.9589468519043
2020-05-19,2456.707079010317
2020-05-20,2472.8373610545564
2020-05-21,2461.81203692536
2020-05-22,2410.0267658448543
2020-05-25,2434.288724611118
2020-05-26,2488.1180738943217
2020-05-27,2491.560366146851
2020-05-28,2512.223774236211
2020-05-29,2509.0870796450226
2020-06-01,2552.5983943087194
2020-06-02,2578.3302381951476
2020-06-03,2616.2991571448792
2020-06-04,2626.087475738985
2020-06-05,2643.2174034413424
2020-06-08,2670.816977335213
2020-06-09,2688.9544615799673
2020-06-10,2702.615444570434
2020-06-11,2646.6791958016
2020-06-12,2613.562747293512
2020-06-15,2552.0307884300764
2020-06-16,2637.664105874336
2020-06-17,2645.693976300922
2020-06-18,2647.940500826079
2020-06-19,2652.484409474929
2020-06-22,2650.5209562340788
2020-06-23,2683.4405562006364
2020-06-24,2672.0872838691525
2020-06-25,2641.0387310071446
2020-06-26,2649.6534684571766
2020-06-29,2613.302228012656
2020-06-30,2629.5439024040766
2020-07-01,2628.5010611992616
2020-07-02,2669.3141803754484
2020-07-03,2693.5577403030393
2020-07-06,2748.575049675374
2020-07-07,2732.1067810076497
2020-07-08,2744.054490579085
2020-07-09,2761.041926413938
2020-07-10,2733.0144963119455
2020-07-13,2758.989535580425
2020-07-14,2735.5400855905227
2020-07-15,2767.95770507547
2020-07-16,2726.9741413044053
2020-07-17,2737.1994058412715
2020-07-20,2748.712338463903
2020-07-21,2796.27460707015
2020-07-22,2768.7391048924064
2020-07-23,2776.478158424965
2020-07-24,2757.464592957992
2020-07-27,2779.801101889121
2020-07-28,2791.8289317527915
2020-07-29,2782.251560301446
2020-07-30,2777.0369356128517
2020-07-31,2738.7441541434987
2020-08-03,2748.941039183494
2020-08-04,2801.63177328826
2020-08-05,2822.0998328994083
2020-08-06,2829.649728713976
2020-08-07,2798.673797233116
2020-08-10,2798.936163459535
2020-08-11,2825.405043417979
2020-08-12,2836.9172693933397
2020-08-13,2851.5002534293158
2020-08-14,2850.76881425384
2020-08-17,2857.821509251999
2020-08-18,2872.421243357517
2020-08-19,2868.6382400252555
2020-08-20,2824.5725515443887
2020-08-21,2846.709768718185
2020-08-24,2875.360593311883
2020-08-25,2893.119797079898
2020-08-26,2904.278546145933
2020-08-27,2893.9031141291835
2020-08-28,2904.334600669578
2020-08-31,2885.591424997423
2020-09-01,2899.4132728385657
2020-09-02,2908.5182705304715
2020-09-03,2902.166366047609
2020-09-04,2864.2419701118088
2020-09-07,2857.101974734056
2020-09-08,2861.1474258953226
2020-09-09,2835.823611843558
2020-09-10,2850.2260334328944
2020-09-11,2863.867468497912
2020-09-14,2898.340023376903
2020-09-15,2906.5996601124484
2020-09-16,2927.118857111975
2020-09-17,2904.134629524578
2020-09-18,2918.897662448143
2020-09-21,2892.1794275912957
2020-09-22,2868.1421880438365
2020-09-23,2865.1692632648533
2020-09-24,2812.1370797917393
2020-09-25,2824.077639906286
2020-09-28,2860.1571456187344
2020-09-29,2866.9389971941637
2020-09-30,2859.8926202761872
2020-10-01,2866.6119217771143
2020-10-02,2851.428755905185
2020-10-05,2888.6536015885276
2020-10-06,2911.874404999304
2020-10-07,2922.867728016556
2020-10-08,2943.8502839609873
2020-10-09,2948.1409520052835
2020-10-12,2971.5872155108755
2020-10-13,2974.120077102268
2020-10-14,2971.8085802858977
2020-10-15,2937.8763336449974
2020-10-16,2931.0397790191846
2020-10-19,2950.46577652622
2020-10-20,2946.151546485615
2020-10-21,2973.0274667458716
2020-10-22,2953.040120909499
2020-10-23,2956.7849573836447
2020-10-26,2946.520001798192
2020-10-27,2950.6722908058623
2020-10-28,2937.689249522209
2020-10-29,2926.2180264446492
2020-10-30,2879.558452550482
2020-11-02,2911.0243955649667
2020-11-03,2931.737683649392
2020-11-04,2962.455024842153
2020-11-05,3035.0103484890956
2020-11-06,3058.383670918985
2020-11-09,3072.414887469812
2020-11-10,3072.359074164211
2020-11-11,3092.2142326982294
2020-11-12,3099.4908001967274
2020-11-13,3100.0764758222294
2020-11-16,3144.0205420478255
2020-11-17,3149.111266014115
2020-11-18,3156.506896923444
2020-11-19,3147.3300637557163
2020-11-20,3165.074840718422
2020-11-23,3174.045959804888
2020-11-24,3207.2894303315893
2020-11-25,3202.6209439733125
2020-11-26,3225.025772822895
2020-11-27,3237.6096399712224
2020-11-30,3174.659176008156
2020-12-01,3204.436628336967
2020-12-02,3212.7577974966675
2020-12-03,3239.264702406228
2020-12-04,3252.2296314736113
2020-12-07,3246.918209928184
2020-12-08,3244.7633751483195
2020-12-09,3267.4060005469196
2020-12-10,3257.52056491974
2020-12-11,3270.0659549496336
2020-12-14,3266.29274195208
2020-12-15,3258.8358606728148
2020-12-16,3288.9927257925688
2020-12-17,3313.329903204744
2020-12-18,3299.8751714024384
2020-12-21,3284.0838876365874
2020-12-22,3241.2481350959415
2020-12-23,3264.79222231316
2020-12-24,3267.3860691902673
2020-12-25,3271.6352836330975
2020-12-28,3273.74479172793
2020-12-29,3323.7931415555213
2020-12-30,3356.9903679947415
2020-12-31,3356.4050905099343
