Date,UNITED ARAB EMIRATES IMI GROWTH
2014-05-30,1000.0
2014-06-02,990.190671857001
2014-06-03,971.8802485236831
2014-06-04,961.4210624856826
2014-06-05,973.1460401097914
2014-06-06,973.1460401097914
2014-06-09,911.8623372075642
2014-06-10,887.5593278241664
2014-06-11,875.4842058852848
2014-06-12,905.619420788335
2014-06-13,905.619420788335
2014-06-16,830.4903508684756
2014-06-17,827.7664417889592
2014-06-18,845.7789700390076
2014-06-19,858.2527200548835
2014-06-20,858.2527200548838
2014-06-23,792.7549389933777
2014-06-24,743.248251511379
2014-06-25,773.0072186498079
2014-06-26,762.738895198149
2014-06-27,762.7299604028719
2014-06-30,693.143455191988
2014-07-01,710.0459538491059
2014-07-02,777.400379614906
2014-07-03,788.9634259760057
2014-07-04,788.963425976006
2014-07-07,823.2501486283478
2014-07-08,812.8464539914743
2014-07-09,807.6325566815991
2014-07-10,818.39468300925
2014-07-11,818.3946830092502
2014-07-14,829.3217168088188
2014-07-15,857.287033957286
2014-07-16,874.9304877598416
2014-07-17,875.1379040635292
2014-07-18,875.1379040635294
2014-07-21,836.7013827382301
2014-07-22,827.9547607133751
2014-07-23,815.112689896718
2014-07-24,810.7647631754392
2014-07-25,810.7647631754394
2014-07-28,824.0547699956882
2014-07-29,824.0547699956882
2014-07-30,824.0547699956882
2014-07-31,848.0818601669572
2014-08-01,848.0818601669572
2014-08-04,845.6104032323866
2014-08-05,838.8073158593875
2014-08-06,813.4815076074507
2014-08-07,818.4757918177568
2014-08-08,818.4757918177568
2014-08-11,836.6133328389308
2014-08-12,834.696208783317
2014-08-13,836.7259064949124
2014-08-14,839.7668799835548
2014-08-15,839.7570131409647
2014-08-18,842.6692812747032
2014-08-19,856.0984666135212
2014-08-20,850.0655945807764
2014-08-21,857.0996663902511
2014-08-22,857.0996663902511
2014-08-25,866.4569641967024
2014-08-26,871.020406945902
2014-08-27,873.9743606189588
2014-08-28,857.0065794243266
2014-08-29,857.0065794243268
2014-09-01,886.8531592247444
2014-09-02,889.4694287586061
2014-09-03,908.545451062016
2014-09-04,902.418841587571
2014-09-05,902.418841587571
2014-09-08,904.9177656584958
2014-09-09,900.5403253441109
2014-09-10,869.2471472483629
2014-09-11,881.4786621557129
2014-09-12,881.4786621557129
2014-09-15,896.3711214285014
2014-09-16,888.9845829184796
2014-09-17,888.0673400318642
2014-09-18,912.8362500106875
2014-09-19,912.8362500106875
2014-09-22,896.082906834315
2014-09-23,899.5927827496523
2014-09-24,892.7494173819166
2014-09-25,889.0112176653315
2014-09-26,889.021703026207
2014-09-29,877.2697865546828
2014-09-30,878.190704392285
2014-10-01,872.5618901330641
2014-10-02,856.0907315405084
2014-10-03,856.0907315405086
2014-10-06,856.0703740647541
2014-10-07,859.1906492858906
2014-10-08,836.0599565046973
2014-10-09,845.9857609807714
2014-10-10,845.9857609807714
2014-10-13,802.0451316168225
2014-10-14,781.7672328385637
2014-10-15,772.2614197372174
2014-10-16,741.1492398918933
2014-10-17,741.1492398918933
2014-10-20,747.1100020617669
2014-10-21,754.0070206080812
2014-10-22,768.478409991705
2014-10-23,774.4391188859973
2014-10-24,774.4391188859972
2014-10-27,782.9910051558417
2014-10-28,781.4798815852947
2014-10-29,785.5269431934512
2014-10-30,763.0877026106616
2014-10-31,763.0787469396082
2014-11-03,782.1090408020855
2014-11-04,776.6337176726441
2014-11-05,752.8471985044359
2014-11-06,754.9205313167903
2014-11-07,754.9205313167902
2014-11-10,787.1794598268508
2014-11-11,794.9203854791132
2014-11-12,790.0977125494294
2014-11-13,802.4387820796111
2014-11-14,802.4387820796111
2014-11-17,779.0068582668604
2014-11-18,792.224535731077
2014-11-19,785.3271445210983
2014-11-20,790.7715272677998
2014-11-21,790.7715272677997
2014-11-24,799.5158169376259
2014-11-25,779.070539478677
2014-11-26,753.6721973326767
2014-11-27,766.5890451749384
2014-11-28,766.5705348323758
2014-12-01,735.921500664761
2014-12-02,735.9302738885804
2014-12-03,735.9215006647612
2014-12-04,717.4297054056806
2014-12-05,717.4297054056806
2014-12-08,692.5570983916981
2014-12-09,669.2303605179077
2014-12-10,668.6543308338188
2014-12-11,616.9645051223878
2014-12-12,616.9645051223879
2014-12-15,579.466826590906
2014-12-16,534.4930299533213
2014-12-17,527.7436605197356
2014-12-18,591.7791030531074
2014-12-19,591.7791030531074
2014-12-22,655.2812800958742
2014-12-23,632.072948893817
2014-12-24,649.962667055302
2014-12-25,655.7695564067903
2014-12-26,655.7695564067902
2014-12-29,667.634162833789
2014-12-30,631.6764246925796
2014-12-31,637.8543115046375
2015-01-01,637.8543115046376
2015-01-02,637.8468645280564
2015-01-05,607.2651710842324
2015-01-06,580.7616992397848
2015-01-07,604.7050053207142
2015-01-08,617.7179489941734
2015-01-09,617.7179489941734
2015-01-12,632.7866303382461
2015-01-13,650.666932907283
2015-01-14,649.5979212659453
2015-01-15,651.1789651395337
2015-01-16,651.1789651395337
2015-01-19,654.9154435361507
2015-01-20,650.3211610160018
2015-01-21,645.3908564668699
2015-01-22,648.985241186728
2015-01-23,648.985241186728
2015-01-26,620.5713627696414
2015-01-27,621.9314534133201
2015-01-28,618.1781128370689
2015-01-29,604.0290766852916
2015-01-30,604.0290766852916
2015-02-02,625.327377721578
2015-02-03,644.5093983237056
2015-02-04,641.0865459758822
2015-02-05,638.6500930902038
2015-02-06,638.6500930902038
2015-02-09,645.4670958347778
2015-02-10,643.5467756751939
2015-02-11,641.0102367494477
2015-02-12,640.5579356568388
2015-02-13,640.5579356568388
2015-02-16,642.2294800364514
2015-02-17,647.4420769963326
2015-02-18,646.4844673203578
2015-02-19,646.8547504875045
2015-02-20,646.8547504875045
2015-02-23,641.3700297478612
2015-02-24,645.0841456637683
2015-02-25,649.3431773733344
2015-02-26,651.0278276763995
2015-02-27,651.0582882945972
2015-03-02,638.6352346437542
2015-03-03,634.1545941926719
2015-03-04,628.7740540494477
2015-03-05,619.9657353260121
2015-03-06,619.9657353260121
2015-03-09,619.6118722794616
2015-03-10,622.0834359223052
2015-03-11,610.0719516672009
2015-03-12,612.2956339408614
2015-03-13,612.2956339408614
2015-03-16,579.5124927594692
2015-03-17,575.8427484784216
2015-03-18,554.1210232960425
2015-03-19,569.3346576881338
2015-03-20,569.3346576881338
2015-03-23,574.4769802947824
2015-03-24,574.4310181640628
2015-03-25,560.6182054869325
2015-03-26,555.7411963369988
2015-03-27,555.7090092405001
2015-03-30,566.666059600451
2015-03-31,573.5004726447469
2015-04-01,576.8357978967036
2015-04-02,601.3464291995709
2015-04-03,601.346429199571
2015-04-06,615.7341614267206
2015-04-07,628.9816731490976
2015-04-08,629.4412234916163
2015-04-09,626.479161704118
2015-04-10,626.479161704118
2015-04-13,633.2318468851195
2015-04-14,635.3671770278565
2015-04-15,654.7662606263435
2015-04-16,688.3318666626226
2015-04-17,688.3399098548009
2015-04-20,689.486049116316
2015-04-21,693.5070690831989
2015-04-22,694.7750791802371
2015-04-23,686.3928062610144
2015-04-24,686.3928062610142
2015-04-27,696.6000624395759
2015-04-28,699.755382094434
2015-04-29,703.116423222773
2015-04-30,705.773901909805
2015-05-01,705.7572834313878
2015-05-04,673.6744469662066
2015-05-05,667.4728150589211
2015-05-06,668.9816438341819
2015-05-07,667.3680854831081
2015-05-08,667.368085483108
2015-05-11,666.2219163395657
2015-05-12,663.1737380232519
2015-05-13,665.5608365100386
2015-05-14,665.5784085695328
2015-05-15,665.5784085695328
2015-05-18,665.9553063612111
2015-05-19,677.9964954134114
2015-05-20,673.9253190851239
2015-05-21,676.710490156002
2015-05-22,676.710490156002
2015-05-25,666.5071353572903
2015-05-26,665.7160279982016
2015-05-27,650.4590309253016
2015-05-28,639.0457824831993
2015-05-29,639.0457824831993
2015-06-01,637.2835235105795
2015-06-02,646.6631692598196
2015-06-03,652.6681987209265
2015-06-04,652.5858850573559
2015-06-05,652.5926570662732
2015-06-08,648.464275987564
2015-06-09,666.5439105378421
2015-06-10,673.807738447403
2015-06-11,660.6280753170163
2015-06-12,660.6211681217649
2015-06-15,667.1015299858545
2015-06-16,659.7004243193359
2015-06-17,663.5592210587118
2015-06-18,659.3902292979083
2015-06-19,659.4178011504858
2015-06-22,675.9307922584054
2015-06-23,668.3487943893612
2015-06-24,672.2459596840472
2015-06-25,667.9066921920223
2015-06-26,667.8856940279511
2015-06-29,646.4459153194795
2015-06-30,659.7012157942804
2015-07-01,660.3630883899181
2015-07-02,661.9080261339244
2015-07-03,661.8739051861775
2015-07-06,657.9103750197436
2015-07-07,654.289032660054
2015-07-08,639.6865462003495
2015-07-09,648.2645708955858
2015-07-10,648.2645708955858
2015-07-13,654.971995232618
2015-07-14,658.6315295370582
2015-07-15,668.8523892979792
2015-07-16,668.8386343926146
2015-07-17,668.8386343926146
2015-07-20,680.0464805483027
2015-07-21,679.9513471304373
2015-07-22,679.5926807254951
2015-07-23,677.7494469882689
2015-07-24,677.7494469882689
2015-07-27,666.8982584546291
2015-07-28,654.8796511008496
2015-07-29,661.2014864281533
2015-07-30,664.2228392711818
2015-07-31,664.2569373649196
2015-08-03,669.297820938515
2015-08-04,664.5809723454157
2015-08-05,668.9968052204872
2015-08-06,664.3854870648794
2015-08-07,664.4058350363177
2015-08-10,659.479725867556
2015-08-11,657.2247689034434
2015-08-12,646.4321979564676
2015-08-13,638.2537859587699
2015-08-14,638.2860571615031
2015-08-17,624.4410376865388
2015-08-18,602.5609236347537
2015-08-19,603.1402023014164
2015-08-20,584.9365105204769
2015-08-21,584.9365105204769
2015-08-24,525.4234219715462
2015-08-25,555.2154428463454
2015-08-26,543.8693712781422
2015-08-27,572.5451281809899
2015-08-28,572.5681270096704
2015-08-31,588.1622892119485
2015-09-01,570.8141187861594
2015-09-02,556.7221690106431
2015-09-03,567.5935699401392
2015-09-04,567.5992141576903
2015-09-07,564.3108605815744
2015-09-08,563.0113678152868
2015-09-09,565.6714326409332
2015-09-10,566.5008539073475
2015-09-11,566.5407034163078
2015-09-14,553.452753247213
2015-09-15,556.6721147432095
2015-09-16,568.8701697025408
2015-09-17,568.8914718391339
2015-09-18,568.8800866758371
2015-09-21,573.0149683866199
2015-09-22,568.4496740569547
2015-09-23,568.4728242541298
2015-09-24,568.484400298241
2015-09-25,568.4728242541299
2015-09-28,560.6472441184344
2015-09-29,559.2092794634835
2015-09-30,573.4778656403149
2015-10-01,576.2554441476169
2015-10-02,576.2496206673312
2015-10-05,585.8677454557492
2015-10-06,587.8860585008063
2015-10-07,594.0750756953157
2015-10-08,590.6785589604096
2015-10-09,590.6785589604095
2015-10-12,594.598818078897
2015-10-13,594.7573896710738
2015-10-14,591.5013573421301
2015-10-15,591.543523866342
2015-10-16,591.4772657933806
2015-10-19,590.6719436585335
2015-10-20,586.8577626972326
2015-10-21,574.7798501965627
2015-10-22,566.4184093361783
2015-10-23,566.4299150304606
2015-10-26,564.2563651817928
2015-10-27,557.0919069425064
2015-10-28,552.0681837295864
2015-10-29,553.1826558359912
2015-10-30,553.1826558359913
2015-11-02,550.8627120586661
2015-11-03,557.3977752160048
2015-11-04,538.7704726042896
2015-11-05,546.4954840113088
2015-11-06,546.5286230479675
2015-11-09,530.2382040250698
2015-11-10,514.3692612226016
2015-11-11,520.8874403067352
2015-11-12,508.8797938979734
2015-11-13,508.9105162905179
2015-11-16,494.9882500657557
2015-11-17,497.18060578156076
2015-11-18,497.4324454541456
2015-11-19,509.50952958804857
2015-11-20,509.50438924115144
2015-11-23,505.832082053596
2015-11-24,496.3676139199041
2015-11-25,496.49227218549925
2015-11-26,493.5482706922442
2015-11-27,493.5482706922442
2015-11-30,487.76226944852175
2015-12-01,487.7886233733319
2015-12-02,487.7780813728936
2015-12-03,487.7780813728936
2015-12-04,487.7728105879374
2015-12-07,475.0015174573051
2015-12-08,463.8013103243913
2015-12-09,463.21499528032996
2015-12-10,454.2253802347904
2015-12-11,454.2302404149028
2015-12-14,456.3569053205379
2015-12-15,458.37040643248326
2015-12-16,468.4040125143884
2015-12-17,481.3126937120661
2015-12-18,481.292097763807
2015-12-21,489.33548417852643
2015-12-22,493.19549979209165
2015-12-23,491.3221184991325
2015-12-24,491.3325682167913
2015-12-25,491.3325682167913
2015-12-28,490.0493015856567
2015-12-29,483.15233321865446
2015-12-30,492.5728305221057
2015-12-31,494.7736290998047
2016-01-01,494.77362909980457
2016-01-04,483.56013806545593
2016-01-05,486.3397384576673
2016-01-06,484.5833832785789
2016-01-07,467.5801916762964
2016-01-08,467.59495561609765
2016-01-11,459.0935829668942
2016-01-12,453.62698194855585
2016-01-13,453.4556234482493
2016-01-14,436.5165327434503
2016-01-15,436.53037934069806
2016-01-18,415.95013539023256
2016-01-19,429.1363673411804
2016-01-20,416.87709334435567
2016-01-21,411.40156531650257
2016-01-22,411.43194278329054
2016-01-25,425.9124000497891
2016-01-26,422.13970229641393
2016-01-27,426.68531815425644
2016-01-28,442.083158050927
2016-01-29,442.03111102572154
2016-02-01,456.49937048270516
2016-02-02,455.87879938372674
2016-02-03,454.6977510736192
2016-02-04,468.7327358240864
2016-02-05,468.7277051682293
2016-02-08,468.76321996084306
2016-02-09,467.11806572055366
2016-02-10,463.02341210593386
2016-02-11,453.49114653497804
2016-02-12,453.49607848908096
2016-02-15,459.6176568317166
2016-02-16,465.60336442382317
2016-02-17,465.14318160022196
2016-02-18,472.52143691376966
2016-02-19,472.50084196715557
2016-02-22,479.9572201824806
2016-02-23,482.0092916503573
2016-02-24,474.10287219186125
2016-02-25,471.40606159861954
2016-02-26,471.41644409290933
2016-02-29,494.10200726455145
2016-03-01,500.61464466609556
2016-03-02,492.3733681501664
2016-03-03,499.4067117311722
2016-03-04,499.4067117311722
2016-03-07,517.4829294155322
2016-03-08,517.9912333180898
2016-03-09,517.6940626803955
2016-03-10,518.0247604855218
2016-03-11,518.0247604855217
2016-03-14,520.4322701844316
2016-03-15,518.3053872631102
2016-03-16,512.8563277510764
2016-03-17,530.9545277007297
2016-03-18,530.9778687725608
2016-03-21,530.956825031325
2016-03-22,524.9898785959099
2016-03-23,525.8254029093249
2016-03-24,520.4066695025328
2016-03-25,520.4066695025328
2016-03-28,510.04301090115734
2016-03-29,512.9415542425168
2016-03-30,519.7583435360629
2016-03-31,524.3900750970104
2016-04-01,524.3958396782715
2016-04-04,527.3688167777736
2016-04-05,523.9549811270759
2016-04-06,522.4206134798786
2016-04-07,527.3206229624506
2016-04-08,527.3264115811114
2016-04-11,533.607010141106
2016-04-12,536.5213917977038
2016-04-13,542.7932326331363
2016-04-14,557.4870547222454
2016-04-15,557.493251298494
2016-04-18,551.5870624825307
2016-04-19,553.6260128651062
2016-04-20,553.4231669548344
2016-04-21,560.6617950009075
2016-04-22,560.6555438775835
2016-04-25,554.9380666001255
2016-04-26,554.1983254868967
2016-04-27,555.5855195167262
2016-04-28,558.5936494374315
2016-04-29,558.5874334577102
2016-05-02,542.5968083096844
2016-05-03,531.7127433778486
2016-05-04,529.0611162674588
2016-05-05,529.067002179329
2016-05-06,529.078774483827
2016-05-09,531.40796936339
2016-05-10,529.5918715196605
2016-05-11,528.485764459132
2016-05-12,530.5929349625109
2016-05-13,530.5929349625109
2016-05-16,524.4609271403027
2016-05-17,529.9371021505132
2016-05-18,526.8843595823882
2016-05-19,515.2136337952306
2016-05-20,515.219332302138
2016-05-23,508.57587534566875
2016-05-24,508.5540647625578
2016-05-25,523.5758625236437
2016-05-26,525.1966506947676
2016-05-27,525.1908135788589
2016-05-30,517.1792652117545
2016-05-31,517.2742787033922
2016-06-01,526.3653539772837
2016-06-02,523.3570958059397
2016-06-03,523.3570958059397
2016-06-06,530.6338346199327
2016-06-07,539.8239549343261
2016-06-08,543.4056751990634
2016-06-09,543.2248541617055
2016-06-10,543.2248541617055
2016-06-13,538.5872906674184
2016-06-14,540.9416906491315
2016-06-15,538.4867285143264
2016-06-16,534.5405447284161
2016-06-17,534.5405447284161
2016-06-20,535.1517857377327
2016-06-21,538.5619225176168
2016-06-22,542.4351842681439
2016-06-23,542.7721575026001
2016-06-24,542.7783344331315
2016-06-27,534.0329032954285
2016-06-28,531.8198564163094
2016-06-29,532.6485128351469
2016-06-30,533.9125393487005
2016-07-01,533.949165798351
2016-07-04,539.6416758728489
2016-07-05,539.6355124415707
2016-07-06,539.6293491780915
2016-07-07,539.6540032388301
2016-07-08,539.6540032388301
2016-07-11,543.1054277647573
2016-07-12,546.2451806473479
2016-07-13,556.7823468092574
2016-07-14,559.0059952622775
2016-07-15,559.0317421313323
2016-07-18,565.4710916046147
2016-07-19,565.046831955801
2016-07-20,567.1519003629247
2016-07-21,564.9547068118638
2016-07-22,564.9807364188422
2016-07-25,565.7385244376854
2016-07-26,562.4200326769184
2016-07-27,561.256510118713
2016-07-28,561.8616396570152
2016-07-29,561.8616396570152
2016-08-01,564.7728499079359
2016-08-02,556.5012879671682
2016-08-03,553.6844730602782
2016-08-04,562.2664135276414
2016-08-05,562.2405914901542
2016-08-08,568.2351301489191
2016-08-09,569.0528031671446
2016-08-10,568.6516573560009
2016-08-11,569.9071892397378
2016-08-12,569.9137021798263
2016-08-15,582.7757607791632
2016-08-16,579.1640533138403
2016-08-17,576.9147859359063
2016-08-18,575.9265064168952
2016-08-19,575.9199886503542
2016-08-22,573.4261580781431
2016-08-23,571.1190791727247
2016-08-24,567.0809440386097
2016-08-25,568.4195794453788
2016-08-26,568.4454024088368
2016-08-29,567.6961364599687
2016-08-30,568.702120191328
2016-08-31,568.1814518045803
2016-09-01,568.0094562711008
2016-09-02,568.0287742347795
2016-09-05,572.9758172115866
2016-09-06,574.0196144911258
2016-09-07,569.605701653225
2016-09-08,572.4302943253941
2016-09-09,572.4238129323112
2016-09-12,572.4432576409554
2016-09-13,572.430294325394
2016-09-14,572.4367758949394
2016-09-15,572.6382416966898
2016-09-16,572.6382416966898
2016-09-19,571.9536010032613
2016-09-20,571.7112711817283
2016-09-21,568.5544646417225
2016-09-22,576.8755518086148
2016-09-23,576.8690422539003
2016-09-26,572.2230183369714
2016-09-27,567.5226798764971
2016-09-28,567.0373280904232
2016-09-29,572.7087954917912
2016-09-30,572.7087954917912
2016-10-03,563.7434746642161
2016-10-04,566.9474561678231
2016-10-05,564.5096013416099
2016-10-06,564.3145207364175
2016-10-07,564.3018373189991
2016-10-10,563.0793652234881
2016-10-11,566.0961086537822
2016-10-12,560.6562284775204
2016-10-13,559.1167153772129
2016-10-14,559.1293050067937
2016-10-17,546.4520692774696
2016-10-18,548.0684644132639
2016-10-19,550.8828947756451
2016-10-20,552.8135389554736
2016-10-21,552.8073118691175
2016-10-24,553.0407947577598
2016-10-25,553.220721814444
2016-10-26,546.2770211610115
2016-10-27,544.1067116349725
2016-10-28,544.1067116349725
2016-10-31,541.8159174323462
2016-11-01,540.8109817767348
2016-11-02,533.2560798515364
2016-11-03,533.1432333600429
2016-11-04,533.1312234870529
2016-11-07,533.4248974842218
2016-11-08,539.0419454661394
2016-11-09,529.6097013558166
2016-11-10,522.0074169336759
2016-11-11,522.019203902274
2016-11-14,504.58728958350366
2016-11-15,504.5919057041866
2016-11-16,517.7157793207422
2016-11-17,520.4096202339554
2016-11-18,520.4096202339554
2016-11-21,510.1615305240402
2016-11-22,510.1446151173761
2016-11-23,520.4548000456446
2016-11-24,517.0445570228708
2016-11-25,517.0269937664341
2016-11-28,516.3891857322714
2016-11-29,513.9589710151555
2016-11-30,526.380586776834
2016-12-01,526.380586776834
2016-12-02,526.3685157018083
2016-12-05,525.6613398979313
2016-12-06,530.7137984392573
2016-12-07,535.0881075022106
2016-12-08,542.9766558083204
2016-12-09,542.9644477477066
2016-12-12,556.901836235032
2016-12-13,551.4430068820772
2016-12-14,543.2500946080003
2016-12-15,536.7447018704156
2016-12-16,536.7202958335549
2016-12-19,538.6323371094744
2016-12-20,539.7776659117028
2016-12-21,537.1557104294575
2016-12-22,529.337845330983
2016-12-23,529.34981683344
2016-12-26,534.1825769980211
2016-12-27,535.9821894816353
2016-12-28,535.1949375342009
2016-12-29,541.4388820181156
2016-12-30,541.4388820181156
2017-01-02,545.0121712127957
2017-01-03,554.8887806991851
2017-01-04,552.8843099076422
2017-01-05,553.5118897170287
2017-01-06,553.5242694515397
2017-01-09,555.7411455908475
2017-01-10,559.783223628529
2017-01-11,559.3562392304208
2017-01-12,559.9710305049016
2017-01-13,559.9585064922933
2017-01-16,557.3565799590659
2017-01-17,560.3880059811933
2017-01-18,561.3330768406232
2017-01-19,558.9381830310887
2017-01-20,558.9381830310887
2017-01-23,554.718859964229
2017-01-24,554.1126711053759
2017-01-25,545.01302018027
2017-01-26,551.1584265787425
2017-01-27,551.1706523030778
2017-01-30,548.0715659082184
2017-01-31,540.2865611031749
2017-02-01,547.4724576574338
2017-02-02,536.5372192145554
2017-02-03,536.5254035965617
2017-02-06,544.8840536096859
2017-02-07,543.1425571372164
2017-02-08,545.9479130171684
2017-02-09,543.2452422428946
2017-02-10,543.2452422428946
2017-02-13,543.0093873598628
2017-02-14,544.2029206977865
2017-02-15,542.437568119481
2017-02-16,551.0410684223413
2017-02-17,551.0410684223413
2017-02-20,539.5498072465971
2017-02-21,544.2905440349525
2017-02-22,552.1358519904361
2017-02-23,556.125958959332
2017-02-24,556.1259589593318
2017-02-27,550.5664435343432
2017-02-28,537.7438224278953
2017-03-01,539.3981128507634
2017-03-02,540.2946822895691
2017-03-03,540.2771365878746
2017-03-06,544.7075874982986
2017-03-07,537.971096674811
2017-03-08,541.1159800791504
2017-03-09,539.179306962276
2017-03-10,539.1851052721553
2017-03-13,536.0702038526372
2017-03-14,534.806544901846
2017-03-15,533.42674457506
2017-03-16,538.8514393800563
2017-03-17,538.8572401009827
2017-03-20,537.4490317335618
2017-03-21,542.6873777484734
2017-03-22,540.8774498882304
2017-03-23,540.8930717046438
2017-03-24,540.8872557931908
2017-03-27,539.0602764761485
2017-03-28,536.2793711754123
2017-03-29,535.6313298558479
2017-03-30,540.5677738788715
2017-03-31,540.5502774385295
2017-04-03,540.9109201578107
2017-04-04,544.7000323931205
2017-04-05,548.477938064032
2017-04-06,545.2019761927863
2017-04-07,545.2019761927863
2017-04-10,543.6852800937314
2017-04-11,543.9728223970225
2017-04-12,544.1160968746858
2017-04-13,539.6381354864827
2017-04-14,539.6381354864828
2017-04-17,530.2687299390369
2017-04-18,536.5784845874746
2017-04-19,541.3639085030311
2017-04-20,538.9381220391607
2017-04-21,538.9265094013984
2017-04-24,534.3846426814226
2017-04-25,533.8232591775561
2017-04-26,537.5091086204541
2017-04-27,531.2481415962704
2017-04-28,531.2366531843561
2017-05-01,537.6815212369468
2017-05-02,541.7445215016287
2017-05-03,543.5929529781451
2017-05-04,544.24608747633
2017-05-05,544.24608747633
2017-05-08,541.4250881143788
2017-05-09,543.5128049845591
2017-05-10,545.8721237893101
2017-05-11,549.0136761627655
2017-05-12,549.0253816475696
2017-05-15,538.3503637643121
2017-05-16,537.5107466215618
2017-05-17,542.6797536402762
2017-05-18,539.1529343887195
2017-05-19,539.1472045173562
2017-05-22,536.3631061172854
2017-05-23,534.0033553953174
2017-05-24,534.0171407333705
2017-05-25,531.9451474220695
2017-05-26,531.9563888596696
2017-05-29,533.0385794333072
2017-05-30,535.0854659309606
2017-05-31,531.1099404835561
2017-06-01,536.3896344428188
2017-06-02,536.4129520770583
2017-06-05,536.3364457891089
2017-06-06,533.5494001726535
2017-06-07,542.9400022675352
2017-06-08,542.4212076710339
2017-06-09,542.4330064821393
2017-06-12,539.0453300237716
2017-06-13,537.9559487705778
2017-06-14,536.221741809665
2017-06-15,533.7585054812542
2017-06-16,533.7347459304136
2017-06-19,534.5136180398252
2017-06-20,533.8165244766395
2017-06-21,531.6262206524087
2017-06-22,529.3146005103832
2017-06-23,529.3028923970841
2017-06-26,529.2970385795023
2017-06-27,529.2911849212907
2017-06-28,530.7173856194152
2017-06-29,529.1020417578058
2017-06-30,529.0961726657969
2017-07-03,533.9803809027073
2017-07-04,535.4039901406916
2017-07-05,535.2218998583716
2017-07-06,533.4873681294017
2017-07-07,533.4873681294017
2017-07-10,535.0609999529297
2017-07-11,537.0920731553355
2017-07-12,546.1806821508465
2017-07-13,559.3156858034707
2017-07-14,559.3156858034707
2017-07-17,567.1456154162868
2017-07-18,563.8922509134152
2017-07-19,566.6967424663271
2017-07-20,562.0789520698843
2017-07-21,562.0789520698843
2017-07-24,567.4777754771343
2017-07-25,567.1868900054105
2017-07-26,567.6092597026426
2017-07-27,572.5650369540335
2017-07-28,572.5587178897131
2017-07-31,572.1261748852212
2017-08-01,567.5174329136078
2017-08-02,573.4717505100969
2017-08-03,575.9120874413289
2017-08-04,575.9120874413289
2017-08-07,574.8314436633382
2017-08-08,573.8106271472635
2017-08-09,569.3552909657045
2017-08-10,568.1241718428092
2017-08-11,568.1241718428093
2017-08-14,557.7002298234827
2017-08-15,559.1293338832843
2017-08-16,560.3794354055821
2017-08-17,560.9824516816267
2017-08-18,560.9824516816267
2017-08-21,558.4431693398075
2017-08-22,558.6912807558675
2017-08-23,562.6653443021019
2017-08-24,561.2934221132001
2017-08-25,561.2746793179693
2017-08-28,564.5807563541579
2017-08-29,562.723770610326
2017-08-30,568.6132239538996
2017-08-31,568.6132239538996
2017-09-01,568.6132239538996
2017-09-04,568.2410281400887
2017-09-05,568.29534140589
2017-09-06,564.180482443955
2017-09-07,561.7041121261175
2017-09-08,561.7103488408959
2017-09-11,560.8162561465773
2017-09-12,560.1121502161419
2017-09-13,560.1136411053924
2017-09-14,562.5745549255851
2017-09-15,562.5745549255851
2017-09-18,563.2052421707056
2017-09-19,565.4250980171113
2017-09-20,565.0565632649336
2017-09-21,565.0441649071327
2017-09-22,565.0503640016444
2017-09-25,556.0562474209416
2017-09-26,554.0240990752249
2017-09-27,557.3729067951407
2017-09-28,550.2439190599822
2017-09-29,550.2922855496636
2017-10-02,554.0281854401189
2017-10-03,555.4950452649921
2017-10-04,558.9931527725304
2017-10-05,558.9031116593391
2017-10-06,558.8846297947588
2017-10-09,557.4794059893582
2017-10-10,557.7058992962961
2017-10-11,561.9754409630444
2017-10-12,563.9363508250075
2017-10-13,563.9301031960694
2017-10-16,567.1375945684115
2017-10-17,564.4018524338711
2017-10-18,560.9641143835725
2017-10-19,562.0304111964679
2017-10-20,562.0428495864242
2017-10-23,563.4395628518073
2017-10-24,569.2765662669525
2017-10-25,572.4363985692326
2017-10-26,566.9849411370813
2017-10-27,566.9911455866833
2017-10-30,567.091750403617
2017-10-31,564.2384275292444
2017-11-01,567.6012916325656
2017-11-02,565.8335773447574
2017-11-03,565.8151500028237
2017-11-06,557.6025513239368
2017-11-07,547.5791363590129
2017-11-08,538.6173018999556
2017-11-09,543.0763908526748
2017-11-10,543.0881188890232
2017-11-13,545.075222700851
2017-11-14,542.4008738131628
2017-11-15,538.6157858613319
2017-11-16,534.106337418457
2017-11-17,534.100598082016
2017-11-20,524.746496568697
2017-11-21,528.8125964696962
2017-11-22,528.4507432196776
2017-11-23,528.1002376060572
2017-11-24,528.1171632294314
2017-11-27,531.5426548800828
2017-11-28,530.612247827207
2017-11-29,528.6620410974808
2017-11-30,528.6507428210911
2017-12-01,528.6392517781287
2017-12-04,535.7437486403313
2017-12-05,528.5235783387182
2017-12-06,529.6937546950716
2017-12-07,534.1701497597368
2017-12-08,534.1701497597368
2017-12-11,539.6996462384833
2017-12-12,543.3192174760491
2017-12-13,529.8954621389222
2017-12-14,519.8746890221863
2017-12-15,519.8746890221863
2017-12-18,526.932130238792
2017-12-19,523.1263303843585
2017-12-20,527.5531409484893
2017-12-21,524.3285687528215
2017-12-22,524.2831451772274
2017-12-25,517.0769020914473
2017-12-26,512.1510826491889
2017-12-27,518.719300751714
2017-12-28,529.168788965747
2017-12-29,529.1687889657469
2018-01-01,529.1687889657469
2018-01-02,535.0636215068574
2018-01-03,542.0933238065129
2018-01-04,544.974206778782
2018-01-05,544.9860296281306
2018-01-08,552.795049812314
2018-01-09,552.3965735540311
2018-01-10,550.9710027090263
2018-01-11,548.8658260691346
2018-01-12,548.8540799256954
2018-01-15,548.6005429811258
2018-01-16,551.1730034026111
2018-01-17,553.906589565794
2018-01-18,553.8804067937663
2018-01-19,553.8863486944275
2018-01-22,550.0404609782312
2018-01-23,552.9139737802265
2018-01-24,554.005162578202
2018-01-25,556.4896105498461
2018-01-26,556.5014417895832
2018-01-29,552.393198878172
2018-01-30,550.6920187173641
2018-01-31,543.1795208828786
2018-02-01,546.5217226039128
2018-02-02,546.5217226039128
2018-02-05,537.7662960095529
2018-02-06,529.1499652904788
2018-02-07,537.8599199767477
2018-02-08,533.4580543980272
2018-02-09,533.4693302081319
2018-02-12,527.8215451113529
2018-02-13,530.7374528022243
2018-02-14,525.1456028072216
2018-02-15,522.7133494955631
2018-02-16,522.713349495563
2018-02-19,519.1607242361766
2018-02-20,514.5806176525792
2018-02-21,519.053776609719
2018-02-22,522.8271719136188
2018-02-23,522.8160259028056
2018-02-26,518.8499485261792
2018-02-27,518.6402121935889
2018-02-28,512.2531392142986
2018-03-01,511.9505162938386
2018-03-02,511.9505162938386
2018-03-05,514.5922938092469
2018-03-06,516.2817538946008
2018-03-07,514.4086072039189
2018-03-08,510.0653274892175
2018-03-09,510.0707951278073
2018-03-12,510.7800162045121
2018-03-13,507.0280330961891
2018-03-14,504.14128235951983
2018-03-15,502.83145361893475
2018-03-16,502.82057291192723
2018-03-19,506.822926736211
2018-03-20,508.92508500451106
2018-03-21,506.6564065398149
2018-03-22,506.4679731042925
2018-03-23,506.44631147911514
2018-03-26,503.46044908378667
2018-03-27,495.17766098253827
2018-03-28,494.5321918113708
2018-03-29,500.90069412713285
2018-03-30,500.90069412713285
2018-04-02,496.9729278351849
2018-04-03,493.5118480285861
2018-04-04,489.80566690821576
2018-04-05,496.3423536047648
2018-04-06,496.3530151185556
2018-04-09,495.097634042759
2018-04-10,496.98531209270874
2018-04-11,503.89232119411537
2018-04-12,496.84633767368473
2018-04-13,496.83029745457543
2018-04-16,501.0301899600856
2018-04-17,496.88912352097253
2018-04-18,492.5467253486475
2018-04-19,492.9670886549051
2018-04-20,492.9564273130012
2018-04-23,490.7497266288903
2018-04-24,485.4948001347276
2018-04-25,481.3126849378466
2018-04-26,490.3445547405794
2018-04-27,490.3445547405794
2018-04-30,495.98572582473884
2018-05-01,500.14590023323757
2018-05-02,499.8133312584772
2018-05-03,489.8164147877362
2018-05-04,489.8164147877362
2018-05-07,480.6695345377738
2018-05-08,478.8901355514614
2018-05-09,469.3635589094765
2018-05-10,466.2824329126318
2018-05-11,466.2824329126318
2018-05-14,471.3516549313116
2018-05-15,474.82040902431606
2018-05-16,476.009627541294
2018-05-17,469.86068637246257
2018-05-18,469.86068637246257
2018-05-21,476.79600648260384
2018-05-22,479.81249012363384
2018-05-23,478.0842910320395
2018-05-24,479.92486633576345
2018-05-25,479.92486633576357
2018-05-28,479.745507001328
2018-05-29,477.85016441140317
2018-05-30,472.46502921058163
2018-05-31,477.2683490154966
2018-06-01,477.2683490154966
2018-06-04,491.0897387953533
2018-06-05,494.8568465226331
2018-06-06,496.217550761731
2018-06-07,499.5995078014623
2018-06-08,499.5995078014623
2018-06-11,506.7012097431415
2018-06-12,503.9418985432405
2018-06-13,497.59755267698495
2018-06-14,500.4172157148769
2018-06-15,500.4172157148769
2018-06-18,485.62871859865584
2018-06-19,477.9488566492368
2018-06-20,478.88166805278485
2018-06-21,477.25726055008715
2018-06-22,477.25726055008715
2018-06-25,476.3073056380673
2018-06-26,470.9045889941271
2018-06-27,468.1267157963121
2018-06-28,470.8089433172871
2018-06-29,470.80894331728723
2018-07-02,475.460387023685
2018-07-03,471.69298918532337
2018-07-04,477.82391856739076
2018-07-05,477.54892014335866
2018-07-06,477.5591707839613
2018-07-09,479.27704157837746
2018-07-10,483.1533881819959
2018-07-11,482.01557151407474
2018-07-12,479.13039628070845
2018-07-13,479.13039628070845
2018-07-16,487.0437162641405
2018-07-17,484.79298251674413
2018-07-18,485.3529726516691
2018-07-19,485.29625650257066
2018-07-20,485.29625650257077
2018-07-23,487.01997836601845
2018-07-24,482.4935067758188
2018-07-25,483.28624049733287
2018-07-26,485.58834716803875
2018-07-27,485.58834716803864
2018-07-30,484.28602738517316
2018-07-31,485.48739127136463
2018-08-01,485.15300306298695
2018-08-02,485.25853424245474
2018-08-03,485.2637794346868
2018-08-06,485.3502642248002
2018-08-07,483.5224546253281
2018-08-08,483.51638836559187
2018-08-09,481.4833074095517
2018-08-10,481.4833074095517
2018-08-13,473.3375177038957
2018-08-14,473.4517237454307
2018-08-15,472.9433757428756
2018-08-16,473.9073119477441
2018-08-17,473.9073119477441
2018-08-20,468.5709113173908
2018-08-21,468.5709113173908
2018-08-22,468.5709113173908
2018-08-23,468.5709113173908
2018-08-24,468.5709113173908
2018-08-27,468.51738004499026
2018-08-28,470.37309487125646
2018-08-29,471.5072407655735
2018-08-30,472.8572693142984
2018-08-31,472.8572693142984
2018-09-03,472.00048866429717
2018-09-04,481.5538340876836
2018-09-05,472.09231885519114
2018-09-06,471.3453721810317
2018-09-07,471.3453721810317
2018-09-10,469.5491095038334
2018-09-11,468.6761323926282
2018-09-12,464.0040570765397
2018-09-13,464.0040570765398
2018-09-14,464.0295152611188
2018-09-17,457.99440893926743
2018-09-18,458.5558721986427
2018-09-19,459.49402634789607
2018-09-20,455.49901650397356
2018-09-21,455.4939986455501
2018-09-24,454.62887035567377
2018-09-25,458.59074015159183
2018-09-26,456.54905755101197
2018-09-27,464.0023261177767
2018-09-28,464.0023261177767
2018-10-01,463.344379066341
2018-10-02,466.40803955689694
2018-10-03,464.3523066266207
2018-10-04,463.5107917679582
2018-10-05,463.5107917679583
2018-10-08,457.4877501752049
2018-10-09,459.29723756702276
2018-10-10,462.88233076143877
2018-10-11,456.57056298002277
2018-10-12,456.57056298002277
2018-10-15,450.7261044466871
2018-10-16,453.0324004341697
2018-10-17,457.2031154262
2018-10-18,459.085874799693
2018-10-19,459.0807446041428
2018-10-22,460.417110371474
2018-10-23,465.1248442971967
2018-10-24,458.965331240336
2018-10-25,461.09137011600654
2018-10-26,461.09137011600654
2018-10-29,458.98735935067697
2018-10-30,461.42373588905264
2018-10-31,469.23996898480266
2018-11-01,469.41973121429197
2018-11-02,469.41973121429197
2018-11-05,473.1162689715299
2018-11-06,473.9110464192138
2018-11-07,475.9591363473344
2018-11-08,474.62482721746727
2018-11-09,474.62482721746727
2018-11-12,460.1855933897414
2018-11-13,461.3618324269668
2018-11-14,460.70286046591224
2018-11-15,465.3307983838672
2018-11-16,465.3307983838671
2018-11-19,469.2049787745724
2018-11-20,463.9000110359394
2018-11-21,460.50171328345823
2018-11-22,464.45828371720523
2018-11-23,464.45828371720523
2018-11-26,459.81109183984466
2018-11-27,456.3828370754716
2018-11-28,452.78309316371053
2018-11-29,439.29714408242813
2018-11-30,439.28716680394155
2018-12-03,439.28716680394155
2018-12-04,456.04304582275887
2018-12-05,446.74748863187136
2018-12-06,447.57986456276706
2018-12-07,447.5693016441043
2018-12-10,438.5425259727773
2018-12-11,442.64586600349946
2018-12-12,448.4419635354399
2018-12-13,451.1525481334902
2018-12-14,451.1525481334902
2018-12-17,451.7251525775385
2018-12-18,448.6008478245086
2018-12-19,451.474315695047
2018-12-20,448.03576820522903
2018-12-21,448.0568870865965
2018-12-24,445.6491610300156
2018-12-25,442.8906882076431
2018-12-26,444.65448311593826
2018-12-27,447.8772947785844
2018-12-28,447.8772947785844
2018-12-31,450.6434460955154
2019-01-01,450.6434460955154
2019-01-02,447.26111006174546
2019-01-03,450.00290290668664
2019-01-04,450.00290290668664
2019-01-07,453.81364174384356
2019-01-08,453.4717109857767
2019-01-09,456.3591696369038
2019-01-10,456.32371567185703
2019-01-11,456.3237156718569
2019-01-14,457.33671419120526
2019-01-15,454.7806235183909
2019-01-16,456.22646203276474
2019-01-17,456.12341378951913
2019-01-18,456.123413789519
2019-01-21,454.5435899433282
2019-01-22,455.1351113026065
2019-01-23,456.99010572335465
2019-01-24,463.1178225257493
2019-01-25,463.1454490436641
2019-01-28,464.01609424909145
2019-01-29,464.24602352845784
2019-01-30,463.6420976435084
2019-01-31,473.3165977552944
2019-02-01,473.299854910116
2019-02-04,479.4877792653144
2019-02-05,480.2024895242173
2019-02-06,480.68908454727307
2019-02-07,476.4129499883791
2019-02-08,476.40730655275433
2019-02-11,466.86696542666067
2019-02-12,465.0497178325561
2019-02-13,462.2437642801097
2019-02-14,464.41702032014507
2019-02-15,464.41702032014507
2019-02-18,460.51948607441597
2019-02-19,462.8842525543662
2019-02-20,470.4822743510633
2019-02-21,476.5471309380988
2019-02-22,476.56982556971496
2019-02-25,477.36902046836576
2019-02-26,478.48160524954034
2019-02-27,477.41093914924903
2019-02-28,473.1071387131532
2019-03-01,473.09580900081727
2019-03-04,471.36477346834204
2019-03-05,468.42221482224573
2019-03-06,466.12702772359995
2019-03-07,460.0961858516299
2019-03-08,460.0961858516299
2019-03-11,456.86682176528143
2019-03-12,455.5610729164339
2019-03-13,452.58040761470266
2019-03-14,469.8515331509246
2019-03-15,469.8515331509246
2019-03-18,477.1135601471349
2019-03-19,474.3695316451964
2019-03-20,476.6836506432179
2019-03-21,480.89278409129855
2019-03-22,480.89278409129855
2019-03-25,477.87794082075817
2019-03-26,481.0208050234598
2019-03-27,480.60138473570305
2019-03-28,487.31127161089
2019-03-29,487.3171018586656
2019-04-01,484.77170230780166
2019-04-02,484.1612997100239
2019-04-03,483.2079615404543
2019-04-04,479.6185669477599
2019-04-05,479.6185669477599
2019-04-08,488.40218427459945
2019-04-09,488.2268745494203
2019-04-10,487.6824543109175
2019-04-11,487.041321114314
2019-04-12,487.05280331364503
2019-04-15,495.0169135482367
2019-04-16,497.8929399301514
2019-04-17,500.0935782927706
2019-04-18,505.56100492812783
2019-04-19,505.56100492812783
2019-04-22,515.5935130450168
2019-04-23,518.9046409794015
2019-04-24,520.1555128190494
2019-04-25,522.3644787904641
2019-04-26,522.3644787904641
2019-04-29,525.9756208471425
2019-04-30,516.6182272110506
2019-05-01,514.8183133873536
2019-05-02,514.3637813473033
2019-05-03,514.3577176668979
2019-05-06,502.43287666817474
2019-05-07,495.5887077832873
2019-05-08,493.45038613769566
2019-05-09,480.55379230292056
2019-05-10,480.548079460564
2019-05-13,461.70141879828844
2019-05-14,463.9785731727243
2019-05-15,461.6458505137391
2019-05-16,456.7836497682732
2019-05-17,456.78906991528373
2019-05-20,451.98279585260383
2019-05-21,460.9749336849118
2019-05-22,460.1102968380412
2019-05-23,463.2052053533289
2019-05-24,463.2435175381732
2019-05-27,459.67030083575315
2019-05-28,463.93466521947016
2019-05-29,468.2922381648048
2019-05-30,480.2938984582336
2019-05-31,480.2995843156195
2019-06-03,480.31095649479545
2019-06-04,480.29389845823357
2019-06-05,480.29389845823357
2019-06-06,480.3052703278045
2019-06-07,480.2938984582336
2019-06-10,485.83833319309247
2019-06-11,482.0719704976511
2019-06-12,482.0942879665564
2019-06-13,475.0453834823754
2019-06-14,475.05101275880384
2019-06-17,467.3273179689008
2019-06-18,468.90958834775626
2019-06-19,475.6736407758956
2019-06-20,481.0863886258212
2019-06-21,481.0863886258212
2019-06-24,476.8802699422073
2019-06-25,473.8422939472041
2019-06-26,471.1426243974463
2019-06-27,474.1809774365597
2019-06-28,474.1809774365597
2019-07-01,476.96657147771487
2019-07-02,476.94053853880627
2019-07-03,475.8751321304931
2019-07-04,475.11215644686087
2019-07-05,475.1178419904748
2019-07-08,475.66224727228604
2019-07-09,476.87555281470554
2019-07-10,479.91403407066696
2019-07-11,480.4370035661189
2019-07-12,480.4370035661189
2019-07-15,478.8829342823705
2019-07-16,481.6934177192437
2019-07-17,481.3541790939194
2019-07-18,495.8085980953648
2019-07-19,495.80859809536463
2019-07-22,501.7064591761877
2019-07-23,507.82307136533734
2019-07-24,509.96110696445794
2019-07-25,512.1306827028905
2019-07-26,512.1306827028905
2019-07-29,511.1234352582344
2019-07-30,510.1248146310055
2019-07-31,507.5531912306414
2019-08-01,500.83741992893556
2019-08-02,500.86773389386053
2019-08-05,481.3912452136195
2019-08-06,480.87514899799584
2019-08-07,484.518913256609
2019-08-08,483.7956029967096
2019-08-09,483.8132224506242
2019-08-12,483.7956029967096
2019-08-13,483.7956029967096
2019-08-14,479.0285191846111
2019-08-15,478.28758322272034
2019-08-16,478.30503048829223
2019-08-19,475.0366538466886
2019-08-20,477.7848154487464
2019-08-21,476.3755796587766
2019-08-22,474.5974484544598
2019-08-23,474.6205205422205
2019-08-26,467.39112516532526
2019-08-27,480.14852901727266
2019-08-28,478.8779028863938
2019-08-29,483.88496235414834
2019-08-30,483.88496235414834
2019-09-02,487.093674202967
2019-09-03,479.3834575194575
2019-09-04,482.5235338098053
2019-09-05,480.2990631067978
2019-09-06,480.3048950429731
2019-09-09,477.69814423960304
2019-09-10,479.4527273809351
2019-09-11,480.80360756404093
2019-09-12,479.14597737130845
2019-09-13,479.14597737130845
2019-09-16,484.267671150287
2019-09-17,483.0520523440834
2019-09-18,479.82032322029573
2019-09-19,480.1833947614781
2019-09-20,480.1833947614782
2019-09-23,474.5993423644799
2019-09-24,473.575595584646
2019-09-25,475.7622771282843
2019-09-26,472.45189934934433
2019-09-27,472.45189934934433
2019-09-30,470.6725418023697
2019-10-01,469.8569040038053
2019-10-02,464.5764923635422
2019-10-03,465.3547746031588
2019-10-04,465.3547746031588
2019-10-07,469.0388045846603
2019-10-08,469.8724319491065
2019-10-09,468.87975838350684
2019-10-10,470.5679485976445
2019-10-11,470.5679485976445
2019-10-14,474.17805598463605
2019-10-15,472.69100486623205
2019-10-16,474.08557018751316
2019-10-17,472.87148960609215
2019-10-18,472.87148960609215
2019-10-21,473.0999315122062
2019-10-22,475.7067907246468
2019-10-23,476.69261335030774
2019-10-24,477.41821834424115
2019-10-25,477.41821834424104
2019-10-28,472.6651385564583
2019-10-29,465.7722082419544
2019-10-30,474.75380367361123
2019-10-31,469.2207016940951
2019-11-01,469.20925579174434
2019-11-04,469.6815021221632
2019-11-05,472.2434967053176
2019-11-06,471.3733497256753
2019-11-07,471.389187018409
2019-11-08,471.38918701840913
2019-11-11,467.58516103424057
2019-11-12,466.7205203897341
2019-11-13,463.5471993806997
2019-11-14,468.1426735399532
2019-11-15,468.1426735399532
2019-11-18,461.23882804223575
2019-11-19,465.151284445611
2019-11-20,465.8355770050429
2019-11-21,461.6227304915426
2019-11-22,461.65089809933164
2019-11-25,465.4913627542809
2019-11-26,462.04296121541483
2019-11-27,461.85663584703184
2019-11-28,461.6303453279268
2019-11-29,461.6303453279268
2019-12-02,461.6303453279268
2019-12-03,461.6303453279268
2019-12-04,462.726040776044
2019-12-05,463.0228940186511
2019-12-06,463.0228940186511
2019-12-09,460.9723898252032
2019-12-10,459.36630799638687
2019-12-11,460.38820387085366
2019-12-12,460.74395049957656
2019-12-13,460.74395049957656
2019-12-16,462.05314241909576
2019-12-17,463.3685177240858
2019-12-18,467.08366384423283
2019-12-19,464.46909825996505
2019-12-20,464.46909825996505
2019-12-23,468.21209493758965
2019-12-24,465.374754337918
2019-12-25,465.7534179545215
2019-12-26,461.7936467458718
2019-12-27,461.7936467458717
2019-12-30,464.6838053731076
2019-12-31,462.60918670455027
2020-01-01,462.6091867045504
2020-01-02,465.034381237426
2020-01-03,465.04561359494124
2020-01-06,451.9658881828563
2020-01-07,458.32628896004434
2020-01-08,454.47560766772244
2020-01-09,460.1515972984344
2020-01-10,460.1515972984343
2020-01-13,464.302853404125
2020-01-14,471.13124582754244
2020-01-15,472.73697552974147
2020-01-16,472.42412126172763
2020-01-17,472.42412126172763
2020-01-20,475.5789282747652
2020-01-21,473.4462679544616
2020-01-22,477.2156703863703
2020-01-23,476.20315679490415
2020-01-24,476.20315679490415
2020-01-27,467.8604444731967
2020-01-28,467.66120756643215
2020-01-29,466.7357100388551
2020-01-30,465.3178971615852
2020-01-31,465.33459269290677
2020-02-03,455.567733801288
2020-02-04,454.77608249195504
2020-02-05,456.3833054657071
2020-02-06,456.43133393549755
2020-02-07,456.43133393549755
2020-02-10,455.9872898984759
2020-02-11,450.72651412126663
2020-02-12,448.7607860195894
2020-02-13,446.2765184003982
2020-02-14,446.2765184003982
2020-02-17,456.5904725776174
2020-02-18,460.3231578175611
2020-02-19,461.4458269413381
2020-02-20,460.25706725003107
2020-02-21,460.25706725003107
2020-02-24,449.062220375517
2020-02-25,447.74059041803326
2020-02-26,443.5415688385776
2020-02-27,444.5738165891828
2020-02-28,444.5996131991291
2020-03-02,432.23871717956405
2020-03-03,434.8249332161487
2020-03-04,432.15902448188245
2020-03-05,430.28362268924894
2020-03-06,430.28362268924894
2020-03-09,374.38011220180476
2020-03-10,393.54793034424694
2020-03-11,392.882950464452
2020-03-12,364.2250557603909
2020-03-13,364.2250557603909
2020-03-16,329.2767494574562
2020-03-17,305.61328379919286
2020-03-18,308.4279487956747
2020-03-19,331.3464276860391
2020-03-20,331.346427686039
2020-03-23,315.7489496421019
2020-03-24,330.2660196419415
2020-03-25,357.68112871599527
2020-03-26,345.8095757051554
2020-03-27,345.80957570515534
2020-03-30,347.8383997287985
2020-03-31,343.5703404591532
2020-04-01,344.9976381612025
2020-04-02,351.8632701901526
2020-04-03,351.85936415979626
2020-04-06,352.4062351542719
2020-04-07,371.5091850236263
2020-04-08,366.2401283099623
2020-04-09,387.67063636760224
2020-04-10,387.67063636760224
2020-04-13,388.3659886212767
2020-04-14,394.45319042486915
2020-04-15,387.7177672989585
2020-04-16,375.25488618617226
2020-04-17,375.2548861861722
2020-04-20,375.7993425657083
2020-04-21,365.3971837203007
2020-04-22,377.88767116380427
2020-04-23,385.38336517856476
2020-04-24,385.3790136874847
2020-04-27,394.6084299834169
2020-04-28,399.1705225673305
2020-04-29,400.90901669894095
2020-04-30,404.2587461177039
2020-05-01,404.25415861619643
2020-05-04,385.9836486036081
2020-05-05,391.0591430856251
2020-05-06,383.37468211138724
2020-05-07,386.6864225938948
2020-05-08,386.6864225938949
2020-05-11,388.5106292679364
2020-05-12,391.61555546689897
2020-05-13,386.16279635837714
2020-05-14,387.0366190588136
2020-05-15,387.0366190588136
2020-05-18,387.11577010292666
2020-05-19,387.97247391681793
2020-05-20,391.2489976205154
2020-05-21,389.84278005396084
2020-05-22,389.84278005396095
2020-05-25,389.84278005396106
2020-05-26,389.8427800539612
2020-05-27,394.47929595119024
2020-05-28,392.6301999353518
2020-05-29,392.6301999353519
2020-06-01,399.56343831306947
2020-06-02,409.43466384250775
2020-06-03,410.2764026504779
2020-06-04,413.99783024454064
2020-06-05,413.99783024454064
2020-06-08,420.909085200713
2020-06-09,417.38253058676196
2020-06-10,415.23401068863836
2020-06-11,412.56980794171244
2020-06-12,412.5698079417123
2020-06-15,409.5049259681738
2020-06-16,413.0326127103562
2020-06-17,417.37853772203437
2020-06-18,418.3233196112344
2020-06-19,418.3233196112343
2020-06-22,418.6586525202516
2020-06-23,418.9774955962877
2020-06-24,416.950014824718
2020-06-25,412.96612091033325
2020-06-26,412.96612091033336
2020-06-29,411.6103497373924
2020-06-30,410.78224313700656
2020-07-01,412.1329835695008
2020-07-02,414.18190976609895
2020-07-03,414.18190976609895
2020-07-06,414.8123745027019
2020-07-07,415.5466730322617
2020-07-08,413.29037146196885
2020-07-09,412.54054400359286
2020-07-10,412.54054400359286
2020-07-13,412.5319476703132
2020-07-14,410.698166032044
2020-07-15,405.37099681838714
2020-07-16,408.8515821138054
2020-07-17,408.8515821138054
2020-07-20,408.60455599020764
2020-07-21,413.27350962576696
2020-07-22,413.1064752162153
2020-07-23,412.0177500334892
2020-07-24,412.01775003348916
2020-07-27,417.62100566360147
2020-07-28,414.34113609202603
2020-07-29,412.25669224671935
2020-07-30,412.25669224671935
2020-07-31,412.25669224671935
2020-08-03,414.2788668483116
2020-08-04,415.0987984792065
2020-08-05,414.6504969176422
2020-08-06,420.4383434208849
2020-08-07,420.43834342088485
2020-08-10,417.1784287113033
2020-08-11,416.90508766781585
2020-08-12,419.3099269315703
2020-08-13,423.77530613352087
2020-08-14,423.77530613352087
2020-08-17,433.7419177552714
2020-08-18,434.17560500510274
2020-08-19,440.7673925999036
2020-08-20,444.1827149234285
2020-08-21,444.1827149234285
2020-08-24,452.50576408882296
2020-08-25,449.8738189469131
2020-08-26,449.48591731287144
2020-08-27,446.882154112429
2020-08-28,446.88215411242913
2020-08-31,440.3311677403793
2020-09-01,442.3640748559726
2020-09-02,444.31378242257415
2020-09-03,443.2773433438186
2020-09-04,443.2773433438186
2020-09-07,439.8691028733256
2020-09-08,443.8270923368781
2020-09-09,437.70410045586135
2020-09-10,438.6385950465282
2020-09-11,438.60874065758094
2020-09-14,441.53163256196626
2020-09-15,441.33457334329955
2020-09-16,440.72888178727584
2020-09-17,445.6253969816423
2020-09-18,445.62539698164244
2020-09-21,438.1256351220857
2020-09-22,435.23909693669464
2020-09-23,436.06678488356926
2020-09-24,432.81293860114243
2020-09-25,432.81293860114243
2020-09-28,434.47755535890457
2020-09-29,431.705046426003
2020-09-30,438.5784366299649
2020-10-01,435.1079590598003
2020-10-02,435.1079590598004
2020-10-05,432.0907711907877
2020-10-06,432.60512283477357
2020-10-07,434.11399216439867
2020-10-08,434.84583634364014
2020-10-09,434.84583634364014
2020-10-12,436.46819073630195
2020-10-13,437.5010926131423
2020-10-14,437.76587745318045
2020-10-15,432.030375854366
2020-10-16,432.030375854366
2020-10-19,431.3833682858867
2020-10-20,424.84365644918705
2020-10-21,421.1079208099661
2020-10-22,426.8458690920999
2020-10-23,426.8458690920999
2020-10-26,424.80335791149474
2020-10-27,426.3353611431611
2020-10-28,425.6171065582998
2020-10-29,425.6171065582998
2020-10-30,425.6171065582998
2020-11-02,422.50979494876015
2020-11-03,419.82684375756924
2020-11-04,423.63074764912113
2020-11-05,427.8135865309349
2020-11-06,427.8135865309349
2020-11-09,433.86172734082356
2020-11-10,440.3793233585708
2020-11-11,447.0839631932255
2020-11-12,445.1260438986605
2020-11-13,445.1260438986604
2020-11-16,454.46315136601726
2020-11-17,455.6037437931689
2020-11-18,454.34997766908924
2020-11-19,450.459791332676
2020-11-20,450.4597913326759
2020-11-23,456.3883114878974
2020-11-24,457.30882754305304
2020-11-25,458.51722943755
2020-11-26,457.2504705613328
2020-11-27,457.2504705613329
2020-11-30,464.55238633099793
2020-12-01,464.55238633099793
2020-12-02,464.55238633099793
2020-12-03,464.55238633099793
2020-12-04,464.55238633099793
2020-12-07,463.75360332124467
2020-12-08,464.5543800750869
2020-12-09,467.86533574006415
2020-12-10,469.34676647532194
2020-12-11,469.34676647532194
2020-12-14,469.8946832285648
2020-12-15,465.81625135571784
2020-12-16,468.67862824356416
2020-12-17,471.2182546885554
2020-12-18,471.2182546885553
2020-12-21,459.8477568521261
2020-12-22,462.5126550765536
2020-12-23,466.89411608457766
2020-12-24,466.58163453726706
2020-12-25,466.58163453726735
2020-12-28,463.9961947916069
2020-12-29,464.7284781501218
2020-12-30,462.50467408025094
2020-12-31,455.682037938234
2021-01-01,455.6820379382341
2021-01-04,468.0399288909881
2021-01-05,471.68211802269275
2021-01-06,469.7013643692048
2021-01-07,471.9684680123995
2021-01-08,471.9684680123995
2021-01-11,478.2833914953293
2021-01-12,480.45570563217854
2021-01-13,484.11552112172484
2021-01-14,482.2655358326194
2021-01-15,482.2655358326194
2021-01-18,492.78590416964136
2021-01-19,519.9114061444916
2021-01-20,521.6201830505066
2021-01-21,508.1269757403177
2021-01-22,508.12005896621724
2021-01-25,510.4859613690659
2021-01-26,509.2905653192484
2021-01-27,513.6114551668787
2021-01-28,510.5454959771358
2021-01-29,510.5454959771358
2021-02-01,508.90254612505794
2021-02-02,514.2072110062982
2021-02-03,510.8623356789377
2021-02-04,507.26704954447223
2021-02-05,507.26704954447223
2021-02-08,503.4329561962668
2021-02-09,507.2815346328651
2021-02-10,505.16261337533166
2021-02-11,506.4830266669274
2021-02-12,506.48302666692734
2021-02-15,508.7780092687987
2021-02-16,506.8113924043917
2021-02-17,504.12337173647364
2021-02-18,499.92669031325977
2021-02-19,499.92669031325977
2021-02-22,496.5151865471795
2021-02-23,498.9091683620633
2021-02-24,489.84378189632616
2021-02-25,493.8524426349188
2021-02-26,493.83227524006827
2021-03-01,498.83186193470505
2021-03-02,498.8530402886855
2021-03-03,501.8775897124784
2021-03-04,502.16573503266756
2021-03-05,502.16573503266756
2021-03-08,501.11586220913694
2021-03-09,503.6705256458623
2021-03-10,507.4236328671808
2021-03-11,512.7440370265041
2021-03-12,512.744037026504
2021-03-15,515.0880707879583
2021-03-16,520.4373108452104
2021-03-17,519.5988036248068
2021-03-18,518.7130124841638
2021-03-19,518.7130124841638
2021-03-22,509.6542902968084
2021-03-23,505.520269001828
2021-03-24,505.7936655860603
2021-03-25,510.26195291881385
2021-03-26,510.2411154106974
2021-03-29,521.7912614644438
2021-03-30,530.8015400381436
2021-03-31,529.8249860022643
2021-04-01,535.6570117954637
2021-04-02,535.6570117954637
2021-04-05,536.519577815253
2021-04-06,536.0008736036347
2021-04-07,530.2321427600298
2021-04-08,534.6409110209256
2021-04-09,534.6263556417272
2021-04-12,539.1050272951917
2021-04-13,534.8905610908598
2021-04-14,538.5051306824881
2021-04-15,546.5532804782436
2021-04-16,546.5532804782436
2021-04-19,543.6558302638527
2021-04-20,546.437711654726
2021-04-21,537.7796462829882
2021-04-22,541.4884908847628
2021-04-23,541.4884908847628
2021-04-26,551.745154876407
2021-04-27,548.17654833891
2021-04-28,548.5018846591753
2021-04-29,546.3557185131107
2021-04-30,546.3557185131107
2021-05-03,550.423454564476
2021-05-04,547.4816980652712
2021-05-05,545.2297984504917
2021-05-06,551.24700789404
2021-05-07,551.24700789404
2021-05-10,555.6032859918499
2021-05-11,555.6032859918499
2021-05-12,555.6032859918499
2021-05-13,555.6032859918499
2021-05-14,555.6032859918499
2021-05-17,558.3695294437196
2021-05-18,564.9195124845699
2021-05-19,562.5552985778244
2021-05-20,570.0089696114011
2021-05-21,570.0089696114011
2021-05-24,570.6510160513666
2021-05-25,575.7359096624864
2021-05-26,581.9493790307205
2021-05-27,578.6182017118451
2021-05-28,578.6182017118451
2021-05-31,577.0821374052043
2021-06-01,585.4846229408498
2021-06-02,585.3771514785501
2021-06-03,580.6672305991221
2021-06-04,580.6672305991221
2021-06-07,583.5526989100117
2021-06-08,584.6053216684595
2021-06-09,586.9336160574044
2021-06-10,587.7119797903105
2021-06-11,587.7119797903102
2021-06-14,590.8864267940681
2021-06-15,590.9728652716636
2021-06-16,586.2689005175492
2021-06-17,590.0196429718168
2021-06-18,590.0196429718168
2021-06-21,587.5948292080544
2021-06-22,588.9060326790076
2021-06-23,587.8438074223922
2021-06-24,585.6991454202088
2021-06-25,585.6991454202088
2021-06-28,582.9817338871517
2021-06-29,579.8688466200564
2021-06-30,576.0744140988761
2021-07-01,579.6700834471976
2021-07-02,579.6700834471975
2021-07-05,579.3314100131655
2021-07-06,575.5129020631725
2021-07-07,577.4264731867491
2021-07-08,579.1063777873546
2021-07-09,579.1063777873545
2021-07-12,575.6707133314268
2021-07-13,578.53344124556
2021-07-14,579.4466732118991
2021-07-15,578.3610192277356
2021-07-16,578.3610192277357
2021-07-19,574.4436047156904
2021-07-20,574.4436047156904
2021-07-21,574.4436047156904
2021-07-22,574.4436047156904
2021-07-23,574.4436047156904
2021-07-26,582.551442623492
2021-07-27,583.9002827628309
2021-07-28,584.7051014516176
2021-07-29,587.3747378785313
2021-07-30,587.3747378785313
2021-08-02,600.9605818963339
2021-08-03,601.4762515169795
2021-08-04,599.8135451593989
2021-08-05,605.9679658325408
2021-08-06,605.934971374605
2021-08-09,609.7810472858251
2021-08-10,608.8230850087948
2021-08-11,607.5946812889574
2021-08-12,607.5864105311434
2021-08-13,607.5864105311434
2021-08-16,616.461416764765
2021-08-17,623.0204400640926
2021-08-18,621.3219733652121
2021-08-19,609.9520215897669
2021-08-20,609.9520215897668
2021-08-23,614.3774485311899
2021-08-24,616.0448180613281
2021-08-25,615.8338237914604
2021-08-26,612.4996838797181
2021-08-27,612.499683879718
2021-08-30,615.008393017248
2021-08-31,614.7255958034599
2021-09-01,614.938402827261
2021-09-02,614.1319548892324
2021-09-03,614.1319548892322
2021-09-06,606.6206972814009
2021-09-07,620.1098203353005
2021-09-08,625.3875531523678
2021-09-09,625.6783692110436
2021-09-10,625.6783692110436
2021-09-13,621.8795716072314
2021-09-14,621.4246995939194
2021-09-15,623.6148231779146
2021-09-16,630.3739860357497
2021-09-17,630.3739860357496
2021-09-20,619.7281742337959
2021-09-21,613.9833365981397
2021-09-22,616.4656057085109
2021-09-23,618.2305602594414
2021-09-24,618.2305602594415
2021-09-27,611.9846481981369
2021-09-28,613.2458118369824
2021-09-29,612.3472147347885
2021-09-30,615.449595827783
2021-10-01,615.4495958277829
2021-10-04,613.1844924046567
2021-10-05,607.2310716775573
2021-10-06,599.3733558260351
2021-10-07,602.7013511830373
2021-10-08,602.7013511830373
2021-10-11,607.5601913142686
2021-10-12,613.9608558763372
2021-10-13,614.9567492804103
2021-10-14,618.2501368949894
2021-10-15,618.2501368949893
2021-10-18,622.2995411911357
2021-10-19,623.2725620838384
2021-10-20,630.0634700446202
2021-10-21,630.0634700446202
2021-10-22,630.0634700446202
2021-10-25,631.9004203357091
2021-10-26,631.3546588476115
2021-10-27,631.5861984070368
2021-10-28,634.113757531989
2021-10-29,634.113757531989
2021-11-01,636.7880569770531
2021-11-02,646.1551762693953
2021-11-03,653.3115287231747
2021-11-04,658.0931146842057
2021-11-05,658.0931146842058
2021-11-08,662.1744927877139
2021-11-09,661.6191777731731
2021-11-10,662.7753794324424
2021-11-11,672.0784535979022
2021-11-12,672.0784535979021
2021-11-15,682.5494128497999
2021-11-16,687.1677976912401
2021-11-17,681.5068998417611
2021-11-18,681.4989267158246
2021-11-19,681.4989267158246
2021-11-22,677.6207178199031
2021-11-23,681.6379875179069
2021-11-24,682.598513691885
2021-11-25,686.2866681326364
2021-11-26,686.2866681326364
2021-11-29,682.1078059703784
2021-11-30,695.6997424282062
2021-12-01,695.6997424282059
2021-12-02,695.6997424282057
2021-12-03,695.6997424282055
2021-12-06,764.2305680077338
2021-12-07,761.9929079112799
2021-12-08,748.3833300407352
2021-12-09,745.5941991757045
2021-12-10,745.5941991757045
2021-12-13,757.81469158807
2021-12-14,764.1075855162081
2021-12-15,760.7896411258405
2021-12-16,771.7620715154551
2021-12-17,771.7410603240495
2021-12-20,722.4491980775784
2021-12-21,696.8109430111926
2021-12-22,677.0431508059501
2021-12-23,686.8490767135132
2021-12-24,686.8490767135132
2021-12-27,687.2003318920882
2021-12-28,684.0043849315564
2021-12-29,684.535042138052
2021-12-30,697.3542023350248
2021-12-31,697.3542023350246
2022-01-03,695.3427635599992
2022-01-04,687.707193594374
2022-01-05,688.0762905919977
2022-01-06,683.2842483925411
2022-01-07,683.8902467454615
2022-01-10,673.4370456153356
2022-01-11,665.2038491013855
2022-01-12,672.1475363504493
2022-01-13,673.1123092779791
2022-01-14,672.3099840694849
2022-01-17,666.9433482701693
2022-01-18,667.2735763014521
2022-01-19,669.214685071596
2022-01-20,681.3375400913803
2022-01-21,701.6554606423957
2022-01-24,698.1888709195945
2022-01-25,702.4461722241097
2022-01-26,701.4553389962133
2022-01-27,709.8781058944251
2022-01-28,718.3478613816311
2022-01-31,714.1427910381965
2022-02-01,709.3841376734059
2022-02-02,711.6580268664811
2022-02-03,710.6289334454199
2022-02-04,708.8310128281518
2022-02-07,716.328077002594
2022-02-08,719.2746537675632
2022-02-09,716.700263954929
2022-02-10,722.0347111388454
2022-02-11,722.771400542411
2022-02-14,724.0218493368772
2022-02-15,724.4986540315725
2022-02-16,732.4367643910325
2022-02-17,735.7061150067162
2022-02-18,730.8859492561568
2022-02-21,723.6494410894678
2022-02-22,727.7929492181147
2022-02-23,731.9772048959338
2022-02-24,730.2342290261691
2022-02-25,731.2146405389861
2022-02-28,760.7019407508567
2022-03-01,765.1419739859341
2022-03-02,782.2700718619722
2022-03-03,789.3899913402993
2022-03-04,785.7479162661723
2022-03-07,788.3658674477492
2022-03-08,787.5196995844351
2022-03-09,772.8020757445589
2022-03-10,771.6222282194876
2022-03-11,773.633923399072
2022-03-14,761.6002628203127
2022-03-15,752.2051041381015
2022-03-16,769.188647194428
2022-03-17,773.942931518193
2022-03-18,771.8165217540533
2022-03-21,767.9875178692093
2022-03-22,770.9575038460462
2022-03-23,780.69052418004
2022-03-24,783.1348812694237
2022-03-25,785.6682320614534
2022-03-28,790.2785552523677
2022-03-29,791.4084236109901
2022-03-30,792.0743085897004
2022-03-31,805.4922623825382
2022-04-01,810.0810622919139
2022-04-04,826.8324307335413
2022-04-05,830.273281519023
2022-04-06,826.5680149678036
2022-04-07,808.6555553060141
2022-04-08,816.0520197655936
2022-04-11,821.0921870693116
2022-04-12,807.9071311758992
2022-04-13,810.5139688051471
2022-04-14,806.1290199005224
2022-04-15,812.7724296876904
2022-04-18,806.1421863901121
2022-04-19,804.5381656188558
2022-04-20,797.7430170107637
2022-04-21,792.6119160186198
2022-04-22,799.2415044948355
2022-04-25,795.7659945216799
2022-04-26,793.796920227369
2022-04-27,788.3123844134672
2022-04-28,795.7282926262798
2022-04-29,795.8828142774752
2022-05-02,795.8828142774751
2022-05-03,795.882814277475
2022-05-04,795.8828142774748
2022-05-05,790.25977519264
2022-05-06,784.9987399222032
2022-05-09,775.9621665197042
2022-05-10,745.6318685109628
2022-05-11,731.7261025767357
2022-05-12,687.8943367340926
2022-05-13,720.9377299140583
2022-05-16,720.9377299140583
2022-05-17,731.6653285783188
2022-05-18,725.0435787759205
2022-05-19,724.928262051492
2022-05-20,715.447607257841
2022-05-23,690.7860906285039
2022-05-24,671.9844387649292
2022-05-25,675.5813232285384
2022-05-26,685.389602730312
2022-05-27,680.0786212486527
2022-05-30,697.5723904445947
2022-05-31,704.349150812402
2022-06-01,689.9637785966775
2022-06-02,689.5383244890177
2022-06-03,685.0206356221565
2022-06-06,677.7539526650017
2022-06-07,673.8272340835669
2022-06-08,665.9950447570383
2022-06-09,656.1940858348821
2022-06-10,651.9984906845065
2022-06-13,634.4115554698751
2022-06-14,651.4104962648319
2022-06-15,656.463516939107
2022-06-16,644.0245321177575
2022-06-17,637.4056085980127
2022-06-20,628.0943626291419
2022-06-21,647.0846651398836
2022-06-22,633.0401251256619
2022-06-23,624.9187478010067
2022-06-24,624.8228145150814
2022-06-27,624.7645968687376
2022-06-28,636.8880189906413
2022-06-29,627.1962778013492
2022-06-30,617.1227603410335
2022-07-01,611.4382457716688
2022-07-04,605.3460800313497
2022-07-05,603.058413321177
2022-07-06,602.9352806981625
2022-07-07,602.9703130956483
2022-07-08,602.9703130956483
2022-07-11,602.9703130956483
2022-07-12,601.6093117044422
2022-07-13,598.8343743541708
2022-07-14,606.5782099028811
2022-07-15,611.3011355604128
2022-07-18,605.9975547122425
2022-07-19,614.6573627642167
2022-07-20,634.7500872110523
2022-07-21,656.3297965919821
2022-07-22,651.8819873186874
2022-07-25,639.5560651521797
2022-07-26,633.2794809425486
2022-07-27,642.3630178589076
2022-07-28,640.1770334453677
2022-07-29,653.7982345687794
2022-08-01,661.692799251835
2022-08-02,658.0655495876011
2022-08-03,658.1650386542578
2022-08-04,655.052645821678
2022-08-05,658.0566495793748
2022-08-08,666.4184018819496
2022-08-09,666.6866993018621
2022-08-10,665.8472271905462
2022-08-11,670.9914978468809
2022-08-12,668.2971273668293
2022-08-15,664.2583190778793
2022-08-16,665.8469678879269
2022-08-17,665.8287281130413
2022-08-18,651.4710635373846
2022-08-19,646.0430516742673
2022-08-22,641.9882119498185
2022-08-23,637.0120855541645
2022-08-24,631.165897251085
2022-08-25,634.4352966556023
2022-08-26,640.888452918268
2022-08-29,632.2809385996314
2022-08-30,632.2095459997373
2022-08-31,625.4530478665422
2022-09-01,612.4050342445122
2022-09-02,615.3852168479904
2022-09-05,600.1222818628811
2022-09-06,596.5986324072447
2022-09-07,592.8438776725396
2022-09-08,584.1566475148317
2022-09-09,586.0625602461658
2022-09-12,601.160179635872
2022-09-13,606.5192139641124
2022-09-14,603.2654616810232
2022-09-15,604.6980844246067
2022-09-16,622.1187839228239
2022-09-19,610.3394049825085
2022-09-20,619.0844270066483
2022-09-21,609.4645197089147
2022-09-22,611.9781020223073
2022-09-23,601.6440677277219
2022-09-26,579.4710387077251
2022-09-27,574.3565558344187
2022-09-28,572.2403421171317
2022-09-29,577.8045867914011
2022-09-30,574.7784495068137
2022-10-03,576.2041069590166
2022-10-04,592.1997374173316
2022-10-05,587.169407257273
2022-10-06,585.5241256035185
2022-10-07,589.5997477848927
2022-10-10,585.4619823565989
2022-10-11,578.406898541087
2022-10-12,576.3599741765089
2022-10-13,567.958945903221
2022-10-14,579.4917232632943
2022-10-17,575.4809801586388
2022-10-18,581.2955745901962
2022-10-19,579.1105850442535
2022-10-20,589.7106865346287
2022-10-21,591.1353926010222
2022-10-24,587.1571971534886
2022-10-25,590.1000989502711
2022-10-26,589.573507458879
2022-10-27,601.6354939973957
2022-10-28,600.8440618871729
2022-10-31,609.8915344782813
2022-11-01,605.4702968805387
2022-11-02,605.5669522914791
2022-11-03,587.0618267021956
2022-11-04,598.6811786459813
2022-11-07,610.8299583653054
2022-11-08,615.1832645098227
2022-11-09,615.2994021167613
2022-11-10,608.4887805930697
2022-11-11,617.7801143582902
2022-11-14,619.2298137864154
2022-11-15,610.6670440916989
2022-11-16,608.5275086402413
2022-11-17,601.009629945409
2022-11-18,604.8559946272915
2022-11-21,599.2596508014938
2022-11-22,597.4321215312912
2022-11-23,604.8126699826461
2022-11-24,605.4515407406703
2022-11-25,602.2846149416739
2022-11-28,589.9144087609066
2022-11-29,589.600931681042
2022-11-30,613.4766650168166
2022-12-01,613.468313964353
2022-12-02,613.4766650168164
2022-12-05,606.094015281482
2022-12-06,601.5546973613125
2022-12-07,591.7895485363064
2022-12-08,580.2711871572635
2022-12-09,577.34093692451
2022-12-12,568.0300912671415
2022-12-13,560.4244368314985
2022-12-14,559.1541060780437
2022-12-15,568.6431930787377
2022-12-16,583.6993490099983
2022-12-19,584.880229509508
2022-12-20,582.5293542653391
2022-12-21,581.5280840974973
2022-12-22,580.5200767586648
2022-12-23,581.6829694053584
2022-12-26,576.4964113018763
2022-12-27,575.4384152460398
2022-12-28,577.57001318424
2022-12-29,572.7815792153266
2022-12-30,565.7801026317229
2023-01-02,571.3944394990267
2023-01-03,574.3126789064763
2023-01-04,570.1087941213627
2023-01-05,567.8103803844666
2023-01-06,562.5902301216832
2023-01-09,567.8834948340143
2023-01-10,577.319170205616
2023-01-11,572.3185916956971
2023-01-12,577.9342603695129
2023-01-13,584.8777112418888
2023-01-16,591.1252159469433
2023-01-17,592.3388604415562
2023-01-18,593.1467207941099
2023-01-19,590.5717327224088
2023-01-20,588.9474563067993
2023-01-23,588.2851723205698
2023-01-24,589.8351297532247
2023-01-25,588.9006023696961
2023-01-26,577.193913645721
2023-01-27,553.9105101153646
2023-01-30,566.8173695579778
2023-01-31,566.5327615117271
2023-02-01,568.0069586983805
2023-02-02,570.2852352611702
2023-02-03,584.7894298924961
2023-02-06,590.7438765260513
2023-02-07,592.8881713619079
2023-02-08,589.5121449560986
2023-02-09,588.9125101886934
2023-02-10,592.9221300415779
2023-02-13,590.7274608026107
2023-02-14,590.7751606479693
2023-02-15,589.8953021932512
2023-02-16,589.7065860785173
2023-02-17,590.6000966472528
2023-02-20,589.041471663545
2023-02-21,584.1891676918658
2023-02-22,575.564299025611
2023-02-23,569.993353389316
2023-02-24,571.6683579852056
2023-02-27,566.0733736886758
2023-02-28,572.736413779955
2023-03-01,571.5149200698369
2023-03-02,574.5862963954007
2023-03-03,572.611014392051
2023-03-06,575.593095032559
2023-03-07,569.3076428276606
2023-03-08,571.8375346123008
2023-03-09,571.4496295316085
2023-03-10,567.6265323127451
2023-03-13,557.5714038714533
2023-03-14,538.5584598324144
2023-03-15,530.8462139806352
2023-03-16,525.1416656185678
2023-03-17,528.5208560439363
2023-03-20,535.1904669906287
2023-03-21,539.9355929491599
2023-03-22,542.9888480723786
2023-03-23,538.5798091250044
2023-03-24,534.049361895124
2023-03-27,529.2179632516301
2023-03-28,530.1256830905963
2023-03-29,523.6961829867279
2023-03-30,522.4992812721405
2023-03-31,516.2377488329081
2023-04-03,530.5836394354595
2023-04-04,532.6765117154071
2023-04-05,530.9876141875801
2023-04-06,527.5655777029867
2023-04-07,529.5585336934669
2023-04-10,534.5640455619861
2023-04-11,535.0980313983263
2023-04-12,539.3896802136312
2023-04-13,538.5435691747367
2023-04-14,541.164715356199
2023-04-17,547.5565539750412
2023-04-18,547.2464915574024
2023-04-19,545.6528128147968
2023-04-20,545.6825308482812
2023-04-21,545.6676714269146
2023-04-24,555.5152372110088
2023-04-25,552.8745017479081
2023-04-26,554.1661992210153
2023-04-27,563.5778069545734
2023-04-28,565.3858708083688
2023-05-01,552.3405057131907
2023-05-02,549.6137230326437
2023-05-03,547.0836528245055
2023-05-04,550.8493715584107
2023-05-05,552.182637319509
2023-05-08,552.9749277138986
2023-05-09,552.1202812595926
2023-05-10,555.973393371244
2023-05-11,552.208558141677
2023-05-12,544.6641310623537
2023-05-15,530.8790789815317
2023-05-16,530.2387309496622
2023-05-17,533.8330938681579
2023-05-18,531.1332441430611
2023-05-19,528.7612787768373
2023-05-22,539.0418176032551
2023-05-23,538.8722560191283
2023-05-24,537.7409894533945
2023-05-25,531.561096717484
2023-05-26,538.7096152706865
2023-05-29,537.4647577157542
2023-05-30,546.9109525145439
2023-05-31,533.6092942859545
2023-06-01,524.7487858326165
2023-06-02,532.882789863081
2023-06-05,528.2002770024767
2023-06-06,526.975298001702
2023-06-07,529.4746709671266
2023-06-08,526.7114626107295
2023-06-09,526.9220256535533
2023-06-12,528.2205960110982
2023-06-13,523.4763737622479
2023-06-14,527.2644935804423
2023-06-15,526.7330419662383
2023-06-16,533.2098173043867
2023-06-19,532.7933532956697
2023-06-20,533.1441307148018
2023-06-21,534.6106227525466
2023-06-22,532.3107241154
2023-06-23,535.2004786065694
2023-06-26,534.4551451899035
2023-06-27,534.4551451899035
2023-06-28,534.4551451899035
2023-06-29,534.4551451899035
2023-06-30,534.4551451899035
2023-07-03,533.9982944094336
2023-07-04,535.1937045005961
2023-07-05,537.9184049460164
2023-07-06,536.9405703815327
2023-07-07,534.8237718910995
2023-07-10,531.6315034320626
2023-07-11,529.5297168470998
2023-07-12,534.2572518636146
2023-07-13,534.661688148737
2023-07-14,540.8098479235907
2023-07-17,541.1974549476996
2023-07-18,542.8542643562491
2023-07-19,538.0994067826371
2023-07-20,535.397892493933
2023-07-21,535.3978924939329
2023-07-24,543.5220902680729
2023-07-25,545.1870386027423
2023-07-26,546.7227185261506
2023-07-27,544.3619811615083
2023-07-28,543.4158454848023
2023-07-31,546.7576332293806
2023-08-01,546.0635853041194
2023-08-02,549.4728521424977
2023-08-03,544.5019025611624
2023-08-04,544.6949535020829
2023-08-07,545.8493052480912
2023-08-08,546.8794685831236
2023-08-09,547.3361477404177
2023-08-10,548.2786052835252
2023-08-11,546.1516264371255
2023-08-14,541.6433337141465
2023-08-15,535.6033528924783
2023-08-16,535.1487384952234
2023-08-17,533.1609153612703
2023-08-18,537.540465514302
2023-08-21,534.2570939286466
2023-08-22,533.1348040842705
2023-08-23,526.6073822352478
2023-08-24,530.9571634284474
2023-08-25,530.0863637663803
2023-08-28,526.6480513348909
2023-08-29,529.1707783407523
2023-08-30,526.7440292736734
2023-08-31,524.7638124029341
2023-09-01,523.3659345117584
2023-09-04,515.2350188880777
2023-09-05,509.64295559473595
2023-09-06,505.7050773791934
2023-09-07,513.2707452638442
2023-09-08,518.3552685945523
2023-09-11,519.3878421645979
2023-09-12,522.5022865901847
2023-09-13,523.8171245479755
2023-09-14,526.7806500342912
2023-09-15,530.3688662949437
2023-09-18,529.9192921776709
2023-09-19,528.620561025587
2023-09-20,527.6833435811172
2023-09-21,529.4002495652092
2023-09-22,531.7546968006507
2023-09-25,531.5414470319175
2023-09-26,529.8675521155612
2023-09-27,534.3780610134221
2023-09-28,532.3239168396976
2023-09-29,532.3311631869681
2023-10-02,532.9333924325437
2023-10-03,534.7113270003119
2023-10-04,534.0803081242763
2023-10-05,528.3689832496743
2023-10-06,526.3926876837903
2023-10-09,512.1804653492591
2023-10-10,510.76834844726983
2023-10-11,513.0801538801994
2023-10-12,503.7995670618086
2023-10-13,498.9932845875107
2023-10-16,498.3932258363112
2023-10-17,508.06502481863623
2023-10-18,506.5171472063078
2023-10-19,499.749918256783
2023-10-20,486.48891389592706
2023-10-23,481.5923828813516
2023-10-24,481.58860335970024
2023-10-25,486.54342708160567
2023-10-26,475.41310295865463
2023-10-27,473.0588905183981
2023-10-30,479.036879376345
2023-10-31,484.52323264984284
2023-11-01,493.3568774894382
2023-11-02,500.2832943513932
2023-11-03,504.51570040601587
2023-11-06,511.71955957576216
2023-11-07,509.4058780692405
2023-11-08,509.89280761686285
2023-11-09,504.85457431209284
2023-11-10,505.9043835317488
2023-11-13,505.10906172827004
2023-11-14,505.81034031545704
2023-11-15,511.69134010348535
2023-11-16,514.486253328073
2023-11-17,513.3073556369785
2023-11-20,513.0865558070894
2023-11-21,507.6201482894001
2023-11-22,505.81156357456547
2023-11-23,504.10063801457534
2023-11-24,506.56334305516503
2023-11-27,499.70320537060235
2023-11-28,502.55719248826574
2023-11-29,503.1903517747116
2023-11-30,504.29788935907425
2023-12-01,503.4724736773177
2023-12-04,503.438200534113
2023-12-05,502.0596190829782
2023-12-06,499.2857370199094
2023-12-07,497.95925494458436
2023-12-08,488.0476932124039
2023-12-11,489.48858580182616
2023-12-12,489.84772452505877
2023-12-13,489.810337729079
2023-12-14,494.5500419536803
2023-12-15,496.5817959960387
2023-12-18,492.99546783236804
2023-12-19,494.91600962440975
2023-12-20,491.7475040674644
2023-12-21,494.4082794049753
2023-12-22,498.1369274156856
2023-12-25,496.7824103114056
2023-12-26,498.99782737543205
2023-12-27,501.1459393610641
2023-12-28,505.2774787671091
2023-12-29,504.09374013604173
2024-01-01,504.09374013604184
2024-01-02,506.0024562499184
2024-01-03,503.0405684446953
2024-01-04,502.14891140173717
2024-01-05,503.33893690846685
2024-01-08,508.948774301783
2024-01-09,515.4614684283098
2024-01-10,518.2919179155259
2024-01-11,524.434608577511
2024-01-12,521.7530611390625
2024-01-15,521.561047053161
2024-01-16,517.8081455764644
2024-01-17,517.2452366170803
2024-01-18,516.3895645951349
2024-01-19,521.2799984888554
2024-01-22,523.8822410451376
2024-01-23,524.3878032462441
2024-01-24,525.1456175876842
2024-01-25,521.370247539615
2024-01-26,513.1415346633023
2024-01-29,511.7526467471056
2024-01-30,504.1371763575782
2024-01-31,504.20239365893013
2024-02-01,500.9677786550728
2024-02-02,498.49809883332796
2024-02-05,498.42790643087915
2024-02-06,486.48475054251935
2024-02-07,487.9056159902984
2024-02-08,488.3166080762965
2024-02-09,485.18527039447497
2024-02-12,483.7990383934504
2024-02-13,487.41891642384775
2024-02-14,494.5155209766253
2024-02-15,498.6258046832273
2024-02-16,499.4803294194576
2024-02-19,499.38262358220464
2024-02-20,497.93986553553617
2024-02-21,495.5937137373139
2024-02-22,484.64099935618447
2024-02-23,481.488776001154
2024-02-26,480.4295020021533
2024-02-27,484.9922709668248
2024-02-28,482.34891183266257
2024-02-29,477.97130919883455
2024-03-01,481.44030384245156
2024-03-04,482.7481526502947
2024-03-05,474.0700296114723
2024-03-06,469.9934848238684
2024-03-07,471.52296320828697
2024-03-08,476.3729525423187
2024-03-11,474.8956595313776
