Date,UNITED ARAB EMIRATES IMI VALUE
2014-06-02,974.0857006719627
2014-06-03,959.3888996804735
2014-06-04,937.9469299912352
2014-06-05,948.2279011623986
2014-06-06,946.5593426443329
2014-06-09,915.6738365948287
2014-06-10,907.1650154798914
2014-06-11,907.3774052999778
2014-06-12,920.0474214637993
2014-06-13,921.6116074928248
2014-06-16,869.4902533924113
2014-06-17,848.1398761470007
2014-06-18,865.1880842821051
2014-06-19,877.8425553768329
2014-06-20,881.496056491252
2014-06-23,856.2830136548276
2014-06-24,824.3718085301662
2014-06-25,838.6019559424274
2014-06-26,848.5020163250665
2014-06-27,845.3195034979151
2014-06-30,817.1240005941128
2014-07-01,830.9724555659282
2014-07-02,882.3092665241345
2014-07-03,873.6653802667221
2014-07-04,875.0155144182856
2014-07-07,895.0089529756061
2014-07-08,888.6606954154728
2014-07-09,888.0970798592493
2014-07-10,905.7907097881566
2014-07-11,905.9239240994721
2014-07-14,911.6800844225074
2014-07-15,916.529130799744
2014-07-16,930.20185838853
2014-07-17,936.6848326889404
2014-07-18,937.2741824855913
2014-07-21,921.1186254673445
2014-07-22,923.2455246397869
2014-07-23,916.4335743769822
2014-07-24,913.9667885798616
2014-07-25,916.4161896361318
2014-07-28,926.5874467813617
2014-07-29,928.5565573796221
2014-07-30,930.8122727524095
2014-07-31,950.2174332377683
2014-08-01,946.7502611304893
2014-08-04,940.3787840944257
2014-08-05,942.5486921258392
2014-08-06,925.1140759641007
2014-08-07,930.7432092588662
2014-08-08,926.3720569845877
2014-08-11,942.1889741377079
2014-08-12,944.3100965570251
2014-08-13,947.9370239992259
2014-08-14,956.0118284230764
2014-08-15,955.8218044356232
2014-08-18,954.4556080051404
2014-08-19,961.9764953413046
2014-08-20,966.1955287677912
2014-08-21,964.6734739248792
2014-08-22,968.5740166339433
2014-08-25,964.6603853220265
2014-08-26,971.7211614614654
2014-08-27,970.5860072236617
2014-08-28,950.5829478767066
2014-08-29,950.8355321704789
2014-09-01,994.3589512154423
2014-09-02,996.7279941108512
2014-09-03,1009.721069500892
2014-09-04,1016.299640140691
2014-09-05,1016.9270582154005
2014-09-08,1025.0245366407396
2014-09-09,1019.2836451000045
2014-09-10,1004.4703594965895
2014-09-11,1017.0413216601887
2014-09-12,1017.2771482149097
2014-09-15,1019.8821345011555
2014-09-16,1017.4462073458627
2014-09-17,1019.2250184971792
2014-09-18,1054.5736734642387
2014-09-19,1061.2671631560215
2014-09-22,1044.5798357122258
2014-09-23,1046.1170606779328
2014-09-24,1047.6277159928102
2014-09-25,1052.6358842462807
2014-09-26,1056.9184670033208
2014-09-29,1047.8715479156397
2014-09-30,1050.0167944188263
2014-10-01,1053.9429721672898
2014-10-02,1035.9208338088463
2014-10-03,1047.6780778164284
2014-10-06,1042.8599788142099
2014-10-07,1048.505007560428
2014-10-08,1030.904894305612
2014-10-09,1033.7849728493782
2014-10-10,1040.8673742553244
2014-10-13,996.3985664033189
2014-10-14,984.1715870826641
2014-10-15,967.2487401087235
2014-10-16,937.1104935704822
2014-10-17,938.0646691268887
2014-10-20,929.4119983040728
2014-10-21,948.8974526197513
2014-10-22,964.369989498785
2014-10-23,973.6246061202377
2014-10-24,972.0875265826127
2014-10-27,977.2809054265925
2014-10-28,972.9302925367222
2014-10-29,979.2028667428988
2014-10-30,962.3864692212927
2014-10-31,969.4799952822402
2014-11-03,998.4968416908979
2014-11-04,994.1437743331878
2014-11-05,965.322412504715
2014-11-06,965.1898837392084
2014-11-07,966.939261247194
2014-11-10,998.4595994706459
2014-11-11,999.6556173969798
2014-11-12,997.6299500756396
2014-11-13,1018.7254855472858
2014-11-14,1018.3173259713626
2014-11-17,1010.2814540164087
2014-11-18,1016.1117378136485
2014-11-19,1013.4831217840399
2014-11-20,1019.2913384801993
2014-11-21,1029.7609788295285
2014-11-24,1042.6816521439634
2014-11-25,1010.7372920242467
2014-11-26,992.4963192536318
2014-11-27,999.1343738321377
2014-11-28,1000.311856700941
2014-12-01,971.6115044206578
2014-12-02,977.4206647488232
2014-12-03,983.8340246645572
2014-12-04,962.8553466245136
2014-12-05,973.8173494323064
2014-12-08,962.6438814082219
2014-12-09,923.916140412152
2014-12-10,926.340515360374
2014-12-11,861.5532694962579
2014-12-12,856.0570822931645
2014-12-15,806.8279172374691
2014-12-16,736.683662982176
2014-12-17,777.7652831653141
2014-12-18,865.8821480542858
2014-12-19,867.0118511870672
2014-12-22,925.7110573490259
2014-12-23,915.8853069550674
2014-12-24,933.5769938815838
2014-12-25,938.9897190941844
2014-12-26,940.4556247400317
2014-12-29,946.4083957623932
2014-12-30,912.3574060125228
2014-12-31,932.2775998342034
2015-01-01,932.2775998342034
2015-01-02,937.690667612685
2015-01-05,911.6072536647248
2015-01-06,876.796163054142
2015-01-07,920.9575542604907
2015-01-08,935.3339081644726
2015-01-09,932.0144587460006
2015-01-12,938.7887272564398
2015-01-13,965.6073796873977
2015-01-14,962.9410924636688
2015-01-15,972.402790249922
2015-01-16,980.0145537743833
2015-01-19,986.8552508606325
2015-01-20,982.6455709311952
2015-01-21,979.7851122692532
2015-01-22,989.7232333629194
2015-01-23,1004.4157779179311
2015-01-26,988.1660204506499
2015-01-27,976.0435118542745
2015-01-28,973.6532254810313
2015-01-29,950.6261106956625
2015-01-30,955.1330447133164
2015-02-02,979.6233724337195
2015-02-03,996.304762743345
2015-02-04,1004.5454732424689
2015-02-05,996.8563650275829
2015-02-06,1004.4132998763973
2015-02-09,1015.6979483272921
2015-02-10,1011.1793890128743
2015-02-11,1011.0435745025617
2015-02-12,1006.6226125080161
2015-02-13,1003.9741864281877
2015-02-16,1006.9236619105368
2015-02-17,1013.3592657561265
2015-02-18,1020.3517564123778
2015-02-19,1017.6798535217837
2015-02-20,1019.6492388212938
2015-02-23,1009.5060362436395
2015-02-24,1012.4421009428647
2015-02-25,1015.7583611661153
2015-02-26,1028.8735662049503
2015-02-27,1028.6486161153705
2015-03-02,1025.4783698248536
2015-03-03,1018.3084036135261
2015-03-04,1022.0940556575832
2015-03-05,1021.7895286325372
2015-03-06,1037.5940345304577
2015-03-09,1036.3703791437813
2015-03-10,1040.304932279586
2015-03-11,1035.7501085133756
2015-03-12,1032.708218984732
2015-03-13,1042.0326766004282
2015-03-16,993.4624110347576
2015-03-17,980.9679822198866
2015-03-18,957.2590062627056
2015-03-19,986.2306666257973
2015-03-20,970.6073914400072
2015-03-23,979.4456178066491
2015-03-24,983.3867522617622
2015-03-25,962.5643362681132
2015-03-26,968.4786398519551
2015-03-27,970.9128635605316
2015-03-30,996.8609004611031
2015-03-31,1019.0784425596644
2015-04-01,1021.2611713318885
2015-04-02,1038.8537099753232
2015-04-03,1038.8537099753232
2015-04-06,1033.63057938414
2015-04-07,1061.3719404900103
2015-04-08,1071.8809166079106
2015-04-09,1080.5614955242065
2015-04-10,1085.7983013416908
2015-04-13,1099.075558900222
2015-04-14,1087.8554437949053
2015-04-15,1115.03487123957
2015-04-16,1138.6574773108673
2015-04-17,1130.7444575354148
2015-04-20,1129.2200249424384
2015-04-21,1140.7785085654016
2015-04-22,1147.8017676103038
2015-04-23,1116.836689454171
2015-04-24,1110.2582947070293
2015-04-27,1120.9030026258904
2015-04-28,1113.315271420137
2015-04-29,1095.468617431726
2015-04-30,1083.1637339649415
2015-05-01,1081.4979016942787
2015-05-04,1052.9152084095715
2015-05-05,1054.8609375508738
2015-05-06,1036.3933595392925
2015-05-07,1044.636056832231
2015-05-08,1048.640099301704
2015-05-11,1060.8344118183475
2015-05-12,1052.4951730421592
2015-05-13,1049.4779137541304
2015-05-14,1048.119844447647
2015-05-15,1042.531582013305
2015-05-18,1053.9008897534484
2015-05-19,1085.3804139929546
2015-05-20,1080.091392772054
2015-05-21,1082.3884658076402
2015-05-22,1092.0110058039345
2015-05-25,1080.132468598379
2015-05-26,1090.249495758526
2015-05-27,1074.131867563448
2015-05-28,1049.075068901005
2015-05-29,1044.7691102107556
2015-06-01,1059.704868113005
2015-06-02,1049.1157130378704
2015-06-03,1036.6169840096034
2015-06-04,1034.7360720012034
2015-06-05,1050.8169832074345
2015-06-08,1042.564932464946
2015-06-09,1047.1880359681606
2015-06-10,1045.8936716285982
2015-06-11,1038.104321007589
2015-06-12,1034.9580011112228
2015-06-15,1039.208747888794
2015-06-16,1034.2744387627208
2015-06-17,1038.2032265755095
2015-06-18,1021.814423023669
2015-06-19,1028.5448270604224
2015-06-22,1040.9406627094768
2015-06-23,1065.081234873907
2015-06-24,1072.4963290242679
2015-06-25,1059.7406196180757
2015-06-26,1064.643641938539
2015-06-29,1041.291941287302
2015-06-30,1059.3997230216964
2015-07-01,1056.388807183258
2015-07-02,1062.0739955494
2015-07-03,1062.3843933404985
2015-07-06,1057.7675331331307
2015-07-07,1066.25595355276
2015-07-08,1039.226591601068
2015-07-09,1048.4003587468796
2015-07-10,1036.4366027511555
2015-07-13,1062.3120100973435
2015-07-14,1070.1554008205783
2015-07-15,1085.761460803475
2015-07-16,1091.0094528181296
2015-07-17,1096.0355248355343
2015-07-20,1104.0306460325214
2015-07-21,1102.5169469229068
2015-07-22,1126.7721479214968
2015-07-23,1115.3384964833856
2015-07-24,1116.6607709309058
2015-07-27,1092.7865584563426
2015-07-28,1090.6807763116653
2015-07-29,1098.5294227767702
2015-07-30,1115.480632286528
2015-07-31,1103.0363984435155
2015-08-03,1104.885402654516
2015-08-04,1101.257480779547
2015-08-05,1123.8736038787365
2015-08-06,1128.2098181403876
2015-08-07,1125.5227907657336
2015-08-10,1122.7017844490008
2015-08-11,1115.5796292766286
2015-08-12,1088.484174800149
2015-08-13,1077.4695354227522
2015-08-14,1079.1430417485685
2015-08-17,1054.7435429366003
2015-08-18,1031.455627677006
2015-08-19,1030.4944156851711
2015-08-20,990.4086546065835
2015-08-21,980.297977604015
2015-08-24,884.0842629109939
2015-08-25,946.2249482584858
2015-08-26,939.2953651848059
2015-08-27,993.2431458708589
2015-08-28,992.7661268387627
2015-08-31,1008.9701455718316
2015-09-01,968.2920707975431
2015-09-02,962.9903021936377
2015-09-03,977.4606313464456
2015-09-04,975.8031172747517
2015-09-07,963.8145163691984
2015-09-08,963.2119057572344
2015-09-09,979.0211584182073
2015-09-10,980.9516537881162
2015-09-11,975.4389144510321
2015-09-14,957.0164535810942
2015-09-15,962.585743280724
2015-09-16,975.8276132552317
2015-09-17,966.9222482064476
2015-09-18,961.7542136847622
2015-09-21,989.4933192735328
2015-09-22,994.6771410287662
2015-09-23,993.7048906849285
2015-09-24,981.0995756596594
2015-09-25,991.1702695380611
2015-09-28,979.9600924670143
2015-09-29,965.5693573014215
2015-09-30,983.7060046616836
2015-10-01,984.5079685761776
2015-10-02,978.2517073667385
2015-10-05,994.7552158913214
2015-10-06,989.8854627265123
2015-10-07,1003.5040085514019
2015-10-08,989.7279703775102
2015-10-09,983.0161773686527
2015-10-12,980.9491077709769
2015-10-13,976.05644438444
2015-10-14,964.7936001145123
2015-10-15,969.080148418488
2015-10-16,969.7441192120839
2015-10-19,985.3645811049364
2015-10-20,979.4695547949184
2015-10-21,967.5526417586204
2015-10-22,970.260506403533
2015-10-23,981.5442738952255
2015-10-26,966.5407109545303
2015-10-27,960.7949243565627
2015-10-28,945.1712223546587
2015-10-29,946.6163906874729
2015-10-30,939.2467252188518
2015-11-02,928.8297207883787
2015-11-03,948.3236788445228
2015-11-04,930.5570838849027
2015-11-05,931.9727273056685
2015-11-06,942.6348943852373
2015-11-09,925.1552049366062
2015-11-10,915.2445267519312
2015-11-11,910.3102640904248
2015-11-12,902.481467633965
2015-11-13,904.4895619538746
2015-11-16,875.8992533709182
2015-11-17,894.0150565235134
2015-11-18,895.1539130196667
2015-11-19,908.348445324939
2015-11-20,913.9972190956937
2015-11-23,920.5617757637301
2015-11-24,914.3122833300529
2015-11-25,929.5294194201958
2015-11-26,929.1312891284118
2015-11-27,931.2799244187648
2015-11-30,910.1120527434708
2015-12-01,906.226983207816
2015-12-02,909.1592738066769
2015-12-03,885.8260150170942
2015-12-04,882.8038890657843
2015-12-07,873.365486863143
2015-12-08,845.226362112051
2015-12-09,838.3193054363476
2015-12-10,837.8517402053766
2015-12-11,833.2917368579255
2015-12-14,818.6188286743628
2015-12-15,822.160870992411
2015-12-16,836.2952441675056
2015-12-17,864.2995833101947
2015-12-18,863.4157246755419
2015-12-21,873.377394628062
2015-12-22,875.297194202858
2015-12-23,885.8197555592913
2015-12-24,879.4578101203239
2015-12-25,879.4578101203239
2015-12-28,876.1193273576198
2015-12-29,889.4019097994014
2015-12-30,886.7988908366754
2015-12-31,899.5010272189494
2016-01-01,899.5010272189494
2016-01-04,885.2391591304197
2016-01-05,906.7541711230283
2016-01-06,901.9389246016858
2016-01-07,858.5558642043434
2016-01-08,852.8829962716813
2016-01-11,843.1097439770059
2016-01-12,837.3562537422746
2016-01-13,836.8688688858956
2016-01-14,821.4843634410371
2016-01-15,813.0792013765425
2016-01-18,782.0361672849076
2016-01-19,803.4425352055979
2016-01-20,776.7881320733079
2016-01-21,777.1760929726581
2016-01-22,777.1783503709461
2016-01-25,796.4752635976532
2016-01-26,791.3189033443489
2016-01-27,807.3016036404188
2016-01-28,825.032611133203
2016-01-29,833.9811270856218
2016-02-01,865.7790417033248
2016-02-02,861.4115510730284
2016-02-03,844.9162016815725
2016-02-04,857.0157761529313
2016-02-05,859.0421240345527
2016-02-08,853.9900878861109
2016-02-09,831.1351394087468
2016-02-10,846.584457668418
2016-02-11,823.8116142433728
2016-02-12,831.1129718303862
2016-02-15,848.1946104629809
2016-02-16,860.1134795091965
2016-02-17,866.0834554131482
2016-02-18,882.8931246422869
2016-02-19,882.288628538622
2016-02-22,908.0647219730592
2016-02-23,915.9752685161301
2016-02-24,909.1539130847588
2016-02-25,905.6421336175882
2016-02-26,914.4942752059054
2016-02-29,945.4287004531086
2016-03-01,953.7223804004399
2016-03-02,952.8978090472032
2016-03-03,956.4882951187806
2016-03-04,949.9709314289549
2016-03-07,982.7840584146362
2016-03-08,983.4104025778267
2016-03-09,986.165821245615
2016-03-10,972.0580369122175
2016-03-11,970.969164660098
2016-03-14,959.1222222835199
2016-03-15,959.9434217150438
2016-03-16,951.8326120814214
2016-03-17,961.3212888582232
2016-03-18,963.502169507133
2016-03-21,947.1976958288022
2016-03-22,955.5347540171725
2016-03-23,961.0192427593566
2016-03-24,952.7101444079998
2016-03-25,952.7101444079998
2016-03-28,927.9674601655871
2016-03-29,939.804400497067
2016-03-30,943.7181511074203
2016-03-31,944.7625592290211
2016-04-01,948.9808992689694
2016-04-04,946.7217368102662
2016-04-05,936.0307033905508
2016-04-06,931.1486833552161
2016-04-07,944.4880619449392
2016-04-08,942.389608540781
2016-04-11,945.396358312483
2016-04-12,956.0387765262271
2016-04-13,970.5666656413966
2016-04-14,992.0803413780269
2016-04-15,989.0642170588214
2016-04-18,989.9649904288314
2016-04-19,993.5776237306424
2016-04-20,995.9828522352877
2016-04-21,1011.3544268543353
2016-04-22,1015.749333121595
2016-04-25,1011.2624653873094
2016-04-26,997.6097465661798
2016-04-27,997.1959667779862
2016-04-28,980.110384682687
2016-04-29,968.2453428918087
2016-05-02,939.9911665298783
2016-05-03,918.8145643480902
2016-05-04,933.5201124573651
2016-05-05,941.1488168436745
2016-05-06,939.2382071193848
2016-05-09,953.0608807853334
2016-05-10,940.5478996122788
2016-05-11,928.0239169141934
2016-05-12,928.7817531198584
2016-05-13,937.454273804387
2016-05-16,925.493929606242
2016-05-17,920.0977661175821
2016-05-18,921.814783571291
2016-05-19,910.5384092197094
2016-05-20,909.9011651943218
2016-05-23,905.7737089927184
2016-05-24,917.5524532683654
2016-05-25,934.5442102873824
2016-05-26,930.555789040852
2016-05-27,934.9736819616692
2016-05-30,926.8098052346562
2016-05-31,929.2553693650178
2016-06-01,927.1747897683773
2016-06-02,913.1290082465582
2016-06-03,899.2296255929047
2016-06-06,905.4082865280735
2016-06-07,919.2799475709774
2016-06-08,933.7516154349628
2016-06-09,938.8311670809601
2016-06-10,941.1579891812714
2016-06-13,926.1467490957482
2016-06-14,937.3530537860021
2016-06-15,926.0970814922606
2016-06-16,928.1619025400734
2016-06-17,919.7454457628066
2016-06-20,945.7891227048061
2016-06-21,956.8791079619896
2016-06-22,963.4971782394172
2016-06-23,957.5565397161392
2016-06-24,977.814175042447
2016-06-27,964.9087514446549
2016-06-28,950.4752763204599
2016-06-29,947.8927173325363
2016-06-30,964.4018543541256
2016-07-01,962.5312198089131
2016-07-04,986.6083201762164
2016-07-05,989.1259866081954
2016-07-06,992.4627203694711
2016-07-07,992.4271248267872
2016-07-08,995.8447903978072
2016-07-11,988.4564172565787
2016-07-12,996.9025046248354
2016-07-13,995.7372826901843
2016-07-14,993.8567777117737
2016-07-15,996.9634203986301
2016-07-18,1007.1025015874251
2016-07-19,1012.712557280105
2016-07-20,1025.05960427882
2016-07-21,1025.8566269421003
2016-07-22,1027.8283343899554
2016-07-25,1032.0309182187866
2016-07-26,1027.7510858934372
2016-07-27,1029.9056009520473
2016-07-28,1023.3552285586028
2016-07-29,1014.2953432353477
2016-08-01,1016.3493650101685
2016-08-02,993.2546057473154
2016-08-03,987.5770021396515
2016-08-04,1004.9770656878798
2016-08-05,1011.095030684369
2016-08-08,1019.3412187957018
2016-08-09,1015.885258468694
2016-08-10,1015.2270743672485
2016-08-11,1013.484171176614
2016-08-12,1013.4526369577981
2016-08-15,1035.8245533130812
2016-08-16,1025.1874196028714
2016-08-17,1009.4694368564135
2016-08-18,1005.9354266281424
2016-08-19,1006.2326277808118
2016-08-22,997.8496315531467
2016-08-23,1000.0173086348879
2016-08-24,992.7156702916202
2016-08-25,990.5648091824548
2016-08-26,990.7504736713772
2016-08-29,999.1019547836969
2016-08-30,1005.0387902187956
2016-08-31,998.799480004475
2016-09-01,997.607438104945
2016-09-02,1000.3741162974384
2016-09-05,1013.4824379321925
2016-09-06,1002.2599512037494
2016-09-07,995.9325714546733
2016-09-08,993.8299416524142
2016-09-09,999.4008962335025
2016-09-12,998.6845586180985
2016-09-13,996.7030490268766
2016-09-14,996.1849404650727
2016-09-15,984.4087847673496
2016-09-16,991.5517670808991
2016-09-19,990.2416616555114
2016-09-20,987.7719073125015
2016-09-21,987.5500612360718
2016-09-22,1000.6307247236374
2016-09-23,1002.5345928342339
2016-09-26,992.2953482900434
2016-09-27,991.6516014224641
2016-09-28,982.0881988575319
2016-09-29,988.7362365384547
2016-09-30,987.9883936829134
2016-10-03,964.5321745469234
2016-10-04,974.1615018590304
2016-10-05,962.3146143846344
2016-10-06,963.4507862901592
2016-10-07,962.7349483261846
2016-10-10,962.9108454900919
2016-10-11,973.5082633928998
2016-10-12,969.7565349270211
2016-10-13,963.5903165599258
2016-10-14,965.9810399858076
2016-10-17,940.6642676522886
2016-10-18,957.5535033225905
2016-10-19,966.323596800005
2016-10-20,971.2504140996701
2016-10-21,976.1510043653395
2016-10-24,987.2492275691764
2016-10-25,979.3580797947262
2016-10-26,967.3111536909225
2016-10-27,980.327186996309
2016-10-28,979.3853409478636
2016-10-31,985.004788735204
2016-11-01,976.5602931224834
2016-11-02,957.0088528017487
2016-11-03,961.3071286578082
2016-11-04,958.8179065631997
2016-11-07,959.5392577667504
2016-11-08,973.1246193604852
2016-11-09,980.4893849607378
2016-11-10,980.7679456940922
2016-11-11,982.9631481618105
2016-11-14,964.1404669490582
2016-11-15,965.2829058382448
2016-11-16,995.6429556215968
2016-11-17,1003.6216692880631
2016-11-18,1013.065175467472
2016-11-21,1002.5209387238249
2016-11-22,1004.5315621478184
2016-11-23,1022.1493724266734
2016-11-24,1016.0946939319792
2016-11-25,1012.1248498302725
2016-11-28,1006.3639043559353
2016-11-29,1011.3198510682734
2016-11-30,1015.7599248505948
2016-12-01,1015.4248958973858
2016-12-02,1010.730070536754
2016-12-05,1019.4001820508628
2016-12-06,1039.8638660978413
2016-12-07,1060.2023276348648
2016-12-08,1102.4963751401508
2016-12-09,1110.2611528427099
2016-12-12,1120.9292136966922
2016-12-13,1112.627454219401
2016-12-14,1099.6743541002993
2016-12-15,1110.6034989984257
2016-12-16,1111.12979714326
2016-12-19,1109.022337342785
2016-12-20,1108.5756026837607
2016-12-21,1097.884528152121
2016-12-22,1092.4257846319992
2016-12-23,1091.9333985283731
2016-12-26,1099.581841419738
2016-12-27,1100.639796927459
2016-12-28,1097.9388140572303
2016-12-29,1096.8086169784083
2016-12-30,1090.7773394448936
2017-01-02,1087.5564465940502
2017-01-03,1130.4166988520149
2017-01-04,1122.405227215472
2017-01-05,1115.9397018612444
2017-01-06,1118.3966794160185
2017-01-09,1147.6953935565343
2017-01-10,1141.8360798515962
2017-01-11,1157.9086192510213
2017-01-12,1138.9465370966063
2017-01-13,1141.9705027427
2017-01-16,1134.8816226203733
2017-01-17,1126.6993723200235
2017-01-18,1138.574070291101
2017-01-19,1146.7432201426655
2017-01-20,1139.5482212430486
2017-01-23,1129.9820167446321
2017-01-24,1132.7280864783143
2017-01-25,1115.306122122107
2017-01-26,1131.073058069927
2017-01-27,1127.1945680770984
2017-01-30,1113.4207247912932
2017-01-31,1093.853764112
2017-02-01,1086.9195107696946
2017-02-02,1065.9535801251213
2017-02-03,1067.6535123349206
2017-02-06,1105.7599415270477
2017-02-07,1117.0721438594178
2017-02-08,1124.9402000199034
2017-02-09,1123.6107784925441
2017-02-10,1127.9472064040792
2017-02-13,1124.143015491679
2017-02-14,1130.2220642205739
2017-02-15,1132.6853037706182
2017-02-16,1125.7399062512304
2017-02-17,1130.135052411391
2017-02-20,1113.6979182550483
2017-02-21,1119.8244764943652
2017-02-22,1136.3779953102269
2017-02-23,1126.8163324866848
2017-02-24,1129.321790317458
2017-02-27,1119.7366081298642
2017-02-28,1107.946807853383
2017-03-01,1118.1624395951271
2017-03-02,1131.5267413889912
2017-03-03,1127.624120695528
2017-03-06,1118.8144598185515
2017-03-07,1110.5049548077768
2017-03-08,1114.7943855149738
2017-03-09,1106.691668499769
2017-03-10,1098.8658523986767
2017-03-13,1083.3695325282795
2017-03-14,1084.2594552714393
2017-03-15,1077.652184344387
2017-03-16,1093.6249920286123
2017-03-17,1093.1308073511618
2017-03-20,1090.176230524914
2017-03-21,1094.7893100482781
2017-03-22,1086.600937727432
2017-03-23,1088.275127803117
2017-03-24,1086.3971121153422
2017-03-27,1072.579912365324
2017-03-28,1078.125209291186
2017-03-29,1084.7771515604297
2017-03-30,1089.9115796311225
2017-03-31,1093.8921030420067
2017-04-03,1109.198163666704
2017-04-04,1126.000466650315
2017-04-05,1143.333529277075
2017-04-06,1138.4370368923146
2017-04-07,1142.779760825077
2017-04-10,1135.2487116899717
2017-04-11,1129.7249228292637
2017-04-12,1135.044535014025
2017-04-13,1120.7685856417788
2017-04-14,1120.7685856417786
2017-04-17,1117.5246616116262
2017-04-18,1116.4835356212436
2017-04-19,1124.3327269072254
2017-04-20,1110.2907916137392
2017-04-21,1118.4150788000316
2017-04-24,1094.2768580045934
2017-04-25,1097.102509206708
2017-04-26,1104.5197997166601
2017-04-27,1099.309430468114
2017-04-28,1096.957683786839
2017-05-01,1105.7169403040798
2017-05-02,1109.255880192777
2017-05-03,1108.734053226076
2017-05-04,1106.9007787153216
2017-05-05,1102.7199930664767
2017-05-08,1105.3527734645606
2017-05-09,1116.886106764956
2017-05-10,1120.9649077141887
2017-05-11,1130.157578064599
2017-05-12,1124.4975710532674
2017-05-15,1107.2524869302379
2017-05-16,1101.1892605213945
2017-05-17,1096.7061627759151
2017-05-18,1095.7775787292126
2017-05-19,1089.057906370032
2017-05-22,1083.7390821343404
2017-05-23,1082.070091720194
2017-05-24,1081.9534916103732
2017-05-25,1074.53300160854
2017-05-26,1077.3485856929913
2017-05-29,1070.4982442279872
2017-05-30,1074.9944571990359
2017-05-31,1054.0121209766007
2017-06-01,1065.4572048780935
2017-06-02,1060.836338410368
2017-06-05,1060.4209279164393
2017-06-06,1055.1931333497214
2017-06-07,1079.1001264414112
2017-06-08,1083.3442755187634
2017-06-09,1087.054242492249
2017-06-12,1105.2934631754397
2017-06-13,1114.43252348206
2017-06-14,1106.195493802041
2017-06-15,1112.9270428190246
2017-06-16,1108.0477012908752
2017-06-19,1114.4396164958582
2017-06-20,1113.3199149393674
2017-06-21,1106.797224999912
2017-06-22,1100.8166739260234
2017-06-23,1096.6101407057079
2017-06-26,1096.3996920994457
2017-06-27,1088.1765941933347
2017-06-28,1074.0529238282265
2017-06-29,1066.4719140589455
2017-06-30,1068.421251577984
2017-07-03,1081.6247460233972
2017-07-04,1076.2350441776696
2017-07-05,1081.6533787240783
2017-07-06,1067.463545655286
2017-07-07,1068.8223571215315
2017-07-10,1068.1862127376837
2017-07-11,1070.8896105970293
2017-07-12,1078.2799310815924
2017-07-13,1098.489470870389
2017-07-14,1094.3152588605292
2017-07-17,1112.497453618422
2017-07-18,1099.9464653733958
2017-07-19,1111.431174266359
2017-07-20,1090.1583812999909
2017-07-21,1088.007429702676
2017-07-24,1086.102755532724
2017-07-25,1083.4853873041684
2017-07-26,1086.4177608343325
2017-07-27,1087.336367171192
2017-07-28,1079.82435119294
2017-07-31,1082.2393140051518
2017-08-01,1085.724135248256
2017-08-02,1093.2845374025628
2017-08-03,1091.957720399278
2017-08-04,1103.805110889931
2017-08-07,1100.0529279734214
2017-08-08,1104.3834315486868
2017-08-09,1100.8871016157923
2017-08-10,1103.5422985522741
2017-08-11,1099.6116047016872
2017-08-14,1077.5480265522897
2017-08-15,1078.3785327230985
2017-08-16,1087.8482869677287
2017-08-17,1082.1941163857284
2017-08-18,1081.4573347227279
2017-08-21,1075.7875331732594
2017-08-22,1082.7720509804121
2017-08-23,1083.7234523499928
2017-08-24,1088.6080086777365
2017-08-25,1082.4209949741694
2017-08-28,1069.5231806746087
2017-08-29,1060.5110533331908
2017-08-30,1073.1847747048516
2017-08-31,1075.5768511225215
2017-09-01,1076.482295058141
2017-09-04,1079.08092416228
2017-09-05,1073.894499728376
2017-09-06,1077.129847971623
2017-09-07,1074.4914382084917
2017-09-08,1073.3437448071006
2017-09-11,1073.0243537001832
2017-09-12,1084.6596152636348
2017-09-13,1083.6414724946965
2017-09-14,1093.0918978184377
2017-09-15,1084.7773274417523
2017-09-18,1084.803400895424
2017-09-19,1083.688965705022
2017-09-20,1075.3011706553932
2017-09-21,1081.901276993997
2017-09-22,1077.7124577428515
2017-09-25,1069.4005182826945
2017-09-26,1078.5563005712625
2017-09-27,1084.1711295027965
2017-09-28,1077.76256103894
2017-09-29,1074.5498157072318
2017-10-02,1086.7398541068326
2017-10-03,1089.3932813772417
2017-10-04,1089.6057960291266
2017-10-05,1089.4506767017515
2017-10-06,1087.7357043262539
2017-10-09,1097.6859309037698
2017-10-10,1094.02730046936
2017-10-11,1105.204405379182
2017-10-12,1110.4129633483171
2017-10-13,1111.3832567756283
2017-10-16,1114.8927043936278
2017-10-17,1107.0884475611101
2017-10-18,1111.3227002601752
2017-10-19,1108.0681425665057
2017-10-20,1114.3493894063593
2017-10-23,1100.9206033819212
2017-10-24,1097.3149670838375
2017-10-25,1096.9105623965138
2017-10-26,1097.8729997506832
2017-10-27,1109.3570501095435
2017-10-30,1101.335287677945
2017-10-31,1105.4122767239778
2017-11-01,1109.1673815197157
2017-11-02,1100.286243126847
2017-11-03,1105.5457420361183
2017-11-06,1086.0340869864472
2017-11-07,1079.4301212788353
2017-11-08,1059.9571395165149
2017-11-09,1066.2695053359448
2017-11-10,1062.8693005730156
2017-11-13,1068.6637357686386
2017-11-14,1061.4310241953822
2017-11-15,1049.249358005597
2017-11-16,1050.2930370826748
2017-11-17,1049.4321823980533
2017-11-20,1042.7130453532948
2017-11-21,1046.647172554728
2017-11-22,1041.813241189528
2017-11-23,1042.1002702781202
2017-11-24,1033.8917627328144
2017-11-27,1028.2535441116931
2017-11-28,1032.2465409882636
2017-11-29,1027.6618735869445
2017-11-30,1021.34296398941
2017-12-01,1026.2216047277745
2017-12-04,1031.2376305348425
2017-12-05,1013.1539659111444
2017-12-06,1027.7644306808231
2017-12-07,1016.9883048802903
2017-12-08,1020.3201390919141
2017-12-11,1035.1838344137775
2017-12-12,1056.9608363319435
2017-12-13,1047.252825485031
2017-12-14,1036.2602661270535
2017-12-15,1037.1410279018419
2017-12-18,1042.105196379297
2017-12-19,1039.7131877192505
2017-12-20,1028.4683846951539
2017-12-21,1027.746735094709
2017-12-22,1029.8952925521523
2017-12-25,1027.7368898109223
2017-12-26,1018.4221213718264
2017-12-27,1029.2723586443014
2017-12-28,1029.3108321081802
2017-12-29,1023.3105191295349
2018-01-01,1023.3105191295349
2018-01-02,1032.8096951847144
2018-01-03,1047.636962549238
2018-01-04,1057.1256159311238
2018-01-05,1060.579085149995
2018-01-08,1074.553675928431
2018-01-09,1084.3243831734321
2018-01-10,1079.5929394515063
2018-01-11,1071.4589134956066
2018-01-12,1062.5653851638024
2018-01-15,1053.9788271866132
2018-01-16,1062.6988419354443
2018-01-17,1066.3987073727553
2018-01-18,1064.2049554332536
2018-01-19,1065.52496975676
2018-01-22,1061.1436592277128
2018-01-23,1061.4825111161292
2018-01-24,1051.9230525002379
2018-01-25,1045.780582328891
2018-01-26,1051.6541668104564
2018-01-29,1054.8076016098635
2018-01-30,1045.544133014404
2018-01-31,1028.066880336243
2018-02-01,1031.8484678718235
2018-02-02,1034.6278297495835
2018-02-05,1029.1283201246988
2018-02-06,1018.5997398935664
2018-02-07,1035.9414451840921
2018-02-08,1038.5904015960498
2018-02-09,1039.3811398914595
2018-02-12,1038.2845894550155
2018-02-13,1035.5672727492301
2018-02-14,1029.5801437829941
2018-02-15,1017.3995833555387
2018-02-16,1019.9331727104022
2018-02-19,1022.7949303173459
2018-02-20,1024.2092296776002
2018-02-21,1026.7554593007806
2018-02-22,1022.5242158898615
2018-02-23,1024.3677985623538
2018-02-26,1030.9520097831933
2018-02-27,1033.1355676784272
2018-02-28,1028.991824585724
2018-03-01,1027.3643045758377
2018-03-02,1016.3483354272233
2018-03-05,1016.2523610029517
2018-03-06,1013.4634334618664
2018-03-07,1007.7256848535928
2018-03-08,1014.7421734361797
2018-03-09,1015.4973158844009
2018-03-12,1014.9688310228659
2018-03-13,1009.8059930921172
2018-03-14,1011.6746825268661
2018-03-15,1027.7192493211744
2018-03-16,1031.080642378772
2018-03-19,1019.9156569122588
2018-03-20,1023.2586069289598
2018-03-21,1029.776979290149
2018-03-22,1030.1308643394282
2018-03-23,1025.7827955724458
2018-03-26,1021.6474292520489
2018-03-27,1022.4228910151438
2018-03-28,1011.1048568373213
2018-03-29,1031.3255685674817
2018-03-30,1031.3255685674817
2018-04-02,1030.4009335055407
2018-04-03,1033.82899708117
2018-04-04,1031.284431096769
2018-04-05,1050.1108340120563
2018-04-06,1047.3131306394275
2018-04-09,1041.7404260379333
2018-04-10,1050.9012843674723
2018-04-11,1053.2981650075424
2018-04-12,1051.783532099318
2018-04-13,1050.9300392282905
2018-04-16,1054.7980584106695
2018-04-17,1063.8545089087445
2018-04-18,1054.2885094454086
2018-04-19,1052.243400646601
2018-04-20,1059.584584269074
2018-04-23,1056.76523585874
2018-04-24,1051.8351036275758
2018-04-25,1050.9434771538072
2018-04-26,1067.3825911115434
2018-04-27,1068.3969198970476
2018-04-30,1064.0420744969588
2018-05-01,1070.7282789575304
2018-05-02,1064.3520394644925
2018-05-03,1046.2329978151902
2018-05-04,1048.16226531881
2018-05-07,1050.638718332977
2018-05-08,1043.7306608176568
2018-05-09,1033.9555752809556
2018-05-10,1027.8610561208568
2018-05-11,1022.3103998817579
2018-05-14,1028.844146176401
2018-05-15,1042.776753689599
2018-05-16,1047.0773545339564
2018-05-17,1034.5601323723724
2018-05-18,1036.4938896291433
2018-05-21,1048.7880938065673
2018-05-22,1060.943543850722
2018-05-23,1077.9315572769358
2018-05-24,1082.8924559319103
2018-05-25,1089.3501354280081
2018-05-28,1080.1472353310824
2018-05-29,1091.4024452274243
2018-05-30,1078.5550316617168
2018-05-31,1090.132357156092
2018-06-01,1091.0670500800018
2018-06-04,1093.1138150610604
2018-06-05,1103.2818668644388
2018-06-06,1101.0337241483567
2018-06-07,1096.9279752938041
2018-06-08,1102.4284640361407
2018-06-11,1120.9478708457345
2018-06-12,1123.143323052334
2018-06-13,1102.9616244337806
2018-06-14,1119.1760743396462
2018-06-15,1122.3552781317794
2018-06-18,1089.4803211450094
2018-06-19,1086.2255816175345
2018-06-20,1076.8012162131117
2018-06-21,1073.834856251997
2018-06-22,1070.9744953185198
2018-06-25,1055.6105101068404
2018-06-26,1055.6572530226417
2018-06-27,1055.601883637473
2018-06-28,1055.9026767194966
2018-06-29,1047.0850234301174
2018-07-02,1060.7686565743977
2018-07-03,1058.4616323766606
2018-07-04,1066.880113391929
2018-07-05,1065.5578605371593
2018-07-06,1060.6475133814902
2018-07-09,1060.1836660478316
2018-07-10,1077.755363502894
2018-07-11,1082.214260020759
2018-07-12,1080.862285891075
2018-07-13,1082.4371441606402
2018-07-16,1093.8566247006368
2018-07-17,1091.8580879597512
2018-07-18,1099.1025097344339
2018-07-19,1102.7906699836137
2018-07-20,1093.8421230138556
2018-07-23,1093.0419609363512
2018-07-24,1096.3878784001745
2018-07-25,1106.3959927392075
2018-07-26,1111.417942648928
2018-07-27,1112.0856041463355
2018-07-30,1111.6939818987064
2018-07-31,1114.2132498957521
2018-08-01,1119.302683923248
2018-08-02,1124.6274115579597
2018-08-03,1126.7775039472076
2018-08-06,1140.4512231542515
2018-08-07,1133.3997204487716
2018-08-08,1136.9411302214298
2018-08-09,1124.529214795732
2018-08-10,1138.299963981947
2018-08-13,1120.19207682041
2018-08-14,1132.6756667810273
2018-08-15,1145.567288833967
2018-08-16,1135.8775039111392
2018-08-17,1134.1352078011869
2018-08-20,1129.583829211769
2018-08-21,1121.1014087562767
2018-08-22,1113.4170045664137
2018-08-23,1115.6775056124018
2018-08-24,1110.640045363453
2018-08-27,1110.7496053742318
2018-08-28,1112.4964642894975
2018-08-29,1117.8312406483421
2018-08-30,1126.3524380351994
2018-08-31,1128.530601323192
2018-09-03,1122.896751204808
2018-09-04,1139.387938324314
2018-09-05,1116.7386415843096
2018-09-06,1115.9993682738993
2018-09-07,1120.623874656007
2018-09-10,1134.876376053311
2018-09-11,1133.435912706182
2018-09-12,1114.6878317813414
2018-09-13,1109.9615439169208
2018-09-14,1110.7982738442854
2018-09-17,1092.240485700816
2018-09-18,1091.1627559408248
2018-09-19,1092.3987276162968
2018-09-20,1085.8259364089458
2018-09-21,1084.9802132302027
2018-09-24,1083.835439454938
2018-09-25,1086.2791429100644
2018-09-26,1098.042542206615
2018-09-27,1112.592317140215
2018-09-28,1118.5312515924486
2018-10-01,1128.6236968747855
2018-10-02,1128.4317454191273
2018-10-03,1128.7888715235101
2018-10-04,1127.8389156310177
2018-10-05,1128.8677422340431
2018-10-08,1127.4027401144162
2018-10-09,1131.7231074075366
2018-10-10,1128.6198965742103
2018-10-11,1109.0334471525543
2018-10-12,1108.8895600989083
2018-10-15,1091.3962533886997
2018-10-16,1094.961530895666
2018-10-17,1109.8450176859344
2018-10-18,1121.8279413110536
2018-10-19,1121.2271734400917
2018-10-22,1110.924970168531
2018-10-23,1114.9500655180016
2018-10-24,1113.928707009461
2018-10-25,1111.2838179052123
2018-10-26,1112.1634234072703
2018-10-29,1107.8463747540357
2018-10-30,1113.411651560219
2018-10-31,1131.3130652442517
2018-11-01,1129.5906591054318
2018-11-02,1131.4272304631197
2018-11-05,1136.6440023455843
2018-11-06,1139.7453469064208
2018-11-07,1138.6762572183943
2018-11-08,1150.632935478334
2018-11-09,1158.0312007084324
2018-11-12,1141.7757019001358
2018-11-13,1135.6573766307347
2018-11-14,1139.2023371655953
2018-11-15,1145.1088578365827
2018-11-16,1137.5213622232022
2018-11-19,1137.5158396395345
2018-11-20,1123.0730938296317
2018-11-21,1123.7029090153255
2018-11-22,1124.3203640961626
2018-11-23,1130.5643858643273
2018-11-26,1122.63945315627
2018-11-27,1123.588555775243
2018-11-28,1106.325567750123
2018-11-29,1072.404786922537
2018-11-30,1078.4371533271278
2018-12-03,1076.0612177613048
2018-12-04,1093.0684126271312
2018-12-05,1074.7924251234567
2018-12-06,1056.9111799107995
2018-12-07,1056.0937569651387
2018-12-10,1022.3569365965631
2018-12-11,1041.6495478713514
2018-12-12,1055.6355940538663
2018-12-13,1069.1094353614483
2018-12-14,1073.8410549027687
2018-12-17,1059.0770158403507
2018-12-18,1040.6490300374978
2018-12-19,1042.6303886040303
2018-12-20,1035.1436771727772
2018-12-21,1035.4267919993858
2018-12-24,1020.8542242530582
2018-12-25,1011.013923620839
2018-12-26,1012.5404055618945
2018-12-27,1019.3276351156819
2018-12-28,1016.4749975430989
2018-12-31,1032.4771240475736
2019-01-01,1032.4771240475736
2019-01-02,1032.3015753019408
2019-01-03,1034.0384140982392
2019-01-04,1032.4523961091318
2019-01-07,1028.2791798475685
2019-01-08,1023.6572494612185
2019-01-09,1023.0129219812512
2019-01-10,1024.9451259657203
2019-01-11,1028.8743427413679
2019-01-14,1024.4968371828836
2019-01-15,1014.3467336919933
2019-01-16,1019.4324062745471
2019-01-17,1026.4571995333024
2019-01-18,1027.6311707288276
2019-01-21,1017.8923361423922
2019-01-22,1019.8018400751523
2019-01-23,1025.7570595214424
2019-01-24,1029.3558355140383
2019-01-25,1025.4068216260657
2019-01-28,1044.0194531856725
2019-01-29,1045.7251572270513
2019-01-30,1037.281921587715
2019-01-31,1042.0231885789065
2019-02-01,1042.5712245535644
2019-02-04,1034.7553566385266
2019-02-05,1038.3167298719602
2019-02-06,1041.554787150193
2019-02-07,1029.7322718366786
2019-02-08,1032.2634623683591
2019-02-11,1015.4079863157486
2019-02-12,1005.1682108970954
2019-02-13,1008.7448880500591
2019-02-14,1036.47141770374
2019-02-15,1037.529651938533
2019-02-18,1044.4545220126074
2019-02-19,1050.420620059839
2019-02-20,1073.50024022842
2019-02-21,1080.1367081594794
2019-02-22,1080.9576002172716
2019-02-25,1092.9544906941626
2019-02-26,1108.2298915289648
2019-02-27,1108.3130577624308
2019-02-28,1096.3672478160136
2019-03-01,1096.2892615054388
2019-03-04,1104.7493192497577
2019-03-05,1101.1207611508994
2019-03-06,1098.1424144465675
2019-03-07,1090.4616430735236
2019-03-08,1090.1704521055924
2019-03-11,1089.4933413052254
2019-03-12,1086.2017210848217
2019-03-13,1073.6643531403429
2019-03-14,1095.0321296675936
2019-03-15,1092.9534442722334
2019-03-18,1108.794474019324
2019-03-19,1112.6009741134508
2019-03-20,1112.0164906949922
2019-03-21,1107.663321189932
2019-03-22,1115.2715731966873
2019-03-25,1114.3414340528002
2019-03-26,1111.402685295542
2019-03-27,1108.176111759241
2019-03-28,1125.2709904885128
2019-03-29,1125.9377185573414
2019-04-01,1140.571693188681
2019-04-02,1152.5751121071414
2019-04-03,1144.0098677173082
2019-04-04,1142.763111924962
2019-04-05,1142.1012603498468
2019-04-08,1146.8958898752708
2019-04-09,1145.163115433983
2019-04-10,1148.211268305267
2019-04-11,1144.7249115611642
2019-04-12,1140.6076769372635
2019-04-15,1155.4788053762124
2019-04-16,1149.3259057245461
2019-04-17,1158.2327545271319
2019-04-18,1169.1979057438928
2019-04-19,1169.1979057438928
2019-04-22,1181.7300262828396
2019-04-23,1185.097653961213
2019-04-24,1180.5500453941831
2019-04-25,1183.6740684125261
2019-04-26,1181.7123241558065
2019-04-29,1160.4284042518088
2019-04-30,1153.4493510605487
2019-05-01,1151.2009512367388
2019-05-02,1164.7390185819806
2019-05-03,1164.3067264789865
2019-05-06,1140.2403380683004
2019-05-07,1141.682484586713
2019-05-08,1131.2823396382155
2019-05-09,1109.0493407502488
2019-05-10,1107.6040593641612
2019-05-13,1059.17902030217
2019-05-14,1074.4931422934014
2019-05-15,1057.01782839209
2019-05-16,1050.0473661859194
2019-05-17,1051.8965274953314
2019-05-20,1040.7701036700144
2019-05-21,1053.4152615714465
2019-05-22,1062.367222498508
2019-05-23,1069.6379636990741
2019-05-24,1064.584064638648
2019-05-27,1057.977115922683
2019-05-28,1073.0467062700523
2019-05-29,1083.4669711491072
2019-05-30,1107.6081077799638
2019-05-31,1105.9334471858722
2019-06-03,1100.2370126698825
2019-06-04,1097.1068825081247
2019-06-05,1094.281798189821
2019-06-06,1092.323255553734
2019-06-07,1086.9946294345107
2019-06-10,1088.4676116804906
2019-06-11,1083.8303791622225
2019-06-12,1082.4409726523297
2019-06-13,1072.4991675903875
2019-06-14,1077.0522437290806
2019-06-17,1062.95746729296
2019-06-18,1072.5511528057887
2019-06-19,1084.6232971152006
2019-06-20,1098.8378752540889
2019-06-21,1095.9744224631347
2019-06-24,1078.8578998280689
2019-06-25,1073.9675383537674
2019-06-26,1068.7680130010704
2019-06-27,1074.5543418988038
2019-06-28,1072.714351587333
2019-07-01,1083.2152924245397
2019-07-02,1087.6237407460324
2019-07-03,1085.8615097913826
2019-07-04,1088.4820079602705
2019-07-05,1094.2678706633076
2019-07-08,1102.2217260231646
2019-07-09,1106.740072973557
2019-07-10,1113.212919894731
2019-07-11,1114.516434324695
2019-07-12,1114.5659573833184
2019-07-15,1119.885193256907
2019-07-16,1129.627162395977
2019-07-17,1127.4424889210918
2019-07-18,1156.2606799967427
2019-07-19,1155.9000569010386
2019-07-22,1170.402561264112
2019-07-23,1199.6879812122063
2019-07-24,1207.0759429190186
2019-07-25,1214.3347729213856
2019-07-26,1217.8272200281563
2019-07-29,1217.3765988527198
2019-07-30,1217.430732581215
2019-07-31,1215.4084150587755
2019-08-01,1213.0431286816743
2019-08-02,1208.3724110110122
2019-08-05,1152.4207582801614
2019-08-06,1153.1619629473844
2019-08-07,1162.8724134249817
2019-08-08,1160.159107922814
2019-08-09,1160.1029111472599
2019-08-12,1158.2460191005862
2019-08-13,1161.4553171513655
2019-08-14,1155.7435176376464
2019-08-15,1150.5730300865737
2019-08-16,1151.0344882784566
2019-08-19,1147.23600659082
2019-08-20,1158.0086719386125
2019-08-21,1149.6281832543682
2019-08-22,1143.855400055141
2019-08-23,1141.0343352788036
2019-08-26,1123.5909083949853
2019-08-27,1153.7084202936346
2019-08-28,1157.9324545653924
2019-08-29,1169.168424014092
2019-08-30,1174.9014632782703
2019-09-02,1199.5901267722095
2019-09-03,1181.1558092465216
2019-09-04,1175.9887301818346
2019-09-05,1167.0131313175714
2019-09-06,1166.6064677180455
2019-09-09,1156.3331464660753
2019-09-10,1166.4433561275491
2019-09-11,1171.0787760384549
2019-09-12,1163.3238676648102
2019-09-13,1157.7087623851216
2019-09-16,1176.7721426991611
2019-09-17,1163.647669153794
2019-09-18,1154.1423459501689
2019-09-19,1147.1134477082373
2019-09-20,1151.801283620408
2019-09-23,1145.2824771576418
2019-09-24,1142.6782975206381
2019-09-25,1147.9987762679589
2019-09-26,1142.2065625479067
2019-09-27,1141.5805530137402
2019-09-30,1141.5750495090601
2019-10-01,1134.2751756132982
2019-10-02,1115.5870370940677
2019-10-03,1117.6464693690668
2019-10-04,1118.155439025868
2019-10-07,1131.0927475968695
2019-10-08,1132.421539546322
2019-10-09,1128.4758630683561
2019-10-10,1126.4194315630186
2019-10-11,1124.122907712877
2019-10-14,1131.394335208382
2019-10-15,1126.451996210034
2019-10-16,1127.5008295236507
2019-10-17,1118.6526147497066
2019-10-18,1116.2926940668558
2019-10-21,1115.9828207569765
2019-10-22,1126.17529728667
2019-10-23,1130.4827731578716
2019-10-24,1132.5769101553099
2019-10-25,1133.9554863240144
2019-10-28,1133.9709025044167
2019-10-29,1118.8097203763757
2019-10-30,1133.8163209197253
2019-10-31,1122.7109269283524
2019-11-01,1121.373690031516
2019-11-04,1118.053648270759
2019-11-05,1131.676996820765
2019-11-06,1126.156722299365
2019-11-07,1129.7609535982772
2019-11-08,1132.1699348531142
2019-11-11,1121.2542085003058
2019-11-12,1125.131410641045
2019-11-13,1118.5131797797687
2019-11-14,1128.4932392115336
2019-11-15,1123.336805210432
2019-11-18,1101.788692990505
2019-11-19,1111.4181985669554
2019-11-20,1112.6789458173446
2019-11-21,1099.0040574131654
2019-11-22,1103.3124103207115
2019-11-25,1124.6914127261603
2019-11-26,1116.770555339791
2019-11-27,1116.8049674103843
2019-11-28,1106.9829181747193
2019-11-29,1105.0251667776208
2019-12-02,1100.384510172955
2019-12-03,1099.2924156530016
2019-12-04,1103.5211106683016
2019-12-05,1101.0536780903203
2019-12-06,1105.3885350906758
2019-12-09,1095.5593112305396
2019-12-10,1096.0393950610123
2019-12-11,1102.0185379188335
2019-12-12,1098.3632042273669
2019-12-13,1096.4892850534509
2019-12-16,1096.3144097821262
2019-12-17,1106.527957996034
2019-12-18,1118.9640803021407
2019-12-19,1120.4890287767228
2019-12-20,1123.6730977353577
2019-12-23,1121.6204754355474
2019-12-24,1118.5851146252467
2019-12-25,1120.0497820637568
2019-12-26,1108.9737379413248
2019-12-27,1102.5660692055715
2019-12-30,1107.6872979231541
2019-12-31,1102.597490963465
2020-01-01,1102.5974909634651
2020-01-02,1108.6264889080492
2020-01-03,1112.2313819018204
2020-01-06,1080.8733619164657
2020-01-07,1100.3202483104005
2020-01-08,1095.7174447687307
2020-01-09,1113.3995812639519
2020-01-10,1112.2975526146602
2020-01-13,1117.9073004493944
2020-01-14,1133.4277578733256
2020-01-15,1135.5084083948022
2020-01-16,1137.723963252176
2020-01-17,1142.4922520571538
2020-01-20,1146.1095698338734
2020-01-21,1140.9968220267804
2020-01-22,1145.2781899933866
2020-01-23,1146.6895627427687
2020-01-24,1148.821729276667
2020-01-27,1126.6573954089135
2020-01-28,1129.5456481349377
2020-01-29,1129.9917448085741
2020-01-30,1120.511228808319
2020-01-31,1115.8045814937425
2020-02-03,1104.6691647127968
2020-02-04,1111.5366563215302
2020-02-05,1118.4728019902377
2020-02-06,1120.4622400498972
2020-02-07,1121.8418679448876
2020-02-10,1131.3732041038068
2020-02-11,1124.55335436153
2020-02-12,1121.2811998415436
2020-02-13,1120.2560868732908
2020-02-14,1120.5659636203857
2020-02-17,1130.1878114809474
2020-02-18,1130.493647943942
2020-02-19,1134.823779828856
2020-02-20,1125.152087585648
2020-02-21,1120.1235328263497
2020-02-24,1103.6985960191676
2020-02-25,1098.9713866808704
2020-02-26,1077.3837279241006
2020-02-27,1055.7369650378705
2020-02-28,1055.9530020311313
2020-03-02,1005.1883423336042
2020-03-03,1008.2660086970621
2020-03-04,994.3658184427936
2020-03-05,986.555457777156
2020-03-06,975.9576514803588
2020-03-09,817.1915755629595
2020-03-10,884.0637174982971
2020-03-11,872.8094544889939
2020-03-12,811.3565876972389
2020-03-13,812.2728364411378
2020-03-16,725.0069807255314
2020-03-17,693.9899803461997
2020-03-18,731.4037582049559
2020-03-19,807.5410389178378
2020-03-20,808.4853988192758
2020-03-23,741.8466507072965
2020-03-24,782.3885999724467
2020-03-25,853.4250007146686
2020-03-26,826.872440671784
2020-03-27,824.3300584161462
2020-03-30,797.1443546459298
2020-03-31,793.5757110838941
2020-04-01,781.7927820038269
2020-04-02,784.7958686427079
2020-04-03,789.5090860409999
2020-04-06,768.0331515026478
2020-04-07,800.1604142338857
2020-04-08,789.1048179604662
2020-04-09,823.2857428278845
2020-04-10,823.2857428278846
2020-04-13,850.6905306887234
2020-04-14,858.6428516800703
2020-04-15,846.5657858330868
2020-04-16,822.2354460639814
2020-04-17,819.2527754680106
2020-04-20,820.0135012864345
2020-04-21,799.7006892500855
2020-04-22,829.0210822753432
2020-04-23,851.1178530428678
2020-04-24,852.3263503487775
2020-04-27,885.2855125914105
2020-04-28,893.6501729088881
2020-04-29,893.0172785592845
2020-04-30,889.5362268821306
2020-05-01,885.0395301107648
2020-05-04,841.9326120332196
2020-05-05,854.717807060676
2020-05-06,840.9207031165407
2020-05-07,843.9566556448982
2020-05-08,836.5824655058993
2020-05-11,840.5768276887312
2020-05-12,843.5919837666255
2020-05-13,840.9096883097467
2020-05-14,843.6534663734374
2020-05-15,843.2635539704363
2020-05-18,844.313420722859
2020-05-19,847.2164657972208
2020-05-20,853.3037802063292
2020-05-21,855.6341675336055
2020-05-22,859.6410857232399
2020-05-25,859.4043460842652
2020-05-26,852.2846960780137
2020-05-27,865.7652987950457
2020-05-28,853.4901710785861
2020-05-29,848.2726287912355
2020-06-01,855.0918430495293
2020-06-02,870.5715789136127
2020-06-03,874.8047674634454
2020-06-04,872.939438623749
2020-06-05,875.2927910679991
2020-06-08,912.8831094452206
2020-06-09,892.3786257463879
2020-06-10,893.8306032324859
2020-06-11,885.4386026897924
2020-06-12,896.0278075145628
2020-06-15,874.4994366350684
2020-06-16,890.756603177175
2020-06-17,902.5331909571894
2020-06-18,897.1792409262038
2020-06-19,900.0672860528049
2020-06-22,899.5201606403192
2020-06-23,893.3979638072902
2020-06-24,895.4394833891323
2020-06-25,892.2328076665635
2020-06-26,893.1487760015185
2020-06-29,887.6682684532148
2020-06-30,884.6213750708156
2020-07-01,882.0759167669354
2020-07-02,888.5750776307302
2020-07-03,887.4685576319017
2020-07-06,888.29613910135
2020-07-07,896.0253673726543
2020-07-08,881.3646559321352
2020-07-09,883.6200457633023
2020-07-10,881.6683294454084
2020-07-13,875.35757124037
2020-07-14,865.8428292102072
2020-07-15,850.6860750957931
2020-07-16,859.5752956625909
2020-07-17,860.2902287136146
2020-07-20,855.8494794110832
2020-07-21,854.6390263512552
2020-07-22,843.1041892552208
2020-07-23,840.6869756324809
2020-07-24,838.5535276750495
2020-07-27,835.7533249779776
2020-07-28,839.6465147407326
2020-07-29,832.1950609772234
2020-07-30,830.7839031308079
2020-07-31,828.6410778415487
2020-08-03,836.0952691441628
2020-08-04,839.3483613529062
2020-08-05,826.7537821618843
2020-08-06,843.227281494228
2020-08-07,847.1256474306434
2020-08-10,842.850616233547
2020-08-11,845.7607578293904
2020-08-12,841.2478662682138
2020-08-13,850.4834211604056
2020-08-14,851.0945555825768
2020-08-17,857.9856473535008
2020-08-18,864.4198035428889
2020-08-19,879.994587651107
2020-08-20,896.6349057484491
2020-08-21,901.354237142515
2020-08-24,905.7048062086034
2020-08-25,911.2324150216318
2020-08-26,898.6726095890215
2020-08-27,897.4447850386027
2020-08-28,889.2985388809151
2020-08-31,878.6932331098652
2020-09-01,880.4796409806022
2020-09-02,895.6643334878132
2020-09-03,904.2452467370058
2020-09-04,907.3111344140121
2020-09-07,891.7574651318265
2020-09-08,898.0703622923868
2020-09-09,895.5862507487791
2020-09-10,890.6070799539143
2020-09-11,893.5197193821976
2020-09-14,890.7774515609809
2020-09-15,892.0461176950519
2020-09-16,896.3039674410524
2020-09-17,901.0534238079287
2020-09-18,897.0647809116458
2020-09-21,892.3005788154752
2020-09-22,897.5749175384316
2020-09-23,900.5046310949155
2020-09-24,894.028131749813
2020-09-25,895.6824569785437
2020-09-28,897.1898408423881
2020-09-29,889.1815578025847
2020-09-30,892.9829525398171
2020-10-01,890.5441296488368
2020-10-02,892.1405637025842
2020-10-05,875.2201183418791
2020-10-06,872.5582594441056
2020-10-07,873.6362814865313
2020-10-08,879.9280983287065
2020-10-09,875.0125069376454
2020-10-12,882.2310330835854
2020-10-13,890.4057687344398
2020-10-14,891.7009386796587
2020-10-15,890.2511487422619
2020-10-16,888.6939688319192
2020-10-19,889.9655514437734
2020-10-20,879.1434552495489
2020-10-21,875.6966278541651
2020-10-22,882.0874028783235
2020-10-23,881.4911712680808
2020-10-26,905.0081454011222
2020-10-27,931.0653602670601
2020-10-28,927.5441732425109
2020-10-29,935.0234056924182
2020-10-30,935.7458343872058
2020-11-02,924.0689751280928
2020-11-03,912.2262878951428
2020-11-04,918.3322634608973
2020-11-05,912.9724078455695
2020-11-06,909.2819218818163
2020-11-09,934.2288193366882
2020-11-10,947.8340082650875
2020-11-11,963.3444838207608
2020-11-12,960.4378027308798
2020-11-13,959.6658772549116
2020-11-16,978.6351755222705
2020-11-17,983.7874403913556
2020-11-18,986.0071221052847
2020-11-19,982.7405567943656
2020-11-20,981.5799048798119
2020-11-23,1000.646964188453
2020-11-24,1001.6792653493613
2020-11-25,1010.34652578833
2020-11-26,1008.7101529530629
2020-11-27,1004.7845537471109
2020-11-30,995.9526073241703
2020-12-01,990.1171900113628
2020-12-02,986.3872403387751
2020-12-03,979.7356158562275
2020-12-04,981.2284387276469
2020-12-07,1017.0844735415692
2020-12-08,1033.7512826041482
2020-12-09,1037.290185388688
2020-12-10,1039.6107533112522
2020-12-11,1041.4997837942462
2020-12-14,1051.557040648637
2020-12-15,1041.1028917140134
2020-12-16,1041.9327521442513
2020-12-17,1032.3739352466664
2020-12-18,1033.259948268865
2020-12-21,1009.7965878541831
2020-12-22,1022.9648183018667
2020-12-23,1032.8664047759385
2020-12-24,1033.9426359763936
2020-12-25,1033.9426359763938
2020-12-28,1026.5733533024206
2020-12-29,1024.7872468427151
2020-12-30,1019.3800986943944
2020-12-31,1012.6336667917036
2021-01-01,1012.633666791704
2021-01-04,1035.0641567926439
2021-01-05,1045.839973229943
2021-01-06,1043.991389112306
2021-01-07,1057.4765756022196
2021-01-08,1057.7785638540643
2021-01-11,1094.6350627862944
2021-01-12,1096.5973630778653
2021-01-13,1104.8541793505995
2021-01-14,1098.654347201736
2021-01-15,1102.5156504687259
2021-01-18,1152.465281814344
2021-01-19,1149.8751905995096
2021-01-20,1171.3312178860456
2021-01-21,1146.5273994479435
2021-01-22,1144.4396414650575
2021-01-25,1142.6819560897427
2021-01-26,1123.2936627828535
2021-01-27,1150.6836107119595
2021-01-28,1138.4751796805042
2021-01-29,1135.9918812805092
2021-02-01,1143.9861738217205
2021-02-02,1169.293562077375
2021-02-03,1168.0679128967613
2021-02-04,1160.261118924898
2021-02-05,1155.726399155286
2021-02-08,1145.1711787015934
2021-02-09,1140.9707680160484
2021-02-10,1140.7794721575847
2021-02-11,1137.7609193953988
2021-02-12,1139.0283842146287
2021-02-15,1134.2438981184514
2021-02-16,1131.7303117774732
2021-02-17,1131.5578839063744
2021-02-18,1125.994950951328
2021-02-19,1120.9810375884708
2021-02-22,1120.113135894462
2021-02-23,1116.8289327216005
2021-02-24,1106.6548284028265
2021-02-25,1096.0752891095856
2021-02-26,1103.796110082135
2021-03-01,1116.2348876552262
2021-03-02,1131.9170058256393
2021-03-03,1128.5966251117804
2021-03-04,1129.2914676387863
2021-03-05,1141.808595334506
2021-03-08,1136.086887434515
2021-03-09,1133.6820710577845
2021-03-10,1134.673674962275
2021-03-11,1135.7666368095342
2021-03-12,1137.90725913557
2021-03-15,1166.1693070895828
2021-03-16,1170.8489912931368
2021-03-17,1165.0312172945567
2021-03-18,1160.8505747923653
2021-03-19,1162.361400931941
2021-03-22,1152.877814732898
2021-03-23,1155.0905250023097
2021-03-24,1154.4520768201742
2021-03-25,1161.4353223886858
2021-03-26,1159.2712667538774
2021-03-29,1165.9620126429393
2021-03-30,1180.6686124956911
2021-03-31,1173.452735199716
2021-04-01,1182.5237971925096
2021-04-02,1182.5237971925096
2021-04-05,1181.9333016725602
2021-04-06,1174.7188933984673
2021-04-07,1156.5019283869335
2021-04-08,1164.920459476213
2021-04-09,1165.6725550763565
2021-04-12,1170.0683610440678
2021-04-13,1153.2367297279623
2021-04-14,1153.1626794080173
2021-04-15,1177.6343140980473
2021-04-16,1176.7004248719584
2021-04-19,1169.8566044704812
2021-04-20,1171.9095953784845
2021-04-21,1157.293654461961
2021-04-22,1170.3591722557055
2021-04-23,1167.7366818908847
2021-04-26,1170.6914808976796
2021-04-27,1164.0273472674462
2021-04-28,1153.4945275549935
2021-04-29,1140.344985665522
2021-04-30,1147.3549149676696
2021-05-03,1162.7211082046251
2021-05-04,1170.828019875641
2021-05-05,1175.5845339470231
2021-05-06,1171.6180617266734
2021-05-07,1163.6091423457385
2021-05-10,1170.0809419369502
2021-05-11,1169.9366240968068
2021-05-12,1178.2199614071974
2021-05-13,1178.4151278742186
2021-05-14,1172.6364407593285
2021-05-17,1226.325425865639
2021-05-18,1229.9094104977216
2021-05-19,1236.4670487571987
2021-05-20,1241.6793400634097
2021-05-21,1244.4299116826996
2021-05-24,1270.6757508462651
2021-05-25,1271.0886363306636
2021-05-26,1263.209643857386
2021-05-27,1266.3564691790416
2021-05-28,1268.4356161957128
2021-05-31,1261.3056601650967
2021-06-01,1275.4840803835566
2021-06-02,1283.9836657687924
2021-06-03,1287.7178549149044
2021-06-04,1284.9123693922143
2021-06-07,1287.2158819336
2021-06-08,1291.4671663169652
2021-06-09,1296.4287258453364
2021-06-10,1299.0309374386477
2021-06-11,1305.627725568987
2021-06-14,1305.6417149911435
2021-06-15,1306.4295797000736
2021-06-16,1294.8533043774898
2021-06-17,1298.4342749115838
2021-06-18,1307.8527421553756
2021-06-21,1292.05842842525
2021-06-22,1302.6314197750712
2021-06-23,1298.461285828165
2021-06-24,1281.4048801069653
2021-06-25,1278.777951853043
2021-06-28,1286.9424071124508
2021-06-29,1292.397945282596
2021-06-30,1310.2891820314906
2021-07-01,1313.4418752568167
2021-07-02,1316.2144875072113
2021-07-05,1309.6779208090752
2021-07-06,1305.9690964225622
2021-07-07,1303.3158772584966
2021-07-08,1288.8120591221266
2021-07-09,1287.72578320732
2021-07-12,1286.5186522989927
2021-07-13,1294.9763911506425
2021-07-14,1293.3964014079022
2021-07-15,1286.9867040715214
2021-07-16,1288.0220477660491
2021-07-19,1288.644238020965
2021-07-20,1293.3551160005525
2021-07-21,1290.5025704675313
2021-07-22,1290.0648337465752
2021-07-23,1293.4650811509152
2021-07-26,1290.0688038849876
2021-07-27,1286.8976799755312
2021-07-28,1291.0204361541198
2021-07-29,1304.3355426995486
2021-07-30,1307.2504433473423
2021-08-02,1317.7906369242774
2021-08-03,1331.0355909759478
2021-08-04,1326.7043554284007
2021-08-05,1327.59596476018
2021-08-06,1336.3851245721764
2021-08-09,1352.8918189115152
2021-08-10,1351.4698251882328
2021-08-11,1342.0623334726686
2021-08-12,1343.1310182149277
2021-08-13,1335.8988618800981
2021-08-16,1345.9129082401912
2021-08-17,1369.2287088283404
2021-08-18,1373.1005291706633
2021-08-19,1361.9698768685366
2021-08-20,1362.319712874411
2021-08-23,1371.724485490066
2021-08-24,1373.1784852248627
2021-08-25,1371.1503353293515
2021-08-26,1368.1451549518406
2021-08-27,1364.4885647277629
2021-08-30,1366.3289644653266
2021-08-31,1368.614403316177
2021-09-01,1361.9450695658304
2021-09-02,1364.7431384603067
2021-09-03,1363.1924245162604
2021-09-06,1375.9611913128565
2021-09-07,1378.9623434462908
2021-09-08,1389.8078872462472
2021-09-09,1428.2259828238891
2021-09-10,1426.1743674866966
2021-09-13,1409.8190643015198
2021-09-14,1406.6202113506315
2021-09-15,1421.9231960392679
2021-09-16,1448.2842658390039
2021-09-17,1451.5542269061193
2021-09-20,1415.573423140786
2021-09-21,1411.7390768473592
2021-09-22,1419.2472991617442
2021-09-23,1423.3356266572391
2021-09-24,1427.7100734544954
2021-09-27,1413.9672663233048
2021-09-28,1424.9582995810458
2021-09-29,1421.569462560574
2021-09-30,1411.760593986522
2021-10-01,1410.908412366386
2021-10-04,1403.7702578586698
2021-10-05,1400.652942139743
2021-10-06,1394.007449374633
2021-10-07,1410.188093682007
2021-10-08,1408.5432397624713
2021-10-11,1413.3029390865026
2021-10-12,1418.1397894772663
2021-10-13,1420.6415974303816
2021-10-14,1423.1832899409467
2021-10-15,1421.2212088036363
2021-10-18,1443.7179915053912
2021-10-19,1433.9590015121291
2021-10-20,1429.9784562906514
2021-10-21,1430.1626369264436
2021-10-22,1430.1012381097632
2021-10-25,1450.4606515236903
2021-10-26,1448.0044051585148
2021-10-27,1431.8239207737108
2021-10-28,1421.3499390161683
2021-10-29,1434.1233582132027
2021-11-01,1455.1991760603182
2021-11-02,1486.5815448248745
2021-11-03,1495.8432123931568
2021-11-04,1502.7897477131078
2021-11-05,1501.6191987729183
2021-11-08,1525.7390288619702
2021-11-09,1530.5598652334136
2021-11-10,1533.9677793046328
2021-11-11,1554.490387439666
2021-11-12,1558.089845281175
2021-11-15,1572.779980497943
2021-11-16,1613.7105667920162
2021-11-17,1616.7854449726808
2021-11-18,1610.9299539003052
2021-11-19,1615.3424856936265
2021-11-22,1584.4179612378152
2021-11-23,1573.9313081822227
2021-11-24,1583.037784603018
2021-11-25,1596.9918766991495
2021-11-26,1582.1023320045488
2021-11-29,1566.0298278121948
2021-11-30,1574.6031512327993
2021-12-01,1563.7668140353267
2021-12-02,1566.0466596223896
2021-12-03,1571.2529317620913
2021-12-06,1638.5379756834104
2021-12-07,1651.1832943098022
2021-12-08,1647.1969705259378
2021-12-09,1639.208734245857
2021-12-10,1636.4536397303393
2021-12-13,1641.664051139897
2021-12-14,1634.8419612326443
2021-12-15,1630.3731191034033
2021-12-16,1614.8029956314174
2021-12-17,1619.4137551612914
2021-12-20,1573.6410846369236
2021-12-21,1577.090722473375
2021-12-22,1572.1192799093608
2021-12-23,1580.811414800402
2021-12-24,1577.9509121961644
2021-12-27,1575.7233781528334
2021-12-28,1575.582003731503
2021-12-29,1570.6898112128563
2021-12-30,1574.9605247279765
2021-12-31,1569.2822463676312
2022-01-03,1582.3166182918856
2022-01-04,1579.795261965673
2022-01-05,1576.568907220775
2022-01-06,1578.8195864452728
2022-01-07,1569.6726414981417
2022-01-10,1581.549431017195
2022-01-11,1586.9612319996336
2022-01-12,1579.7955715110324
2022-01-13,1590.7741296409306
2022-01-14,1593.3727637247669
2022-01-17,1599.129719561667
2022-01-18,1623.5070378490843
2022-01-19,1653.3964478265473
2022-01-20,1650.5622067006232
2022-01-21,1640.8916209398496
2022-01-24,1640.567660052462
2022-01-25,1648.8503140955786
2022-01-26,1656.5904122356324
2022-01-27,1675.5712001561053
2022-01-28,1680.00866717371
2022-01-31,1651.197830776807
2022-02-01,1636.565033682648
2022-02-02,1632.8274528805107
2022-02-03,1610.6071068199865
2022-02-04,1609.2102617093394
2022-02-07,1601.6937003943058
2022-02-08,1617.0100996478473
2022-02-09,1643.8047656889664
2022-02-10,1648.5766844176715
2022-02-11,1676.742918226831
2022-02-14,1693.3586654011622
2022-02-15,1702.938968205917
2022-02-16,1722.8614050293909
2022-02-17,1716.3057908623475
2022-02-18,1709.2163897076016
2022-02-21,1681.6401609429279
2022-02-22,1692.5549216617064
2022-02-23,1695.7042281538545
2022-02-24,1714.7251528987315
2022-02-25,1715.3921012105475
2022-02-28,1746.424763482131
2022-03-01,1830.2282623096257
2022-03-02,1888.8474305974155
2022-03-03,1897.9607552517007
2022-03-04,1906.5319355655824
2022-03-07,1898.9309548334343
2022-03-08,1917.1684045977258
2022-03-09,1859.307276231848
2022-03-10,1894.877374196523
2022-03-11,1909.9387614779628
2022-03-14,1884.6109055769482
2022-03-15,1867.3201131985008
2022-03-16,1885.520175604977
2022-03-17,1874.8408382871032
2022-03-18,1872.2779299210729
2022-03-21,1870.0859272534847
2022-03-22,1900.4502333371277
2022-03-23,1931.9467808118425
2022-03-24,1937.0593643628267
2022-03-25,1963.3553777233917
2022-03-28,2006.0329392637127
2022-03-29,2012.3255958019768
2022-03-30,1979.291841811376
2022-03-31,1991.0254224729472
2022-04-01,1999.0652283430363
2022-04-04,2018.4508313175716
2022-04-05,2028.2375317048577
2022-04-06,2034.4564476297119
2022-04-07,2043.7988177233597
2022-04-08,2060.091816484222
2022-04-11,2068.9230549291665
2022-04-12,2054.7634613708724
2022-04-13,2052.317518042973
2022-04-14,2034.7913045469654
2022-04-15,2020.0518008983433
2022-04-18,2014.9089912601646
2022-04-19,2012.3413770571124
2022-04-20,2037.5369349990817
2022-04-21,2050.2233315135795
2022-04-22,2071.1491711747267
2022-04-25,2058.578115858213
2022-04-26,2074.7534980325213
2022-04-27,2111.0978525023274
2022-04-28,2127.954034672654
2022-04-29,2111.724432069777
2022-05-02,2116.9417870594484
2022-05-03,2113.9286327390146
2022-05-04,2111.924623986359
2022-05-05,2113.3689032772127
2022-05-06,2095.781807624708
2022-05-09,2068.6466015670044
2022-05-10,2042.7039734707705
2022-05-11,1987.6680804329471
2022-05-12,1849.0360735214356
2022-05-13,1912.374040375876
2022-05-16,1910.6278318614998
2022-05-17,1957.7060833119876
2022-05-18,1959.1338970016964
2022-05-19,1901.2388420164123
2022-05-20,1931.217759029794
2022-05-23,1853.8469865363647
2022-05-24,1788.0754301795737
2022-05-25,1812.2902540019195
2022-05-26,1801.3416898239363
2022-05-27,1858.3684724314085
2022-05-30,1912.3935720973418
2022-05-31,1967.4155503174213
2022-06-01,1961.5846589520943
2022-06-02,1940.8041455827988
2022-06-03,1938.0377468100357
2022-06-06,1928.158356332159
2022-06-07,1920.4108337406003
2022-06-08,1921.0505428319982
2022-06-09,1924.290365364381
2022-06-10,1940.477001337417
2022-06-13,1912.8933636691097
2022-06-14,1923.3433884805295
2022-06-15,1936.0851236280896
2022-06-16,1896.1766285209292
2022-06-17,1881.748197394261
2022-06-20,1842.1983935451524
2022-06-21,1866.9299813036173
2022-06-22,1822.0189338902294
2022-06-23,1814.027418311146
2022-06-24,1811.516421132941
2022-06-27,1807.8662534149996
2022-06-28,1854.08033797561
2022-06-29,1854.749262684189
2022-06-30,1855.2569356133583
2022-07-01,1856.659496412104
2022-07-04,1824.2377981718093
2022-07-05,1843.1594820230239
2022-07-06,1837.721417879257
2022-07-07,1842.5800512616997
2022-07-08,1841.9461464915207
2022-07-11,1858.3863858116213
2022-07-12,1884.2783138863138
2022-07-13,1856.8577539296948
2022-07-14,1910.6712439295477
2022-07-15,1897.812022880806
2022-07-18,1885.2787856464547
2022-07-19,1887.5269163459384
2022-07-20,1916.5318178211216
2022-07-21,1971.7324503214566
2022-07-22,1976.4652647051018
2022-07-25,1958.0686419615542
2022-07-26,1977.8652593026302
2022-07-27,1986.3846165758914
2022-07-28,1983.931460978809
2022-07-29,1986.5083222207356
2022-08-01,1982.110274939381
2022-08-02,1996.7708844712201
2022-08-03,2004.0262841298907
2022-08-04,1961.488655938788
2022-08-05,1979.5336538507281
2022-08-08,1990.0915962894196
2022-08-09,2015.0121692849716
2022-08-10,1996.4766668329833
2022-08-11,2023.9517653139287
2022-08-12,2048.8514601407596
2022-08-15,2057.0380351732815
2022-08-16,2068.5563156730022
2022-08-17,2097.4608219793613
2022-08-18,2057.6236257556493
2022-08-19,2071.2748600055847
2022-08-22,2073.5160447822686
2022-08-23,2065.097572447614
2022-08-24,2075.087883496836
2022-08-25,2094.188885121251
2022-08-26,2101.1077432997417
2022-08-29,2073.7629209579095
2022-08-30,2082.042293968337
2022-08-31,2034.1435979285502
2022-09-01,2019.8709742453977
2022-09-02,2003.9576276107111
2022-09-05,2002.117544370931
2022-09-06,2012.691343779486
2022-09-07,2002.6378532400804
2022-09-08,1995.554657402387
2022-09-09,1978.303762433531
2022-09-12,1991.063849084659
2022-09-13,2039.8405056587762
2022-09-14,2029.026835801829
2022-09-15,2047.717069710445
2022-09-16,2083.9436027633683
2022-09-19,2069.765685738253
2022-09-20,2067.4256357990907
2022-09-21,2077.0462229955087
2022-09-22,2067.951166633254
2022-09-23,2074.687269232093
2022-09-26,2033.5630431719514
2022-09-27,2042.4016510780464
2022-09-28,2061.1784148910697
2022-09-29,2039.2313450726488
2022-09-30,2018.1622027372805
2022-10-03,2012.3392663736252
2022-10-04,2023.602612551967
2022-10-05,2038.1026456645627
2022-10-06,2040.0016155876774
2022-10-07,2060.0639272205153
2022-10-10,2048.3596745183963
2022-10-11,2021.7470789885278
2022-10-12,2017.3577761140755
2022-10-13,2012.1197296540033
2022-10-14,2016.8024369767704
2022-10-17,2003.514543455916
2022-10-18,2025.7513574070842
2022-10-19,2043.9464220046555
2022-10-20,2041.220878008391
2022-10-21,2051.7544658842226
2022-10-24,2023.50350933847
2022-10-25,2009.3113720466538
2022-10-26,1978.7115027723717
2022-10-27,1999.5415642806292
2022-10-28,1995.5868483242855
2022-10-31,2040.132403610022
2022-11-01,2027.9893657841853
2022-11-02,2036.1327286032836
2022-11-03,2032.6669158814575
2022-11-04,2036.212461090348
2022-11-07,2051.3277411132967
2022-11-08,2036.803862365181
2022-11-09,2042.3157138363133
2022-11-10,2011.734352583837
2022-11-11,2000.5017910766303
2022-11-14,1991.0355247589432
2022-11-15,1958.0221208714352
2022-11-16,1936.8061415676357
2022-11-17,1925.319048612078
2022-11-18,1941.6874561303798
2022-11-21,1946.7312312015652
2022-11-22,1935.746348197612
2022-11-23,1931.329976443637
2022-11-24,1934.3467289681132
2022-11-25,1917.8766907897477
2022-11-28,1895.001775783572
2022-11-29,1902.1710725146188
2022-11-30,1956.7553411444158
2022-12-01,1921.2756501951392
2022-12-02,1923.6865775617966
2022-12-05,1893.1748478671195
2022-12-06,1880.5858424502956
2022-12-07,1869.0232731227077
2022-12-08,1844.1659520483795
2022-12-09,1851.0178709322222
2022-12-12,1836.5865128247744
2022-12-13,1787.5202801699315
2022-12-14,1801.1505172592065
2022-12-15,1810.1693075737867
2022-12-16,1848.9267823417526
2022-12-19,1863.8388387377258
2022-12-20,1854.075762705
2022-12-21,1855.574470272616
2022-12-22,1844.388713533844
2022-12-23,1840.4823173864495
2022-12-26,1835.4794244139684
2022-12-27,1837.5605535708496
2022-12-28,1845.1551016014464
2022-12-29,1832.7822481473054
2022-12-30,1818.9298575574885
2023-01-02,1826.5600511538632
2023-01-03,1852.2770959069983
2023-01-04,1845.842358705143
2023-01-05,1844.5249621081073
2023-01-06,1819.352287470473
2023-01-09,1788.9977066076312
2023-01-10,1788.1582159274708
2023-01-11,1751.8513704621498
2023-01-12,1740.4017674613215
2023-01-13,1752.5760704877944
2023-01-16,1767.4765005943939
2023-01-17,1768.44307160625
2023-01-18,1748.0405256618403
2023-01-19,1750.0162630390103
2023-01-20,1749.4351084943619
2023-01-23,1739.6018921729049
2023-01-24,1757.2761247946514
2023-01-25,1743.4423201090303
2023-01-26,1715.3145069609332
2023-01-27,1672.2110906328667
2023-01-30,1667.380455578364
2023-01-31,1661.8906014515985
2023-02-01,1674.751069825487
2023-02-02,1675.0882689742502
2023-02-03,1702.4893640857615
2023-02-06,1735.80299852663
2023-02-07,1744.3892722791252
2023-02-08,1750.7490270707958
2023-02-09,1751.4736516208804
2023-02-10,1770.6331440312126
2023-02-13,1760.9123098540838
2023-02-14,1763.4801620727867
2023-02-15,1762.9880502008295
2023-02-16,1748.4850664458445
2023-02-17,1752.0387546259315
2023-02-20,1745.3541915779497
2023-02-21,1735.1843478603205
2023-02-22,1735.0255208715014
2023-02-23,1719.7397827912412
2023-02-24,1732.0782185464698
2023-02-27,1725.998622030521
2023-02-28,1737.942197199313
2023-03-01,1726.8465313404558
2023-03-02,1729.6954808535622
2023-03-03,1736.4151747600602
2023-03-06,1744.2460403530138
2023-03-07,1742.6966635531014
2023-03-08,1753.0031835293266
2023-03-09,1744.3354269926665
2023-03-10,1725.492430672627
2023-03-13,1696.4424117545027
2023-03-14,1650.869418748779
2023-03-15,1685.5442423489997
2023-03-16,1674.4688603007123
2023-03-17,1686.5787704428228
2023-03-20,1683.7826754118335
2023-03-21,1693.0500342117082
2023-03-22,1709.8935067833652
2023-03-23,1680.1506788647157
2023-03-24,1683.8423647822615
2023-03-27,1660.193827179157
2023-03-28,1699.153883865881
2023-03-29,1715.0441854733301
2023-03-30,1713.2607301094224
2023-03-31,1699.050908535874
2023-04-03,1727.6559755226451
2023-04-04,1717.8061025298837
2023-04-05,1720.3304426282568
2023-04-06,1704.9088239993491
2023-04-07,1706.848473007772
2023-04-10,1724.5000730412032
2023-04-11,1724.3759555500487
2023-04-12,1745.6139763676665
2023-04-13,1733.7292821643546
2023-04-14,1752.6944960013568
2023-04-17,1785.5942481209117
2023-04-18,1772.2003635536842
2023-04-19,1765.8656995766844
2023-04-20,1762.7447465932817
2023-04-21,1763.4999061642116
2023-04-24,1766.8153437258657
2023-04-25,1768.0302062401058
2023-04-26,1767.7274832276833
2023-04-27,1799.344507759632
2023-04-28,1814.00207350845
2023-05-01,1808.0770651714558
2023-05-02,1806.7646582244927
2023-05-03,1787.1959228056958
2023-05-04,1802.4220191789393
2023-05-05,1816.2674375884428
2023-05-08,1811.765375868803
2023-05-09,1820.3922539850346
2023-05-10,1823.4110685333555
2023-05-11,1816.2741819946843
2023-05-12,1823.053937022402
2023-05-15,1770.8140714883912
2023-05-16,1784.2067954728054
2023-05-17,1809.405856858518
2023-05-18,1818.3510498030514
2023-05-19,1805.0793675683767
2023-05-22,1801.9475614363948
2023-05-23,1779.4800366451905
2023-05-24,1774.9162425641512
2023-05-25,1766.0744271053952
2023-05-26,1780.940055551882
2023-05-29,1770.1321017318917
2023-05-30,1795.7275309418426
2023-05-31,1803.2972693414783
2023-06-01,1789.2679344670103
2023-06-02,1804.7354625981854
2023-06-05,1810.1297998766763
2023-06-06,1807.4756640928526
2023-06-07,1814.953340328769
2023-06-08,1799.8849827859026
2023-06-09,1803.7558926288195
2023-06-12,1812.3723524930494
2023-06-13,1802.979932807104
2023-06-14,1817.4079191101898
2023-06-15,1815.9499477849586
2023-06-16,1850.0500429783788
2023-06-19,1845.3324507219463
2023-06-20,1840.6897609475768
2023-06-21,1847.3230970758357
2023-06-22,1838.7701038342725
2023-06-23,1863.0321128015123
2023-06-26,1841.8610793382384
2023-06-27,1834.964613196424
2023-06-28,1843.2973271410337
2023-06-29,1845.3287885843636
2023-06-30,1841.692256141232
2023-07-03,1876.66932094665
2023-07-04,1896.44621609954
2023-07-05,1903.01616597653
2023-07-06,1922.1760093110945
2023-07-07,1904.8557024108964
2023-07-10,1907.104698469394
2023-07-11,1901.4291178690116
2023-07-12,1884.9004880591142
2023-07-13,1882.199528073448
2023-07-14,1879.222028120445
2023-07-17,1881.8754051877925
2023-07-18,1878.705466066175
2023-07-19,1873.535029116544
2023-07-20,1872.73077583692
2023-07-21,1878.4601002062413
2023-07-24,1919.1689952036297
2023-07-25,1925.441532046349
2023-07-26,1931.1965084256929
2023-07-27,1945.5026426612546
2023-07-28,1938.6921705028058
2023-07-31,1959.0995023946546
2023-08-01,1982.7408426241018
2023-08-02,1999.1121252875212
2023-08-03,1974.9579330994316
2023-08-04,1973.447223338951
2023-08-07,1980.432712626262
2023-08-08,1987.9927638290415
2023-08-09,1981.3161956272509
2023-08-10,1950.5753406143092
2023-08-11,1964.9504782645104
2023-08-14,1972.9333579091704
2023-08-15,1966.3751135126029
2023-08-16,1957.5203046297831
2023-08-17,1960.2758996439454
2023-08-18,1964.4728474270687
2023-08-21,1958.5444586660046
2023-08-22,1964.484815819369
2023-08-23,1994.413455171907
2023-08-24,2003.3672264491618
2023-08-25,2009.742033267294
2023-08-28,2004.5054405147766
2023-08-29,1987.347552262164
2023-08-30,1974.1639372896198
2023-08-31,1977.8259219045428
2023-09-01,1992.2925008116847
2023-09-04,1991.565970733678
2023-09-05,1991.7023864639375
2023-09-06,1982.3915106801196
2023-09-07,1996.1123735041344
2023-09-08,1998.8882518441017
2023-09-11,2005.8220273408858
2023-09-12,2022.0123965659388
2023-09-13,2016.0361646841623
2023-09-14,2027.9671557093168
2023-09-15,2043.1345789962036
2023-09-18,2040.08357861264
2023-09-19,2041.296767547025
2023-09-20,2073.961792213512
2023-09-21,2134.8778997940485
2023-09-22,2120.803206301325
2023-09-25,2157.47113820788
2023-09-26,2135.268321961885
2023-09-27,2134.0373021645955
2023-09-28,2147.940508011826
2023-09-29,2142.9992387009493
2023-10-02,2191.846047478534
2023-10-03,2201.3198738688016
2023-10-04,2173.6736129484334
2023-10-05,2140.0951124384396
2023-10-06,2147.640339773112
2023-10-09,2088.3820394198497
2023-10-10,2079.066201362963
2023-10-11,2098.157860071715
2023-10-12,2100.1740153231653
2023-10-13,2046.1905399657705
2023-10-16,2018.2631755282607
2023-10-17,2026.050564434909
2023-10-18,1988.4341392070658
2023-10-19,1948.9718135839914
2023-10-20,1895.134649358406
2023-10-23,1867.4849240883193
2023-10-24,1870.9697086228693
2023-10-25,1921.7117361209919
2023-10-26,1891.4543097184992
2023-10-27,1875.1589776968453
2023-10-30,1904.4982911127893
2023-10-31,1946.7876231110326
2023-11-01,1982.7834678028808
2023-11-02,1987.779503812286
2023-11-03,1977.5894019096515
2023-11-06,1993.3448654699557
2023-11-07,2014.8660805660593
2023-11-08,1997.357163995441
2023-11-09,1994.4610909517376
2023-11-10,2021.125020587707
2023-11-13,2013.4879658883315
2023-11-14,1976.7586303019505
2023-11-15,1983.556043757364
2023-11-16,1994.4666888231388
2023-11-17,1995.1399730730463
2023-11-20,1992.1357390406354
2023-11-21,1979.560324811498
2023-11-22,1988.7816630829993
2023-11-23,1984.5620506364526
2023-11-24,1981.873965734848
2023-11-27,1973.7321680479824
2023-11-28,1988.5539098821832
2023-11-29,1993.721188572963
2023-11-30,2016.0925239276717
2023-12-01,2027.1154774466092
2023-12-04,2030.72576709072
2023-12-05,2032.761244304934
2023-12-06,2022.0688272906784
2023-12-07,2011.0821845325172
2023-12-08,1999.3192423010187
2023-12-11,1989.5187054855433
2023-12-12,1978.5447978881677
2023-12-13,1974.9681101915307
2023-12-14,1960.8005101975073
2023-12-15,1993.2826576585503
2023-12-18,1985.2256055754985
2023-12-19,1981.123741947248
2023-12-20,2002.9185018484525
2023-12-21,1992.288638841752
2023-12-22,1997.8677705101782
2023-12-25,1990.6989078624792
2023-12-26,2003.6176413766125
2023-12-27,2002.2269005760047
2023-12-28,2011.6138317952893
2023-12-29,2033.819048108453
2024-01-01,2033.819048108453
2024-01-02,2063.066437418859
2024-01-03,2050.5334294645277
2024-01-04,2029.6392386363345
2024-01-05,2028.3275786493887
2024-01-08,2055.2021950957396
2024-01-09,2086.8406377948136
2024-01-10,2076.8431225709587
2024-01-11,2080.3433250995795
2024-01-12,2070.817929987663
2024-01-15,2066.8054202029316
2024-01-16,2058.385512757491
2024-01-17,2061.8089161254898
2024-01-18,2038.5612770393204
2024-01-19,2053.5701120893214
2024-01-22,2042.7971308118567
2024-01-23,2054.8135539346436
2024-01-24,2080.2176406946514
2024-01-25,2089.222602923077
2024-01-26,2065.328849338935
2024-01-29,2072.745938594652
2024-01-30,2064.8611850910725
2024-01-31,2052.3401394427
2024-02-01,2055.670468305437
2024-02-02,2060.4036218907795
2024-02-05,2064.0842574063427
2024-02-06,2049.3178405213475
2024-02-07,2041.320042774514
2024-02-08,2036.3040747029404
2024-02-09,2047.300382712697
2024-02-12,2074.8366261059937
2024-02-13,2082.3814623584963
2024-02-14,2106.774470518491
2024-02-15,2100.4591026521416
2024-02-16,2117.450144706113
2024-02-19,2130.9197595861106
2024-02-20,2118.392825966855
2024-02-21,2115.758615465732
2024-02-22,2089.271086166016
2024-02-23,2074.96289678605
2024-02-26,2073.2790649783415
2024-02-27,2100.7840706285456
2024-02-28,2106.7038639000834
2024-02-29,2106.2551661896277
2024-03-01,2124.388227278664
2024-03-04,2121.2401735146077
2024-03-05,2083.545264298987
2024-03-06,2082.5815395918894
2024-03-07,2084.4964655355875
2024-03-08,2077.433634914341
2024-03-11,2085.4163107525515
