Date,ACWI ex INDIA
2015-12-11,2090.4715684747216
2015-12-14,2077.647694118537
2015-12-15,2116.806904340945
2015-12-16,2141.020389878722
2015-12-17,2148.7180321016854
2015-12-18,2119.1406561594004
2015-12-21,2111.5092262543917
2015-12-22,2116.234428263676
2015-12-23,2160.378286027912
2015-12-24,2148.0168527314227
2015-12-25,2147.2597994061894
2015-12-28,2140.3410064398336
2015-12-29,2171.5911113807283
2015-12-30,2157.317534428839
2015-12-31,2151.7913978483584
2016-01-01,2151.7913978483584
2016-01-04,2119.289019171959
2016-01-05,2135.6942618045996
2016-01-06,2103.648681160247
2016-01-07,2042.4559743459422
2016-01-08,2011.620430497433
2016-01-11,2012.3437466060336
2016-01-12,2022.5034676980988
2016-01-13,1999.2186301554282
2016-01-14,2005.1517606068471
2016-01-15,1948.4365905201385
2016-01-18,1952.6811681559107
2016-01-19,1958.8117165561227
2016-01-20,1920.037345208067
2016-01-21,1939.449241201447
2016-01-22,1990.8677985903041
2016-01-25,1972.3287032995056
2016-01-26,1984.6413753310521
2016-01-27,1977.6823556619352
2016-01-28,1968.6167709200654
2016-01-29,2030.1129719593387
2016-02-01,2021.8786658073648
2016-02-02,1984.7002737836126
2016-02-03,1958.8333930999654
2016-02-04,1951.5510887552493
2016-02-05,1927.3245967555024
2016-02-08,1896.417628145881
2016-02-09,1857.2276919395404
2016-02-10,1874.8386299028648
2016-02-11,1826.4708358734072
2016-02-12,1862.2124292440174
2016-02-15,1902.6164871690348
2016-02-16,1922.9023479005366
2016-02-17,1953.9826350603626
2016-02-18,1962.1855323251486
2016-02-19,1953.537204382702
2016-02-22,1992.831072216021
2016-02-23,1972.3860262650187
2016-02-24,1963.9033451291668
2016-02-25,1984.7068449464834
2016-02-26,2005.973800006156
2016-02-29,2008.9291217428986
2016-03-01,2046.0826789435762
2016-03-02,2071.361815310417
2016-03-03,2066.8301931170213
2016-03-04,2066.9213843804746
2016-03-07,2072.075544764645
2016-03-08,2041.0901629189082
2016-03-09,2054.613214900233
2016-03-10,2029.0604825169216
2016-03-11,2063.098720066028
2016-03-14,2074.971436355539
2016-03-15,2061.4427851362716
2016-03-16,2071.257590147447
2016-03-17,2058.0749534840847
2016-03-18,2067.9768920068213
2016-03-21,2072.239847134329
2016-03-22,2078.763526707625
2016-03-23,2072.0096764245345
2016-03-24,2061.840601433137
2016-03-25,2063.2348156166972
2016-03-28,2058.654974867583
2016-03-29,2075.597935458624
2016-03-30,2068.6061115556695
2016-03-31,2056.5909313394545
2016-04-01,2054.3486816827262
2016-04-04,2048.688853924624
2016-04-05,2021.5150422580457
2016-04-06,2037.947643945858
2016-04-07,2023.930751991125
2016-04-08,2033.292378338774
2016-04-11,2028.7816604957654
2016-04-12,2056.176477275169
2016-04-13,2101.3786585237262
2016-04-14,2112.408917428484
2016-04-15,2104.641320589974
2016-04-18,2103.513486576059
2016-04-19,2117.099037636268
2016-04-20,2126.5388727911877
2016-04-21,2130.9568024952264
2016-04-22,2133.3584999256736
2016-04-25,2122.756910158809
2016-04-26,2119.6899815586285
2016-04-27,2119.863307554798
2016-04-28,2110.2281452230513
2016-04-29,2076.551401799512
2016-05-02,2070.327324929032
2016-05-03,2047.2186047690918
2016-05-04,2033.7674713978965
2016-05-05,2046.683979451556
2016-05-06,2043.9665980980226
2016-05-09,2046.897502643757
2016-05-10,2071.1123601125055
2016-05-11,2055.0340764122966
2016-05-12,2056.5734759901193
2016-05-13,2057.5551602830865
2016-05-16,2066.50830870242
2016-05-17,2059.326483342588
2016-05-18,2067.4923320622343
2016-05-19,2063.25955174353
2016-05-20,2077.0944986107465
2016-05-23,2076.0965777534934
2016-05-24,2104.9339449786676
2016-05-25,2127.583441310799
2016-05-26,2124.538850982479
2016-05-27,2140.62460616705
2016-05-30,2140.1572673165447
2016-05-31,2138.815943092316
2016-06-01,2129.2175625798945
2016-06-02,2133.5216919483996
2016-06-03,2108.3981890839714
2016-06-06,2112.969940237472
2016-06-07,2127.4277951980607
2016-06-08,2127.7192000390983
2016-06-09,2127.473964152755
2016-06-10,2102.637592595081
2016-06-13,2076.3715653057725
2016-06-14,2074.0443867185327
2016-06-15,2074.540277832448
2016-06-16,2082.613981836084
2016-06-17,2074.193859308805
2016-06-20,2094.3044859139036
2016-06-21,2113.196819866059
2016-06-22,2111.452441324919
2016-06-23,2127.430870990388
2016-06-24,2068.602688180348
2016-06-27,2048.5598233474198
2016-06-28,2070.054808062234
2016-06-29,2106.0132954847677
2016-06-30,2129.9012081521614
2016-07-01,2135.194384964249
2016-07-04,2135.873683121119
2016-07-05,2120.5588498386946
2016-07-06,2119.1149781481304
2016-07-07,2124.926036264824
2016-07-08,2154.2961317267545
2016-07-11,2172.8921033976753
2016-07-12,2187.2049146271847
2016-07-13,2185.4937371233273
2016-07-14,2198.1609111591865
2016-07-15,2202.5465171102624
2016-07-18,2208.2700919429885
2016-07-19,2212.4943969982273
2016-07-20,2223.7625300076843
2016-07-21,2224.103532890345
2016-07-22,2229.473952688491
2016-07-25,2226.438292227972
2016-07-26,2227.3004021657985
2016-07-27,2227.62725274434
2016-07-28,2210.567770648297
2016-07-29,2206.932971490119
2016-08-01,2206.65579318986
2016-08-02,2182.135289931806
2016-08-03,2186.779040958812
2016-08-04,2201.044568943641
2016-08-05,2227.375681253686
2016-08-08,2233.1072485140908
2016-08-09,2236.892353276053
2016-08-10,2226.8337809758546
2016-08-11,2235.493940480742
2016-08-12,2236.3971382491254
2016-08-15,2238.323379674384
2016-08-16,2216.284053737686
2016-08-17,2212.892998129607
2016-08-18,2210.5443434202407
2016-08-19,2204.131122970362
2016-08-22,2202.5893305385353
2016-08-23,2211.557623376304
2016-08-24,2214.789194280654
2016-08-25,2204.4539825849492
2016-08-26,2204.311510604497
2016-08-29,2224.8802611321694
2016-08-30,2226.371296637405
2016-08-31,2223.1374240367854
2016-09-01,2216.282933632894
2016-09-02,2237.5232904407635
2016-09-05,2246.9254489811774
2016-09-06,2241.4197532213084
2016-09-07,2243.5414192450035
2016-09-08,2234.1181641189073
2016-09-09,2199.989049435056
2016-09-12,2202.4627758404945
2016-09-13,2173.399710970417
2016-09-14,2169.3833473765726
2016-09-15,2185.5715219112085
2016-09-16,2190.499986924192
2016-09-19,2197.8037403789185
2016-09-20,2200.8684900131993
2016-09-21,2230.2980286898796
2016-09-22,2235.987180918176
2016-09-23,2226.8888579682907
2016-09-26,2197.371057175509
2016-09-27,2218.6417507485176
2016-09-28,2228.3053409390236
2016-09-29,2214.8120302126154
2016-09-30,2217.0794213605695
2016-10-03,2219.746601366693
2016-10-04,2226.9369088226226
2016-10-05,2222.767943211422
2016-10-06,2226.579673896959
2016-10-07,2217.499068292757
2016-10-10,2230.3834386110507
2016-10-11,2224.382010426641
2016-10-12,2227.356393746289
2016-10-13,2213.9160846056175
2016-10-14,2225.8949618967076
2016-10-17,2220.902421402986
2016-10-18,2243.616704499161
2016-10-19,2253.1073053766613
2016-10-20,2258.629499549093
2016-10-21,2266.082365167025
2016-10-24,2271.4019290457104
2016-10-25,2270.621835487501
2016-10-26,2255.1123111325896
2016-10-27,2247.4088409323513
2016-10-28,2240.368284119105
2016-10-31,2234.0679152313232
2016-11-01,2208.7077084555813
2016-11-02,2177.912299909744
2016-11-03,2174.7696774909705
2016-11-04,2160.138427093072
2016-11-07,2211.4395117727354
2016-11-08,2218.6503810057397
2016-11-09,2238.561386942222
2016-11-10,2257.384471494145
2016-11-11,2250.557936578277
2016-11-14,2270.119414207892
2016-11-15,2282.17146597196
2016-11-16,2291.407748767829
2016-11-17,2302.143746103465
2016-11-18,2311.4310987455647
2016-11-21,2318.279121603552
2016-11-22,2331.3218261920956
2016-11-23,2339.5688444690477
2016-11-24,2336.1996529436033
2016-11-25,2337.08127961984
2016-11-28,2334.156127743944
2016-11-29,2328.2553398458763
2016-11-30,2327.969015023452
2016-12-01,2321.799673055355
2016-12-02,2310.221950445646
2016-12-05,2307.736520780981
2016-12-06,2319.7214427345525
2016-12-07,2340.755917978502
2016-12-08,2382.2191879830993
2016-12-09,2407.5360209432097
2016-12-12,2390.1214927798837
2016-12-13,2401.1687984653736
2016-12-14,2384.7706497194354
2016-12-15,2423.8350202654956
2016-12-16,2424.7544700027365
2016-12-19,2422.123819177703
2016-12-20,2439.508285711326
2016-12-21,2425.0821111415053
2016-12-22,2414.791827410682
2016-12-23,2415.099906221818
2016-12-26,2414.765062586028
2016-12-27,2418.570950616481
2016-12-28,2423.7268757008324
2016-12-29,2406.888212933685
2016-12-30,2392.3695057542495
2017-01-02,2394.5288949699357
2017-01-03,2440.469815122184
2017-01-04,2440.01177729977
2017-01-05,2424.411796426754
2017-01-06,2430.7196077083495
2017-01-09,2427.510654988918
2017-01-10,2424.4510572084764
2017-01-11,2451.4918115567552
2017-01-12,2418.128522029649
2017-01-13,2430.3486072395744
2017-01-16,2427.4073023427322
2017-01-17,2407.8674275742483
2017-01-18,2412.297417408073
2017-01-19,2418.1496190431476
2017-01-20,2411.0570129009984
2017-01-23,2396.7393372257284
2017-01-24,2407.637139868666
2017-01-25,2429.7379897417786
2017-01-26,2445.315968467676
2017-01-27,2436.154099421489
2017-01-30,2424.915280111269
2017-01-31,2398.434893806959
2017-02-01,2411.1670049623135
2017-02-02,2403.376821376219
2017-02-03,2420.931883945808
2017-02-06,2424.1408545475824
2017-02-07,2434.2427132684807
2017-02-08,2436.5970748416185
2017-02-09,2453.9611850482847
2017-02-10,2473.5566137022415
2017-02-13,2490.205538485361
2017-02-14,2500.265171011249
2017-02-15,2512.870425589572
2017-02-16,2495.1700725866176
2017-02-17,2502.9220061744645
2017-02-20,2506.504183707197
2017-02-21,2534.9499337490943
2017-02-22,2534.2494626726425
2017-02-23,2527.1401249273054
2017-02-24,2524.946325872804
2017-02-27,2514.841651820168
2017-02-28,2507.0380451552555
2017-03-01,2546.28983497286
2017-03-02,2544.0960927576857
2017-03-03,2534.103063885493
2017-03-06,2522.4349471111223
2017-03-07,2521.0307452192233
2017-03-08,2519.639341783274
2017-03-09,2511.905880468829
2017-03-10,2507.230719365918
2017-03-13,2513.3025245531594
2017-03-14,2510.1826868853545
2017-03-15,2528.395501505585
2017-03-16,2521.4494437544226
2017-03-17,2519.8593811774267
2017-03-20,2516.0889112855507
2017-03-21,2486.2221212448994
2017-03-22,2482.270310719001
2017-03-23,2488.637843902246
2017-03-24,2485.774562911692
2017-03-27,2466.080045153749
2017-03-28,2487.5936684384315
2017-03-29,2514.386220131233
2017-03-30,2521.4735148854284
2017-03-31,2520.1088154939043
2017-04-03,2526.436098286601
2017-04-04,2525.4181115277747
2017-04-05,2521.6931824091475
2017-04-06,2522.545838636789
2017-04-07,2530.362942770267
2017-04-10,2535.758036712002
2017-04-11,2529.0979443056503
2017-04-12,2526.396046360572
2017-04-13,2514.5031701228154
2017-04-14,2512.754747096071
2017-04-17,2521.4251411846762
2017-04-18,2501.4737796071704
2017-04-19,2493.7390784655527
2017-04-20,2497.4281145416817
2017-04-21,2511.309468886201
2017-04-24,2509.434587659663
2017-04-25,2510.2004216012747
2017-04-26,2522.0708152752827
2017-04-27,2522.6276229088853
2017-04-28,2513.698139424225
2017-05-01,2512.8411200175365
2017-05-02,2523.6657750034606
2017-05-03,2518.087450087877
2017-05-04,2512.112607674552
2017-05-05,2514.8807615295877
2017-05-08,2530.83585732763
2017-05-09,2537.516664206869
2017-05-10,2547.1520784342943
2017-05-11,2543.9130483529275
2017-05-12,2534.0909657855505
2017-05-15,2534.207485109098
2017-05-16,2517.5570091982277
2017-05-17,2474.109009198006
2017-05-18,2472.110385317153
2017-05-19,2475.310139107845
2017-05-22,2477.9010699454675
2017-05-23,2484.7741236065676
2017-05-24,2496.588690690849
2017-05-25,2500.56514515612
2017-05-26,2504.7908161021514
2017-05-29,2505.380444954452
2017-05-30,2502.487483644927
2017-05-31,2488.0935166187996
2017-06-01,2507.010596388885
2017-06-02,2511.9345328355616
2017-06-05,2513.599626608302
2017-06-06,2503.8105400634763
2017-06-07,2505.7656556870843
2017-06-08,2512.7656443978476
2017-06-09,2519.3731420437866
2017-06-12,2508.24747967067
2017-06-13,2519.630530382399
2017-06-14,2506.8001260432693
2017-06-15,2516.7550114940764
2017-06-16,2513.617261937251
2017-06-19,2538.8358144363365
2017-06-20,2530.6677163435847
2017-06-21,2523.5447420123805
2017-06-22,2523.0803520053178
2017-06-23,2518.5672086299555
2017-06-26,2523.5180411446613
2017-06-27,2492.6359598854724
2017-06-28,2491.5435603778533
2017-06-29,2464.518327134249
2017-06-30,2464.543744478221
2017-07-03,2478.584412518044
2017-07-04,2478.123304831333
2017-07-05,2485.6290659791193
2017-07-06,2455.417881006651
2017-07-07,2462.3765301713
2017-07-10,2469.0862884230883
2017-07-11,2463.368191190698
2017-07-12,2486.325177483125
2017-07-13,2497.333617641231
2017-07-14,2502.4494297729443
2017-07-17,2499.049389997286
2017-07-18,2477.0922855401373
2017-07-19,2502.672582571952
2017-07-20,2483.1977512136677
2017-07-21,2473.2555497405
2017-07-24,2472.8103166128135
2017-07-25,2474.692131651796
2017-07-26,2482.9573708389107
2017-07-27,2479.209353566443
2017-07-28,2456.9312201739904
2017-07-31,2449.623675182042
2017-08-01,2456.5216981027806
2017-08-02,2447.1086491621472
2017-08-03,2439.805516247601
2017-08-04,2465.9940117453093
2017-08-07,2463.550683488976
2017-08-08,2471.3999371350174
2017-08-09,2462.676764547054
2017-08-10,2435.1128550645335
2017-08-11,2420.4005325936673
2017-08-14,2441.3731142502434
2017-08-15,2451.0883093606803
2017-08-16,2461.9350343324627
2017-08-17,2435.001141967251
2017-08-18,2425.9779923239716
2017-08-21,2415.6672759290554
2017-08-22,2443.577346113067
2017-08-23,2430.517177027854
2017-08-24,2431.645025005745
2017-08-25,2424.273335250607
2017-08-28,2408.9608214095574
2017-08-29,2393.0495898298814
2017-08-30,2419.789637631833
2017-08-31,2438.8216611132675
2017-09-01,2448.585144657997
2017-09-04,2437.166086786552
2017-09-05,2425.784955743632
2017-09-06,2427.3069122422457
2017-09-07,2421.4473818562033
2017-09-08,2419.105671864024
2017-09-11,2447.899126032558
2017-09-12,2461.7002729607916
2017-09-13,2467.0115938237873
2017-09-14,2472.941538608545
2017-09-15,2459.6232288043257
2017-09-18,2467.4848656895424
2017-09-19,2467.7395257992093
2017-09-20,2467.8154377700935
2017-09-21,2473.0714296955416
2017-09-22,2467.0540078983313
2017-09-25,2478.5381344564303
2017-09-26,2491.46307492895
2017-09-27,2505.6316819460462
2017-09-28,2497.6031303164873
2017-09-29,2501.4607563935238
2017-10-02,2524.8175202558887
2017-10-03,2530.086646014825
2017-10-04,2531.1224918867665
2017-10-05,2547.7405727857135
2017-10-06,2541.702971020169
2017-10-09,2538.860550344643
2017-10-10,2534.4931745139606
2017-10-11,2533.4149745763116
2017-10-12,2532.9645505684707
2017-10-13,2541.0682292697525
2017-10-16,2552.7220456673062
2017-10-17,2558.1381189581557
2017-10-18,2556.852419792607
2017-10-19,2540.9552832652735
2017-10-20,2558.6961093470277
2017-10-23,2560.5980350618433
2017-10-24,2557.838309522334
2017-10-25,2538.2844266847947
2017-10-26,2562.2282904597646
2017-10-27,2599.881250950079
2017-10-30,2591.1658878389135
2017-10-31,2589.8942953839623
2017-11-01,2604.5881267092914
2017-11-02,2593.9588856870178
2017-11-03,2608.716632273561
2017-11-06,2618.7460942008493
2017-11-07,2622.3425542523764
2017-11-08,2624.981587297187
2017-11-09,2606.8716319571417
2017-11-10,2595.1191090175234
2017-11-13,2588.824315445728
2017-11-14,2563.662166169573
2017-11-15,2539.84000760419
2017-11-16,2566.7768749561264
2017-11-17,2564.5458759830644
2017-11-20,2574.7390892900653
2017-11-21,2596.6307705326053
2017-11-22,2588.079940187094
2017-11-23,2578.295104429696
2017-11-24,2565.275981011348
2017-11-27,2562.4454871262365
2017-11-28,2586.122795405286
2017-11-29,2588.2696431878476
2017-11-30,2580.0524351566683
2017-12-01,2582.5871680333507
2017-12-04,2588.463164233644
2017-12-05,2584.359923756846
2017-12-06,2583.375932546063
2017-12-07,2588.850475408922
2017-12-08,2611.0895268849235
2017-12-11,2612.3977370958773
2017-12-12,2627.7930408485495
2017-12-13,2624.5621395366325
2017-12-14,2613.6100461487695
2017-12-15,2623.836544096827
2017-12-18,2637.3112151523583
2017-12-19,2629.486673196763
2017-12-20,2612.9108430195674
2017-12-21,2624.3126345188025
2017-12-22,2630.477067776819
2017-12-25,2630.874455949804
2017-12-26,2622.6169711033663
2017-12-27,2623.0298230332583
2017-12-28,2620.3458015377846
2017-12-29,2602.3472843472505
2018-01-01,2602.3621944027955
2018-01-02,2613.5943025129213
2018-01-03,2630.546086575008
2018-01-04,2640.1820592920026
2018-01-05,2666.001542111994
2018-01-08,2682.275029016935
2018-01-09,2696.9550298609283
2018-01-10,2683.8564352043936
2018-01-11,2679.81568545239
2018-01-12,2675.28972491465
2018-01-15,2657.5202347219033
2018-01-16,2663.0523350408316
2018-01-17,2673.853578632503
2018-01-18,2672.5553084537787
2018-01-19,2688.5647429583564
2018-01-22,2698.77773433646
2018-01-23,2702.779377266709
2018-01-24,2687.467675736628
2018-01-25,2664.9921424148574
2018-01-26,2697.9096157498034
2018-01-29,2697.569600010421
2018-01-30,2659.290878045955
2018-01-31,2650.5450407051026
2018-02-01,2646.0562667946933
2018-02-02,2605.74235712408
2018-02-05,2531.5038570309307
2018-02-06,2533.7971893456543
2018-02-07,2546.060311384272
2018-02-08,2490.0773806018906
2018-02-09,2493.5453824490946
2018-02-12,2517.5340476139786
2018-02-13,2509.3371308650712
2018-02-14,2531.8719219310324
2018-02-15,2548.7649627641977
2018-02-16,2562.329061783261
2018-02-19,2571.5298222699425
2018-02-20,2571.2775389499757
2018-02-21,2571.263717503711
2018-02-22,2568.3161363236723
2018-02-23,2602.448053984477
2018-02-26,2626.094511972227
2018-02-27,2613.8332158275507
2018-02-28,2594.2613263121098
2018-03-01,2567.34486681916
2018-03-02,2537.1117359239715
2018-03-05,2550.459456058318
2018-03-06,2552.655896955165
2018-03-07,2549.3176718313694
2018-03-08,2576.68601181585
2018-03-09,2607.7278463128273
2018-03-12,2616.7460662520325
2018-03-13,2590.2061197366374
2018-03-14,2586.2418731413686
2018-03-15,2593.083866889357
2018-03-16,2602.174904452996
2018-03-19,2564.0911265377244
2018-03-20,2578.489273066534
2018-03-21,2577.4969003304186
2018-03-22,2526.7997888438294
2018-03-23,2471.082529325706
2018-03-26,2491.9081325035354
2018-03-27,2487.6238888634975
2018-03-28,2484.3050567971327
2018-03-29,2516.19990658993
2018-03-30,2518.0480264029115
2018-04-02,2484.6634408983496
2018-04-03,2503.0399906060634
2018-04-04,2508.1100950911696
2018-04-05,2546.313225653204
2018-04-06,2508.4585291600893
2018-04-09,2507.9945312796417
2018-04-10,2534.4641836488786
2018-04-11,2519.55039996348
2018-04-12,2542.7370462151266
2018-04-13,2536.990555277082
2018-04-16,2539.1418918899476
2018-04-17,2562.018888863642
2018-04-18,2566.3233143409093
2018-04-19,2562.8581195050515
2018-04-20,2559.2978459899437
2018-04-23,2566.253411844658
2018-04-24,2549.4443182522787
2018-04-25,2549.8905925903064
2018-04-26,2580.9995766741067
2018-04-27,2590.7510055516364
2018-04-30,2586.838604824841
2018-05-01,2603.2846185888698
2018-05-02,2599.8910978686326
2018-05-03,2591.7762531457533
2018-05-04,2616.9978731748306
2018-05-07,2630.0124732994177
2018-05-08,2642.1911986608357
2018-05-09,2659.2595846202535
2018-05-10,2673.869237865758
2018-05-11,2671.4709751205523
2018-05-14,2672.323660859393
2018-05-15,2673.5431394634797
2018-05-16,2695.767179653579
2018-05-17,2695.170022180876
2018-05-18,2693.9712211168594
2018-05-21,2710.016609808043
2018-05-22,2704.137395444459
2018-05-23,2711.4908070155625
2018-05-24,2701.5491156480093
2018-05-25,2709.9404678266574
2018-05-28,2713.551127072048
2018-05-29,2696.822340010295
2018-05-30,2701.883885402559
2018-05-31,2681.844839761859
2018-06-01,2705.546375513002
2018-06-04,2717.2096717284135
2018-06-05,2720.443506352653
2018-06-06,2715.5285425502616
2018-06-07,2706.598279406254
2018-06-08,2716.5257022389032
2018-06-11,2715.6128768253443
2018-06-12,2721.937666991832
2018-06-13,2717.8560529846914
2018-06-14,2746.3389466924127
2018-06-15,2741.8554739218857
2018-06-18,2731.0203720548675
2018-06-19,2720.4957999686485
2018-06-20,2726.647756241151
2018-06-21,2702.863471386909
2018-06-22,2707.9558927974363
2018-06-25,2659.2788479138007
2018-06-26,2666.2483049830707
2018-06-27,2664.6326275777556
2018-06-28,2671.8372985369065
2018-06-29,2666.867364892908
2018-07-02,2671.739684369426
2018-07-03,2661.234366229401
2018-07-04,2662.0905437963916
2018-07-05,2665.038292336822
2018-07-06,2674.192647460352
2018-07-09,2698.371198882876
2018-07-10,2712.745725272727
2018-07-11,2688.241650720441
2018-07-12,2713.6538675460465
2018-07-13,2723.4622525323716
2018-07-16,2710.928366842164
2018-07-17,2722.6489877514628
2018-07-18,2736.453530753347
2018-07-19,2732.976339239145
2018-07-20,2718.3274874298127
2018-07-23,2718.9771234904906
2018-07-24,2735.014277190175
2018-07-25,2757.2893231820776
2018-07-26,2760.943403792011
2018-07-27,2756.6635581637647
2018-07-30,2733.207943918666
2018-07-31,2740.483746110035
2018-08-01,2742.602346419032
2018-08-02,2749.692030094468
2018-08-03,2765.5771142997764
2018-08-06,2774.8749919699917
2018-08-07,2780.2299119231457
2018-08-08,2776.58324886608
2018-08-09,2781.935059901641
2018-08-10,2783.901514435875
2018-08-13,2768.4053707898784
2018-08-14,2790.3536167683496
2018-08-15,2774.3180661286674
2018-08-16,2773.439611911738
2018-08-17,2777.748941884315
2018-08-20,2783.3839186825194
2018-08-21,2773.3056463190824
2018-08-22,2761.081849705091
2018-08-23,2758.3836950111877
2018-08-24,2760.7369154348858
2018-08-27,2776.9997155046485
2018-08-28,2770.104692828366
2018-08-29,2784.795733447256
2018-08-30,2779.4517539005565
2018-08-31,2777.511799551209
2018-09-03,2774.9322153154944
2018-09-04,2778.1757371164113
2018-09-05,2744.7267147739312
2018-09-06,2732.9458572641784
2018-09-07,2738.121347354766
2018-09-10,2736.3222941552576
2018-09-11,2744.7201888407585
2018-09-12,2741.2550565685583
2018-09-13,2745.339863979817
2018-09-14,2754.566490683089
2018-09-17,2739.260809745515
2018-09-18,2751.771190966433
2018-09-19,2768.5859032784015
2018-09-20,2771.456678228365
2018-09-21,2778.7065140294512
2018-09-24,2762.0071009880585
2018-09-25,2764.1917517099655
2018-09-26,2770.0833891326356
2018-09-27,2788.4542810606195
2018-09-28,2797.197042216994
2018-10-01,2808.8957678546494
2018-10-02,2806.777960902845
2018-10-03,2812.1547695101226
2018-10-04,2788.9895729984037
2018-10-05,2773.2202372151332
2018-10-08,2771.798920108763
2018-10-09,2766.698575182021
2018-10-10,2691.4727458648645
2018-10-11,2625.5411145584517
2018-10-12,2653.6219880387075
2018-10-15,2635.7724071867624
2018-10-16,2682.389766389996
2018-10-17,2692.4402274459935
2018-10-18,2668.8704842218162
2018-10-19,2665.6239412140285
2018-10-22,2665.073845793683
2018-10-23,2638.4477386740687
2018-10-24,2597.298494171443
2018-10-25,2620.8581291423625
2018-10-26,2591.653033802061
2018-10-29,2578.046493633302
2018-10-30,2609.949075657114
2018-10-31,2652.4093295958673
2018-11-01,2663.905709286151
2018-11-02,2670.2923719074065
2018-11-05,2668.7780107133126
2018-11-06,2676.6273334841762
2018-11-07,2704.984840694988
2018-11-08,2712.6972531069487
2018-11-09,2702.079474972865
2018-11-12,2683.2791575404376
2018-11-13,2673.5035707164666
2018-11-14,2654.4393814601726
2018-11-15,2669.419394074756
2018-11-16,2659.6771440729076
2018-11-19,2620.4904355206263
2018-11-20,2587.3954163801773
2018-11-21,2601.564610507932
2018-11-22,2598.2883913662235
2018-11-23,2600.152740314745
2018-11-26,2631.7935272717755
2018-11-27,2645.5373792986893
2018-11-28,2687.57032932625
2018-11-29,2669.083695209287
2018-11-30,2690.8406422072667
2018-12-03,2721.7630640684356
2018-12-04,2661.6175484586074
2018-12-05,2650.784565049719
2018-12-06,2614.171988985692
2018-12-07,2582.9087315758875
2018-12-10,2566.6544085427713
2018-12-11,2581.187286213202
2018-12-12,2600.674075359752
2018-12-13,2605.230318190062
2018-12-14,2574.9385709189605
2018-12-17,2531.2806379942895
2018-12-18,2516.426746379839
2018-12-19,2486.592665795881
2018-12-20,2450.40547949294
2018-12-21,2418.1233419468276
2018-12-24,2379.5981663865464
2018-12-25,2369.8095400501275
2018-12-26,2436.3008660746905
2018-12-27,2452.383781815108
2018-12-28,2458.5338666238636
2018-12-31,2475.538761009365
2019-01-01,2475.57117394105
2019-01-02,2486.354686123046
2019-01-03,2443.9457239078993
2019-01-04,2504.5500545878454
2019-01-07,2515.2425001829442
2019-01-08,2537.841932286966
2019-01-09,2546.316533000413
2019-01-10,2553.4129114829243
2019-01-11,2563.4304621118936
2019-01-14,2552.9494078673265
2019-01-15,2582.395395863355
2019-01-16,2595.803026559832
2019-01-17,2609.885549773217
2019-01-18,2645.4006222135813
2019-01-21,2645.7797442291767
2019-01-22,2619.7672654876665
2019-01-23,2616.613448763391
2019-01-24,2628.454998702014
2019-01-25,2644.325587627666
2019-01-28,2619.7869081083386
2019-01-29,2625.512868733563
2019-01-30,2650.5064574820785
2019-01-31,2663.722864577048
2019-02-01,2666.5137938140665
2019-02-04,2684.8964522045794
2019-02-05,2706.3163980670715
2019-02-06,2707.5129529893647
2019-02-07,2687.0811394361413
2019-02-08,2685.017933940338
2019-02-11,2698.699605711693
2019-02-12,2723.208854610087
2019-02-13,2735.5101831634056
2019-02-14,2732.5709830515957
2019-02-15,2755.6350411489834
2019-02-18,2754.370121886299
2019-02-19,2751.8680534630985
2019-02-20,2761.105487405269
2019-02-21,2755.03108725303
2019-02-22,2770.8178360579936
2019-02-25,2777.280992904508
2019-02-26,2773.8927528892073
2019-02-27,2767.723672400115
2019-02-28,2756.7105148068435
2019-03-01,2769.0240846164616
2019-03-04,2779.0902026639023
2019-03-05,2779.662049594363
2019-03-06,2766.391195897991
2019-03-07,2764.2559782096346
2019-03-08,2747.2271193267015
2019-03-11,2780.913306831285
2019-03-12,2781.8648867005486
2019-03-13,2787.536592879993
2019-03-14,2789.403005458982
2019-03-15,2801.564287113784
2019-03-18,2813.1175355552864
2019-03-19,2814.4856222548374
2019-03-20,2802.482997059823
2019-03-21,2819.825939682157
2019-03-22,2796.980231590167
2019-03-25,2774.676105909401
2019-03-26,2804.1059772739814
2019-03-27,2801.202672361499
2019-03-28,2807.5333417921815
2019-03-29,2828.5398139531067
2019-04-01,2862.9896009222675
2019-04-02,2870.756439941632
2019-04-03,2877.198313036456
2019-04-04,2881.53269748524
2019-04-05,2889.826790729447
2019-04-08,2885.075403810012
2019-04-09,2872.1977667523265
2019-04-10,2884.754008056
2019-04-11,2876.128192953262
2019-04-12,2880.463680752607
2019-04-15,2883.2511863100144
2019-04-16,2890.2667471505993
2019-04-17,2888.134170944732
2019-04-18,2901.2284448103737
2019-04-19,2901.4161142527996
2019-04-22,2899.432609188053
2019-04-23,2927.801059092275
2019-04-24,2920.4355770633897
2019-04-25,2929.8564812588675
2019-04-26,2935.5012030857
2019-04-29,2938.6923195583545
2019-04-30,2930.524318209196
2019-05-01,2911.8516320008284
2019-05-02,2916.16573208844
2019-05-03,2936.718869035393
2019-05-06,2915.9409053256372
2019-05-07,2878.9679755356665
2019-05-08,2869.7662745470398
2019-05-09,2841.7363842013597
2019-05-10,2848.631740172362
2019-05-13,2796.634617475677
2019-05-14,2818.6641724414653
2019-05-15,2835.014033637067
2019-05-16,2860.1105430631997
2019-05-17,2848.9490769137105
2019-05-20,2831.7980721705326
2019-05-21,2845.651508552556
2019-05-22,2845.2710195978248
2019-05-23,2813.5047056632493
2019-05-24,2809.283980707232
2019-05-27,2814.89033141628
2019-05-28,2804.840947201403
2019-05-29,2788.505469626632
2019-05-30,2797.8994654814314
2019-05-31,2770.4482462995143
2019-06-03,2757.589695130148
2019-06-04,2788.2683375996467
2019-06-05,2802.8257966701135
2019-06-06,2807.979817990649
2019-06-07,2823.001748566773
2019-06-10,2843.6655563348045
2019-06-11,2852.211025976163
2019-06-12,2842.672034815286
2019-06-13,2857.05065212073
2019-06-14,2860.189758187461
2019-06-17,2859.015275229347
2019-06-18,2897.8440749663555
2019-06-19,2907.848991919577
2019-06-20,2919.221292955803
2019-06-21,2905.6734045419107
2019-06-24,2888.3945890972773
2019-06-25,2870.5122419593063
2019-06-26,2866.754398106134
2019-06-27,2881.252340200741
2019-06-28,2890.5937649759885
2019-07-01,2926.233450883306
2019-07-02,2941.475488286072
2019-07-03,2961.698341151604
2019-07-04,2965.3040570606054
2019-07-05,2968.5185388984783
2019-07-08,2953.5433748399896
2019-07-09,2953.8367789316803
2019-07-10,2953.5509320406713
2019-07-11,2959.94828571172
2019-07-12,2967.7099919834122
2019-07-15,2969.291631190165
2019-07-16,2972.7064305985555
2019-07-17,2958.447774638187
2019-07-18,2960.287246557897
2019-07-19,2957.179357760654
2019-07-22,2959.7146466044273
2019-07-23,2994.0506065080954
2019-07-24,3006.118422638063
2019-07-25,2988.78322445911
2019-07-26,3006.112169701908
2019-07-29,3000.168750800894
2019-07-30,2986.685827817219
2019-07-31,2966.9403347173525
2019-08-01,2966.1131687373513
2019-08-02,2919.567222494927
2019-08-05,2825.0076753354006
2019-08-06,2838.786742260031
2019-08-07,2837.581340841969
2019-08-08,2885.450563748206
2019-08-09,2870.3197337802444
2019-08-12,2842.5753946652544
2019-08-13,2869.758160726212
2019-08-14,2819.8831688240707
2019-08-15,2826.7242101225734
2019-08-16,2861.481139975783
2019-08-19,2894.884664006737
2019-08-20,2882.808994679618
2019-08-21,2902.3748793173186
2019-08-22,2899.3203064448203
2019-08-23,2845.9389208652137
2019-08-26,2853.093544739848
2019-08-27,2856.9139827699387
2019-08-28,2872.726627418937
2019-08-29,2903.0284096539544
2019-08-30,2928.68897357715
2019-09-02,2938.2015965192627
2019-09-03,2925.231894894508
2019-09-04,2941.442379917814
2019-09-05,2972.378170810747
2019-09-06,2978.489817582637
2019-09-09,2976.2631228824666
2019-09-10,2981.075907202748
2019-09-11,3014.528279462408
2019-09-12,3016.5294738840516
2019-09-13,3008.3137268419555
2019-09-16,3020.498894378653
2019-09-17,3011.2858646290306
2019-09-18,3008.2694962461956
2019-09-19,3012.4997031246853
2019-09-20,3016.2562956343904
2019-09-23,3013.431274531397
2019-09-24,2997.4567147467033
2019-09-25,3009.612408557523
2019-09-26,3013.894718343717
2019-09-27,3002.1451804830053
2019-09-30,3020.3289912146324
2019-10-01,2989.026868813566
2019-10-02,2932.515751483959
2019-10-03,2935.754620661763
2019-10-04,2966.562929915209
2019-10-07,2959.332562408547
2019-10-08,2935.565740340401
2019-10-09,2945.6499182418734
2019-10-10,2953.631267406696
2019-10-11,2988.455571683002
2019-10-14,2988.3801508976912
2019-10-15,3011.875958027415
2019-10-16,3008.3498570246725
2019-10-17,2999.723370501834
2019-10-18,2983.7386420952075
2019-10-21,3000.512869404736
2019-10-22,3000.75868058986
2019-10-23,3008.6468574564024
2019-10-24,3023.0399645674706
2019-10-25,3034.8409967453667
2019-10-28,3047.3206154911773
2019-10-29,3042.0643165111583
2019-10-30,3045.2103981264413
2019-10-31,3031.7136933780084
2019-11-01,3053.1844648146885
2019-11-04,3073.531784022717
2019-11-05,3095.7298636345213
2019-11-06,3097.810364173913
2019-11-07,3114.843572111108
2019-11-08,3121.869092230998
2019-11-11,3111.213415944845
2019-11-12,3123.159919820333
2019-11-13,3118.230516714799
2019-11-14,3116.9251803056886
2019-11-15,3126.4966576048887
2019-11-18,3123.1963872146066
2019-11-19,3124.1492416984056
2019-11-20,3114.1151943721434
2019-11-21,3103.478337583126
2019-11-22,3121.2220842451516
2019-11-25,3149.3384052188235
2019-11-26,3151.8895749975563
2019-11-27,3167.6092670323656
2019-11-28,3163.7423837984597
2019-11-29,3143.4534832033296
2019-12-02,3111.090494647194
2019-12-03,3091.015064420997
2019-12-04,3104.583943894981
2019-12-05,3109.616233871074
2019-12-06,3146.1541789859825
2019-12-09,3136.3942624742976
2019-12-10,3127.0640470972544
2019-12-11,3137.491217457272
2019-12-12,3150.4353519737515
2019-12-13,3163.249371479896
2019-12-16,3185.0330222405823
2019-12-17,3184.4182788650983
2019-12-18,3190.609513126029
2019-12-19,3201.53829984858
2019-12-20,3222.325263099884
2019-12-23,3224.1700801175875
2019-12-24,3224.2988150513916
2019-12-25,3223.568467347848
2019-12-26,3233.458989305332
2019-12-27,3223.3665573147064
2019-12-30,3197.9399462708257
2019-12-31,3197.1318239097745
2020-01-01,3197.0894268425627
2020-01-02,3229.651001070277
2020-01-03,3223.5118044399223
2020-01-06,3214.9438037042646
2020-01-07,3227.3931845028587
2020-01-08,3237.679043824999
2020-01-09,3264.414029177275
2020-01-10,3259.783001413543
2020-01-13,3270.1093716935393
2020-01-14,3274.036903475291
2020-01-15,3267.4496442695217
2020-01-16,3288.5602279278414
2020-01-17,3315.9625741696186
2020-01-20,3319.1008665277095
2020-01-21,3300.9478817903755
2020-01-22,3311.3210952941495
2020-01-23,3311.1808498584714
2020-01-24,3302.9784261246937
2020-01-27,3253.0249719871495
2020-01-28,3276.4874966206503
2020-01-29,3276.618690069077
2020-01-30,3255.71137789054
2020-01-31,3202.505689195295
2020-02-03,3220.4781561136724
2020-02-04,3273.224470704586
2020-02-05,3311.7483468054024
2020-02-06,3338.171648534443
2020-02-07,3324.3746449341497
2020-02-10,3345.540586902786
2020-02-11,3362.6960348561634
2020-02-12,3389.4487164921006
2020-02-13,3397.4108806061226
2020-02-14,3400.6274341968697
2020-02-17,3405.362633133674
2020-02-18,3392.069315480378
2020-02-19,3416.774022291146
2020-02-20,3396.888357425381
2020-02-21,3356.1190014853223
2020-02-24,3255.7023806649095
2020-02-25,3177.5210796504066
2020-02-26,3159.3165668158963
2020-02-27,3021.0318120453944
2020-02-28,2969.690377930282
2020-03-02,3021.625513776597
2020-03-03,2973.280994013866
2020-03-04,3064.0927575608935
2020-03-05,2991.0617137468575
2020-03-06,2898.778381437453
2020-03-09,2668.1885251459466
2020-03-10,2759.1575089285498
2020-03-11,2673.4233953711705
2020-03-12,2462.0549268120176
2020-03-13,2595.443326820646
2020-03-16,2343.3843738532364
2020-03-17,2463.6704184230853
2020-03-18,2368.711713673715
2020-03-19,2406.9051304969475
2020-03-20,2367.22085783833
2020-03-23,2277.100388035079
2020-03-24,2460.9501130975777
2020-03-25,2518.66015956452
2020-03-26,2589.4993798336304
2020-03-27,2519.1588961949897
2020-03-30,2578.6246005392622
2020-03-31,2575.3401909061654
2020-04-01,2491.2851713366617
2020-04-02,2536.348146543463
2020-04-03,2517.203211021865
2020-04-06,2660.477087558968
2020-04-07,2660.2000453983665
2020-04-08,2719.907890491515
2020-04-09,2743.4342023897375
2020-04-10,2745.2606314548307
2020-04-13,2734.3644144568148
2020-04-14,2784.1184898109022
2020-04-15,2739.7263576442842
2020-04-16,2757.7901672352996
2020-04-17,2819.30470631198
2020-04-20,2791.4008740064164
2020-04-21,2712.5840871924665
2020-04-22,2769.5646964788434
2020-04-23,2778.029054009028
2020-04-24,2794.7971564881586
2020-04-27,2837.0602220596834
2020-04-28,2842.865240922728
2020-04-29,2902.474712204382
2020-04-30,2854.9592516352086
2020-05-01,2778.532131341054
2020-05-04,2784.4273716423777
2020-05-05,2832.7194861021953
2020-05-06,2831.883933219415
2020-05-07,2860.7614589487043
2020-05-08,2885.9019364017295
2020-05-11,2898.7634034184794
2020-05-12,2850.203841576198
2020-05-13,2814.641786404508
2020-05-14,2821.181948229968
2020-05-15,2831.067573796512
2020-05-18,2902.1932855654536
2020-05-19,2873.496200384976
2020-05-20,2901.7178576801166
2020-05-21,2892.499676939396
2020-05-22,2894.716759746739
2020-05-25,2908.716496784914
2020-05-26,2930.4590213706865
2020-05-27,2961.257679570201
2020-05-28,2952.290472881068
2020-05-29,2935.4664230543076
2020-06-01,2958.701860863889
2020-06-02,2980.4063299443383
2020-06-03,3021.310715251135
2020-06-04,2983.9340238235654
2020-06-05,3054.717852795228
2020-06-08,3085.3550213872
2020-06-09,3056.7909773379693
2020-06-10,3048.970527575379
2020-06-11,2900.728853312867
2020-06-12,2945.278559518255
2020-06-15,2939.2687368171914
2020-06-16,3015.050041471166
2020-06-17,3019.433227782346
2020-06-18,3017.608982758986
2020-06-19,3021.491174636679
2020-06-22,3014.4245065193854
2020-06-23,3018.4551294478174
2020-06-24,2965.8717171300373
2020-06-25,2996.1543477824225
2020-06-26,2953.1093043836267
2020-06-29,2964.1271508026907
2020-06-30,2999.138290879213
2020-07-01,3004.8490278680847
2020-07-02,3041.881757762252
2020-07-03,3039.7726814976504
2020-07-06,3074.9650694555353
2020-07-07,3055.6870559906424
2020-07-08,3062.6059650319426
2020-07-09,3061.414772845837
2020-07-10,3073.615074883361
2020-07-13,3053.7503753592177
2020-07-14,3062.5221231680107
2020-07-15,3093.117750653012
2020-07-16,3070.0131778399564
2020-07-17,3081.583540707449
2020-07-20,3102.5373876422987
2020-07-21,3107.0598600561266
2020-07-22,3083.411039663085
2020-07-23,3059.8741153133046
2020-07-24,3026.790599818337
2020-07-27,3015.1286571322885
2020-07-28,3016.889762885111
2020-07-29,3029.8350722288733
2020-07-30,3005.4387179863684
2020-07-31,2997.8369488802396
2020-08-03,3042.343160341264
2020-08-04,3056.207952073707
2020-08-05,3050.064976824283
2020-08-06,3066.1489233694647
2020-08-07,3069.997179043975
2020-08-10,3080.2771404995706
2020-08-11,3080.5268725893147
2020-08-12,3108.783653511417
2020-08-13,3099.806890395479
2020-08-14,3094.687529151761
2020-08-17,3098.121569647718
2020-08-18,3092.086060124021
2020-08-19,3089.996232378912
2020-08-20,3093.2414564683086
2020-08-21,3116.9134192076713
2020-08-24,3142.3041907957636
2020-08-25,3148.837708669299
2020-08-26,3178.538544434908
2020-08-27,3181.335135268351
2020-08-28,3170.0196952632077
2020-08-31,3146.348559013797
2020-09-01,3164.739587736803
2020-09-02,3228.0364080547124
2020-09-03,3147.4950216804555
2020-09-04,3125.096337086377
2020-09-07,3125.507178230633
2020-09-08,3070.471277939137
2020-09-09,3110.968666601872
2020-09-10,3064.474416879533
2020-09-11,3077.370045405819
2020-09-14,3103.826333250327
2020-09-15,3125.6364406877824
2020-09-16,3127.7207852227275
2020-09-17,3107.1026139807286
2020-09-18,3076.0311177776243
2020-09-21,3056.4491196105355
2020-09-22,3080.17006776549
2020-09-23,3042.8447332487394
2020-09-24,3039.2454335901753
2020-09-25,3075.747123500663
2020-09-28,3118.6163109234008
2020-09-29,3089.405993202848
2020-09-30,3104.174787425876
2020-10-01,3117.259591847835
2020-10-02,3101.4207196399725
2020-10-05,3131.7979595627608
2020-10-06,3111.6307338435568
2020-10-07,3152.3431544955547
2020-10-08,3180.278249514089
2020-10-09,3187.7468430321087
2020-10-12,3228.296792466611
2020-10-13,3230.937264582941
2020-10-14,3214.1965491163965
2020-10-15,3205.548056979907
2020-10-16,3205.9716131454
2020-10-19,3164.047817810398
2020-10-20,3159.2483823710827
2020-10-21,3143.4592815618144
2020-10-22,3159.338760596811
2020-10-23,3168.1717236377735
2020-10-26,3124.929726474962
2020-10-27,3112.165677001389
2020-10-28,3042.5841937769433
2020-10-29,3081.077403328278
2020-10-30,3047.8497935400037
2020-11-02,3089.5549838958063
2020-11-03,3121.444226616054
2020-11-04,3187.470088153241
2020-11-05,3223.881037206331
2020-11-06,3218.244876224448
2020-11-09,3274.2950634392046
2020-11-10,3276.6616446190083
2020-11-11,3317.998250570568
2020-11-12,3283.2337572516126
2020-11-13,3305.902580678466
2020-11-16,3343.5283539381294
2020-11-17,3328.4555303768966
2020-11-18,3313.217758812841
2020-11-19,3324.7425386177943
2020-11-20,3316.628437668762
2020-11-23,3338.469106757281
2020-11-24,3371.325723718006
2020-11-25,3363.970703476946
2020-11-26,3367.9018841513275
2020-11-27,3368.486655368627
2020-11-30,3334.9883952376385
2020-12-01,3351.0464949841294
2020-12-02,3345.732320977997
2020-12-03,3335.4239942156323
2020-12-04,3364.9499143711323
2020-12-07,3363.5191600620533
2020-12-08,3376.0607377870374
2020-12-09,3369.046545217792
2020-12-10,3356.8747895087067
2020-12-11,3356.364089854249
2020-12-14,3346.244228635132
2020-12-15,3365.88716362003
2020-12-16,3373.3307945803554
2020-12-17,3383.112999216121
2020-12-18,3374.7866144242366
2020-12-21,3354.5488725848777
2020-12-22,3361.2229210414744
2020-12-23,3368.475758590044
2020-12-24,3375.875212762335
2020-12-25,3376.730495138965
2020-12-28,3386.308070259774
2020-12-29,3390.5742470435425
2020-12-30,3386.54973155885
2020-12-31,3409.683009651429
2021-01-01,3409.685249958905
2021-01-04,3381.543288140091
2021-01-05,3401.444391468702
2021-01-06,3415.7048207771113
2021-01-07,3463.166731946747
2021-01-08,3495.8881662109065
2021-01-11,3498.416248088947
2021-01-12,3502.232881355392
2021-01-13,3511.5880111401134
2021-01-14,3519.3847851055248
2021-01-15,3501.6259495608824
2021-01-18,3506.37200722738
2021-01-19,3519.7501298955985
2021-01-20,3565.4534125528353
2021-01-21,3558.720914319952
2021-01-22,3537.09484150778
2021-01-25,3557.559879011112
2021-01-26,3536.1876760942423
2021-01-27,3485.501076164389
2021-01-28,3487.7994414654186
2021-01-29,3419.1461732955377
2021-02-01,3488.508240449279
2021-02-02,3549.039590503326
2021-02-03,3564.2620390608017
2021-02-04,3594.9945363833267
2021-02-05,3601.9389226112407
2021-02-08,3621.7832487193396
2021-02-09,3613.378709409474
2021-02-10,3610.717289736769
2021-02-11,3619.4016723034265
2021-02-12,3637.008051032172
2021-02-15,3647.9007300693565
2021-02-16,3652.094410998399
2021-02-17,3665.962952028588
2021-02-18,3632.2675691688287
2021-02-19,3622.3839630594243
2021-02-22,3588.1196647839333
2021-02-23,3582.8754157343265
2021-02-24,3600.475362977382
2021-02-25,3526.281376411953
2021-02-26,3500.2949133087163
2021-03-01,3597.6379138574325
2021-03-02,3575.213358411212
2021-03-03,3547.0098680359647
2021-03-04,3507.292790563584
2021-03-05,3569.726672705712
2021-03-08,3566.9228765153957
2021-03-09,3607.7073951073035
2021-03-10,3621.6558231279564
2021-03-11,3649.574608820083
2021-03-12,3655.12864908688
2021-03-15,3675.7285018441567
2021-03-16,3687.9370210426628
2021-03-17,3686.9314818964635
2021-03-18,3655.3179068440318
2021-03-19,3648.6972419853287
2021-03-22,3656.8229068756837
2021-03-23,3645.670863657425
2021-03-24,3626.2541218869465
2021-03-25,3649.903435101883
2021-03-26,3695.899118242743
2021-03-29,3703.6369222914996
2021-03-30,3712.874081912319
2021-03-31,3711.695877893127
2021-04-01,3749.064294107703
2021-04-02,3752.153920050131
2021-04-05,3777.233477089801
2021-04-06,3771.1619457929414
2021-04-07,3754.6275041812596
2021-04-08,3774.128977097604
2021-04-09,3788.9234946588094
2021-04-12,3778.876182990899
2021-04-13,3785.8933140478666
2021-04-14,3772.167290674219
2021-04-15,3805.2486782326964
2021-04-16,3817.8350748194757
2021-04-19,3796.151614453458
2021-04-20,3754.963847091311
2021-04-21,3776.932719149758
2021-04-22,3770.379128680431
2021-04-23,3791.64133543795
2021-04-26,3794.8392095482127
2021-04-27,3790.6323761539575
2021-04-28,3788.628521064405
2021-04-29,3794.3734358773518
2021-04-30,3784.7037585955263
2021-05-03,3781.2466016551703
2021-05-04,3763.9000963675026
2021-05-05,3783.315875511353
2021-05-06,3791.304573240257
2021-05-07,3799.259469551179
2021-05-10,3772.736507046427
2021-05-11,3728.992582887779
2021-05-12,3692.6527115815716
2021-05-13,3703.6962598635855
2021-05-14,3743.145160272483
2021-05-17,3735.5359660299073
2021-05-18,3714.367482915114
2021-05-19,3693.818748099626
2021-05-20,3730.397493823123
2021-05-21,3739.3129547575522
2021-05-24,3755.469836427914
2021-05-25,3753.3131415010475
2021-05-26,3768.183364379513
2021-05-27,3775.4301968571854
2021-05-28,3793.7434480285206
2021-05-31,3781.126999564086
2021-06-01,3788.0705994533687
2021-06-02,3803.7741088915295
2021-06-03,3808.9356142709235
2021-06-04,3827.5580549968968
2021-06-07,3823.572730383665
2021-06-08,3823.618002751923
2021-06-09,3817.0134732529355
2021-06-10,3835.3994759241305
2021-06-11,3861.815040450647
2021-06-14,3866.449422619053
2021-06-15,3861.083229252255
2021-06-16,3850.945343531595
2021-06-17,3892.6742241458583
2021-06-18,3871.5392028919146
2021-06-21,3881.860123428365
2021-06-22,3906.3469927780293
2021-06-23,3892.199825185889
2021-06-24,3919.6801695598347
2021-06-25,3929.368142504712
2021-06-28,3938.4999405503404
2021-06-29,3944.241024767374
2021-06-30,3950.7094823567963
2021-07-01,3958.39327797549
2021-07-02,3982.9115111790934
2021-07-05,3980.2746344936895
2021-07-06,3980.109399046019
2021-07-07,3996.5521049691974
2021-07-08,3938.0908438693314
2021-07-09,3971.2183875990245
2021-07-12,3990.7190839204895
2021-07-13,3999.50557479539
2021-07-14,4000.330641151332
2021-07-15,3986.863548703752
2021-07-16,3965.013879299156
2021-07-19,3901.3026102394574
2021-07-20,3948.745561658894
2021-07-21,3976.3571068836513
2021-07-22,3991.331779567915
2021-07-23,4026.2429596913094
2021-07-26,4008.07595124479
2021-07-27,3978.7096111476117
2021-07-28,3994.1754455582613
2021-07-29,3999.2992034181216
2021-07-30,3978.1803369405065
2021-08-02,3984.6566030132853
2021-08-03,4009.4555938908734
2021-08-04,4009.8194536043666
2021-08-05,4030.1575258650882
2021-08-06,4049.730535300488
2021-08-09,4054.830639562002
2021-08-10,4068.8131805950175
2021-08-11,4073.3364429469
2021-08-12,4081.894998308176
2021-08-13,4066.828907436228
2021-08-16,4061.568089007595
2021-08-17,4054.90124184603
2021-08-18,4033.274639189314
2021-08-19,4015.3837472976466
2021-08-20,4032.370240041343
2021-08-23,4055.991894651739
2021-08-24,4071.9583978000624
2021-08-25,4081.5941137398786
2021-08-26,4059.062762954731
2021-08-27,4077.2900536124675
2021-08-30,4091.7979113473916
2021-08-31,4091.844075648268
2021-09-01,4088.459932984781
2021-09-02,4095.484192644922
2021-09-03,4094.9291425614556
2021-09-06,4111.5291735038045
2021-09-07,4105.669540844013
2021-09-08,4099.107797847361
2021-09-09,4079.4314239964015
2021-09-10,4060.8771449057467
2021-09-13,4071.3492138186425
2021-09-14,4054.0839915090182
2021-09-15,4065.1375638612803
2021-09-16,4073.823639670401
2021-09-17,4053.9488856942
2021-09-20,3991.994336479073
2021-09-21,3996.6685887883095
2021-09-22,4023.1805219317994
2021-09-23,4058.4077378003694
2021-09-24,4064.8263448531266
2021-09-27,4061.183136590097
2021-09-28,3994.997430655767
2021-09-29,4008.786976179113
2021-09-30,3992.8038754385584
2021-10-01,4007.28340864426
2021-10-04,3958.3754074090198
2021-10-05,3996.527504792867
2021-10-06,4011.1828782954212
2021-10-07,4051.209275469311
2021-10-08,4044.5233093840657
2021-10-11,4034.153968175604
2021-10-12,4029.4689100848736
2021-10-13,4039.497275201759
2021-10-14,4090.58758156215
2021-10-15,4121.0170561268005
2021-10-18,4127.343617776221
2021-10-19,4143.126795890107
2021-10-20,4158.4532783733885
2021-10-21,4161.912402982576
2021-10-22,4160.83790551361
2021-10-25,4185.04904301283
2021-10-26,4199.7495852317
2021-10-27,4175.841567199426
2021-10-28,4177.858055972679
2021-10-29,4206.267386592049
2021-11-01,4217.678440818761
2021-11-02,4227.3678429839265
2021-11-03,4244.794570562086
2021-11-04,4276.198201887491
2021-11-05,4280.5505157956195
2021-11-08,4275.276829526733
2021-11-09,4266.916164647717
2021-11-10,4261.226850069228
2021-11-11,4282.87500481316
2021-11-12,4319.990457296882
2021-11-15,4333.047257148615
2021-11-16,4368.2189963598985
2021-11-17,4370.492466595512
2021-11-18,4357.090550089226
2021-11-19,4359.369948346339
2021-11-22,4362.993468504398
2021-11-23,4347.958510258521
2021-11-24,4375.063115217637
2021-11-25,4375.504025416304
2021-11-26,4238.570417164515
2021-11-29,4284.058717341566
2021-11-30,4220.7826875311575
2021-12-01,4180.126267771105
2021-12-02,4218.118093510537
2021-12-03,4198.206951655381
2021-12-06,4236.486664672178
2021-12-07,4335.031559691164
2021-12-08,4318.435604271564
2021-12-09,4310.094888334717
2021-12-10,4318.553178232166
2021-12-13,4294.93854519466
2021-12-14,4263.508016902605
2021-12-15,4314.830613627847
2021-12-16,4288.019954493046
2021-12-17,4264.740364298888
2021-12-20,4202.017089992874
2021-12-21,4280.202927637412
2021-12-22,4297.104027816205
2021-12-23,4333.4962856929205
2021-12-24,4327.133520995055
2021-12-27,4368.740783366801
2021-12-28,4380.711405182061
2021-12-29,4362.641302711038
2021-12-30,4364.022478483618
2021-12-31,4344.997254303998
2022-01-03,4387.461471958951
2022-01-04,4389.255179320676
2022-01-05,4318.907277374575
2022-01-06,4310.450214474151
2022-01-07,4285.715606281443
2022-01-10,4284.332485293523
2022-01-11,4313.492680649906
2022-01-12,4317.535987671074
2022-01-13,4262.257212046469
2022-01-14,4259.467044617844
2022-01-17,4273.150684062687
2022-01-18,4228.662317662564
2022-01-19,4196.616692662539
2022-01-20,4182.7745765681975
2022-01-21,4109.797789428271
2022-01-24,4092.9384115149637
2022-01-25,4063.963475559706
2022-01-26,4066.472070214641
2022-01-27,4078.3194820711424
2022-01-28,4134.048660633076
2022-01-31,4189.105247981983
2022-02-01,4210.007188935215
2022-02-02,4224.653876627624
2022-02-03,4105.550440873862
2022-02-04,4111.893568913448
2022-02-07,4108.707286131572
2022-02-08,4139.378821530005
2022-02-09,4201.510618490127
2022-02-10,4147.29794313935
2022-02-11,4108.87412360581
2022-02-14,4103.820445698043
2022-02-15,4140.228168485308
2022-02-16,4150.974492863079
2022-02-17,4087.3436725227157
2022-02-18,4061.7788634232184
2022-02-21,4049.765289345343
2022-02-22,4013.914962163489
2022-02-23,3968.239143907741
2022-02-24,4022.816266489173
2022-02-25,4072.2494640254886
2022-02-28,4073.7896807667853
2022-03-01,4050.6867122568215
2022-03-02,4116.956543776409
2022-03-03,4094.210840036675
2022-03-04,4079.6957458390266
2022-03-07,3984.8343103311413
2022-03-08,3951.392342576622
2022-03-09,3993.3620634224712
2022-03-10,3995.2140563159064
2022-03-11,3967.7478415589394
2022-03-14,3932.9282897656344
2022-03-15,3973.8036740337434
2022-03-16,4076.618482339566
2022-03-17,4105.718606299772
2022-03-18,4165.86157571747
2022-03-21,4162.7170117461355
2022-03-22,4217.292897379907
2022-03-23,4194.9027492312225
2022-03-24,4227.34023042343
2022-03-25,4241.167360221172
2022-03-28,4262.590905388285
2022-03-29,4277.05144057396
2022-03-30,4243.144815366962
2022-03-31,4200.603327604392
2022-04-01,4240.909290937193
2022-04-04,4292.425175266132
2022-04-05,4272.8692386468265
2022-04-06,4228.086694117238
2022-04-07,4227.9507722322105
2022-04-08,4240.824911319807
2022-04-11,4174.91981447859
2022-04-12,4168.283037833016
2022-04-13,4214.774516145404
2022-04-14,4210.857364887226
2022-04-15,4207.712442570791
2022-04-18,4192.292189536022
2022-04-19,4231.143757566088
2022-04-20,4212.035562126726
2022-04-21,4171.683536495026
2022-04-22,4095.3001674399866
2022-04-25,4103.872374935342
2022-04-26,4039.772769398247
2022-04-27,4084.8332490911007
2022-04-28,4160.320193978873
2022-04-29,4071.622326153523
2022-05-02,4082.0263446464596
2022-05-03,4092.7006819223448
2022-05-04,4159.648942275334
2022-05-05,4059.2774487196775
2022-05-06,4001.0282464017628
2022-05-09,3896.4643798014617
2022-05-10,3896.1394506014203
2022-05-11,3864.8162530256427
2022-05-12,3889.644077853416
2022-05-13,3986.4235281006195
2022-05-16,3974.292099674858
2022-05-17,4003.190769123177
2022-05-18,3905.669276097959
2022-05-19,3854.413118352936
2022-05-20,3879.1278055879184
2022-05-23,3899.823875513359
2022-05-24,3844.2882634909747
2022-05-25,3888.464365514713
2022-05-26,3932.5646471886766
2022-05-27,4019.707830479894
2022-05-30,4017.691891285384
2022-05-31,4018.105253926003
2022-06-01,4004.91569786021
2022-06-02,4040.1477380999604
2022-06-03,3993.1466424507257
2022-06-06,4012.4142020978793
2022-06-07,4034.376330849978
2022-06-08,4002.091465736788
2022-06-09,3949.5437850240974
2022-06-10,3884.6774248486167
2022-06-13,3781.0632894976825
2022-06-14,3761.1746963487294
2022-06-15,3803.4450774699744
2022-06-16,3681.4687326618873
2022-06-17,3687.7486276176624
2022-06-20,3670.456978265963
2022-06-21,3730.5847285073696
2022-06-22,3702.2847062111
2022-06-23,3742.327365393487
2022-06-24,3835.8031445318798
2022-06-27,3828.43418989096
2022-06-28,3808.6764714919664
2022-06-29,3803.0023303109806
2022-06-30,3769.167316644671
2022-07-01,3806.9938004219835
2022-07-04,3805.8217756911954
2022-07-05,3854.849211167002
2022-07-06,3877.298442316354
2022-07-07,3948.7041194600833
2022-07-08,3951.852495327847
2022-07-11,3935.565543117066
2022-07-12,3918.0985748395865
2022-07-13,3883.6019135114725
2022-07-14,3892.7222571868856
2022-07-15,3924.3702516881667
2022-07-18,3886.2798976040513
2022-07-19,3948.2874800483482
2022-07-20,3985.6061319117753
2022-07-21,4022.260297668366
2022-07-22,3989.079852081268
2022-07-25,3993.505049118813
2022-07-26,3992.127317001041
2022-07-27,4066.1966963240848
2022-07-28,4102.416542943733
2022-07-29,4133.043748434657
2022-08-01,4105.895919348456
2022-08-02,4101.68943664936
2022-08-03,4167.595352944706
2022-08-04,4147.958347579501
2022-08-05,4157.530376161201
2022-08-08,4145.009506718095
2022-08-09,4122.330815641414
2022-08-10,4147.791588048884
2022-08-11,4158.858855789159
2022-08-12,4246.0563319720795
2022-08-15,4277.05228535932
2022-08-16,4285.200496786796
2022-08-17,4263.387664593262
2022-08-18,4280.326353445012
2022-08-19,4261.348832043093
2022-08-22,4218.397329878991
2022-08-23,4200.625760127552
2022-08-24,4204.060905773857
2022-08-25,4262.946180785375
2022-08-26,4146.853793202735
2022-08-29,4118.58538341637
2022-08-30,4082.7182374218296
2022-08-31,4031.6684218730443
2022-09-01,4049.8104999511265
2022-09-02,4004.477233527701
2022-09-05,4033.628835307504
2022-09-06,4022.4813816938604
2022-09-07,4041.516950406327
2022-09-08,4069.257145619336
2022-09-09,4105.336734333837
2022-09-12,4122.614405815873
2022-09-13,4031.7018616729156
2022-09-14,4029.6902473691202
2022-09-15,3993.5886965704444
2022-09-16,3942.961646179712
2022-09-19,3962.8451227892942
2022-09-20,3935.9835657304056
2022-09-21,3923.826171243858
2022-09-22,3906.7352400154496
2022-09-23,3871.247015750132
2022-09-26,3844.2039164306775
2022-09-27,3850.2958435456853
2022-09-28,3890.0138051754166
2022-09-29,3783.772005984986
2022-09-30,3739.92542299842
2022-10-03,3806.2799734719442
2022-10-04,3874.3430722259127
2022-10-05,3905.4047606371164
2022-10-06,3881.304587032702
2022-10-07,3811.4527219530846
2022-10-10,3806.2967889805877
2022-10-11,3767.2594800226584
2022-10-12,3758.163252248503
2022-10-13,3810.495309710549
2022-10-14,3750.0359880325914
2022-10-17,3805.0404323153275
2022-10-18,3834.487910027586
2022-10-19,3825.7088422650786
2022-10-20,3790.028448651794
2022-10-21,3855.5792799019982
2022-10-24,3853.3031448606885
2022-10-25,3888.0405098527485
2022-10-26,3854.171984559757
2022-10-27,3860.070521784049
2022-10-28,3924.617211813791
2022-10-31,3932.9457903172424
2022-11-01,3944.2483737001085
2022-11-02,3881.6592649573813
2022-11-03,3875.8491748267456
2022-11-04,3888.878133774647
2022-11-07,3890.6452285291034
2022-11-08,3895.462897455034
2022-11-09,3847.9210436873013
2022-11-10,3959.8777229576785
2022-11-11,3974.4936122323456
2022-11-14,3948.113463129856
2022-11-15,3976.9375650834363
2022-11-16,3932.23993911166
2022-11-17,3936.33455119893
2022-11-18,3947.0731610389603
2022-11-21,3964.0809006279255
2022-11-22,3992.994545749637
2022-11-23,3990.2442802451387
2022-11-24,3993.829935808038
2022-11-25,3989.8149608960484
2022-11-28,3941.105252758612
2022-11-29,3959.9015526759076
2022-11-30,4069.633613591137
2022-12-01,4025.606147955954
2022-12-02,4018.405837385707
2022-12-05,3954.398580228523
2022-12-06,3914.2793674370105
2022-12-07,3897.426606096149
2022-12-08,3907.832502500934
2022-12-09,3904.4945159117347
2022-12-12,3932.551984239589
2022-12-13,3931.954054146176
2022-12-14,3919.0638900713484
2022-12-15,3823.5884672131333
2022-12-16,3795.0859374820766
2022-12-19,3780.9824281549745
2022-12-20,3766.0808978202544
2022-12-21,3821.549012152427
2022-12-22,3790.3288643405467
2022-12-23,3796.2026295846267
2022-12-26,3796.5382403607496
2022-12-27,3778.701953054202
2022-12-28,3756.739327355505
2022-12-29,3787.2516845186246
2022-12-30,3772.7681193853073
2023-01-02,3778.4592477811448
2023-01-03,3815.0009931907775
2023-01-04,3834.5825452601216
2023-01-05,3830.5138784573405
2023-01-06,3875.8202644397575
2023-01-09,3853.527855658779
2023-01-10,3869.148254987593
2023-01-11,3899.704432276946
2023-01-12,3906.5337226673473
2023-01-13,3923.072895534095
2023-01-16,3925.641116865851
2023-01-17,3933.1714503646385
2023-01-18,3893.2829998163575
2023-01-19,3871.4930209712475
2023-01-20,3912.2746416018144
2023-01-23,3939.1809180829778
2023-01-24,3937.2424243166624
2023-01-25,3930.2058011606036
2023-01-26,3979.7242335764595
2023-01-27,3996.0175912549726
2023-01-30,3948.027904125605
2023-01-31,3979.4107876817657
2023-02-01,3994.442191615197
2023-02-02,4037.538957656622
2023-02-03,4029.9379199368127
2023-02-06,4032.089631585479
2023-02-07,4082.5758762694436
2023-02-08,4047.8619617995955
2023-02-09,4020.991590732339
2023-02-10,4040.3136776933925
2023-02-13,4059.013099929624
2023-02-14,4063.0707961481307
2023-02-15,4078.9064300650994
2023-02-16,4050.658429050211
2023-02-17,4035.632606898152
2023-02-20,4033.8455842255134
2023-02-21,3974.9343755500972
2023-02-22,3978.413816337468
2023-02-23,4002.1433680014215
2023-02-24,3975.552596991262
2023-02-27,3971.2658946220017
2023-02-28,3959.5209114891377
2023-03-01,3933.2906759632638
2023-03-02,3972.192833957908
2023-03-03,4030.250944358793
2023-03-06,4010.4666814156226
2023-03-07,3990.8867986149885
2023-03-08,3999.6189843535562
2023-03-09,3945.6873216217896
2023-03-10,3852.4190038456795
2023-03-13,3822.0921219446996
2023-03-14,3859.1975144407056
2023-03-15,3881.9761687312143
2023-03-16,3901.2051509085486
2023-03-17,3867.6496698439046
2023-03-20,3865.7401303034644
2023-03-21,3895.8496062055196
2023-03-22,3859.064900629915
2023-03-23,3845.4480122488935
2023-03-24,3883.879079356536
2023-03-27,3886.314818141562
2023-03-28,3873.891450679749
2023-03-29,3923.6791609730803
2023-03-30,3925.6588014128006
2023-03-31,3985.2040045024437
2023-04-03,3991.82532309634
2023-04-04,3953.211212438049
2023-04-05,3957.8462834660854
2023-04-06,3960.2238362045478
2023-04-07,3961.755692280339
2023-04-10,3987.8211488383995
2023-04-11,3978.350912109695
2023-04-12,3951.5941813064346
2023-04-13,3971.168267204872
2023-04-14,3982.948021879106
2023-04-17,4020.1616012175223
2023-04-18,4012.8817611533873
2023-04-19,4007.0291760379373
2023-04-20,3985.877828932053
2023-04-21,3984.4867690793512
2023-04-24,3967.9929252044444
2023-04-25,3934.1409788567985
2023-04-26,3899.2056429015697
2023-04-27,3958.8666984328133
2023-04-28,3976.6779775602768
2023-05-01,3995.1238233180356
2023-05-02,3955.3694830242835
2023-05-03,3918.7585384389226
2023-05-04,3918.8370959416507
2023-05-05,3974.3852728334446
2023-05-08,3981.838061646271
2023-05-09,3985.0765321180647
2023-05-10,3987.294185888967
2023-05-11,3997.2675297115516
2023-05-12,4009.332321924166
2023-05-15,4023.8678776875386
2023-05-16,4002.5585779091534
2023-05-17,4043.086029326132
2023-05-18,4089.623593408656
2023-05-19,4086.091232154124
2023-05-22,4088.5655433834986
2023-05-23,4056.7146299188935
2023-05-24,4022.7100897782693
2023-05-25,4042.918252728737
2023-05-26,4095.856664056468
2023-05-29,4097.142833793618
2023-05-30,4083.8742078695177
2023-05-31,4071.5125839900643
2023-06-01,4087.3394633700614
2023-06-02,4154.696919126455
2023-06-05,4157.370319539935
2023-06-06,4176.5213105109215
2023-06-07,4157.738468706546
2023-06-08,4153.970468351039
2023-06-09,4167.850299364807
2023-06-12,4198.474115584302
2023-06-13,4212.466003534829
2023-06-14,4206.108277152428
2023-06-15,4223.365392096399
2023-06-16,4215.028107901989
2023-06-19,4203.440627083145
2023-06-20,4187.615319803031
2023-06-21,4148.273593927531
2023-06-22,4149.218783029028
2023-06-23,4138.757692112463
2023-06-26,4117.905558192528
2023-06-27,4138.63229773443
2023-06-28,4160.483754127815
2023-06-29,4175.3806020882785
2023-06-30,4210.28823878163
2023-07-03,4225.458487496219
2023-07-04,4228.425980493625
2023-07-05,4222.350002048195
2023-07-06,4171.070024541639
2023-07-07,4138.678353568072
2023-07-10,4137.780074162178
2023-07-11,4166.22172872713
2023-07-12,4165.291470019724
2023-07-13,4185.734806376856
2023-07-14,4168.758761171556
2023-07-17,4176.852198170903
2023-07-18,4198.561106102881
2023-07-19,4221.22853311721
2023-07-20,4213.808549148531
2023-07-21,4224.66612124681
2023-07-24,4248.305860406907
2023-07-25,4280.58747758438
2023-07-26,4271.91556871236
2023-07-27,4288.832505185741
2023-07-28,4305.597195945748
2023-07-31,4319.136213781322
2023-08-01,4315.64084283121
2023-08-02,4264.988276839911
2023-08-03,4248.4084824103265
2023-08-04,4209.821305621381
2023-08-07,4238.374869472604
2023-08-08,4234.782087132538
2023-08-09,4207.566765396499
2023-08-10,4206.281083123915
2023-08-11,4204.595376894358
2023-08-14,4231.316380756293
2023-08-15,4179.140010969459
2023-08-16,4160.021177901547
2023-08-17,4136.0559260542595
2023-08-18,4132.611576344535
2023-08-21,4141.639634153083
2023-08-22,4157.137576984401
2023-08-23,4197.096519643045
2023-08-24,4164.75188531473
2023-08-25,4194.460092732064
2023-08-28,4215.026312511347
2023-08-29,4262.123628182568
2023-08-30,4244.641225206422
2023-08-31,4264.370818087815
2023-09-01,4289.022486819965
2023-09-04,4303.001716839788
2023-09-05,4307.541271232541
2023-09-06,4282.565415058488
2023-09-07,4268.952149685736
2023-09-08,4266.814313989343
2023-09-11,4282.911894480321
2023-09-12,4277.74260421842
2023-09-13,4268.62969729715
2023-09-14,4336.214409571292
2023-09-15,4308.41553316524
2023-09-18,4294.508117055179
2023-09-19,4281.378023242764
2023-09-20,4249.21004752812
2023-09-21,4200.076175582698
2023-09-22,4196.559361997662
2023-09-25,4225.337859957398
2023-09-26,4171.64387571368
2023-09-27,4195.423268979622
2023-09-28,4196.2361843827
2023-09-29,4186.658900683823
2023-10-02,4202.70653466698
2023-10-03,4153.199753244438
2023-10-04,4156.721153852978
2023-10-05,4150.450557413951
2023-10-06,4189.134327247437
2023-10-09,4204.113177447452
2023-10-10,4226.06467699142
2023-10-11,4236.631967210091
2023-10-12,4246.517784745394
2023-10-13,4232.710504082711
2023-10-16,4242.945338702434
2023-10-17,4238.58449576922
2023-10-18,4201.319887401918
2023-10-19,4147.267673350585
2023-10-20,4093.009865796624
2023-10-23,4068.6564287551287
2023-10-24,4102.054803073161
2023-10-25,4067.870139831988
2023-10-26,4039.2041091821493
2023-10-27,4016.995220067204
2023-10-30,4036.63907709964
2023-10-31,4067.479059251413
2023-11-01,4119.53058870507
2023-11-02,4167.770591602797
2023-11-03,4172.258426849115
2023-11-06,4184.567522283747
2023-11-07,4201.243410829877
2023-11-08,4192.73343094251
2023-11-09,4176.896968506816
2023-11-10,4219.841475328594
2023-11-13,4218.967754945828
2023-11-14,4242.164518733118
2023-11-15,4257.391510821605
2023-11-16,4249.880157514506
2023-11-17,4259.301331067459
2023-11-20,4269.287619982739
2023-11-21,4266.045207826672
2023-11-22,4296.989700741264
2023-11-23,4287.379714041372
2023-11-24,4280.551453776873
2023-11-27,4272.7607612351785
2023-11-28,4263.202371608596
2023-11-29,4265.899828899745
2023-11-30,4305.757381295235
2023-12-01,4355.242292634094
2023-12-04,4342.83884177826
2023-12-05,4338.100601676494
2023-12-06,4342.0779306209215
2023-12-07,4364.386759969572
2023-12-08,4386.039290037929
2023-12-11,4406.874975909945
2023-12-12,4408.468770278863
2023-12-13,4445.52019123833
2023-12-14,4408.839318654798
2023-12-15,4440.1121392705245
2023-12-18,4445.728065233345
2023-12-19,4445.64297570406
2023-12-20,4411.646278111204
2023-12-21,4435.134565241879
2023-12-22,4431.936177220448
2023-12-25,4432.68935457785
2023-12-26,4442.220044554334
2023-12-27,4432.920210412757
2023-12-28,4441.900556657261
2023-12-29,4454.796739050295
2024-01-01,4455.229546376707
2024-01-02,4463.049030883224
2024-01-03,4434.2041724461615
2024-01-04,4412.0431410851525
2024-01-05,4409.793978014569
2024-01-08,4453.44016975166
2024-01-09,4465.046961812092
2024-01-10,4461.446527293192
2024-01-11,4467.151553217317
2024-01-12,4473.5469842317625
2024-01-15,4474.372886736655
2024-01-16,4473.314199078139
2024-01-17,4442.288241366587
2024-01-18,4472.975730955675
2024-01-19,4505.560991107539
2024-01-22,4519.475047364273
2024-01-23,4548.1298937135425
2024-01-24,4540.778207729107
2024-01-25,4585.237651502304
2024-01-26,4575.310255201931
2024-01-29,4629.752997288868
2024-01-30,4610.4316896602495
2024-01-31,4555.334779761352
2024-02-01,4600.628865564552
2024-02-02,4641.727964697129
2024-02-05,4654.266076244356
2024-02-06,4667.95807380947
2024-02-07,4690.0650057372195
2024-02-08,4687.8777468406
2024-02-09,4696.789079115673
2024-02-12,4705.643923694701
2024-02-13,4673.953691606667
2024-02-14,4706.953235378158
2024-02-15,4725.42267976124
2024-02-16,4719.01559250984
2024-02-19,4722.906573853587
2024-02-20,4683.218247611949
2024-02-21,4689.817560670188
2024-02-22,4767.051078944257
2024-02-23,4767.128688734657
2024-02-26,4741.660323132756
2024-02-27,4752.77634263051
2024-02-28,4744.004340608958
2024-02-29,4770.112148235093
2024-03-01,4799.9583589649965
2024-03-04,4787.687345328027
2024-03-05,4747.731871421359
2024-03-06,4760.711704607928
2024-03-07,4798.139710093027
2024-03-08,4773.841503581148
2024-03-11,4772.427659069828
