Date,ACWI ex GERMANY
2015-12-11,2103.9612670079196
2015-12-14,2092.046477096949
2015-12-15,2130.7558196044715
2015-12-16,2155.65224005623
2015-12-17,2162.4285019560693
2015-12-18,2132.5843406200875
2015-12-21,2125.497942601186
2015-12-22,2130.198054107126
2015-12-23,2174.5636818255107
2015-12-24,2161.682127258968
2015-12-25,2160.9020246677355
2015-12-28,2154.3676967634756
2015-12-29,2185.320354498479
2015-12-30,2171.282257179172
2015-12-31,2165.8978822514937
2016-01-01,2165.9179269810816
2016-01-04,2134.9003549602066
2016-01-05,2151.845248528543
2016-01-06,2119.308575850634
2016-01-07,2057.186375479169
2016-01-08,2026.2368888720284
2016-01-11,2027.1032503932352
2016-01-12,2036.416489188159
2016-01-13,2012.639326871327
2016-01-14,2019.754746163793
2016-01-15,1962.4276867500357
2016-01-18,1966.8708231672204
2016-01-19,1972.4167518176223
2016-01-20,1933.917204332101
2016-01-21,1952.7216684552498
2016-01-22,2004.749137538175
2016-01-25,1985.7887266297535
2016-01-26,1997.9200154705643
2016-01-27,1990.3407643877617
2016-01-28,1982.3648346919276
2016-01-29,2045.3025139271665
2016-02-01,2036.9852110354998
2016-02-02,1999.5230495032636
2016-02-03,1973.3191121626187
2016-02-04,1966.05045887917
2016-02-05,1942.0122814528804
2016-02-08,1911.9559564857009
2016-02-09,1871.7211267720165
2016-02-10,1888.9677696230883
2016-02-11,1840.0468711461244
2016-02-12,1875.7431948058238
2016-02-15,1916.303499390521
2016-02-16,1937.3057768793688
2016-02-17,1967.9286791960876
2016-02-18,1976.0401218920092
2016-02-19,1967.6371176311793
2016-02-22,2007.1165786625804
2016-02-23,1986.8690557702844
2016-02-24,1979.5840496020844
2016-02-25,1999.8654018912719
2016-02-26,2020.9051839631798
2016-02-29,2024.0185685798117
2016-03-01,2061.487382540873
2016-03-02,2087.6323104944154
2016-03-03,2083.2944481569866
2016-03-04,2082.8741163991367
2016-03-07,2088.5438308682988
2016-03-08,2057.0736955155776
2016-03-09,2070.994209403284
2016-03-10,2045.824007875254
2016-03-11,2078.7812514850525
2016-03-14,2090.151592539196
2016-03-15,2076.2767993491525
2016-03-16,2086.195427235858
2016-03-17,2072.975359142249
2016-03-18,2083.125834822875
2016-03-21,2087.7996927145628
2016-03-22,2094.2630854419176
2016-03-23,2087.200593334237
2016-03-24,2077.863773499703
2016-03-25,2079.3005610734767
2016-03-28,2074.2963050809685
2016-03-29,2091.5039729456525
2016-03-30,2083.2561252271867
2016-03-31,2071.430558657768
2016-04-01,2070.176943635534
2016-04-04,2064.2325308832674
2016-04-05,2037.473725363413
2016-04-06,2053.9660575726643
2016-04-07,2040.054150950483
2016-04-08,2049.0445193994155
2016-04-11,2044.2498989567673
2016-04-12,2072.2456648415896
2016-04-13,2117.519491542337
2016-04-14,2128.515847428921
2016-04-15,2120.7306746650834
2016-04-18,2119.3184673045876
2016-04-19,2131.8015155296225
2016-04-20,2141.178426151522
2016-04-21,2145.699999545888
2016-04-22,2148.5385117114433
2016-04-25,2137.9169823668244
2016-04-26,2135.1090615751327
2016-04-27,2135.085498572616
2016-04-28,2124.7355083985003
2016-04-29,2091.613589273697
2016-05-02,2084.672266429593
2016-05-03,2061.8891412081716
2016-05-04,2048.580348343557
2016-05-05,2062.010783094865
2016-05-06,2059.0581688919397
2016-05-09,2061.7155804055255
2016-05-10,2086.249781110201
2016-05-11,2069.964867551295
2016-05-12,2072.410892662661
2016-05-13,2072.8424562502328
2016-05-16,2082.092667008277
2016-05-17,2075.1368709808175
2016-05-18,2083.2085779060603
2016-05-19,2079.5486142879204
2016-05-20,2092.905381004517
2016-05-23,2092.3078767118154
2016-05-24,2120.7499674373767
2016-05-25,2143.656548498537
2016-05-26,2140.3402034406386
2016-05-27,2157.1881754208175
2016-05-30,2156.4559454566997
2016-05-31,2155.375688215048
2016-06-01,2145.8359121709923
2016-06-02,2150.3685560071867
2016-06-03,2124.841552433967
2016-06-06,2129.3770083255604
2016-06-07,2143.4215910509583
2016-06-08,2144.153003170762
2016-06-09,2144.6421281835505
2016-06-10,2120.627206202308
2016-06-13,2094.5158557012323
2016-06-14,2093.0894934342746
2016-06-15,2093.2287142092755
2016-06-16,2101.9465092065157
2016-06-17,2092.7016203455983
2016-06-20,2111.258016767298
2016-06-21,2130.4696118966335
2016-06-22,2128.3076236248467
2016-06-23,2143.6252476855866
2016-06-24,2087.1569328788164
2016-06-27,2068.6648963825814
2016-06-28,2089.6094146701394
2016-06-29,2125.746160146744
2016-06-30,2150.1326714093548
2016-07-01,2155.015709383923
2016-07-04,2156.327824665739
2016-07-05,2141.6425641344003
2016-07-06,2141.2180131508185
2016-07-07,2146.892208611511
2016-07-08,2175.8784910917043
2016-07-11,2194.103221245528
2016-07-12,2208.141102822061
2016-07-13,2206.548630056094
2016-07-14,2218.840999248417
2016-07-15,2223.2820750605565
2016-07-18,2229.024886437805
2016-07-19,2233.996030632752
2016-07-20,2244.6859526775634
2016-07-21,2244.9033346536585
2016-07-22,2250.654762997766
2016-07-25,2247.3711277324423
2016-07-26,2247.8584283838068
2016-07-27,2247.843405995407
2016-07-28,2230.6025011403976
2016-07-29,2226.209509054519
2016-08-01,2226.1248377434426
2016-08-02,2201.8494938024483
2016-08-03,2206.308686975217
2016-08-04,2220.773453423755
2016-08-05,2247.440695521835
2016-08-08,2253.023729655575
2016-08-09,2255.154639884686
2016-08-10,2244.7451411647153
2016-08-11,2252.9922164679583
2016-08-12,2254.332327135981
2016-08-15,2256.1113478758325
2016-08-16,2233.665043849164
2016-08-17,2230.9933780885826
2016-08-18,2228.0790519482716
2016-08-19,2221.774927276464
2016-08-22,2220.3426412148383
2016-08-23,2229.030742168132
2016-08-24,2232.359175235476
2016-08-25,2222.089736895904
2016-08-26,2221.546577153741
2016-08-29,2243.258768831421
2016-08-30,2244.4603942621093
2016-08-31,2241.5970492202086
2016-09-01,2234.7105666424045
2016-09-02,2255.8247526817545
2016-09-05,2265.6072732112457
2016-09-06,2260.164434562083
2016-09-07,2261.9165973852487
2016-09-08,2252.736657391834
2016-09-09,2218.108403063812
2016-09-12,2221.027401585404
2016-09-13,2191.3253341800414
2016-09-14,2187.279164536765
2016-09-15,2203.607964295681
2016-09-16,2209.821718496984
2016-09-19,2216.7575911285894
2016-09-20,2219.699423122749
2016-09-21,2249.8384740907877
2016-09-22,2254.2884579716333
2016-09-23,2245.209810963235
2016-09-26,2215.922311271142
2016-09-27,2238.1844561993703
2016-09-28,2247.742846089245
2016-09-29,2233.434184804722
2016-09-30,2235.316659280932
2016-10-03,2238.46505494
2016-10-04,2245.392173927049
2016-10-05,2241.2253264947763
2016-10-06,2245.156255541748
2016-10-07,2236.3250657132153
2016-10-10,2248.8486248965933
2016-10-11,2243.165488905697
2016-10-12,2246.677507883722
2016-10-13,2232.9982813226015
2016-10-14,2244.387748662557
2016-10-17,2239.536142009462
2016-10-18,2262.638167447053
2016-10-19,2272.2906525463422
2016-10-20,2277.881700066821
2016-10-21,2285.59856898284
2016-10-24,2290.761907493722
2016-10-25,2290.0478052398744
2016-10-26,2274.058843773922
2016-10-27,2266.004043399753
2016-10-28,2258.9604219325315
2016-10-31,2252.5724429000775
2016-11-01,2227.2250042419437
2016-11-02,2196.0354672879125
2016-11-03,2192.996562204886
2016-11-04,2178.1331306799243
2016-11-07,2230.0340255669876
2016-11-08,2237.448047549912
2016-11-09,2256.9269690697515
2016-11-10,2276.801136958965
2016-11-11,2268.781448712806
2016-11-14,2289.0913857193286
2016-11-15,2300.4433535071585
2016-11-16,2310.532129617347
2016-11-17,2321.351985057981
2016-11-18,2331.1741421655624
2016-11-21,2337.6580604673577
2016-11-22,2351.1970938276163
2016-11-23,2360.166749369999
2016-11-24,2356.220042563308
2016-11-25,2357.414778971014
2016-11-28,2355.1451362852813
2016-11-29,2348.8533523300525
2016-11-30,2348.657057465651
2016-12-01,2342.9891445854
2016-12-02,2330.8434323494635
2016-12-05,2327.222047166575
2016-12-06,2339.101789360999
2016-12-07,2359.361740718097
2016-12-08,2401.7010021714323
2016-12-09,2427.6368276432167
2016-12-12,2409.4585087823316
2016-12-13,2420.258569811157
2016-12-14,2403.497173261465
2016-12-15,2443.3218912362436
2016-12-16,2444.0424459579226
2016-12-19,2440.9217688665503
2016-12-20,2458.5447441482374
2016-12-21,2443.4707769526467
2016-12-22,2432.5771266805764
2016-12-23,2432.960732450782
2016-12-26,2432.369715712456
2016-12-27,2436.4382279837732
2016-12-28,2441.8463621717783
2016-12-29,2424.699412519353
2016-12-30,2409.7847178334205
2017-01-02,2411.2552563244585
2017-01-03,2458.8784645135765
2017-01-04,2458.3673350859526
2017-01-05,2442.294929243702
2017-01-06,2448.661529103142
2017-01-09,2445.484424052648
2017-01-10,2442.331464982292
2017-01-11,2470.1228029763042
2017-01-12,2436.307327235007
2017-01-13,2448.200426660406
2017-01-16,2445.679399917633
2017-01-17,2425.546904035121
2017-01-18,2429.7457158414772
2017-01-19,2435.981840929483
2017-01-20,2428.068730584141
2017-01-23,2413.8148048386493
2017-01-24,2424.8932864329945
2017-01-25,2446.703780366195
2017-01-26,2462.627898243853
2017-01-27,2453.4214735451224
2017-01-30,2442.7910536241116
2017-01-31,2415.9458140873753
2017-02-01,2428.9172428722554
2017-02-02,2421.0813665585056
2017-02-03,2439.0999350073134
2017-02-06,2443.675954010988
2017-02-07,2453.7288163927474
2017-02-08,2456.168651665193
2017-02-09,2473.6869768043175
2017-02-10,2493.8223322083927
2017-02-13,2510.333318767193
2017-02-14,2520.7337404087093
2017-02-15,2533.3503233955817
2017-02-16,2515.3099093036367
2017-02-17,2523.4138950723714
2017-02-20,2526.8918273744775
2017-02-21,2555.6189816282044
2017-02-22,2554.740376458876
2017-02-23,2547.7276183743706
2017-02-24,2546.4371461539054
2017-02-27,2535.7798574497856
2017-02-28,2527.680747423325
2017-03-01,2566.9408119313293
2017-03-02,2564.6852948132114
2017-03-03,2554.521631041881
2017-03-06,2543.0303053768544
2017-03-07,2541.559279931206
2017-03-08,2540.117637992337
2017-03-09,2532.019320561721
2017-03-10,2527.1693798722263
2017-03-13,2533.2149913538656
2017-03-14,2530.7346458478405
2017-03-15,2549.479239302962
2017-03-16,2541.9557180464553
2017-03-17,2540.2079728500134
2017-03-20,2536.546514784956
2017-03-21,2506.2059377472024
2017-03-22,2502.252361774505
2017-03-23,2508.152688848998
2017-03-24,2505.0418015597706
2017-03-27,2484.974040576631
2017-03-28,2506.40122589352
2017-03-29,2534.07893840206
2017-03-30,2541.1575633250127
2017-03-31,2539.5080531094063
2017-04-03,2546.5794295672727
2017-04-04,2545.333110863524
2017-04-05,2542.0261187984656
2017-04-06,2542.9394877170457
2017-04-07,2551.1028246446735
2017-04-10,2556.6745997056532
2017-04-11,2550.2673207509506
2017-04-12,2547.1973845245366
2017-04-13,2535.129956140828
2017-04-14,2533.3294584719783
2017-04-17,2542.098642303926
2017-04-18,2521.957534344533
2017-04-19,2513.88094496427
2017-04-20,2517.614870178177
2017-04-21,2531.929444995579
2017-04-24,2527.301553676888
2017-04-25,2528.203653302593
2017-04-26,2540.622832716173
2017-04-27,2541.329661207975
2017-04-28,2531.9951141281936
2017-05-01,2531.047049641066
2017-05-02,2541.9364431470317
2017-05-03,2536.1003607085604
2017-05-04,2529.162770192975
2017-05-05,2531.1589684738437
2017-05-08,2547.967721374511
2017-05-09,2554.4971766806116
2017-05-10,2564.7763891368386
2017-05-11,2562.056326278199
2017-05-12,2551.339198500345
2017-05-15,2551.303977376874
2017-05-16,2534.094057674845
2017-05-17,2490.33984114648
2017-05-18,2488.006190683817
2017-05-19,2490.764489109662
2017-05-22,2493.4392472250793
2017-05-23,2500.011000020335
2017-05-24,2512.273064117946
2017-05-25,2516.7756918895584
2017-05-26,2521.692015026739
2017-05-29,2522.090313764587
2017-05-30,2519.3520628162314
2017-05-31,2504.3532661424865
2017-06-01,2523.5209435515812
2017-06-02,2527.64700807478
2017-06-05,2529.5720652740843
2017-06-06,2520.1743742950603
2017-06-07,2522.425182109983
2017-06-08,2529.501006040545
2017-06-09,2535.7893098023433
2017-06-12,2524.923489861195
2017-06-13,2536.174402409791
2017-06-14,2522.625060327074
2017-06-15,2533.7458576349327
2017-06-16,2529.9710426569536
2017-06-19,2555.2372084739873
2017-06-20,2547.4162715231028
2017-06-21,2540.2045720900255
2017-06-22,2539.5872682254935
2017-06-23,2535.095342074149
2017-06-26,2539.9568831991655
2017-06-27,2508.515187045785
2017-06-28,2507.3243121543087
2017-06-29,2480.8875335195853
2017-06-30,2481.547664308248
2017-07-03,2495.315555951895
2017-07-04,2495.213351066563
2017-07-05,2502.941594676176
2017-07-06,2472.2674904908995
2017-07-07,2479.4519391720983
2017-07-10,2486.295144245132
2017-07-11,2480.419920174942
2017-07-12,2502.967541015585
2017-07-13,2514.4929630413026
2017-07-14,2519.662669108857
2017-07-17,2516.550147639751
2017-07-18,2494.556384562424
2017-07-19,2521.0701214462097
2017-07-20,2500.685728252243
2017-07-21,2491.893897856985
2017-07-24,2491.7814714884294
2017-07-25,2493.365514043607
2017-07-26,2501.739199973635
2017-07-27,2498.390647426306
2017-07-28,2475.685614560421
2017-07-31,2468.4599187535164
2017-08-01,2474.772578018353
2017-08-02,2465.465532601426
2017-08-03,2457.953199076049
2017-08-04,2484.4427790113864
2017-08-07,2481.997325762635
2017-08-08,2489.8527234227136
2017-08-09,2481.42712243931
2017-08-10,2453.524766307115
2017-08-11,2438.0768668394503
2017-08-14,2459.008273742349
2017-08-15,2469.117072454037
2017-08-16,2479.97081962941
2017-08-17,2452.60818846967
2017-08-18,2443.382943591685
2017-08-21,2432.981224177287
2017-08-22,2460.814012738762
2017-08-23,2447.815494579706
2017-08-24,2449.091253252461
2017-08-25,2441.458281736449
2017-08-28,2426.0775089402696
2017-08-29,2410.3075845891594
2017-08-30,2437.9709128929285
2017-08-31,2457.3948627995715
2017-09-01,2467.04987970225
2017-09-04,2455.3339008973203
2017-09-05,2443.581127554216
2017-09-06,2444.520496173049
2017-09-07,2437.949346995553
2017-09-08,2435.4396623182615
2017-09-11,2464.1177348030305
2017-09-12,2478.279148576075
2017-09-13,2483.643461393313
2017-09-14,2489.919013659518
2017-09-15,2476.1438225610655
2017-09-18,2484.1231470076605
2017-09-19,2484.2361823094257
2017-09-20,2484.247677679422
2017-09-21,2489.365861096325
2017-09-22,2482.64848022253
2017-09-25,2494.264684070676
2017-09-26,2507.5930490195487
2017-09-27,2521.488501294414
2017-09-28,2512.903401802609
2017-09-29,2516.1823926083175
2017-10-02,2539.961418416448
2017-10-03,2545.5377422151732
2017-10-04,2546.5276781064986
2017-10-05,2563.6686511829203
2017-10-06,2557.6812531063333
2017-10-09,2554.666095089804
2017-10-10,2550.2765944760813
2017-10-11,2548.8805983195743
2017-10-12,2548.572223852859
2017-10-13,2557.1019484456347
2017-10-16,2569.3618859990665
2017-10-17,2575.0898603350006
2017-10-18,2573.183458319882
2017-10-19,2556.9508324359986
2017-10-20,2575.3726502618997
2017-10-23,2577.5286279219963
2017-10-24,2574.558856852282
2017-10-25,2554.992899683982
2017-10-26,2578.868089892129
2017-10-27,2617.2297160856015
2017-10-30,2608.2732429620887
2017-10-31,2606.9298949492104
2017-11-01,2621.0720826027186
2017-11-02,2610.1046940149085
2017-11-03,2625.2483404942855
2017-11-06,2635.730965531996
2017-11-07,2639.543975250337
2017-11-08,2642.0152012080907
2017-11-09,2624.529205109287
2017-11-10,2612.5649271981815
2017-11-13,2606.0859649409676
2017-11-14,2580.1670905801
2017-11-15,2555.826707316553
2017-11-16,2583.348494404192
2017-11-17,2581.618492237893
2017-11-20,2591.740633217967
2017-11-21,2613.7719195954132
2017-11-22,2605.8271065231393
2017-11-23,2595.8038067204884
2017-11-24,2581.955203421636
2017-11-27,2579.5580682740083
2017-11-28,2603.629480729848
2017-11-29,2605.8016864921574
2017-11-30,2596.955927168605
2017-12-01,2600.4644081919746
2017-12-04,2605.38138693957
2017-12-05,2601.2158569369603
2017-12-06,2600.3498776596734
2017-12-07,2606.0876822146543
2017-12-08,2628.707953855614
2017-12-11,2630.386823584376
2017-12-12,2645.7718085902375
2017-12-13,2642.543945397757
2017-12-14,2631.737186927266
2017-12-15,2642.410205565292
2017-12-18,2654.9503382546427
2017-12-19,2647.772839423423
2017-12-20,2631.4435501503435
2017-12-21,2643.0035570182445
2017-12-22,2649.802373730544
2017-12-25,2650.211743355802
2017-12-26,2641.7472787934084
2017-12-27,2641.988177051791
2017-12-28,2639.634476114767
2017-12-29,2621.635833492191
2018-01-01,2621.4100074310713
2018-01-02,2633.326613109756
2018-01-03,2650.0858319361814
2018-01-04,2658.861092757475
2018-01-05,2684.7597802282908
2018-01-08,2701.5357120203153
2018-01-09,2716.4631473119407
2018-01-10,2703.658196786764
2018-01-11,2699.8939202823512
2018-01-12,2694.7605881308396
2018-01-15,2676.607539374516
2018-01-16,2681.6092858203024
2018-01-17,2693.4156269608375
2018-01-18,2691.3524758642475
2018-01-19,2707.1256271893685
2018-01-22,2717.637718213594
2018-01-23,2721.492269589444
2018-01-24,2706.4886324625736
2018-01-25,2683.7467231175915
2018-01-26,2717.52255417416
2018-01-29,2717.6336774997667
2018-01-30,2678.599710027983
2018-01-31,2669.3662721413098
2018-02-01,2665.7740379710353
2018-02-02,2625.0227688257537
2018-02-05,2549.144102213021
2018-02-06,2553.11050996612
2018-02-07,2564.3378891832285
2018-02-08,2509.3019539281404
2018-02-09,2513.506083819495
2018-02-12,2537.27206346195
2018-02-13,2529.232295201281
2018-02-14,2551.358806344744
2018-02-15,2568.601604866663
2018-02-16,2581.509440692132
2018-02-19,2591.3765045211667
2018-02-20,2590.295352653609
2018-02-21,2590.5604225508646
2018-02-22,2587.3361730860393
2018-02-23,2622.7862516437494
2018-02-26,2647.11101594714
2018-02-27,2634.712420343891
2018-02-28,2614.750454194208
2018-03-01,2588.610605768644
2018-03-02,2559.0246840500695
2018-03-05,2571.294258608569
2018-03-06,2572.939110304926
2018-03-07,2568.497654782182
2018-03-08,2596.158795743527
2018-03-09,2628.071219537272
2018-03-12,2637.429516666081
2018-03-13,2611.36896055119
2018-03-14,2607.3706650179192
2018-03-15,2613.6525106529166
2018-03-16,2622.5837128245544
2018-03-19,2583.9226343977684
2018-03-20,2598.382298297294
2018-03-21,2597.453822963718
2018-03-22,2546.492068511068
2018-03-23,2490.0591967595947
2018-03-26,2512.3511533540645
2018-03-27,2506.934245147085
2018-03-28,2503.51241736654
2018-03-29,2535.4339770732918
2018-03-30,2537.338261285231
2018-04-02,2503.188807453526
2018-04-03,2523.0435988599106
2018-04-04,2528.235707507062
2018-04-05,2565.9984606826747
2018-04-06,2527.448894589932
2018-04-09,2526.8053167722105
2018-04-10,2553.1803010127983
2018-04-11,2538.3411591406802
2018-04-12,2561.7191672723943
2018-04-13,2555.671978744026
2018-04-16,2558.1614793679173
2018-04-17,2580.435403179904
2018-04-18,2584.703721714044
2018-04-19,2581.385564759036
2018-04-20,2577.9823786152124
2018-04-23,2585.0267431448824
2018-04-24,2567.988940429271
2018-04-25,2569.250843669743
2018-04-26,2600.950143004385
2018-04-27,2610.7596569130255
2018-04-30,2606.6306992388318
2018-05-01,2623.785800680048
2018-05-02,2618.93229347824
2018-05-03,2611.129819661008
2018-05-04,2636.0868696140956
2018-05-07,2648.840052961302
2018-05-08,2661.6557330404207
2018-05-09,2679.0636195498614
2018-05-10,2693.543062592476
2018-05-11,2691.2523334537277
2018-05-14,2692.010803568853
2018-05-15,2693.342557942038
2018-05-16,2716.188979428591
2018-05-17,2714.708514787159
2018-05-18,2713.3294959025066
2018-05-21,2729.59548358918
2018-05-22,2723.128295729799
2018-05-23,2731.6961755509587
2018-05-24,2722.417682089619
2018-05-25,2731.139454053384
2018-05-28,2735.7643381934427
2018-05-29,2719.687519782681
2018-05-30,2724.117171680115
2018-05-31,2704.541612434059
2018-06-01,2728.3536874037895
2018-06-04,2739.8253698456715
2018-06-05,2742.9006051089905
2018-06-06,2737.6939633774373
2018-06-07,2728.784198889825
2018-06-08,2739.2267861092228
2018-06-11,2737.887025803854
2018-06-12,2744.50469457673
2018-06-13,2739.975843569189
2018-06-14,2768.0735748234483
2018-06-15,2764.151685372683
2018-06-18,2754.065368056477
2018-06-19,2744.0392636770302
2018-06-20,2750.35374326242
2018-06-21,2726.895864509676
2018-06-22,2731.926376276444
2018-06-25,2683.425305671435
2018-06-26,2690.8459899996983
2018-06-27,2688.2037499258704
2018-06-28,2696.577842200632
2018-06-29,2690.8858938155327
2018-07-02,2696.3210635221785
2018-07-03,2684.865197750582
2018-07-04,2686.0761603560777
2018-07-05,2687.779928205545
2018-07-06,2696.9294586602723
2018-07-09,2721.7945038412
2018-07-10,2736.457508690583
2018-07-11,2712.450386307383
2018-07-12,2738.4419596585285
2018-07-13,2748.3114202811253
2018-07-16,2734.852040405085
2018-07-17,2746.654148113251
2018-07-18,2760.062754482197
2018-07-19,2756.913995934921
2018-07-20,2742.548456438482
2018-07-23,2743.569691267732
2018-07-24,2759.3815239130113
2018-07-25,2783.0601747068467
2018-07-26,2785.557728903504
2018-07-27,2781.117151242981
2018-07-30,2757.37248577154
2018-07-31,2765.0357984772922
2018-08-01,2767.7241208144333
2018-08-02,2776.0158712825637
2018-08-03,2792.1810270519168
2018-08-06,2801.9961749992053
2018-08-07,2807.294284129815
2018-08-08,2803.7226444230696
2018-08-09,2809.007887116879
2018-08-10,2812.8070159517024
2018-08-13,2796.6512467216835
2018-08-14,2819.6290262728226
2018-08-15,2804.6631936085237
2018-08-16,2802.6611108249017
2018-08-17,2807.4387957577137
2018-08-20,2812.7460540627058
2018-08-21,2801.887088698639
2018-08-22,2789.035417124231
2018-08-23,2786.3855817904855
2018-08-24,2788.524849683666
2018-08-27,2804.3943548248194
2018-08-28,2797.3320621299504
2018-08-29,2812.0339746494897
2018-08-30,2806.912226699334
2018-08-31,2805.794414452671
2018-09-03,2802.924937420232
2018-09-04,2807.029049009016
2018-09-05,2773.425090360564
2018-09-06,2761.886991843062
2018-09-07,2767.5026049177923
2018-09-10,2764.7397211540197
2018-09-11,2773.0715383497413
2018-09-12,2769.4150463086385
2018-09-13,2773.441301399926
2018-09-14,2782.9834006114124
2018-09-17,2766.7786132334977
2018-09-18,2778.874946670859
2018-09-19,2795.9279278402214
2018-09-20,2798.131404128947
2018-09-21,2804.8036954273075
2018-09-24,2787.5017100012296
2018-09-25,2789.8710268127343
2018-09-26,2795.977986115795
2018-09-27,2814.501540735867
2018-09-28,2824.687770205885
2018-10-01,2836.2309592822216
2018-10-02,2834.496120884011
2018-10-03,2839.502879865679
2018-10-04,2815.2488131606606
2018-10-05,2799.0922838640877
2018-10-08,2798.833045837765
2018-10-09,2793.2137193608655
2018-10-10,2717.9047001283384
2018-10-11,2650.5804347693006
2018-10-12,2680.2958557816496
2018-10-15,2661.3544133381292
2018-10-16,2708.4379333804036
2018-10-17,2718.8984746225947
2018-10-18,2695.4587482577326
2018-10-19,2691.9580977225696
2018-10-22,2691.4796375402807
2018-10-23,2665.515303703097
2018-10-24,2624.174390096772
2018-10-25,2647.317793303032
2018-10-26,2617.6881156100135
2018-10-29,2603.3963592388277
2018-10-30,2636.3389285683097
2018-10-31,2679.445933442187
2018-11-01,2691.0186049117056
2018-11-02,2697.9496303557476
2018-11-05,2696.35335298052
2018-11-06,2704.6137514171073
2018-11-07,2733.265117254522
2018-11-08,2741.6838871013138
2018-11-09,2731.2122319576965
2018-11-12,2712.9614354910054
2018-11-13,2702.162329165349
2018-11-14,2682.83328474118
2018-11-15,2698.8535552177354
2018-11-16,2688.9689609770994
2018-11-19,2649.565309430052
2018-11-20,2616.5197089948174
2018-11-21,2629.868162860295
2018-11-22,2627.181695134911
2018-11-23,2628.9295259946957
2018-11-26,2660.6733179017074
2018-11-27,2675.3088018806443
2018-11-28,2718.8463704534165
2018-11-29,2700.0709357639494
2018-11-30,2723.222247145597
2018-12-03,2753.4051241691195
2018-12-04,2692.397265859427
2018-12-05,2681.856577784624
2018-12-06,2645.9324520943314
2018-12-07,2613.986895231826
2018-12-10,2597.7290737099643
2018-12-11,2611.9698451045533
2018-12-12,2631.3300134817564
2018-12-13,2636.3700662178335
2018-12-14,2605.789755112756
2018-12-17,2561.8624807368124
2018-12-18,2547.0095375565447
2018-12-19,2516.3611947628533
2018-12-20,2480.339174960398
2018-12-21,2446.3969199152216
2018-12-24,2406.4320510375287
2018-12-25,2396.358686977692
2018-12-26,2464.9215921571067
2018-12-27,2483.152326390302
2018-12-28,2488.73236302896
2018-12-31,2506.330122790409
2019-01-01,2506.4444103151927
2019-01-02,2517.117820127968
2019-01-03,2473.9879562281017
2019-01-04,2534.2191891636976
2019-01-07,2545.336563652547
2019-01-08,2568.0160980394253
2019-01-09,2575.9202910609642
2019-01-10,2583.126733119897
2019-01-11,2593.6982786682324
2019-01-14,2582.8980745392414
2019-01-15,2613.4026962953167
2019-01-16,2626.968199616911
2019-01-17,2641.682204586217
2019-01-18,2676.3577657079923
2019-01-21,2677.1975758931285
2019-01-22,2650.6523693188838
2019-01-23,2647.170194021749
2019-01-24,2659.1611779701075
2019-01-25,2674.1561399158813
2019-01-28,2648.9487197773997
2019-01-29,2654.9063201981753
2019-01-30,2680.8190849399116
2019-01-31,2694.9800318964562
2019-02-01,2698.076355756164
2019-02-04,2716.9285597745516
2019-02-05,2737.8416794825325
2019-02-06,2739.7207798306304
2019-02-07,2720.9481601659845
2019-02-08,2719.397979376146
2019-02-11,2732.7354670547766
2019-02-12,2757.214248473423
2019-02-13,2769.5305659875494
2019-02-14,2766.806362452208
2019-02-15,2789.0141681932014
2019-02-18,2787.28841014853
2019-02-19,2784.4422762230115
2019-02-20,2793.7734935149174
2019-02-21,2787.696803422127
2019-02-22,2803.9706186074245
2019-02-25,2810.593892706348
2019-02-26,2806.750443784849
2019-02-27,2800.6077202064575
2019-02-28,2789.027996474834
2019-03-01,2801.257461944703
2019-03-04,2811.684170830898
2019-03-05,2812.6675041772473
2019-03-06,2799.4356195627374
2019-03-07,2798.1243985369706
2019-03-08,2780.9352572444623
2019-03-11,2815.6177279501835
2019-03-12,2816.9941112236825
2019-03-13,2822.5190894437665
2019-03-14,2824.2240263805556
2019-03-15,2836.2727519763826
2019-03-18,2848.52995223247
2019-03-19,2849.0674501535227
2019-03-20,2838.0140744440846
2019-03-21,2856.147208036165
2019-03-22,2833.8031455544133
2019-03-25,2810.6438126893113
2019-03-26,2840.831886226224
2019-03-27,2837.791260400669
2019-03-28,2844.7869913772042
2019-03-29,2866.0575796788194
2019-04-01,2900.6330325044487
2019-04-02,2908.5996055403834
2019-04-03,2913.852491045115
2019-04-04,2917.756690978135
2019-04-05,2926.338576926703
2019-04-08,2921.3009483437677
2019-04-09,2909.135120808821
2019-04-10,2921.619627044514
2019-04-11,2912.464151095577
2019-04-12,2916.301570790697
2019-04-15,2918.9545675832846
2019-04-16,2925.691826380553
2019-04-17,2923.188786342922
2019-04-18,2936.533692434742
2019-04-19,2936.726789191244
2019-04-22,2934.044832619511
2019-04-23,2963.2202277191545
2019-04-24,2955.4606518442247
2019-04-25,2965.169478859043
2019-04-26,2971.0823206795903
2019-04-29,2974.2355377650497
2019-04-30,2965.8726383668245
2019-05-01,2946.5661298629743
2019-05-02,2951.082071147547
2019-05-03,2971.747427021283
2019-05-06,2950.9056759616046
2019-05-07,2913.7253180620123
2019-05-08,2903.174812529987
2019-05-09,2875.418609147224
2019-05-10,2882.064361154415
2019-05-13,2829.2569233407676
2019-05-14,2851.4698884375384
2019-05-15,2867.471477467495
2019-05-16,2892.584242089891
2019-05-17,2881.9567457801336
2019-05-20,2866.850144658621
2019-05-21,2880.118326103682
2019-05-22,2879.8595469650254
2019-05-23,2848.318965367477
2019-05-24,2844.2117870592683
2019-05-27,2849.8460640080875
2019-05-28,2839.7005388988428
2019-05-29,2823.985043305341
2019-05-30,2833.4688643690038
2019-05-31,2806.363924320611
2019-06-03,2793.3041701706957
2019-06-04,2823.5696083193952
2019-06-05,2838.4334260515398
2019-06-06,2843.6094114444577
2019-06-07,2858.336663725004
2019-06-10,2879.740530707692
2019-06-11,2887.9835628349824
2019-06-12,2878.3550628873613
2019-06-13,2892.961447059245
2019-06-14,2896.4727056487236
2019-06-17,2894.8407301812304
2019-06-18,2933.4554819933883
2019-06-19,2943.5839897729124
2019-06-20,2955.2848387739587
2019-06-21,2941.06860639528
2019-06-24,2923.5222439551526
2019-06-25,2905.7102199298815
2019-06-26,2901.9905589588716
2019-06-27,2916.744780578808
2019-06-28,2925.346461715339
2019-07-01,2961.691736395809
2019-07-02,2977.561093261409
2019-07-03,2997.7699709170324
2019-07-04,3001.618422959014
2019-07-05,3005.1241282380697
2019-07-08,2989.205577681319
2019-07-09,2990.233528019582
2019-07-10,2989.975986342778
2019-07-11,2997.0812619022686
2019-07-12,3005.004090128959
2019-07-15,3006.437449380141
2019-07-16,3010.0151595599878
2019-07-17,2995.865647473212
2019-07-18,2998.24724992691
2019-07-19,2994.486525875293
2019-07-22,2996.8278817376804
2019-07-23,3031.019177706062
2019-07-24,3042.840795713021
2019-07-25,3025.8185123120293
2019-07-26,3043.505648958467
2019-07-29,3037.1081948082347
2019-07-30,3024.5091788510754
2019-07-31,3003.9103572324016
2019-08-01,3002.289127093305
2019-08-02,2956.438240619242
2019-08-05,2859.9763025293732
2019-08-06,2874.693254549756
2019-08-07,2872.598342566765
2019-08-08,2921.1858924000144
2019-08-09,2906.699543878177
2019-08-12,2878.366817429195
2019-08-13,2905.375778105058
2019-08-14,2856.0831788104374
2019-08-15,2863.848170041907
2019-08-16,2898.5794035794765
2019-08-19,2931.892952961538
2019-08-20,2919.7819752326095
2019-08-21,2938.5776181634724
2019-08-22,2935.3002758480716
2019-08-23,2881.5162537290576
2019-08-26,2888.9691420219533
2019-08-27,2892.746954286638
2019-08-28,2909.0471475649347
2019-08-29,2939.212288271705
2019-08-30,2965.4638732141475
2019-09-02,2975.287010118402
2019-09-03,2961.1574799034415
2019-09-04,2977.0210721485787
2019-09-05,3008.3193760986005
2019-09-06,3014.5012706056627
2019-09-09,3012.003671640847
2019-09-10,3016.656061380243
2019-09-11,3050.8554457173987
2019-09-12,3052.630628419657
2019-09-13,3044.131169105855
2019-09-16,3056.9638446876916
2019-09-17,3046.9306130618065
2019-09-18,3044.06673396968
2019-09-19,3047.595242019984
2019-09-20,3053.135993464905
2019-09-23,3051.6432335274203
2019-09-24,3035.429820938833
2019-09-25,3048.137117271707
2019-09-26,3052.610768488569
2019-09-27,3039.8552484019287
2019-09-30,3058.2781367381535
2019-10-01,3026.5218350799187
2019-10-02,2970.280896886146
2019-10-03,2973.5185217533035
2019-10-04,3004.3541891692767
2019-10-07,2996.2231012717093
2019-10-08,2972.73322870823
2019-10-09,2982.6224410262575
2019-10-10,2990.4599502017277
2019-10-11,3024.2753946143953
2019-10-14,3024.300545865979
2019-10-15,3047.524920899953
2019-10-16,3043.796620081727
2019-10-17,3035.2253283317796
2019-10-18,3019.0839241461445
2019-10-21,3035.4525043286167
2019-10-22,3035.3555258932174
2019-10-23,3043.458159540851
2019-10-24,3057.7548924688153
2019-10-25,3069.97417587558
2019-10-28,3082.6110835376116
2019-10-29,3077.870006460515
2019-10-30,3081.295668069137
2019-10-31,3067.8402074384494
2019-11-01,3089.2248379916
2019-11-04,3109.203870065675
2019-11-05,3132.1817093573322
2019-11-06,3134.044047874155
2019-11-07,3151.062937070881
2019-11-08,3158.3282184535005
2019-11-11,3147.374406359925
2019-11-12,3159.3220563976165
2019-11-13,3154.213677483866
2019-11-14,3153.274620658428
2019-11-15,3162.618548854399
2019-11-18,3159.362237385659
2019-11-19,3160.4198652871505
2019-11-20,3150.627936669877
2019-11-21,3139.7450164630286
2019-11-22,3157.801670452657
2019-11-25,3186.6792392648044
2019-11-26,3189.1465006475646
2019-11-27,3205.337448847018
2019-11-28,3201.6385055080254
2019-11-29,3180.4555802158434
2019-12-02,3148.6540293719786
2019-12-03,3127.7432269482356
2019-12-04,3141.0044276915964
2019-12-05,3146.673083048671
2019-12-06,3183.405081688555
2019-12-09,3173.8358113180575
2019-12-10,3164.2078276389075
2019-12-11,3174.7025476588033
2019-12-12,3187.558026121122
2019-12-13,3200.5789321922853
2019-12-16,3221.9320077509246
2019-12-17,3222.2806732626805
2019-12-18,3229.226031287292
2019-12-19,3240.6621421362584
2019-12-20,3261.609476268392
2019-12-23,3263.484056578679
2019-12-24,3263.419259452159
2019-12-25,3262.6689904894224
2019-12-26,3272.5868677322637
2019-12-27,3262.237289780109
2019-12-30,3236.611069131983
2019-12-31,3235.4099333666095
2020-01-01,3235.4119503950574
2020-01-02,3268.27028251405
2020-01-03,3262.6373334746977
2020-01-06,3253.598748398447
2020-01-07,3266.186717080891
2020-01-08,3276.288341029874
2020-01-09,3303.596852030906
2020-01-10,3299.1161641765075
2020-01-13,3310.1644843597373
2020-01-14,3314.3377230798287
2020-01-15,3307.6705434675046
2020-01-16,3329.3918144824165
2020-01-17,3357.155434224822
2020-01-20,3359.8599246970966
2020-01-21,3340.911064724542
2020-01-22,3351.7609242494823
2020-01-23,3352.7216543116915
2020-01-24,3343.4567075369678
2020-01-27,3294.059708787528
2020-01-28,3317.38018691343
2020-01-29,3317.6223553892655
2020-01-30,3296.725183711317
2020-01-31,3242.6296195890745
2020-02-03,3260.143405980356
2020-02-04,3313.907792372047
2020-02-05,3352.7444516425735
2020-02-06,3379.74602172671
2020-02-07,3365.9291559525013
2020-02-10,3387.739778466017
2020-02-11,3404.6951334963683
2020-02-12,3431.670096703283
2020-02-13,3440.260397321433
2020-02-14,3443.406969137044
2020-02-17,3447.9700264998664
2020-02-18,3434.686903747767
2020-02-19,3459.7675823317377
2020-02-20,3439.8229316605607
2020-02-21,3398.3934616557954
2020-02-24,3297.5183149850277
2020-02-25,3218.6804403075653
2020-02-26,3199.8321162012717
2020-02-27,3059.8330534012193
2020-02-28,3008.149148890533
2020-03-02,3060.926254416648
2020-03-03,3010.6185752189044
2020-03-04,3103.1444536667154
2020-03-05,3029.2099070967834
2020-03-06,2935.4552467847134
2020-03-09,2702.2630585704032
2020-03-10,2796.6151489233384
2020-03-11,2709.3635313429754
2020-03-12,2498.364400682651
2020-03-13,2636.275436998914
2020-03-16,2377.988727095021
2020-03-17,2500.4653186204187
2020-03-18,2405.141393681024
2020-03-19,2442.341147300278
2020-03-20,2400.988714260182
2020-03-23,2305.668405960236
2020-03-24,2489.5308238412067
2020-03-25,2548.8781500353384
2020-03-26,2621.372094527953
2020-03-27,2551.4897372932646
2020-03-30,2610.64506317831
2020-03-31,2607.5616880842226
2020-04-01,2522.6650887838596
2020-04-02,2568.9006380149617
2020-04-03,2549.0312076060904
2020-04-06,2692.925914562198
2020-04-07,2693.104223744696
2020-04-08,2754.2513472180976
2020-04-09,2777.749665940043
2020-04-10,2779.6261668181346
2020-04-13,2768.251358749527
2020-04-14,2818.3700923622246
2020-04-15,2775.3924226910704
2020-04-16,2793.8760509654353
2020-04-17,2855.9128950471386
2020-04-20,2826.797226474106
2020-04-21,2747.530247386699
2020-04-22,2805.8286932997953
2020-04-23,2814.3246559103923
2020-04-24,2831.9524682672422
2020-04-27,2873.8559468418357
2020-04-28,2879.2826504935365
2020-04-29,2939.1580552096266
2020-04-30,2892.6878490441522
2020-05-01,2814.0338476099164
2020-05-04,2821.0533985620755
2020-05-05,2868.9599111386883
2020-05-06,2868.9790585708424
2020-05-07,2897.5283124322686
2020-05-08,2922.5304496690806
2020-05-11,2936.3863871363947
2020-05-12,2886.346696402712
2020-05-13,2851.961769284921
2020-05-14,2859.4151476842303
2020-05-15,2868.805808643387
2020-05-18,2937.3562904553282
2020-05-19,2907.7310320463603
2020-05-20,2936.1900286651507
2020-05-21,2927.9280026461124
2020-05-22,2929.874681517253
2020-05-25,2942.27400790229
2020-05-26,2963.4840315109495
2020-05-27,2994.9292717545004
2020-05-28,2985.2171288831814
2020-05-29,2969.3167209685444
2020-06-01,2993.824615438363
2020-06-02,3013.81668270774
2020-06-03,3053.1131882593854
2020-06-04,3014.6414844913306
2020-06-05,3085.5842262905944
2020-06-08,3117.3944690830162
2020-06-09,3088.8144176856804
2020-06-10,3081.432845383974
2020-06-11,2931.7390482512023
2020-06-12,2978.187891996154
2020-06-15,2971.787132256749
2020-06-16,3047.4226188359125
2020-06-17,3051.5505921590575
2020-06-18,3050.6378309471324
2020-06-19,3054.871799498617
2020-06-22,3048.2208594072868
2020-06-23,3051.214354799725
2020-06-24,2999.471133656457
2020-06-25,3030.028364024422
2020-06-26,2986.6630584031973
2020-06-29,2996.988141816286
2020-06-30,3032.4805255637416
2020-07-01,3038.729076214081
2020-07-02,3075.454972896385
2020-07-03,3074.1238652207326
2020-07-06,3109.0765680310774
2020-07-07,3090.1981684074626
2020-07-08,3097.4966610593888
2020-07-09,3096.6035836953174
2020-07-10,3108.1749398257557
2020-07-13,3086.8736133528396
2020-07-14,3095.932822982714
2020-07-15,3126.2597278099097
2020-07-16,3103.0492682010167
2020-07-17,3115.270142136473
2020-07-20,3136.186436431593
2020-07-21,3140.4237336816864
2020-07-22,3115.930556734503
2020-07-23,3092.0705431466527
2020-07-24,3059.7381950380927
2020-07-27,3047.2581454757806
2020-07-28,3049.6765890797715
2020-07-29,3062.554290091009
2020-07-30,3040.132469353363
2020-07-31,3032.8151368513504
2020-08-03,3076.223783549246
2020-08-04,3091.280106617844
2020-08-05,3084.3177402895776
2020-08-06,3101.5775490386113
2020-08-07,3105.0334794376977
2020-08-10,3115.7571472998534
2020-08-11,3114.6153667386843
2020-08-12,3142.7305239905522
2020-08-13,3133.8044663179116
2020-08-14,3128.9703621140225
2020-08-17,3132.294574132287
2020-08-18,3126.549618543772
2020-08-19,3123.930280689924
2020-08-20,3127.961841872434
2020-08-21,3152.964222347709
2020-08-24,3177.5974240995415
2020-08-25,3184.29898149793
2020-08-26,3214.1428813740627
2020-08-27,3218.102838851335
2020-08-28,3206.959126713592
2020-08-31,3182.0256161067787
2020-09-01,3201.239937718581
2020-09-02,3265.3144498660376
2020-09-03,3183.744334955425
2020-09-04,3161.684627136841
2020-09-07,3160.4161004661883
2020-09-08,3104.5106257058933
2020-09-09,3144.350515095112
2020-09-10,3097.2534573791277
2020-09-11,3110.818739717865
2020-09-14,3138.0349658839073
2020-09-15,3160.5383942257595
2020-09-16,3162.610671131299
2020-09-17,3141.542168644686
2020-09-18,3110.1208216229516
2020-09-21,3093.0614757175786
2020-09-22,3116.835926860708
2020-09-23,3078.18275679053
2020-09-24,3073.723723256337
2020-09-25,3112.9391923591907
2020-09-28,3154.97051409627
2020-09-29,3124.8621526213415
2020-09-30,3140.481018729575
2020-10-01,3154.609933146062
2020-10-02,3138.640924955962
2020-10-05,3168.8106589863596
2020-10-06,3148.108984366696
2020-10-07,3190.211118530213
2020-10-08,3218.435510390854
2020-10-09,3225.925826154272
2020-10-12,3267.016263465142
2020-10-13,3270.647232161231
2020-10-14,3253.3180945615545
2020-10-15,3245.781393881071
2020-10-16,3245.142514697839
2020-10-19,3202.432413240633
2020-10-20,3198.1111262502723
2020-10-21,3183.0080394645393
2020-10-22,3199.374666488729
2020-10-23,3208.1069271780325
2020-10-26,3166.400114989587
2020-10-27,3154.1507486762857
2020-10-28,3085.4769309739872
2020-10-29,3125.0102878722614
2020-10-30,3091.1882331591887
2020-11-02,3132.6211647875057
2020-11-03,3163.604298170099
2020-11-04,3230.020866405581
2020-11-05,3266.7056579191217
2020-11-06,3261.631232545986
2020-11-09,3316.7532668686126
2020-11-10,3319.0045661505333
2020-11-11,3361.4212539663313
2020-11-12,3326.154505085396
2020-11-13,3349.251930168419
2020-11-16,3387.647613989434
2020-11-17,3372.302914395545
2020-11-18,3356.327459299022
2020-11-19,3368.47491355336
2020-11-20,3359.8926690263143
2020-11-23,3382.827706790377
2020-11-24,3415.874601884783
2020-11-25,3407.7447252416605
2020-11-26,3412.1326451795726
2020-11-27,3412.044982830297
2020-11-30,3377.6945802696855
2020-12-01,3394.2876139903074
2020-12-02,3389.1127994008916
2020-12-03,3378.666938470633
2020-12-04,3408.9675451524495
2020-12-07,3408.175753899882
2020-12-08,3421.1735777499503
2020-12-09,3414.045735740415
2020-12-10,3401.4405025912392
2020-12-11,3402.138017669241
2020-12-14,3391.199634918758
2020-12-15,3410.366133844847
2020-12-16,3416.9301912506276
2020-12-17,3426.23538946672
2020-12-18,3417.974478310126
2020-12-21,3398.156811334735
2020-12-22,3404.6104899055463
2020-12-23,3411.607181063106
2020-12-24,3419.717745204507
2020-12-25,3420.5956155500407
2020-12-28,3429.4994009505663
2020-12-29,3433.9412642427055
2020-12-30,3430.1758093709564
2020-12-31,3454.341667816212
2021-01-01,3454.520361384993
2021-01-04,3425.864315485589
2021-01-05,3446.8740573851373
2021-01-06,3460.2454955999906
2021-01-07,3508.5243862658854
2021-01-08,3542.2617636609452
2021-01-11,3546.402702661146
2021-01-12,3550.415284242554
2021-01-13,3559.82933737556
2021-01-14,3567.696103806561
2021-01-15,3550.2489597666395
2021-01-18,3554.0502306909307
2021-01-19,3568.5202788697147
2021-01-20,3615.3090420388125
2021-01-21,3607.9041906797993
2021-01-22,3585.166392212307
2021-01-25,3607.073320690727
2021-01-26,3583.886746441656
2021-01-27,3532.754942797319
2021-01-28,3534.3868526169263
2021-01-29,3464.350961909492
2021-02-01,3536.22910979867
2021-02-02,3598.2746244329423
2021-02-03,3613.723314956969
2021-02-04,3645.044699821199
2021-02-05,3651.975225630498
2021-02-08,3672.9083861566337
2021-02-09,3664.3778433230063
2021-02-10,3662.0969320792865
2021-02-11,3670.455033901243
2021-02-12,3688.6040110436334
2021-02-15,3699.6793567395557
2021-02-16,3704.130051973298
2021-02-17,3719.580289872326
2021-02-18,3684.9053414914424
2021-02-19,3673.394300648226
2021-02-22,3637.8070027347126
2021-02-23,3633.5669433745015
2021-02-24,3651.911120415436
2021-02-25,3575.973591670556
2021-02-26,3548.0777279079975
2021-03-01,3647.5382865200063
2021-03-02,3625.076870641843
2021-03-03,3597.2982410878103
2021-03-04,3556.446026182714
2021-03-05,3621.3568145142003
2021-03-08,3616.1841983337918
2021-03-09,3657.9628269514224
2021-03-10,3672.0574422091036
2021-03-11,3700.1507809265745
2021-03-12,3705.9599122980535
2021-03-15,3727.319814325683
2021-03-16,3739.2253996112368
2021-03-17,3737.2432776587666
2021-03-18,3702.8573785259464
2021-03-19,3697.907879932409
2021-03-22,3706.01626610734
2021-03-23,3695.1253574076027
2021-03-24,3674.9635588241417
2021-03-25,3698.699005584943
2021-03-26,3745.783579972939
2021-03-29,3753.5413475692358
2021-03-30,3762.3072026220134
2021-03-31,3760.866032368556
2021-04-01,3798.972874751331
2021-04-02,3802.1434329808844
2021-04-05,3826.988658562007
2021-04-06,3820.125084148446
2021-04-07,3802.8152964917463
2021-04-08,3822.897713600968
2021-04-09,3837.6238039252453
2021-04-12,3825.600841778648
2021-04-13,3833.1016519719233
2021-04-14,3819.058566592202
2021-04-15,3852.899829138546
2021-04-16,3864.9995412375456
2021-04-19,3841.9933800582126
2021-04-20,3801.0376574358133
2021-04-21,3823.4261160555952
2021-04-22,3816.014055053168
2021-04-23,3837.7793192659246
2021-04-26,3841.4463578883415
2021-04-27,3837.7797742938965
2021-04-28,3836.332159424774
2021-04-29,3843.3607483654628
2021-04-30,3833.296776488901
2021-05-03,3829.1420979710547
2021-05-04,3813.634094574922
2021-05-05,3832.1369049719738
2021-05-06,3840.766764113174
2021-05-07,3847.720748390765
2021-05-10,3821.1080282190883
2021-05-11,3777.870265280261
2021-05-12,3740.2874936404537
2021-05-13,3751.371261687259
2021-05-14,3790.191413692201
2021-05-17,3783.0337462465673
2021-05-18,3761.6763173928325
2021-05-19,3742.0101594045
2021-05-20,3777.752402007898
2021-05-21,3787.404204229103
2021-05-24,3803.827492338938
2021-05-25,3801.4676906875034
2021-05-26,3817.1118049107904
2021-05-27,3825.1771956205707
2021-05-28,3843.5698352793975
2021-05-31,3831.4933667392147
2021-06-01,3837.40391212662
2021-06-02,3853.5379210763667
2021-06-03,3859.3969985029266
2021-06-04,3877.9660927090113
2021-06-07,3873.847259694509
2021-06-08,3874.2576389823967
2021-06-09,3867.438301707324
2021-06-10,3886.8144804843264
2021-06-11,3913.5904490215426
2021-06-14,3918.1619089587075
2021-06-15,3912.4996340779185
2021-06-16,3901.927469095375
2021-06-17,3944.493857839944
2021-06-18,3924.823690429335
2021-06-21,3934.3289035816592
2021-06-22,3959.3466170138076
2021-06-23,3945.3902289329126
2021-06-24,3972.954641282579
2021-06-25,3982.6728128920995
2021-06-28,3992.5515624252025
2021-06-29,3997.6038268058824
2021-06-30,4005.348289201166
2021-07-01,4012.5052105001582
2021-07-02,4037.45410840656
2021-07-05,4035.252682140259
2021-07-06,4035.5786919630423
2021-07-07,4051.60161260713
2021-07-08,3992.585062099449
2021-07-09,4024.9884278433524
2021-07-12,4044.3661445269536
2021-07-13,4053.825709401503
2021-07-14,4054.8293661846305
2021-07-15,4042.2883975545865
2021-07-16,4020.4484627564534
2021-07-19,3956.823911888132
2021-07-20,4005.2186841423645
2021-07-21,4032.151498693983
2021-07-22,4047.670993718276
2021-07-23,4082.8329306710816
2021-07-26,4064.217282566227
2021-07-27,4034.3542078078094
2021-07-28,4050.0122012608153
2021-07-29,4054.679529320536
2021-07-30,4033.8750308730114
2021-08-02,4040.6400373012116
2021-08-03,4067.0532540915715
2021-08-04,4066.919528234297
2021-08-05,4087.558331470648
2021-08-06,4107.803674466626
2021-08-09,4113.00600223087
2021-08-10,4127.131609093561
2021-08-11,4131.510117793694
2021-08-12,4139.9751148018395
2021-08-13,4124.394219104844
2021-08-16,4119.665523141815
2021-08-17,4113.485254641888
2021-08-18,4090.975212122362
2021-08-19,4074.0900938261693
2021-08-20,4090.779813714271
2021-08-23,4114.561873999146
2021-08-24,4130.83566891132
2021-08-25,4141.169873456295
2021-08-26,4118.600314870116
2021-08-27,4137.514731049958
2021-08-30,4153.207704590518
2021-08-31,4154.743027779367
2021-09-01,4150.782634873803
2021-09-02,4158.376666492092
2021-09-03,4158.569344785114
2021-09-06,4175.117967020532
2021-09-07,4169.00887593656
2021-09-08,4163.7407973429
2021-09-09,4143.699507039222
2021-09-10,4124.590496867293
2021-09-13,4135.105022368119
2021-09-14,4117.18064664659
2021-09-15,4129.994210761399
2021-09-16,4139.190183040556
2021-09-17,4119.583566450254
2021-09-20,4057.485226576986
2021-09-21,4061.6407019272997
2021-09-22,4087.7529226650854
2021-09-23,4123.964831968429
2021-09-24,4131.355334927772
2021-09-27,4127.23389858184
2021-09-28,4060.779043391778
2021-09-29,4074.4958242274533
2021-09-30,4058.511939399842
2021-10-01,4073.922127983381
2021-10-04,4024.78499298426
2021-10-05,4063.569754786144
2021-10-06,4079.1531005240395
2021-10-07,4119.345271649294
2021-10-08,4112.743378404093
2021-10-11,4101.957609469178
2021-10-12,4097.590242750216
2021-10-13,4107.855741197579
2021-10-14,4159.412412512675
2021-10-15,4189.724847544712
2021-10-18,4197.276900639235
2021-10-19,4212.546609999838
2021-10-20,4227.982849715255
2021-10-21,4231.274342372201
2021-10-22,4229.373308777959
2021-10-25,4253.8057813041805
2021-10-26,4268.723896182597
2021-10-27,4244.493774835748
2021-10-28,4245.301526788831
2021-10-29,4274.788132152406
2021-11-01,4286.327292311918
2021-11-02,4295.524270128389
2021-11-03,4313.185507106357
2021-11-04,4345.465125521616
2021-11-05,4350.046203913608
2021-11-08,4345.700508266458
2021-11-09,4337.352773847269
2021-11-10,4331.561954768003
2021-11-11,4353.338763547382
2021-11-12,4392.351140825219
2021-11-15,4405.457601808957
2021-11-16,4441.227429182477
2021-11-17,4443.459536311246
2021-11-18,4429.008760250755
2021-11-19,4431.888020481697
2021-11-22,4435.0915739283755
2021-11-23,4421.248028514376
2021-11-24,4449.490968063515
2021-11-25,4450.015574719509
2021-11-26,4310.666018597037
2021-11-29,4357.1959855685445
2021-11-30,4293.310299872555
2021-12-01,4249.719922024895
2021-12-02,4290.955838219237
2021-12-03,4270.480658204205
2021-12-06,4307.203706169935
2021-12-07,4406.6585781792
2021-12-08,4390.954140814709
2021-12-09,4383.18263382482
2021-12-10,4391.747342628823
2021-12-13,4367.0308969427215
2021-12-14,4335.850083784552
2021-12-15,4387.700815715444
2021-12-16,4359.289823380213
2021-12-17,4335.261590633333
2021-12-20,4271.318899505624
2021-12-21,4351.379622788124
2021-12-22,4368.446717397261
2021-12-23,4405.600607449349
2021-12-24,4398.853231053787
2021-12-27,4441.364523557611
2021-12-28,4453.832827970726
2021-12-29,4435.579833324936
2021-12-30,4437.0842855981555
2021-12-31,4418.025389455625
2022-01-03,4461.968558740657
2022-01-04,4463.207641500545
2022-01-05,4390.740812003995
2022-01-06,4382.90992871169
2022-01-07,4358.144960991478
2022-01-10,4358.879626473335
2022-01-11,4387.82633598931
2022-01-12,4391.740795935672
2022-01-13,4334.976971358907
2022-01-14,4332.668473032855
2022-01-17,4346.785959443184
2022-01-18,4301.317405816289
2022-01-19,4267.934559870833
2022-01-20,4252.522482227045
2022-01-21,4178.988350081084
2022-01-24,4163.463561201641
2022-01-25,4133.6270005186625
2022-01-26,4134.202973993065
2022-01-27,4145.617738039429
2022-01-28,4203.986593544169
2022-01-31,4260.537566948551
2022-02-01,4281.556966305444
2022-02-02,4296.888784063808
2022-02-03,4174.665383940545
2022-02-04,4182.352449571301
2022-02-07,4177.590468906368
2022-02-08,4209.13101194979
2022-02-09,4271.842689074914
2022-02-10,4216.632039193969
2022-02-11,4176.528627230874
2022-02-14,4171.796736843575
2022-02-15,4208.981350478532
2022-02-16,4220.264178668422
2022-02-17,4155.72483539272
2022-02-18,4131.264001853527
2022-02-21,4120.5299104650485
2022-02-22,4083.5484407958847
2022-02-23,4037.597211534368
2022-02-24,4094.6151899873066
2022-02-25,4143.467097841329
2022-02-28,4146.5179152744695
2022-03-01,4126.632134082858
2022-03-02,4194.085274611789
2022-03-03,4172.313324348647
2022-03-04,4160.790093050921
2022-03-07,4063.4654505217627
2022-03-08,4029.7747195002207
2022-03-09,4066.975157453443
2022-03-10,4072.6588309237586
2022-03-11,4043.5526657597384
2022-03-14,4006.4732226866554
2022-03-15,4047.796210945606
2022-03-16,4151.353123061604
2022-03-17,4182.300901587021
2022-03-18,4244.232215265341
2022-03-21,4240.614041690713
2022-03-22,4296.432381392301
2022-03-23,4274.648401009586
2022-03-24,4308.287797521387
2022-03-25,4322.511567422518
2022-03-28,4344.094513449068
2022-03-29,4356.029503875373
2022-03-30,4322.972594410542
2022-03-31,4281.009574981462
2022-04-01,4323.36397869224
2022-04-04,4377.036435938555
2022-04-05,4358.120664266731
2022-04-06,4313.374082859013
2022-04-07,4313.064699204827
2022-04-08,4325.977770677404
2022-04-11,4258.889091241868
2022-04-12,4251.868599958938
2022-04-13,4299.915828387768
2022-04-14,4295.957626666066
2022-04-15,4292.734129999957
2022-04-18,4275.926126636305
2022-04-19,4314.682881133337
2022-04-20,4294.435783707912
2022-04-21,4253.336888496733
2022-04-22,4176.403718184493
2022-04-25,4185.721581553673
2022-04-26,4122.810395461005
2022-04-27,4168.972748891172
2022-04-28,4246.0327494758185
2022-04-29,4153.923886125948
2022-05-02,4165.6429852675155
2022-05-03,4175.969026516366
2022-05-04,4243.318996947045
2022-05-05,4141.668273781767
2022-05-06,4081.251449475925
2022-05-09,3975.2041935485213
2022-05-10,3973.2816643508363
2022-05-11,3939.1077567768416
2022-05-12,3964.3986308267667
2022-05-13,4062.0562508000644
2022-05-16,4050.22949702923
2022-05-17,4079.4141394255826
2022-05-18,3980.6713626198584
2022-05-19,3926.577413206982
2022-05-20,3953.101558939627
2022-05-23,3972.416851265067
2022-05-24,3915.9967558565995
2022-05-25,3960.541258363962
2022-05-26,4004.722756775248
2022-05-27,4093.521656882779
2022-05-30,4091.5557288833224
2022-05-31,4093.099430774139
2022-06-01,4079.7822338267265
2022-06-02,4115.244728013342
2022-06-03,4066.973757152303
2022-06-06,4085.6290509126256
2022-06-07,4108.170332961999
2022-06-08,4075.245863186245
2022-06-09,4023.735184809272
2022-06-10,3959.4238317571467
2022-06-13,3854.1378947574094
2022-06-14,3834.503451764375
2022-06-15,3876.6055705919407
2022-06-16,3752.501151748788
2022-06-17,3758.063016722312
2022-06-20,3739.1393086754506
2022-06-21,3801.8453630433823
2022-06-22,3772.2718407417183
2022-06-23,3815.8660991974716
2022-06-24,3910.77254568293
2022-06-27,3902.868870228257
2022-06-28,3882.775388753111
2022-06-29,3878.110931277327
2022-06-30,3844.916660600193
2022-07-01,3883.796773457937
2022-07-04,3883.0803894516507
2022-07-05,3936.063523490157
2022-07-06,3959.138653837886
2022-07-07,4031.3466654503172
2022-07-08,4033.691880569588
2022-07-11,4018.944635696293
2022-07-12,4000.419549968757
2022-07-13,3965.395807094199
2022-07-14,3976.616352532664
2022-07-15,4007.0450768541295
2022-07-18,3967.525355460918
2022-07-19,4028.8361826631017
2022-07-20,4067.834449898516
2022-07-21,4106.429144025471
2022-07-22,4072.4368057282604
2022-07-25,4077.1331541535387
2022-07-26,4076.4074662196344
2022-07-27,4152.443143812448
2022-07-28,4189.7416936188165
2022-07-29,4221.040414775717
2022-08-01,4193.506920743785
2022-08-02,4190.259690875727
2022-08-03,4257.156135486877
2022-08-04,4235.868607924905
2022-08-05,4246.803593858635
2022-08-08,4233.121258320968
2022-08-09,4210.944020347457
2022-08-10,4235.222623748537
2022-08-11,4246.992625291088
2022-08-12,4336.712114371355
2022-08-15,4368.740588693876
2022-08-16,4377.338564332386
2022-08-17,4357.493233838604
2022-08-18,4374.61150506229
2022-08-19,4355.861022478066
2022-08-22,4313.155913606415
2022-08-23,4295.295715519372
2022-08-24,4298.789281536727
2022-08-25,4358.576661996893
2022-08-26,4241.358418015202
2022-08-29,4212.104513226532
2022-08-30,4176.909067769043
2022-08-31,4124.792697913564
2022-09-01,4144.607679410745
2022-09-02,4094.7805866547246
2022-09-05,4127.263576237996
2022-09-06,4115.445791458186
2022-09-07,4134.342126358362
2022-09-08,4163.452583915587
2022-09-09,4198.7369232851615
2022-09-12,4214.632325626735
2022-09-13,4124.464261855682
2022-09-14,4122.823327899579
2022-09-15,4085.8359873108966
2022-09-16,4033.326965355001
2022-09-19,4053.7994757696447
2022-09-20,4027.990319185442
2022-09-21,4015.176252837788
2022-09-22,3998.657943831066
2022-09-23,3963.38897898745
2022-09-26,3934.4560243014266
2022-09-27,3941.4704699800823
2022-09-28,3981.1285681407576
2022-09-29,3872.5567328587335
2022-09-30,3827.9334121830548
2022-10-03,3893.724260987694
2022-10-04,3961.6886356451932
2022-10-05,3995.1741543358503
2022-10-06,3970.8672586884554
2022-10-07,3900.4500908928085
2022-10-10,3895.514147600922
2022-10-11,3854.7800572904443
2022-10-12,3846.3877607136296
2022-10-13,3898.537387949787
2022-10-14,3836.122079795431
2022-10-17,3891.1147261909
2022-10-18,3920.99313011114
2022-10-19,3912.2388352942244
2022-10-20,3875.699802637293
2022-10-21,3943.4260693346378
2022-10-24,3939.8680432021733
2022-10-25,3973.5609115057728
2022-10-26,3937.5496521640175
2022-10-27,3944.5920169155347
2022-10-28,4011.3557968998107
2022-10-31,4020.8775632582197
2022-11-01,4032.616935978057
2022-11-02,3968.7148442082976
2022-11-03,3964.373034934042
2022-11-04,3975.436034962905
2022-11-07,3976.810787880458
2022-11-08,3980.3613608373425
2022-11-09,3932.2024196354696
2022-11-10,4041.917550965725
2022-11-11,4057.0201694006114
2022-11-14,4029.002212441939
2022-11-15,4058.345194715408
2022-11-16,4012.906701171514
2022-11-17,4016.6839564006254
2022-11-18,4026.3213913646327
2022-11-21,4044.318597470588
2022-11-22,4073.8503898331974
2022-11-23,4070.4528076730035
2022-11-24,4074.0337647729043
2022-11-25,4069.9995650462465
2022-11-28,4021.1819354790214
2022-11-29,4040.9955532013614
2022-11-30,4154.376918621887
2022-12-01,4107.78811387722
2022-12-02,4099.832617493846
2022-12-05,4033.9520338139723
2022-12-06,3992.866240375379
2022-12-07,3975.893153337039
2022-12-08,3986.528692991233
2022-12-09,3982.2000022650636
2022-12-12,4011.254940119554
2022-12-13,4008.871027340973
2022-12-14,3996.3387101262215
2022-12-15,3900.2253247172775
2022-12-16,3871.0884383321554
2022-12-19,3857.4741806147176
2022-12-20,3842.019814400574
2022-12-21,3896.8941933465344
2022-12-22,3865.822777070115
2022-12-23,3870.0354712924154
2022-12-26,3871.2222458826336
2022-12-27,3852.9885195981296
2022-12-28,3831.033447395769
2022-12-29,3861.3373158834725
2022-12-30,3847.136734062648
2023-01-02,3852.1932940944203
2023-01-03,3889.4914250553925
2023-01-04,3906.592700575286
2023-01-05,3903.0342443685927
2023-01-06,3947.4138792225294
2023-01-09,3923.767771275288
2023-01-10,3939.758141709897
2023-01-11,3969.785732717212
2023-01-12,3975.655961336825
2023-01-13,3992.8953824394425
2023-01-16,3994.6974332525315
2023-01-17,4002.655473350706
2023-01-18,3962.2452034958783
2023-01-19,3941.5286125537673
2023-01-20,3982.2407973205727
2023-01-23,4009.1778403050794
2023-01-24,4006.928656188289
2023-01-25,3998.8719650878083
2023-01-26,4049.5064622890254
2023-01-27,4064.6377795912335
2023-01-30,4015.375407571954
2023-01-31,4047.343089564916
2023-02-01,4061.675392804083
2023-02-02,4103.141606219203
2023-02-03,4096.644310344857
2023-02-06,4099.433219207194
2023-02-07,4151.522207063846
2023-02-08,4116.292464899519
2023-02-09,4087.759787539404
2023-02-10,4109.39246724104
2023-02-13,4127.242494684982
2023-02-14,4131.768945896969
2023-02-15,4147.871867136114
2023-02-16,4118.993657521075
2023-02-17,4103.5492113986265
2023-02-20,4101.389305907782
2023-02-21,4041.514127339628
2023-02-22,4044.54569957766
2023-02-23,4068.613949290847
2023-02-24,4043.3823315928366
2023-02-27,4037.210614803819
2023-02-28,4025.170741085924
2023-03-01,3998.9115670431206
2023-03-02,4038.5755448213686
2023-03-03,4097.811271303108
2023-03-06,4077.024203976831
2023-03-07,4058.157563443997
2023-03-08,4066.9567088285053
2023-03-09,4011.2239178484997
2023-03-10,3915.714183574637
2023-03-13,3886.2198667638017
2023-03-14,3922.1168535474594
2023-03-15,3949.0392208632406
2023-03-16,3966.9905277445546
2023-03-17,3934.1591338296307
2023-03-20,3930.425598320152
2023-03-21,3959.8979883552224
2023-03-22,3922.171511471468
2023-03-23,3907.672783493168
2023-03-24,3948.6239670260707
2023-03-27,3950.1371404708057
2023-03-28,3936.986495192318
2023-03-29,3987.2831441165167
2023-03-30,3987.6834960824203
2023-03-31,4049.372153623527
2023-04-03,4056.447738901148
2023-04-04,4016.3236437744545
2023-04-05,4022.542565129026
2023-04-06,4024.704002671843
2023-04-07,4026.273076318533
2023-04-10,4053.5208864891656
2023-04-11,4043.1238461338407
2023-04-12,4015.470420221519
2023-04-13,4035.046732153492
2023-04-14,4046.7952475743205
2023-04-17,4085.2085589516228
2023-04-18,4076.8363774096892
2023-04-19,4070.475605815977
2023-04-20,4049.377478859133
2023-04-21,4047.3617232868874
2023-04-24,4030.740911085773
2023-04-25,3996.5126061344035
2023-04-26,3961.018403436216
2023-04-27,4022.5378235642474
2023-04-28,4040.491670512492
2023-05-01,4059.7117107814493
2023-05-02,4020.4912460276946
2023-05-03,3981.8715789760995
2023-05-04,3983.225637900891
2023-05-05,4038.5952702328063
2023-05-08,4046.86161588481
2023-05-09,4050.4607288138914
2023-05-10,4053.1733416281672
2023-05-11,4064.035060046801
2023-05-12,4076.355486230306
2023-05-15,4091.2979885730633
2023-05-16,4069.624687066541
2023-05-17,4110.673225912242
2023-05-18,4156.993990037147
2023-05-19,4152.883362136724
2023-05-22,4155.979190385549
2023-05-23,4124.06757072382
2023-05-24,4091.113140847032
2023-05-25,4112.408908416502
2023-05-26,4166.492963295585
2023-05-29,4168.215844362795
2023-05-30,4154.718172634592
2023-05-31,4143.6241845800805
2023-06-01,4158.619560912776
2023-06-02,4226.702411849057
2023-06-05,4229.917765365443
2023-06-06,4249.638159189458
2023-06-07,4231.01269361722
2023-06-08,4226.175138874087
2023-06-09,4240.660530561502
2023-06-12,4271.458764214248
2023-06-13,4285.168285045811
2023-06-14,4278.235999721534
2023-06-15,4295.623867840871
2023-06-16,4287.315626885786
2023-06-19,4276.180792242043
2023-06-20,4260.835221019553
2023-06-21,4220.895766950146
2023-06-22,4221.468039709712
2023-06-23,4211.534268122439
2023-06-26,4190.369394830471
2023-06-27,4211.575803954956
2023-06-28,4234.0990655004625
2023-06-29,4249.467867903998
2023-06-30,4284.588253807237
2023-07-03,4300.946826931714
2023-07-04,4304.216375813897
2023-07-05,4298.977231331303
2023-07-06,4249.096338888977
2023-07-07,4214.279818670031
2023-07-10,4212.99539918059
2023-07-11,4241.873885263597
2023-07-12,4238.722371332269
2023-07-13,4258.697335139887
2023-07-14,4241.720104791482
2023-07-17,4250.737732013089
2023-07-18,4272.666168266971
2023-07-19,4296.368412529157
2023-07-20,4288.914477503167
2023-07-21,4299.658087587796
2023-07-24,4323.985456330967
2023-07-25,4357.071104902255
2023-07-26,4348.713135223878
2023-07-27,4364.469209846458
2023-07-28,4381.008295165277
2023-07-31,4395.45980686226
2023-08-01,4393.252678929224
2023-08-02,4342.118112300733
2023-08-03,4325.2730856519465
2023-08-04,4285.262043060541
2023-08-07,4315.006208004014
2023-08-08,4312.520219758064
2023-08-09,4284.2331640997245
2023-08-10,4281.6044428001505
2023-08-11,4280.671035881729
2023-08-14,4307.925116849672
2023-08-15,4255.052174703107
2023-08-16,4235.645238020488
2023-08-17,4211.442973738203
2023-08-18,4208.473877369353
2023-08-21,4218.042495422832
2023-08-22,4233.798194301119
2023-08-23,4274.974692741167
2023-08-24,4242.510547924898
2023-08-25,4272.872471770124
2023-08-28,4292.986772454296
2023-08-29,4340.336506122054
2023-08-30,4322.280304920993
2023-08-31,4342.30428841631
2023-09-01,4369.076558809203
2023-09-04,4383.994691149053
2023-09-05,4389.488429068294
2023-09-06,4364.179141821593
2023-09-07,4350.860141385457
2023-09-08,4349.098905933225
2023-09-11,4365.561206773988
2023-09-12,4360.399013890571
2023-09-13,4351.360635562896
2023-09-14,4420.335655546762
2023-09-15,4391.552001377246
2023-09-18,4378.007387267119
2023-09-19,4364.799202803965
2023-09-20,4330.515746672527
2023-09-21,4281.187848561785
2023-09-22,4277.559954329339
2023-09-25,4308.3108880558475
2023-09-26,4254.218878300661
2023-09-27,4279.553595766748
2023-09-28,4278.725258808808
2023-09-29,4268.977467029
2023-10-02,4286.785376503302
2023-10-03,4236.788543110964
2023-10-04,4239.620170394149
2023-10-05,4233.474578954541
2023-10-06,4272.515261246764
2023-10-09,4287.816649487713
2023-10-10,4308.944845576742
2023-10-11,4320.032827604609
2023-10-12,4330.717633036341
2023-10-13,4318.150783212785
2023-10-16,4328.023897881129
2023-10-17,4323.806141773593
2023-10-18,4286.279420324579
2023-10-19,4230.818216123594
2023-10-20,4176.24882636147
2023-10-23,4149.9486407855975
2023-10-24,4183.900480973534
2023-10-25,4148.536358646103
2023-10-26,4119.560190566574
2023-10-27,4097.632084918791
2023-10-30,4117.5913182987415
2023-10-31,4148.743378265055
2023-11-01,4201.240120366368
2023-11-02,4249.438890246322
2023-11-03,4253.355187258074
2023-11-06,4266.934979386855
2023-11-07,4284.288865175812
2023-11-08,4275.186400376962
2023-11-09,4257.824441846645
2023-11-10,4302.947032268861
2023-11-13,4301.506258818249
2023-11-14,4322.581821127661
2023-11-15,4338.155311757175
2023-11-16,4330.624983832443
2023-11-17,4339.38775593759
2023-11-20,4349.120901407132
2023-11-21,4346.252226343694
2023-11-22,4378.188396981943
2023-11-23,4367.799446405847
2023-11-24,4360.305585121867
2023-11-27,4352.692176705362
2023-11-28,4342.9969998197985
2023-11-29,4345.420933037563
2023-11-30,4386.698768284849
2023-12-01,4437.434134635321
2023-12-04,4426.124980207624
2023-12-05,4421.174900766123
2023-12-06,4425.102069609681
2023-12-07,4448.128827336758
2023-12-08,4469.811669570855
2023-12-11,4491.409529388507
2023-12-12,4492.428330808158
2023-12-13,4530.651318134502
2023-12-14,4492.573558889942
2023-12-15,4526.301715274718
2023-12-18,4532.627037543636
2023-12-19,4531.407503720695
2023-12-20,4495.246892280939
2023-12-21,4519.95524482066
2023-12-22,4517.118993147742
2023-12-25,4517.889215089723
2023-12-26,4527.89008249036
2023-12-27,4518.0090233708825
2023-12-28,4528.098351381375
2023-12-29,4541.383152017673
2024-01-01,4541.920119965939
2024-01-02,4550.388655622968
2024-01-03,4522.062007493037
2024-01-04,4499.504037092475
2024-01-05,4497.460614926179
2024-01-08,4540.867052329768
2024-01-09,4553.516432815191
2024-01-10,4549.80574371398
2024-01-11,4556.878393788084
2024-01-12,4563.491393757827
2024-01-15,4565.673866111976
2024-01-16,4564.855695516748
2024-01-17,4532.8692449376
2024-01-18,4563.288504018156
2024-01-19,4597.38413023939
2024-01-22,4610.6660731372995
2024-01-23,4639.178303774839
2024-01-24,4630.318649712307
2024-01-25,4676.046985009401
2024-01-26,4665.3335540194275
2024-01-29,4723.086723565774
2024-01-30,4702.1938973371825
2024-01-31,4646.885334988641
2024-02-01,4693.641155077634
2024-02-02,4736.414025885183
2024-02-05,4749.564623056816
2024-02-06,4763.495447902653
2024-02-07,4786.969920789625
2024-02-08,4783.968066700516
2024-02-09,4793.102337273392
2024-02-12,4800.838685030241
2024-02-13,4770.309193090071
2024-02-14,4804.123592722573
2024-02-15,4822.352302167497
2024-02-16,4815.762740898408
2024-02-19,4820.12778798013
2024-02-20,4779.571859682016
2024-02-21,4785.673244302042
2024-02-22,4864.095413534167
2024-02-23,4863.888103252603
2024-02-26,4837.26318149067
2024-02-27,4848.1175283439625
2024-02-28,4838.135417712347
2024-02-29,4864.847339738174
2024-03-01,4896.0374173578675
2024-03-04,4883.879558059782
2024-03-05,4842.92602373435
2024-03-06,4856.134999472704
2024-03-07,4893.657630605729
2024-03-08,4868.720996573555
2024-03-11,4867.540091260867
