Date,MSCI ACWI ex USA ex China ex Hong Kong Index
2017-11-30,1000.0
2017-12-01,998.8386732586221
2017-12-04,1004.3034909359725
2017-12-05,1004.1504886962393
2017-12-06,1000.4407106094446
2017-12-07,1001.137863746644
2017-12-08,1008.3351101184692
2017-12-11,1009.2181555181974
2017-12-12,1014.6581916614962
2017-12-13,1014.1386547258845
2017-12-14,1011.747975751795
2017-12-15,1009.9479920595936
2017-12-18,1019.7213590328047
2017-12-19,1016.2792940042353
2017-12-20,1010.7075522816751
2017-12-21,1014.8855991431768
2017-12-22,1017.3140624824318
2017-12-25,1017.6697284728388
2017-12-26,1015.4391100068415
2017-12-27,1017.845660517018
2017-12-28,1017.0478191122187
2017-12-29,1015.2882347115833
2018-01-01,1015.0919339180917
2018-01-02,1016.1797350355247
2018-01-03,1020.4669220051321
2018-01-04,1029.0703532935565
2018-01-05,1038.7111618549375
2018-01-08,1043.5649023870405
2018-01-09,1048.8942471415644
2018-01-10,1044.9522734500856
2018-01-11,1040.049483062805
2018-01-12,1038.008346836074
2018-01-15,1036.9691834939906
2018-01-16,1040.0702683526322
2018-01-17,1039.113520188824
2018-01-18,1039.182715338705
2018-01-19,1045.3207356252817
2018-01-22,1046.627946886217
2018-01-23,1050.1864492030552
2018-01-24,1046.7637718795174
2018-01-25,1039.6803754268356
2018-01-26,1044.6167890403353
2018-01-29,1045.4719255479938
2018-01-30,1032.4022230299424
2018-01-31,1027.885706981328
2018-02-01,1027.325537871852
2018-02-02,1013.6892559856996
2018-02-05,996.9201481180116
2018-02-06,975.2941079892158
2018-02-07,987.6045881510341
2018-02-08,979.7013168408234
2018-02-09,966.9681164702033
2018-02-12,974.8093129472267
2018-02-13,970.6028604034512
2018-02-14,976.9202756955276
2018-02-15,983.1355358999962
2018-02-16,991.6394977452678
2018-02-19,994.2374097244137
2018-02-20,994.8843726580668
2018-02-21,997.396240056943
2018-02-22,995.0047432742923
2018-02-23,1002.4655262041898
2018-02-26,1008.1097050533745
2018-02-27,1008.9771898130564
2018-02-28,1001.4991840842541
2018-03-01,990.847503631062
2018-03-02,972.7480531941101
2018-03-05,974.6061649973587
2018-03-06,978.0618215565817
2018-03-07,976.1216143932139
2018-03-08,985.9497012558593
2018-03-09,990.3597256480161
2018-03-12,998.0627890151845
2018-03-13,991.2896521350139
2018-03-14,990.3845032879235
2018-03-15,992.4055527554976
2018-03-16,993.7080827110929
2018-03-19,982.8581519877504
2018-03-20,986.9985609253511
2018-03-21,988.4500386761694
2018-03-22,980.4653770544616
2018-03-23,963.4041934871489
2018-03-26,958.1448285064055
2018-03-27,970.3443133549181
2018-03-28,969.1622861008983
2018-03-29,975.5717068860517
2018-03-30,977.2249391662931
2018-04-02,975.786798710072
2018-04-03,974.1102110561677
2018-04-04,969.0974774283003
2018-04-05,987.8594530540962
2018-04-06,983.0831308962158
2018-04-09,982.5718493689304
2018-04-10,988.135666184762
2018-04-11,984.4711449056534
2018-04-12,989.1126978100257
2018-04-13,989.5463103073403
2018-04-16,987.1145163191219
2018-04-17,992.662101298786
2018-04-18,998.0150681663865
2018-04-19,999.2729193452608
2018-04-20,998.4876322153278
2018-04-23,999.5458882561817
2018-04-24,999.0125771279687
2018-04-25,994.1828653734339
2018-04-26,1003.6387339104095
2018-04-27,1009.0589790692883
2018-04-30,1011.5182311295941
2018-05-01,1013.0018455555438
2018-05-02,1015.0899091016921
2018-05-03,1011.0204733976859
2018-05-04,1015.3936641990512
2018-05-07,1019.8339279714617
2018-05-08,1022.6180410706637
2018-05-09,1025.5954608205068
2018-05-10,1028.609201153357
2018-05-11,1031.0913426503457
2018-05-14,1031.9470664639907
2018-05-15,1030.591722336987
2018-05-16,1036.2397465703411
2018-05-17,1037.389513699918
2018-05-18,1036.5372292794602
2018-05-21,1038.4097719626232
2018-05-22,1040.4080896328417
2018-05-23,1035.2806069869137
2018-05-24,1031.0961405412024
2018-05-25,1033.9464454307208
2018-05-28,1032.8636434259306
2018-05-29,1026.3852527730357
2018-05-30,1021.696717412735
2018-05-31,1018.3017882102184
2018-06-01,1023.5062471022134
2018-06-04,1029.5314197390808
2018-06-05,1027.2853162889303
2018-06-06,1024.5461704892307
2018-06-07,1022.7077239992674
2018-06-08,1021.8361042216287
2018-06-11,1024.099489151688
2018-06-12,1024.1570605337906
2018-06-13,1025.5760801052916
2018-06-14,1032.781773242198
2018-06-15,1026.3824975506689
2018-06-18,1018.6127235390302
2018-06-19,1011.8684958241693
2018-06-20,1015.989866287764
2018-06-21,1008.3650650473161
2018-06-22,1014.4477062102007
2018-06-25,997.3277391323074
2018-06-26,998.8058895154957
2018-06-27,1003.0631790346027
2018-06-28,998.6150913847499
2018-06-29,1003.0631804667056
2018-07-02,994.8893759958582
2018-07-03,998.7391609238231
2018-07-04,1000.373509628741
2018-07-05,998.4974724421304
2018-07-06,1000.9829008499604
2018-07-09,1009.1417322420272
2018-07-10,1013.5752575988416
2018-07-11,1002.6085742772138
2018-07-12,1008.3309339120856
2018-07-13,1013.7118054830516
2018-07-16,1008.801035677779
2018-07-17,1011.8692460426078
2018-07-18,1016.6613988524024
2018-07-19,1015.7275108852155
2018-07-20,1015.1838683948707
2018-07-23,1013.4047543195566
2018-07-24,1021.0432903113575
2018-07-25,1023.0504738221439
2018-07-26,1029.6492549078325
2018-07-27,1034.9081723207792
2018-07-30,1030.3574787694297
2018-07-31,1029.536424610717
2018-08-01,1030.42841156151
2018-08-02,1023.9395710315518
2018-08-03,1030.2468416053823
2018-08-06,1029.692257148745
2018-08-07,1032.991028021766
2018-08-08,1031.7415020170115
2018-08-09,1033.1641597836656
2018-08-10,1026.5157974533297
2018-08-13,1017.4713878678243
2018-08-14,1024.6450007245674
2018-08-15,1015.9239489795148
2018-08-16,1014.3119327215136
2018-08-17,1015.4805092859382
2018-08-20,1018.6645469436924
2018-08-21,1016.4528728994817
2018-08-22,1015.1320785012028
2018-08-23,1013.1431414924816
2018-08-24,1013.2697960096081
2018-08-27,1020.1370948235623
2018-08-28,1019.1040111937588
2018-08-29,1021.3732340623546
2018-08-30,1019.4145048939549
2018-08-31,1015.2397520996728
2018-09-03,1012.3215200508918
2018-09-04,1007.7107372524707
2018-09-05,994.2657645432257
2018-09-06,990.5989475649476
2018-09-07,992.3557725929735
2018-09-10,991.8279785496761
2018-09-11,992.2863906819367
2018-09-12,993.9284555345299
2018-09-13,993.4698986068532
2018-09-14,999.5844261886269
2018-09-17,998.3471336892437
2018-09-18,1002.5019042358815
2018-09-19,1010.3769643898489
2018-09-20,1011.7411508350422
2018-09-21,1017.6746208037285
2018-09-24,1012.588546390854
2018-09-25,1015.3950510524631
2018-09-26,1019.7715940107665
2018-09-27,1023.5072631219252
2018-09-28,1023.4551991977435
2018-10-01,1025.5289830096335
2018-10-02,1023.0753198481326
2018-10-03,1023.8124604654236
2018-10-04,1014.3957506288099
2018-10-05,1007.0844349870575
2018-10-08,1003.8659353111557
2018-10-09,1001.0056558847115
2018-10-10,988.8451686375452
2018-10-11,963.1936305463865
2018-10-12,967.3296423382955
2018-10-15,963.6261777352361
2018-10-16,975.952405894677
2018-10-17,979.1725868030904
2018-10-18,973.6470640250741
2018-10-19,971.4354259560365
2018-10-22,970.2182645127546
2018-10-23,954.9925634415879
2018-10-24,953.511291772142
2018-10-25,948.2027517286898
2018-10-26,944.6875981959022
2018-10-29,945.3637793894738
2018-10-30,950.6346708403499
2018-10-31,967.6308899559957
2018-11-01,968.4916899617772
2018-11-02,977.4889073648192
2018-11-05,974.3564400635119
2018-11-06,974.3802101851766
2018-11-07,978.0494392621536
2018-11-08,983.2554689790533
2018-11-09,980.1958870721904
2018-11-12,977.4596976845525
2018-11-13,973.3742572112901
2018-11-14,969.8454170718732
2018-11-15,967.7490813669937
2018-11-16,965.5620801496177
2018-11-19,960.4760948508164
2018-11-20,951.1346700485802
2018-11-21,955.945569951078
2018-11-22,954.4389089226895
2018-11-23,957.5059660429768
2018-11-26,963.0191333288464
2018-11-27,965.8854236138498
2018-11-28,969.5949960840807
2018-11-29,971.1390305136293
2018-11-30,970.7985913384575
2018-12-03,983.3210999758935
2018-12-04,974.1260118346491
2018-12-05,964.3257855953295
2018-12-06,940.0404169426703
2018-12-07,944.6307219969563
2018-12-10,926.8032552962919
2018-12-11,933.98589308387
2018-12-12,948.0549610517724
2018-12-13,949.3045321232111
2018-12-14,942.2592457190152
2018-12-17,935.760497537974
2018-12-18,927.3127638651083
2018-12-19,927.2703998575018
2018-12-20,914.676871262887
2018-12-21,910.1768617999711
2018-12-24,907.4574655565874
2018-12-25,898.6711672561532
2018-12-26,899.9162685870052
2018-12-27,904.1105998881411
2018-12-28,914.3954519537303
2018-12-31,918.1028836574205
2019-01-01,918.2027526531533
2019-01-02,919.7255310135806
2019-01-03,916.603225303872
2019-01-04,929.0135206293263
2019-01-07,934.2798480165967
2019-01-08,939.3132454582433
2019-01-09,946.7289593129027
2019-01-10,948.1252269684613
2019-01-11,951.701140908622
2019-01-14,949.3189735170317
2019-01-15,956.1935653245558
2019-01-16,959.673331400111
2019-01-17,961.1746113579775
2019-01-18,972.9992228045766
2019-01-21,972.9143195021919
2019-01-22,968.3245029254358
2019-01-23,965.4621590964723
2019-01-24,970.3599612965525
2019-01-25,976.1484732942428
2019-01-28,968.641443293316
2019-01-29,973.7274825955358
2019-01-30,975.8466583195218
2019-01-31,980.8878031649231
2019-02-01,980.8265373630336
2019-02-04,983.1350162309614
2019-02-05,993.1841551304408
2019-02-06,993.6896976117412
2019-02-07,985.2362517540894
2019-02-08,978.3714088638955
2019-02-11,982.0242046251462
2019-02-12,989.1203007854606
2019-02-13,993.1242364412971
2019-02-14,992.3231900457235
2019-02-15,998.9041973019208
2019-02-18,1001.5897148863526
2019-02-19,1000.6466175476835
2019-02-20,1007.3822278603511
2019-02-21,1006.2090990414454
2019-02-22,1008.6965466539642
2019-02-25,1012.4816768336888
2019-02-26,1012.5776896616874
2019-02-27,1010.1712929676345
2019-02-28,1005.2426261241517
2019-03-01,1006.2973945228957
2019-03-04,1011.1439171527395
2019-03-05,1011.1345331714824
2019-03-06,1010.0127646320166
2019-03-07,1010.0102300607597
2019-03-08,1000.6141809414444
2019-03-11,1007.8536046550043
2019-03-12,1010.0154095209717
2019-03-13,1010.6850251181806
2019-03-14,1012.9866706530887
2019-03-15,1019.3122110616064
2019-03-18,1024.2660477050074
2019-03-19,1026.8919932655133
2019-03-20,1021.5415287882322
2019-03-21,1023.4055827780904
2019-03-22,1020.1848485121454
2019-03-25,1008.2713866185992
2019-03-26,1019.3902088884016
2019-03-27,1018.7432821948055
2019-03-28,1016.8249667286836
2019-03-29,1023.4905659847017
2019-04-01,1035.140977397566
2019-04-02,1038.13610739195
2019-04-03,1044.5418952819477
2019-04-04,1043.5077717594172
2019-04-05,1044.715518104748
2019-04-08,1043.10014122371
2019-04-09,1041.5095940881174
2019-04-10,1044.2362663790086
2019-04-11,1040.9524539462423
2019-04-12,1040.236992288909
2019-04-15,1043.8793339977667
2019-04-16,1047.2425561693556
2019-04-17,1049.0267652818818
2019-04-18,1051.0273598829629
2019-04-19,1051.1708377822913
2019-04-22,1049.0547627151386
2019-04-23,1054.9366416358384
2019-04-24,1051.5559726328422
2019-04-25,1053.7043116920681
2019-04-26,1054.6816382407494
2019-04-29,1055.4285571693206
2019-04-30,1053.44206281094
2019-05-01,1052.1312270262406
2019-05-02,1050.1383552670907
2019-05-03,1053.873228333595
2019-05-06,1046.6396895184882
2019-05-07,1037.1774345067881
2019-05-08,1033.948314659802
2019-05-09,1018.9680285685819
2019-05-10,1020.3827720537621
2019-05-13,1009.5484774363573
2019-05-14,1014.5950654076693
2019-05-15,1018.7518232477508
2019-05-16,1024.867962722275
2019-05-17,1023.7732601799825
2019-05-20,1022.3494923945563
2019-05-21,1023.8047872747841
2019-05-22,1024.3802746184333
2019-05-23,1014.7823921759874
2019-05-24,1016.5445249306322
2019-05-27,1020.1539105114945
2019-05-28,1019.8905205071235
2019-05-29,1011.2527262459406
2019-05-30,1014.898322028629
2019-05-31,1010.9438956884964
2019-06-03,1011.5263230965148
2019-06-04,1013.689238873321
2019-06-05,1018.8316318250578
2019-06-06,1016.9556748940688
2019-06-07,1022.4144004970693
2019-06-10,1028.0467834418591
2019-06-11,1034.9441743007444
2019-06-12,1031.69771719199
2019-06-13,1031.9072156364036
2019-06-14,1031.5043904571676
2019-06-17,1028.42073564881
2019-06-18,1041.7337391015687
2019-06-19,1047.3370914218917
2019-06-20,1052.6468196820836
2019-06-21,1046.8611882788107
2019-06-24,1043.7506626106617
2019-06-25,1042.5276374977323
2019-06-26,1039.5519030082448
2019-06-27,1043.842989523491
2019-06-28,1046.6922621651604
2019-07-01,1058.0563339011114
2019-07-02,1061.5806717172202
2019-07-03,1066.3795535116149
2019-07-04,1069.9419701064705
2019-07-05,1066.7181350846033
2019-07-08,1061.8430478111543
2019-07-09,1058.7313618016992
2019-07-10,1057.665747009226
2019-07-11,1060.083885387428
2019-07-12,1059.4984702577997
2019-07-15,1061.1937381393498
2019-07-16,1063.8389770996098
2019-07-17,1060.472616024576
2019-07-18,1056.1465092798994
2019-07-19,1061.5114870678246
2019-07-22,1060.8418923699878
2019-07-23,1070.113527507799
2019-07-24,1071.6002643795687
2019-07-25,1066.3191959517437
2019-07-26,1066.6320144988138
2019-07-29,1065.7162442133413
2019-07-30,1058.4876309068193
2019-07-31,1057.621297759329
2019-08-01,1060.7400361399884
2019-08-02,1039.9733124517743
2019-08-05,1014.7835573584828
2019-08-06,1008.9888057205548
2019-08-07,1009.9912220048598
2019-08-08,1022.1724383294761
2019-08-09,1019.8852686835935
2019-08-12,1015.3302101264491
2019-08-13,1014.5079478125941
2019-08-14,1008.0107132653549
2019-08-15,1004.0868029146791
2019-08-16,1011.8559524172649
2019-08-19,1020.3100422139192
2019-08-20,1019.7009243040108
2019-08-21,1025.2580252794223
2019-08-22,1022.3532739787707
2019-08-23,1017.3869369113797
2019-08-26,1010.9577475346026
2019-08-27,1017.4608175934521
2019-08-28,1018.8377865255073
2019-08-29,1025.001325187144
2019-08-30,1038.9823271347411
2019-09-02,1041.0597320109478
2019-09-03,1038.9564677858052
2019-09-04,1043.4748901517257
2019-09-05,1052.809523752272
2019-09-06,1057.3686991129503
2019-09-09,1057.441892585524
2019-09-10,1059.5697651885687
2019-09-11,1070.4726986637127
2019-09-12,1072.1108553783736
2019-09-13,1073.0937044516118
2019-09-16,1075.7282739681532
2019-09-17,1071.7237093225538
2019-09-18,1070.5563370615248
2019-09-19,1074.4177603856551
2019-09-20,1080.1663038785034
2019-09-23,1077.5370908914222
2019-09-24,1077.4877521352914
2019-09-25,1073.421319486264
2019-09-26,1078.7703682563101
2019-09-27,1079.058254143282
2019-09-30,1080.0550867402446
2019-10-01,1072.999540985912
2019-10-02,1053.074036903121
2019-10-03,1048.4068468920202
2019-10-04,1054.6541032249881
2019-10-07,1057.0691685026702
2019-10-08,1054.6626109706597
2019-10-09,1053.9235026650922
2019-10-10,1055.6868176443832
2019-10-11,1070.546028137472
2019-10-14,1070.306113786932
2019-10-15,1077.7278325877307
2019-10-16,1079.5555786242242
2019-10-17,1077.0400415690162
2019-10-18,1073.7416809173944
2019-10-21,1078.9207537039633
2019-10-22,1082.7474771936124
2019-10-23,1084.3348788178994
2019-10-24,1090.4339521048212
2019-10-25,1092.5062210258418
2019-10-28,1093.820915482281
2019-10-29,1095.0094502811282
2019-10-30,1094.41111661276
2019-10-31,1091.3597511840328
2019-11-01,1096.5215428112613
2019-11-04,1104.9881396654391
2019-11-05,1114.0055991792635
2019-11-06,1114.5848731572667
2019-11-07,1119.2462922836205
2019-11-08,1117.8078528051803
2019-11-11,1115.6862697302265
2019-11-12,1119.7667936030532
2019-11-13,1115.4461272627498
2019-11-14,1112.62256213388
2019-11-15,1116.3019285920982
2019-11-18,1115.619489178875
2019-11-19,1115.2088722201163
2019-11-20,1110.544264009652
2019-11-21,1106.2068732961748
2019-11-22,1111.4259080476136
2019-11-25,1119.4099481148087
2019-11-26,1118.3812379043407
2019-11-27,1122.699486886121
2019-11-28,1120.516287580561
2019-11-29,1113.8378185441256
2019-12-02,1106.0786279286976
2019-12-03,1099.8914542548955
2019-12-04,1104.5249141479362
2019-12-05,1105.6266005241384
2019-12-06,1116.0134547678722
2019-12-09,1116.0619609447665
2019-12-10,1112.171906309949
2019-12-11,1115.3082844318394
2019-12-12,1117.5150574197714
2019-12-13,1129.0998596841341
2019-12-16,1136.900967374547
2019-12-17,1136.8566262197653
2019-12-18,1138.2740742431754
2019-12-19,1139.8737980052829
2019-12-20,1145.2376598154926
2019-12-23,1145.2736185815957
2019-12-24,1145.7805531702138
2019-12-25,1145.1130722049845
2019-12-26,1146.2563642308858
2019-12-27,1146.4292993686613
2019-12-30,1138.9641702311546
2019-12-31,1137.0803047670752
2020-01-01,1137.0820672355194
2020-01-02,1145.5759622656994
2020-01-03,1145.591343840931
2020-01-06,1136.2119608181024
2020-01-07,1143.1928063631226
2020-01-08,1141.7614198482163
2020-01-09,1149.6562840050246
2020-01-10,1151.3646566901932
2020-01-13,1149.9411331108754
2020-01-14,1154.5734420594144
2020-01-15,1151.123037595559
2020-01-16,1153.970218991918
2020-01-17,1163.8013117127766
2020-01-20,1165.1790176192048
2020-01-21,1159.8016397041297
2020-01-22,1162.7529386570952
2020-01-23,1158.98255265384
2020-01-24,1164.2238049061318
2020-01-27,1144.6099867524697
2020-01-28,1145.890646116171
2020-01-29,1149.7801607308115
2020-01-30,1134.350601938179
2020-01-31,1123.952101057862
2020-02-03,1122.2998197992968
2020-02-04,1137.8961566971464
2020-02-05,1149.9749235548231
2020-02-06,1161.031796691606
2020-02-07,1156.2852667797401
2020-02-10,1156.0351101113047
2020-02-11,1164.7328895965838
2020-02-12,1172.2905965275938
2020-02-13,1173.6299030549214
2020-02-14,1171.8760605705759
2020-02-17,1172.210624924805
2020-02-18,1164.835841281514
2020-02-19,1172.3680556539814
2020-02-20,1162.994774575227
2020-02-21,1155.4780370476765
2020-02-24,1126.247991140387
2020-02-25,1108.0176917604438
2020-02-26,1099.055068185916
2020-02-27,1064.0906203073384
2020-02-28,1031.928999834855
2020-03-02,1029.562360760671
2020-03-03,1036.193441871162
2020-03-04,1048.1190567786168
2020-03-05,1039.916740493768
2020-03-06,1003.6908953875243
2020-03-09,928.9406895288574
2020-03-10,931.8505849397083
2020-03-11,918.3510165466319
2020-03-12,838.6077852220833
2020-03-13,842.7956870970801
2020-03-16,796.6894889641669
2020-03-17,811.3197033643233
2020-03-18,781.9544149149903
2020-03-19,792.0554206460921
2020-03-20,804.7254116237938
2020-03-23,768.8110062271394
2020-03-24,823.4353067932445
2020-03-25,860.4964999506753
2020-03-26,870.0355839244768
2020-03-27,856.6010406375839
2020-03-30,864.1705171959084
2020-03-31,873.2602493184366
2020-04-01,852.4354476736454
2020-04-02,855.4872386977942
2020-04-03,850.0585582080121
2020-04-06,881.3724523221932
2020-04-07,895.3478336542075
2020-04-08,900.1207685395768
2020-04-09,909.4887061541019
2020-04-10,911.2662159033737
2020-04-13,909.7089534284219
2020-04-14,918.7968325889887
2020-04-15,902.0679694643006
2020-04-16,901.2129213308251
2020-04-17,922.3127574921631
2020-04-20,921.8017158361688
2020-04-21,895.8690701179995
2020-04-22,908.2942372263798
2020-04-23,917.1792044337456
2020-04-24,910.1478570958869
2020-04-27,927.079157583657
2020-04-28,938.6800781272581
2020-04-29,954.1850624083763
2020-04-30,942.6303016484771
2020-05-01,925.89897618521
2020-05-04,913.5516670435076
2020-05-05,929.6470706678065
2020-05-06,930.2635757894568
2020-05-07,934.2980931598499
2020-05-08,942.9465787238443
2020-05-11,944.802797005529
2020-05-12,941.49153597663
2020-05-13,931.5396776996371
2020-05-14,916.7563921214818
2020-05-15,919.9475630682562
2020-05-18,939.4200312051544
2020-05-19,940.7357645909971
2020-05-20,947.7307507143904
2020-05-21,945.0985303891094
2020-05-22,942.0659016198952
2020-05-25,954.4566903708624
2020-05-26,966.2345488196435
2020-05-27,971.28673617299
2020-05-28,980.4657010378914
2020-05-29,966.1339475562478
2020-06-01,978.7513397236868
2020-06-02,990.6816705639484
2020-06-03,1009.6680974221979
2020-06-04,1001.2100909047826
2020-06-05,1019.6707116188464
2020-06-08,1026.4613230699008
2020-06-09,1019.6980278267026
2020-06-10,1017.7876487880143
2020-06-11,983.9933606066305
2020-06-12,985.3461380380708
2020-06-15,971.1912071264327
2020-06-16,1001.2857590403387
2020-06-17,1006.6656948168875
2020-06-18,1002.5993419186485
2020-06-19,1007.9501469534949
2020-06-22,1001.3667955203823
2020-06-23,1008.9084215200023
2020-06-24,993.876756485795
2020-06-25,994.5282446516577
2020-06-26,993.4830465902521
2020-06-29,989.0903235667749
2020-06-30,993.0293244384267
2020-07-01,993.872679233837
2020-07-02,1009.5293094212775
2020-07-03,1008.055190953723
2020-07-06,1018.714352531721
2020-07-07,1014.5305622541078
2020-07-08,1007.9234218883463
2020-07-09,1006.9028550733682
2020-07-10,1007.6279786680528
2020-07-13,1015.5414988523773
2020-07-14,1008.8265991378322
2020-07-15,1024.2890354508595
2020-07-16,1017.5539091251133
2020-07-17,1019.8663333244916
2020-07-20,1023.7624786420027
2020-07-21,1030.4283346560003
2020-07-22,1019.6691271368571
2020-07-23,1018.7576647460721
2020-07-24,1008.8391123140287
2020-07-27,1007.238883356496
2020-07-28,1011.6293218097011
2020-07-29,1008.1129312894391
2020-07-30,994.5335672833907
2020-07-31,980.0986527710379
2020-08-03,992.6470724432634
2020-08-04,999.7982957931108
2020-08-05,1001.0764694982856
2020-08-06,1000.8030865553329
2020-08-07,1000.7682669560706
2020-08-10,1005.932605171415
2020-08-11,1018.3086315742526
2020-08-12,1024.410952466708
2020-08-13,1023.2254022572524
2020-08-14,1017.4535945456033
2020-08-17,1017.3150269829637
2020-08-18,1014.1126159251061
2020-08-19,1017.8812603160615
2020-08-20,1006.8266159116416
2020-08-21,1010.7186046932294
2020-08-24,1019.857235443089
2020-08-25,1020.1745543005167
2020-08-26,1027.1645396783917
2020-08-27,1023.1635695936217
2020-08-28,1017.8880505059997
2020-08-31,1007.7598393396352
2020-09-01,1008.2475646310289
2020-09-02,1022.4470180646503
2020-09-03,1015.9086880824594
2020-09-04,1005.5003048919166
2020-09-07,1011.7715998562032
2020-09-08,1008.2296377862411
2020-09-09,1013.6942221724634
2020-09-10,1010.8941540970085
2020-09-11,1014.4496363803818
2020-09-14,1019.1317006081836
2020-09-15,1024.120491855116
2020-09-16,1030.4439327465577
2020-09-17,1024.8141515484242
2020-09-18,1020.4980685293405
2020-09-21,1003.1762621959314
2020-09-22,1003.3441035762162
2020-09-23,1004.6091788686873
2020-09-24,994.3344446525184
2020-09-25,997.7882983763226
2020-09-28,1012.7380174373076
2020-09-29,1007.5610039340969
2020-09-30,1003.6314591431698
2020-10-01,1006.2701527254393
2020-10-02,1006.0400312374143
2020-10-05,1013.9520595803186
2020-10-06,1016.5207380451325
2020-10-07,1018.4441968095188
2020-10-08,1027.933748920165
2020-10-09,1029.2688750936504
2020-10-12,1034.3363847801902
2020-10-13,1034.8951813571268
2020-10-14,1033.3546313665533
2020-10-15,1020.716719166045
2020-10-16,1023.0891484997924
2020-10-19,1023.0074035337678
2020-10-20,1017.7479628060537
2020-10-21,1013.9420755444448
2020-10-22,1013.1234579569269
2020-10-23,1016.5487839408368
2020-10-26,1005.7532976358854
2020-10-27,999.7817527674168
2020-10-28,982.6946002560306
2020-10-29,982.4936920314933
2020-10-30,977.4157378735289
2020-11-02,990.827577171711
2020-11-03,1005.0175936633437
2020-11-04,1019.7283366966844
2020-11-05,1033.0216971078269
2020-11-06,1034.0095208040025
2020-11-09,1062.5458721632579
2020-11-10,1072.1364724329837
2020-11-11,1086.5740198745448
2020-11-12,1077.6287575777258
2020-11-13,1076.4323054827132
2020-11-16,1092.745601542119
2020-11-17,1092.3800322852846
2020-11-18,1096.2481687293555
2020-11-19,1092.081878498759
2020-11-20,1095.275565752619
2020-11-23,1097.9219556277403
2020-11-24,1108.4070852179832
2020-11-25,1108.4934914812238
2020-11-26,1111.1321312344387
2020-11-27,1112.1836124782274
2020-11-30,1096.5442320723332
2020-12-01,1103.0923262026677
2020-12-02,1104.6274534183538
2020-12-03,1105.8110823332868
2020-12-04,1113.757080861579
2020-12-07,1114.1669815990142
2020-12-08,1116.26892069408
2020-12-09,1123.3398841945393
2020-12-10,1118.8073027967334
2020-12-11,1117.105954773643
2020-12-14,1117.5917139802555
2020-12-15,1117.5005783770218
2020-12-16,1124.2496617168492
2020-12-17,1127.6708665697092
2020-12-18,1123.3428056547184
2020-12-21,1106.6424232099157
2020-12-22,1109.2533324649778
2020-12-23,1117.8558950318798
2020-12-24,1122.2929515932324
2020-12-25,1122.8811034052455
2020-12-28,1126.502463625977
2020-12-29,1135.9362940188073
2020-12-30,1133.8501171954122
2020-12-31,1134.1494747666645
2021-01-01,1134.30554351164
2021-01-04,1140.048647990922
2021-01-05,1141.896843571517
2021-01-06,1148.2146835514327
2021-01-07,1159.2346920628404
2021-01-08,1174.4013633429363
2021-01-11,1172.8332880368728
2021-01-12,1174.0084012057278
2021-01-13,1178.1772528470776
2021-01-14,1186.1074642521573
2021-01-15,1175.9599938042109
2021-01-18,1174.5746681741912
2021-01-19,1176.348078393498
2021-01-20,1184.1808870506359
2021-01-21,1185.2116760815147
2021-01-22,1174.7828666645225
2021-01-25,1174.0322939880655
2021-01-26,1170.4712121252153
2021-01-27,1163.720759862068
2021-01-28,1154.9083486517748
2021-01-29,1132.8369941523983
2021-02-01,1150.8313239397628
2021-02-02,1167.8819840355109
2021-02-03,1175.969203026463
2021-02-04,1177.689279023557
2021-02-05,1182.1611603760225
2021-02-08,1189.5968754797577
2021-02-09,1188.6977234190463
2021-02-10,1188.4733856892858
2021-02-11,1191.1129441392281
2021-02-12,1195.4494233524267
2021-02-15,1207.8132945015943
2021-02-16,1209.41035787748
2021-02-17,1207.977508248253
2021-02-18,1197.5630935937609
2021-02-19,1198.1446610897115
2021-02-22,1193.7675176493497
2021-02-23,1191.586234593579
2021-02-24,1188.8059086272108
2021-02-25,1187.0848783887084
2021-02-26,1160.7132514183354
2021-03-01,1183.739354274869
2021-03-02,1186.0359395534754
2021-03-03,1189.9481653950086
2021-03-04,1182.5901228045718
2021-03-05,1183.332591131783
2021-03-08,1193.490653765416
2021-03-09,1200.1545878341512
2021-03-10,1204.033240378135
2021-03-11,1210.3648127932895
2021-03-12,1213.8225949315809
2021-03-15,1216.1134059374544
2021-03-16,1225.4881495994782
2021-03-17,1219.7146474463239
2021-03-18,1225.2130139588205
2021-03-19,1218.6738639572973
2021-03-22,1215.9453818377947
2021-03-23,1213.66276448439
2021-03-24,1207.8429233875859
2021-03-25,1211.1397539192412
2021-03-26,1222.4931118722245
2021-03-29,1227.0238015780017
2021-03-30,1232.7146453331152
2021-03-31,1227.5030479936909
2021-04-01,1234.6164751205968
2021-04-02,1237.161289001337
2021-04-05,1239.3739499131539
2021-04-06,1240.1479050038017
2021-04-07,1237.2824745675427
2021-04-08,1242.4491423511006
2021-04-09,1241.8714793418462
2021-04-12,1235.0210738068997
2021-04-13,1236.3477833753882
2021-04-14,1238.8926865906594
2021-04-15,1246.5702872511965
2021-04-16,1252.7692952238663
2021-04-19,1250.2889969148475
2021-04-20,1232.7098666457782
2021-04-21,1231.7086109752993
2021-04-22,1240.41418697845
2021-04-23,1238.7692230319917
2021-04-26,1243.9795152442941
2021-04-27,1241.0630435746762
2021-04-28,1242.7765124186806
2021-04-29,1240.7255447274183
2021-04-30,1236.210449873384
2021-05-03,1237.2915684983493
2021-05-04,1229.713522452341
2021-05-05,1244.3260980165567
2021-05-06,1247.7405690276346
2021-05-07,1255.3966635021186
2021-05-10,1259.7987342132187
2021-05-11,1237.2424323332168
2021-05-12,1232.6285994971322
2021-05-13,1225.3067910287207
2021-05-14,1237.1642139868804
2021-05-17,1236.3778926503564
2021-05-18,1243.4911021795756
2021-05-19,1229.4621703419602
2021-05-20,1238.13180879307
2021-05-21,1245.5639162222783
2021-05-24,1245.8342005885477
2021-05-25,1248.6980599487702
2021-05-26,1251.6453527248823
2021-05-27,1253.1565511685228
2021-05-28,1264.5356141334394
2021-05-31,1259.5653324689792
2021-06-01,1266.9295146090813
2021-06-02,1273.187277965077
2021-06-03,1277.5420945507753
2021-06-04,1280.4251774187605
2021-06-07,1282.156949415685
2021-06-08,1282.0638468832105
2021-06-09,1279.5881218905622
2021-06-10,1282.9021100867399
2021-06-11,1290.6432791279428
2021-06-14,1292.1396734603986
2021-06-15,1295.0510244190853
2021-06-16,1296.8577470978848
2021-06-17,1298.4358247035052
2021-06-18,1287.6928638689592
2021-06-21,1281.6767203285463
2021-06-22,1290.641651803666
2021-06-23,1284.9237442562617
2021-06-24,1292.1331599351345
2021-06-25,1295.7549776027956
2021-06-28,1291.9955899018476
2021-06-29,1292.760055579894
2021-06-30,1289.2521023190573
2021-07-01,1288.6142687529496
2021-07-02,1294.252824361333
2021-07-05,1297.6683995083895
2021-07-06,1294.7452540761549
2021-07-07,1298.5618722516906
2021-07-08,1280.1538579321154
2021-07-09,1286.1371277794367
2021-07-12,1297.1519024273325
2021-07-13,1302.105372205421
2021-07-14,1302.1889303373316
2021-07-15,1294.6830510918296
2021-07-16,1288.9154157218238
2021-07-19,1265.2692626324801
2021-07-20,1267.4610988229201
2021-07-21,1279.2753438740438
2021-07-22,1286.9651291081107
2021-07-23,1294.1935659377295
2021-07-26,1292.8206608711077
2021-07-27,1290.1980770092362
2021-07-28,1293.0674042540325
2021-07-29,1299.2536902039656
2021-07-30,1289.8575676207622
2021-08-02,1301.3852490991023
2021-08-03,1305.0025589241716
2021-08-04,1309.693516614996
2021-08-05,1315.1049904358442
2021-08-06,1316.07347490779
2021-08-09,1317.2298943998912
2021-08-10,1321.4470529764935
2021-08-11,1325.3064991251395
2021-08-12,1325.9740010342998
2021-08-13,1323.927830978373
2021-08-16,1316.90407741191
2021-08-17,1316.1612001206756
2021-08-18,1317.402301181025
2021-08-19,1298.0864209781325
2021-08-20,1296.3687546972321
2021-08-23,1307.698726641394
2021-08-24,1314.8452466499778
2021-08-25,1316.3405074585073
2021-08-26,1311.9845830380038
2021-08-27,1316.098016340406
2021-08-30,1321.5748805887763
2021-08-31,1323.9623178834238
2021-09-01,1327.418663904561
2021-09-02,1329.2649367439792
2021-09-03,1332.7463096192962
2021-09-06,1341.9273424841342
2021-09-07,1338.7037563021715
2021-09-08,1330.7545542521946
2021-09-09,1327.807233320956
2021-09-10,1329.0604495002667
2021-09-13,1332.5855223803333
2021-09-14,1334.0350104391887
2021-09-15,1329.1093619009139
2021-09-16,1330.929238639968
2021-09-17,1324.3423416622195
2021-09-20,1309.1069199262245
2021-09-21,1313.609442586763
2021-09-22,1317.783066312961
2021-09-23,1326.025833143917
2021-09-24,1324.7127184647807
2021-09-27,1326.2965465480888
2021-09-28,1306.5428777550858
2021-09-29,1305.6670394128876
2021-09-30,1309.0600791707473
2021-10-01,1299.5780350918064
2021-10-04,1295.4945141434407
2021-10-05,1300.2427945430627
2021-10-06,1293.3843871640013
2021-10-07,1308.182839829165
2021-10-08,1308.9863341300795
2021-10-11,1311.6907206587448
2021-10-12,1308.8192016429164
2021-10-13,1313.3182304867864
2021-10-14,1325.73841714623
2021-10-15,1338.0220886589427
2021-10-18,1333.6443082168548
2021-10-19,1336.5356042828807
2021-10-20,1340.3653058999394
2021-10-21,1335.368625603085
2021-10-22,1338.0367913716466
2021-10-25,1341.5736717146601
2021-10-26,1350.0535240159247
2021-10-27,1345.7598938643393
2021-10-28,1341.0143277620323
2021-10-29,1341.4233166377408
2021-11-01,1352.5200767085269
2021-11-02,1352.4151658050412
2021-11-03,1354.2731876180662
2021-11-04,1363.3195399132255
2021-11-05,1364.6522385378612
2021-11-08,1365.1136479876025
2021-11-09,1363.8334030818885
2021-11-10,1364.349755079261
2021-11-11,1368.4536465883295
2021-11-12,1377.3977799751303
2021-11-15,1384.1973214417287
2021-11-16,1387.28145903736
2021-11-17,1387.2036721060838
2021-11-18,1379.8810368762495
2021-11-19,1380.694671573583
2021-11-22,1379.1014271075146
2021-11-23,1369.313826128153
2021-11-24,1370.9580624560017
2021-11-25,1374.0802268106215
2021-11-26,1330.0912183790645
2021-11-29,1330.991140480297
2021-11-30,1319.612181291079
2021-12-01,1332.4116069784527
2021-12-02,1329.6724375141757
2021-12-03,1328.6098338847926
2021-12-06,1336.5224826306528
2021-12-07,1364.6749126859243
2021-12-08,1358.9701080283912
2021-12-09,1359.9674771949765
2021-12-10,1353.1035908348808
2021-12-13,1348.2563064799094
2021-12-14,1340.5690908194956
2021-12-15,1343.6895860034917
2021-12-16,1356.1228956365705
2021-12-17,1350.2523230553431
2021-12-20,1327.7459313396914
2021-12-21,1346.2210824640042
2021-12-22,1351.4432182336002
2021-12-23,1365.1004482633139
2021-12-24,1364.1363329564765
2021-12-27,1367.5733686879028
2021-12-28,1378.2124928521405
2021-12-29,1373.575601764506
2021-12-30,1374.6475302747624
2021-12-31,1371.9614295652075
2022-01-03,1379.4411083180873
2022-01-04,1391.7006255368278
2022-01-05,1389.9983575483823
2022-01-06,1373.7505495718613
2022-01-07,1371.3652558206616
2022-01-10,1365.8402612189457
2022-01-11,1372.8431015302147
2022-01-12,1384.005509006444
2022-01-13,1381.9188602076886
2022-01-14,1372.3233136253682
2022-01-17,1379.4930107178975
2022-01-18,1370.8947134547434
2022-01-19,1364.5384323107646
2022-01-20,1371.4966092396269
2022-01-21,1350.3755503571342
2022-01-24,1320.6739465013009
2022-01-25,1321.0195220284854
2022-01-26,1330.5361035341186
2022-01-27,1330.0474695206406
2022-01-28,1329.1432518708161
2022-01-31,1338.135411076761
2022-02-01,1348.7460333236584
2022-02-02,1354.669179328921
2022-02-03,1331.847482485878
2022-02-04,1323.024845465266
2022-02-07,1328.0969967276753
2022-02-08,1332.5515405655608
2022-02-09,1351.2528808195489
2022-02-10,1350.901562958216
2022-02-11,1347.789799814142
2022-02-14,1332.2936621711315
2022-02-15,1338.8858987130652
2022-02-16,1347.5403189824424
2022-02-17,1340.9306871562883
2022-02-18,1332.9603643871849
2022-02-21,1322.7515300017687
2022-02-22,1316.6811392627224
2022-02-23,1315.0983573388653
2022-02-24,1285.3817651880427
2022-02-25,1309.4374470437926
2022-02-28,1312.0455993606658
2022-03-01,1305.8537192595597
2022-03-02,1310.372199335089
2022-03-03,1305.3397668674272
2022-03-04,1284.7677560429581
2022-03-07,1263.8796694639725
2022-03-08,1252.8046164536845
2022-03-09,1268.8563367200536
2022-03-10,1275.8464421067065
2022-03-11,1275.69232745592
2022-03-14,1276.4298991273895
2022-03-15,1271.9166570605917
2022-03-16,1300.477911248623
2022-03-17,1314.3493093864822
2022-03-18,1325.891948121444
2022-03-21,1326.8860833065453
2022-03-22,1337.1041971210407
2022-03-23,1339.3792442893007
2022-03-24,1337.8352302430758
2022-03-25,1340.5359356990616
2022-03-28,1336.4115187943303
2022-03-29,1346.1336071468068
2022-03-30,1344.7363357478253
2022-03-31,1337.9806763483318
2022-04-01,1344.658663408962
2022-04-04,1357.6651294936141
2022-04-05,1360.461510539458
2022-04-06,1343.7692904745115
2022-04-07,1334.485125211759
2022-04-08,1345.7973919315384
2022-04-11,1336.2030483119288
2022-04-12,1330.7908626064357
2022-04-13,1337.4036054036465
2022-04-14,1347.3838949399635
2022-04-15,1344.582200197319
2022-04-18,1336.5816945160022
2022-04-19,1332.3667492579116
2022-04-20,1339.8791949901104
2022-04-21,1340.6712721045164
2022-04-22,1320.420210526269
2022-04-25,1302.7394291140072
2022-04-26,1299.4395974392673
2022-04-27,1304.3385293441363
2022-04-28,1313.2623000440778
2022-04-29,1319.1968997851327
2022-05-02,1307.7804527543562
2022-05-03,1311.3524637020844
2022-05-04,1306.2327022263792
2022-05-05,1300.405067804529
2022-05-06,1279.57492098691
2022-05-09,1249.910027891718
2022-05-10,1248.2513385793782
2022-05-11,1257.7502378429135
2022-05-12,1252.8528296215932
2022-05-13,1276.0265320600392
2022-05-16,1278.8747491323961
2022-05-17,1285.4570715214202
2022-05-18,1283.502195134793
2022-05-19,1264.2066333822825
2022-05-20,1276.9254366318519
2022-05-23,1282.073866660313
2022-05-24,1268.3975572539282
2022-05-25,1275.7760210628533
2022-05-26,1279.6963083830851
2022-05-27,1297.8776929036123
2022-05-30,1309.624125434599
2022-05-31,1307.2956112853442
2022-06-01,1302.7848869156423
2022-06-02,1301.9510111508955
2022-06-03,1298.3026129525988
2022-06-06,1303.832910368836
2022-06-07,1297.449114598439
2022-06-08,1292.4232641824456
2022-06-09,1283.573327756057
2022-06-10,1262.9456776790523
2022-06-13,1237.0275285220418
2022-06-14,1222.9158479280454
2022-06-15,1226.8641339854664
2022-06-16,1207.0638419892668
2022-06-17,1195.6078109329571
2022-06-20,1195.2112143895365
2022-06-21,1204.088367230248
2022-06-22,1190.2807160806856
2022-06-23,1187.9888952285564
2022-06-24,1207.7440868084755
2022-06-27,1216.8129697371605
2022-06-28,1224.737901146869
2022-06-29,1216.5629422390466
2022-06-30,1200.8768605621374
2022-07-01,1198.2346387315097
2022-07-04,1204.242447761757
2022-07-05,1201.301292004836
2022-07-06,1207.500401680857
2022-07-07,1231.3889326350175
2022-07-08,1236.7837086407824
2022-07-11,1234.222869642396
2022-07-12,1233.2257066068585
2022-07-13,1225.0233006566539
2022-07-14,1215.1385644557688
2022-07-15,1224.49943779949
2022-07-18,1231.4370113067444
2022-07-19,1240.5970259879675
2022-07-20,1249.3633949944065
2022-07-21,1256.9301842002935
2022-07-22,1260.146211587652
2022-07-25,1259.5727800309378
2022-07-26,1264.2851720176996
2022-07-27,1270.5970734109164
2022-07-28,1284.810347652354
2022-07-29,1294.5386126820504
2022-08-01,1296.0283090578637
2022-08-02,1291.771378118983
2022-08-03,1295.5726493405832
2022-08-04,1294.8532989101072
2022-08-05,1294.9633540575608
2022-08-08,1300.0912390685505
2022-08-09,1293.3087406994794
2022-08-10,1297.5446916418668
2022-08-11,1304.067554100029
2022-08-12,1316.1382133752315
2022-08-15,1323.2395540871003
2022-08-16,1324.628354333872
2022-08-17,1320.2366579029826
2022-08-18,1322.9095677669338
2022-08-19,1316.6243620564724
2022-08-22,1310.6197641568822
2022-08-23,1305.7100746728836
2022-08-24,1304.4138874490698
2022-08-25,1313.5889808441218
2022-08-26,1299.088132524472
2022-08-29,1281.995912462322
2022-08-30,1279.077254978839
2022-08-31,1265.879648624194
2022-09-01,1250.4177885126296
2022-09-02,1256.3851369784609
2022-09-05,1259.2049966437773
2022-09-06,1255.2446164586522
2022-09-07,1240.8851870733076
2022-09-08,1253.145021951217
2022-09-09,1265.5390886562727
2022-09-12,1277.686970676366
2022-09-13,1271.998835652801
2022-09-14,1259.6981168110688
2022-09-15,1251.8150725488358
2022-09-16,1233.9231160426311
2022-09-19,1234.0191508239664
2022-09-20,1230.8210867672735
2022-09-21,1234.1371671734014
2022-09-22,1226.185209349159
2022-09-23,1208.3933417100245
2022-09-26,1191.6918096813713
2022-09-27,1193.9106412133754
2022-09-28,1191.2200323352154
2022-09-29,1175.9153674746694
2022-09-30,1176.1804208293136
2022-10-03,1185.094599103436
2022-10-04,1211.6773231090758
2022-10-05,1214.1931041461048
2022-10-06,1211.9498450054507
2022-10-07,1201.719608601515
2022-10-10,1199.737158893169
2022-10-11,1183.0491762464278
2022-10-12,1179.958442284077
2022-10-13,1179.4099905751784
2022-10-14,1185.4055871999185
2022-10-17,1191.5614400139727
2022-10-18,1199.0206179474515
2022-10-19,1196.8252800448465
2022-10-20,1195.5313252488959
2022-10-21,1193.5033025723862
2022-10-24,1197.9764119536646
2022-10-25,1207.2377565231047
2022-10-26,1211.6158027162744
2022-10-27,1218.847209499748
2022-10-28,1217.246389895701
2022-10-31,1228.2346792715905
2022-11-01,1238.402107972306
2022-11-02,1236.9866027604905
2022-11-03,1231.4037171044986
2022-11-04,1239.574047376183
2022-11-07,1242.4193054641191
2022-11-08,1250.1142680326068
2022-11-09,1248.3653865448055
2022-11-10,1261.9676856363405
2022-11-11,1276.9993924843288
2022-11-14,1272.6333567996523
2022-11-15,1279.3480046564848
2022-11-16,1268.4218655079837
2022-11-17,1264.2515365018983
2022-11-18,1271.092766088337
2022-11-21,1271.0889890109308
2022-11-22,1279.6009966040772
2022-11-23,1282.458446927467
2022-11-24,1293.398565379891
2022-11-25,1291.264140815574
2022-11-28,1281.8089847710332
2022-11-29,1286.266390132726
2022-11-30,1298.279585211235
2022-12-01,1301.5879793353515
2022-12-02,1294.7029328879698
2022-12-05,1283.70772774371
2022-12-06,1274.5426057766088
2022-12-07,1267.7458407380454
2022-12-08,1263.5220892139441
2022-12-09,1272.3850623535004
2022-12-12,1265.4527555736477
2022-12-13,1272.9903632649061
2022-12-14,1275.6817140891349
2022-12-15,1246.5698745436418
2022-12-16,1235.9964598249946
2022-12-19,1237.4253029474205
2022-12-20,1236.133720196041
2022-12-21,1248.5163132558414
2022-12-22,1244.9812244000505
2022-12-23,1240.9248573227849
2022-12-26,1241.8530153743852
2022-12-27,1241.9712211361762
2022-12-28,1239.552668298591
2022-12-29,1240.8983852055455
2022-12-30,1233.7782536284521
2023-01-02,1239.2204390882816
2023-01-03,1254.248327479329
2023-01-04,1259.7580490857085
2023-01-05,1261.212571300712
2023-01-06,1271.8596994120276
2023-01-09,1278.9089562183574
2023-01-10,1275.5854742661147
2023-01-11,1279.690535506808
2023-01-12,1288.963632539537
2023-01-13,1297.735446566429
2023-01-16,1298.8789756272263
2023-01-17,1306.1267541211132
2023-01-18,1309.6515997050485
2023-01-19,1297.6713335950847
2023-01-20,1298.9821788184747
2023-01-23,1303.8265333854986
2023-01-24,1306.2151201167164
2023-01-25,1305.0760686171616
2023-01-26,1311.012436953367
2023-01-27,1314.1257053149998
2023-01-30,1311.5783196162124
2023-01-31,1307.3108405582336
2023-02-01,1306.7497435101202
2023-02-02,1316.7494351621522
2023-02-03,1319.4138096632043
2023-02-06,1311.5656817747754
2023-02-07,1318.48127019504
2023-02-08,1320.725620595794
2023-02-09,1322.0023090721816
2023-02-10,1320.2990423784029
2023-02-13,1319.7649509884905
2023-02-14,1323.2694928744586
2023-02-15,1320.8796522335297
2023-02-16,1325.3766317761183
2023-02-17,1319.2211068097054
2023-02-20,1320.7776460601729
2023-02-21,1315.0154542673727
2023-02-22,1309.0509096071291
2023-02-23,1312.0967130653273
2023-02-24,1303.2425435888388
2023-02-27,1305.2127625749104
2023-02-28,1302.6586839684392
2023-03-01,1297.191777444172
2023-03-02,1303.2321393134416
2023-03-03,1316.6158667026866
2023-03-06,1317.0300249807713
2023-03-07,1314.0018325120743
2023-03-08,1314.9589048151686
2023-03-09,1313.4378117451943
2023-03-10,1290.1027651829809
2023-03-13,1270.8279815413282
2023-03-14,1268.8405386079316
2023-03-15,1263.0316192822988
2023-03-16,1262.5685980354172
2023-03-17,1260.1066289015332
2023-03-20,1258.2449405617874
2023-03-21,1264.6436858110878
2023-03-22,1271.0042862194755
2023-03-23,1268.604703610916
2023-03-24,1266.09200123865
2023-03-27,1270.9862939734653
2023-03-28,1272.3578194182871
2023-03-29,1283.5925632447377
2023-03-30,1288.8250412630866
2023-03-31,1300.3303435681496
2023-04-03,1304.695867044858
2023-04-04,1301.2665679586453
2023-04-05,1301.0167972384704
2023-04-06,1297.7168002901972
2023-04-07,1299.0000248548474
2023-04-10,1302.4393354174165
2023-04-11,1308.2932275948117
2023-04-12,1309.3457578278399
2023-04-13,1311.89250274688
2023-04-14,1318.4473052167536
2023-04-17,1322.8206053469853
2023-04-18,1324.5273565797613
2023-04-19,1320.5894847745953
2023-04-20,1319.2166304756886
2023-04-21,1317.805660624884
2023-04-24,1314.888079788516
2023-04-25,1312.4752250903093
2023-04-26,1301.351078333026
2023-04-27,1306.8172669274913
2023-04-28,1311.15614825339
2023-05-01,1316.250769632277
2023-05-02,1306.7109527023517
2023-05-03,1304.8504356820954
2023-05-04,1308.3999998570482
2023-05-05,1318.6570734607194
2023-05-08,1324.4259299528862
2023-05-09,1327.5805943700339
2023-05-10,1323.1245857303302
2023-06-02,1342.6715131037188
2023-06-05,1345.8401071929525
2023-06-06,1352.935460100835
2023-06-30,1344.4180046033273
2023-07-03,1351.123665881474
2023-07-04,1351.9965709411401
2023-07-05,1346.8388758291746
2023-07-06,1322.193508265473
2023-07-07,1316.7924688765443
2023-07-10,1314.4345055172107
2023-07-11,1324.505402793384
2023-07-12,1333.9996321577355
2023-07-13,1343.299139161287
2023-07-14,1341.8268968344837
2023-07-17,1336.903338286318
2023-07-18,1343.731526007203
2023-07-19,1348.9128806087326
2023-07-20,1351.378613541323
2023-07-21,1351.2822381810743
2023-07-24,1358.292459594338
2023-07-25,1366.3337633967535
2023-07-26,1363.0784194170346
2023-07-27,1376.1607990620776
2023-07-28,1372.6669583177866
2023-07-31,1376.6554097030023
2023-08-01,1370.453241481526
2023-08-02,1350.9930136173164
2023-08-03,1341.9185911106642
2023-08-04,1340.198363178986
2023-08-07,1341.6936187537608
2023-08-08,1339.4356621446216
2023-08-09,1340.5740357847624
2023-08-10,1345.9012740337753
2023-08-11,1338.701027972438
2023-08-14,1335.6069062260185
2023-08-15,1325.6437329751866
2023-08-16,1320.8810114722328
2023-08-17,1313.2195082639591
2023-08-18,1309.0056257687804
2023-08-21,1306.9210737858818
2023-08-22,1318.1085892498857
2023-08-23,1326.965366909789
2023-08-24,1326.8171565314394
2023-08-25,1322.7793288710154
2023-08-28,1333.0564467616523
2023-08-29,1341.865081827816
2023-08-30,1339.2977920951564
2023-08-31,1342.3306625013784
2023-09-01,1348.5930128533691
2023-09-04,1352.5754857197765
2023-09-05,1351.1038961534844
2023-09-06,1346.0557905794083
2023-09-07,1343.1008542743486
2023-09-08,1340.7187200813914
2023-09-11,1345.891988758993
2023-09-12,1348.031952322215
2023-09-13,1344.1482383809462
2023-09-14,1367.6778365980695
2023-09-15,1372.608142084824
2023-09-18,1361.9182295942737
2023-09-19,1358.9572462483611
2023-09-20,1360.2844422190756
2023-09-21,1344.3915953170747
2023-09-22,1341.7677962353785
2023-09-25,1341.5047780994382
2023-09-26,1331.504265944866
2023-09-27,1333.473830186258
2023-09-28,1332.0737280270675
2023-09-29,1332.5838303315409
2023-10-02,1326.2396775041934
2023-10-03,1313.3205546365264
2023-10-04,1301.2652129334344
2023-10-05,1307.9014253375833
2023-10-06,1313.3413018263382
2023-10-09,1312.2220358976303
2023-10-10,1330.8512727132654
2023-10-11,1335.1145635921202
2023-10-12,1341.7384897711497
2023-10-13,1333.2871874869875
2023-10-16,1328.5348835718942
2023-10-17,1330.5875557115992
2023-10-18,1322.272905234733
2023-10-19,1304.727682861785
2023-10-20,1291.2152513532433
2023-10-23,1281.913805059114
2023-10-24,1288.2075366016086
2023-10-25,1289.0462076297865
2023-10-26,1279.6299043829886
2023-10-27,1276.447725024839
2023-10-30,1276.1339980894406
2023-10-31,1279.435719393056
2023-11-01,1295.1136177497262
2023-11-02,1312.2655031018926
2023-11-03,1315.738836018806
2023-11-06,1323.806368130758
2023-11-07,1318.6581611377753
2023-11-08,1314.6955492689324
2023-11-09,1322.6760932196737
2023-11-10,1315.4860574939676
2023-11-13,1319.6697675933028
2023-11-14,1326.7918339464707
2023-11-15,1339.075912060149
2023-11-16,1334.6835246204
2023-11-17,1344.1511410863193
2023-11-20,1343.8057611473398
2023-11-21,1345.537245177724
2023-11-22,1347.9723553910815
2023-11-23,1347.8177513383996
2023-11-24,1348.7934851352472
2023-11-27,1344.9286980212303
2023-11-28,1345.3148765035057
2023-11-29,1349.6319070603056
2023-11-30,1360.4002268417853
2023-12-01,1373.2943716552065
2023-12-04,1373.9396014475715
2023-12-05,1372.2555039686881
2023-12-06,1381.6525676960514
2023-12-07,1381.1714846936572
2023-12-08,1386.1509836092212
2023-12-11,1389.588807321215
2023-12-12,1386.3367731202607
2023-12-13,1389.101503566273
2023-12-14,1395.0647767339647
2023-12-15,1403.3885701379893
2023-12-18,1397.6315868324782
2023-12-19,1399.6608854153637
2023-12-20,1402.7955609295532
2023-12-21,1401.3112945377143
2023-12-22,1403.7242208446166
2023-12-25,1404.3611192484893
2023-12-26,1405.429377190292
2023-12-27,1410.229399764304
2023-12-28,1414.5972961090752
2023-12-29,1420.0104298334454
2024-01-01,1420.4923297522373
2024-01-02,1421.511344398692
2024-01-03,1408.2845372984127
2024-01-04,1409.2366311383603
2024-01-05,1409.7290180046052
2024-01-08,1412.4565206296918
2024-01-09,1414.3766241551405
2024-01-10,1409.6126395909569
2024-01-11,1409.9877792726043
2024-01-12,1419.5606617909284
2024-01-15,1417.6074984389804
2024-01-16,1410.5231587522926
2024-01-17,1393.8734622372624
2024-01-18,1398.060614220174
2024-01-19,1404.1561323914677
2024-01-22,1413.348872041136
2024-01-23,1414.4218888808675
2024-01-24,1420.458407632158
2024-01-25,1427.2938269608035
2024-01-26,1429.9593920056566
2024-01-29,1442.8390363416213
2024-01-30,1440.0144499824066
2024-01-31,1443.0000745151742
2024-02-01,1441.2943639752039
2024-02-02,1444.3623623856515
2024-02-05,1445.291179959651
2024-02-06,1450.4560160509154
2024-02-07,1451.664670634922
2024-02-08,1448.6485259034894
2024-02-09,1447.2481896166498
2024-02-12,1451.8675639091816
2024-02-13,1449.0556462373866
2024-02-14,1450.7047415936572
2024-02-15,1461.517069070573
2024-02-16,1470.0891900380234
2024-02-19,1474.1456231286147
2024-02-20,1470.2029626007056
2024-02-21,1466.6428210251745
2024-02-22,1478.4049132989667
2024-02-23,1481.2178417358691
2024-02-26,1475.919999834429
2024-02-27,1478.9915404380629
2024-02-28,1473.3373154759515
2024-02-29,1478.51736302304
2024-03-01,1487.2415944658478
2024-03-04,1487.06540891532
2024-03-05,1485.5341731240069
2024-03-06,1489.9109813090208
2024-03-07,1501.6189297841072
2024-03-08,1505.6229051148373
2024-03-11,1496.8271932299263
