Date,QATAR SMALL GROWTH
2014-06-02,980.1222214403615
2014-06-03,969.5373710191537
2014-06-04,969.1964558843025
2014-06-05,976.165387767592
2014-06-06,974.4209022814963
2014-06-09,984.086169432014
2014-06-10,978.2196535865992
2014-06-11,980.4207631881897
2014-06-12,977.6820621507925
2014-06-13,979.330783728201
2014-06-16,944.0429541334948
2014-06-17,942.8678808413168
2014-06-18,937.1701939427004
2014-06-19,953.5988290764212
2014-06-20,957.5676209325459
2014-06-23,945.5585151001285
2014-06-24,938.6515078954689
2014-06-25,932.6078159466223
2014-06-26,905.242708125607
2014-06-27,901.8581270534758
2014-06-30,885.9576746419706
2014-07-01,908.9439950152242
2014-07-02,917.4632506823579
2014-07-03,936.7215726740233
2014-07-04,938.1820364589147
2014-07-07,958.6033057467541
2014-07-08,957.8340955606403
2014-07-09,975.8044215354215
2014-07-10,971.4440079118837
2014-07-11,971.5868778299531
2014-07-14,990.9841559345621
2014-07-15,1010.975253062058
2014-07-16,1016.2503246211115
2014-07-17,1014.0188644881955
2014-07-18,1014.6568718421426
2014-07-21,1003.6036136544059
2014-07-22,1016.27344778292
2014-07-23,1005.7945048371938
2014-07-24,1001.3929432923356
2014-07-25,1004.0766435795781
2014-07-28,1002.3391637778166
2014-07-29,1004.5106375487426
2014-07-30,1006.9508659540446
2014-07-31,1006.837979085664
2014-08-01,1003.1642088142219
2014-08-04,1027.7378705569133
2014-08-05,1051.8681653978765
2014-08-06,1041.539051591243
2014-08-07,1056.6152786846142
2014-08-08,1051.652979489182
2014-08-11,1062.0900310388176
2014-08-12,1071.7264955904745
2014-08-13,1079.5325294573279
2014-08-14,1091.5562072855978
2014-08-15,1091.322328549242
2014-08-18,1105.176102162803
2014-08-19,1110.4282176526283
2014-08-20,1114.0866897274202
2014-08-21,1109.580141105266
2014-08-22,1113.9901105810425
2014-08-25,1127.6342628902523
2014-08-26,1127.3192680782172
2014-08-27,1128.6408559588328
2014-08-28,1128.364437357891
2014-08-29,1128.7107564490693
2014-09-01,1126.4816161485612
2014-09-02,1120.1318305304535
2014-09-03,1121.9545094581226
2014-09-04,1146.8986090235157
2014-09-05,1147.6066530773946
2014-09-08,1142.8678745246912
2014-09-09,1159.0973364833842
2014-09-10,1155.8317865934846
2014-09-11,1157.5949656289208
2014-09-12,1157.8633830734163
2014-09-15,1164.237954047564
2014-09-16,1163.4821644697265
2014-09-17,1157.951236769168
2014-09-18,1166.2798600226388
2014-09-19,1173.6823605944114
2014-09-22,1151.9145314964471
2014-09-23,1145.9625000403878
2014-09-24,1146.9692202669773
2014-09-25,1154.3930449276193
2014-09-26,1159.075719928704
2014-09-29,1161.3313267677247
2014-09-30,1165.5858085892319
2014-10-01,1176.371891699769
2014-10-02,1179.0544216687917
2014-10-03,1192.419796495449
2014-10-06,1186.964777138421
2014-10-07,1181.2931047003474
2014-10-08,1175.9390390778137
2014-10-09,1173.533972016573
2014-10-10,1181.590008612738
2014-10-13,1151.0423330988435
2014-10-14,1148.9983123859877
2014-10-15,1133.7356443093872
2014-10-16,1100.8271781512328
2014-10-17,1101.9329217235806
2014-10-20,1097.1867572772273
2014-10-21,1110.637142760015
2014-10-22,1122.9509080700009
2014-10-23,1127.3500781723446
2014-10-24,1125.6321292276805
2014-10-27,1112.088565540479
2014-10-28,1122.944941474218
2014-10-29,1120.8934857244055
2014-10-30,1117.5740315567812
2014-10-31,1125.778563151454
2014-11-03,1140.638814868726
2014-11-04,1131.869982718444
2014-11-05,1126.373553797982
2014-11-06,1139.6171920628938
2014-11-07,1141.6827137981456
2014-11-10,1151.3662329504116
2014-11-11,1150.165358867352
2014-11-12,1145.8943362675946
2014-11-13,1151.9131691219714
2014-11-14,1151.4200280037371
2014-11-17,1167.5914464008438
2014-11-18,1163.252282306637
2014-11-19,1163.7593200816582
2014-11-20,1152.7942166478683
2014-11-21,1164.635130417513
2014-11-24,1143.4962011530208
2014-11-25,1094.4495422190653
2014-11-26,1098.4009229766868
2014-11-27,1076.5031750065912
2014-11-28,1077.7688488453016
2014-12-01,1048.0416919790327
2014-12-02,1049.3527543510738
2014-12-03,1051.4059115067503
2014-12-04,1053.7734607872796
2014-12-05,1065.712024894886
2014-12-08,1056.7606918125412
2014-12-09,1009.675125126754
2014-12-10,997.0478248126793
2014-12-11,949.2589796758874
2014-12-12,943.2032832480079
2014-12-15,907.6868329459714
2014-12-16,864.686870761236
2014-12-17,876.6796739943373
2014-12-18,884.8899563763033
2014-12-19,886.0444587045146
2014-12-22,1010.5397687623582
2014-12-23,1012.7081948282074
2014-12-24,1026.2929754804632
2014-12-25,1042.1160263744246
2014-12-26,1043.7429278576103
2014-12-29,1051.9779752502384
2014-12-30,1029.383058084239
2014-12-31,1039.2069838094735
2015-01-01,1039.2069838094735
2015-01-02,1045.2106000265535
2015-01-05,1036.483629045174
2015-01-06,1023.3430004694742
2015-01-07,1040.9679002484645
2015-01-08,1064.9111483850868
2015-01-09,1061.1318363539767
2015-01-12,1058.4528370969338
2015-01-13,1058.7896306117605
2015-01-14,1055.517413590205
2015-01-15,1075.7625450254052
2015-01-16,1084.2578346703162
2015-01-19,1071.680027096976
2015-01-20,1087.5469563841941
2015-01-21,1080.0852732268975
2015-01-22,1097.7809345733751
2015-01-23,1113.9858378049946
2015-01-26,1109.8297208305187
2015-01-27,1096.5049100467902
2015-01-28,1101.858018564098
2015-01-29,1104.4948683333914
2015-01-30,1109.5941799433238
2015-02-02,1114.5578349647692
2015-02-03,1128.9770191862187
2015-02-04,1147.8234896708223
2015-02-05,1147.1661524830915
2015-02-06,1155.862550659613
2015-02-09,1174.408864641387
2015-02-10,1175.5692438615793
2015-02-11,1180.294682856862
2015-02-12,1158.0851106113523
2015-02-13,1155.0381864001404
2015-02-16,1179.4425134717835
2015-02-17,1170.4753556895437
2015-02-18,1206.2366782056313
2015-02-19,1182.8457874969852
2015-02-20,1185.1347972454075
2015-02-23,1200.1641145646352
2015-02-24,1234.4294881511205
2015-02-25,1242.0131512762716
2015-02-26,1239.8473156505386
2015-02-27,1239.4135864217635
2015-03-02,1247.2348850433264
2015-03-03,1235.2536986094378
2015-03-04,1235.2811994794936
2015-03-05,1239.9603383846825
2015-03-06,1259.1393962356813
2015-03-09,1258.7109797698633
2015-03-10,1285.8466873079262
2015-03-11,1296.5932229475054
2015-03-12,1281.8256042569496
2015-03-13,1293.3993753356372
2015-03-16,1251.8082770434453
2015-03-17,1245.7361802315747
2015-03-18,1216.2704694157271
2015-03-19,1222.2289888717303
2015-03-20,1202.8671696955696
2015-03-23,1196.9068787684405
2015-03-24,1208.652157212374
2015-03-25,1192.4633302755103
2015-03-26,1189.3365461002431
2015-03-27,1192.3616389993429
2015-03-30,1209.0539584895207
2015-03-31,1213.86425326051
2015-04-01,1219.7685989483844
2015-04-02,1218.9364830614438
2015-04-03,1218.9364830614438
2015-04-06,1202.5226127895605
2015-04-07,1222.4885690116234
2015-04-08,1256.3296664188592
2015-04-09,1281.0538672665368
2015-04-10,1287.2623342278341
2015-04-13,1295.6335006035301
2015-04-14,1279.0951987093274
2015-04-15,1325.1058140661066
2015-04-16,1326.5741321097953
2015-04-17,1317.3219163611234
2015-04-20,1317.1240906488426
2015-04-21,1336.5690476232637
2015-04-22,1348.1962926028502
2015-04-23,1351.6037935220975
2015-04-24,1343.6979382124919
2015-04-27,1365.264821247754
2015-04-28,1353.0175791628976
2015-04-29,1331.7272738809163
2015-04-30,1332.7455282009155
2015-05-01,1330.690109711575
2015-05-04,1338.7722716185176
2015-05-05,1338.0034823104072
2015-05-06,1350.1930551974638
2015-05-07,1364.42028532859
2015-05-08,1369.6500461940473
2015-05-11,1386.5630784728655
2015-05-12,1372.256096273024
2015-05-13,1349.9199483014002
2015-05-14,1352.8108983144396
2015-05-15,1345.5981140475765
2015-05-18,1382.8181552213737
2015-05-19,1394.8544464761471
2015-05-20,1402.2356882768938
2015-05-21,1396.7592220910324
2015-05-22,1409.17654905297
2015-05-25,1388.6489659374756
2015-05-26,1408.807362585982
2015-05-27,1399.8923072073646
2015-05-28,1382.3131085757866
2015-05-29,1376.7339220000918
2015-06-01,1425.6693620028548
2015-06-02,1404.7736203498287
2015-06-03,1383.1244676914862
2015-06-04,1373.5401012399789
2015-06-05,1394.790772178141
2015-06-08,1381.8030873637183
2015-06-09,1395.058716445099
2015-06-10,1401.2210370865507
2015-06-11,1405.938728314233
2015-06-12,1401.6388937985203
2015-06-15,1400.2756530243933
2015-06-16,1402.3471977914805
2015-06-17,1398.593286459941
2015-06-18,1373.3746851785338
2015-06-19,1382.6872374049544
2015-06-22,1384.7156552227998
2015-06-23,1416.8228275027532
2015-06-24,1415.5075263517124
2015-06-25,1416.0691311499795
2015-06-26,1422.7569985975822
2015-06-29,1415.0073533813745
2015-06-30,1416.9092378923417
2015-07-01,1425.426957289792
2015-07-02,1420.7730667843803
2015-07-03,1421.226486293043
2015-07-06,1414.7230395692447
2015-07-07,1425.7442777399422
2015-07-08,1409.8440294738298
2015-07-09,1407.4350569113142
2015-07-10,1391.2977799236926
2015-07-13,1421.4685027986952
2015-07-14,1422.4962643253768
2015-07-15,1423.9783748323723
2015-07-16,1434.768750865074
2015-07-17,1441.3784562636324
2015-07-20,1440.0516477247056
2015-07-21,1430.8515929402881
2015-07-22,1442.7040617883113
2015-07-23,1447.583423053464
2015-07-24,1449.3194871006706
2015-07-27,1440.474854234675
2015-07-28,1434.7986571315623
2015-07-29,1429.583876494786
2015-07-30,1427.7409805837385
2015-07-31,1411.7364817158855
2015-08-03,1378.4829689297235
2015-08-04,1396.94412385507
2015-08-05,1416.4244320218943
2015-08-06,1406.0473376965062
2015-08-07,1402.7954006358516
2015-08-10,1380.8179065192908
2015-08-11,1381.1362333524048
2015-08-12,1366.0054724527354
2015-08-13,1365.1257153507368
2015-08-14,1367.1154041502334
2015-08-17,1368.783634673742
2015-08-18,1361.6404753437914
2015-08-19,1353.278078014445
2015-08-20,1309.9198308897876
2015-08-21,1296.5473949283444
2015-08-24,1166.1569425244777
2015-08-25,1217.566665631128
2015-08-26,1229.5921415711007
2015-08-27,1275.5380122211213
2015-08-28,1274.8910080424102
2015-08-31,1278.6209113079835
2015-09-01,1264.982685445694
2015-09-02,1237.1786806866667
2015-09-03,1263.5714303231443
2015-09-04,1261.4982176807273
2015-09-07,1254.8581246715903
2015-09-08,1254.1861246777187
2015-09-09,1293.1771853721646
2015-09-10,1275.7789717449086
2015-09-11,1268.4884832468538
2015-09-14,1247.8330541474616
2015-09-15,1252.1374342943207
2015-09-16,1250.0649490634366
2015-09-17,1231.3725143975598
2015-09-18,1224.8580205798712
2015-09-21,1246.3805636552113
2015-09-22,1248.161096841505
2015-09-23,1246.6848960604298
2015-09-24,1231.174994027457
2015-09-25,1243.9319090656077
2015-09-28,1239.621998179372
2015-09-29,1236.5367743064987
2015-09-30,1252.5255495822587
2015-10-01,1251.071455057889
2015-10-02,1243.13818300462
2015-10-05,1263.2573008601735
2015-10-06,1283.2272750524874
2015-10-07,1284.447401138617
2015-10-08,1273.1184173877746
2015-10-09,1264.519547484632
2015-10-12,1272.3214142925367
2015-10-13,1265.5212556972633
2015-10-14,1237.9386973581156
2015-10-15,1251.149203928792
2015-10-16,1252.1251426983472
2015-10-19,1257.8628807643515
2015-10-20,1252.5676054578762
2015-10-21,1257.7954162971357
2015-10-22,1272.659071250722
2015-10-23,1287.5306833613301
2015-10-26,1277.6724616483036
2015-10-27,1274.0735116881942
2015-10-28,1261.9632423648268
2015-10-29,1275.4249964472863
2015-10-30,1265.4954667596508
2015-11-02,1250.7176078266996
2015-11-03,1260.2294271389142
2015-11-04,1270.7257590403833
2015-11-05,1258.7733531288666
2015-11-06,1273.105249358332
2015-11-09,1255.3961236144596
2015-11-10,1230.1927773562709
2015-11-11,1219.2007491419793
2015-11-12,1210.3843593499892
2015-11-13,1213.045120316331
2015-11-16,1197.0354658456627
2015-11-17,1203.5381839044555
2015-11-18,1213.02157591474
2015-11-19,1206.3537739671074
2015-11-20,1213.7556190348246
2015-11-23,1195.2453692383458
2015-11-24,1194.2855313035561
2015-11-25,1195.054681790402
2015-11-26,1183.6904176291555
2015-11-27,1186.4277261601778
2015-11-30,1168.3319985218357
2015-12-01,1169.4123509360084
2015-12-02,1172.9180548203014
2015-12-03,1123.6274769253778
2015-12-04,1119.4094836964307
2015-12-07,1110.3592258839005
2015-12-08,1102.0679577618955
2015-12-09,1077.8848108444067
2015-12-10,1064.671682361646
2015-12-11,1058.8337199808393
2015-12-14,1029.4792288537535
2015-12-15,1029.0849028414937
2015-12-16,1058.504062034911
2015-12-17,1095.0067765025974
2015-12-18,1093.9765949457278
2015-12-21,1097.438583657684
2015-12-22,1124.412602563229
2015-12-23,1124.4961245751372
2015-12-24,1104.166444677675
2015-12-25,1104.166444677675
2015-12-28,1107.802555128655
2015-12-29,1100.1321302268536
2015-12-30,1105.3902374000982
2015-12-31,1108.3205165838406
2016-01-01,1108.3205165838406
2016-01-04,1082.3027825123868
2016-01-05,1077.7177292771898
2016-01-06,1076.6855897764488
2016-01-07,1039.5685345449333
2016-01-08,1032.6574604305406
2016-01-11,1006.8781190015019
2016-01-12,986.4334128726105
2016-01-13,974.5554746515054
2016-01-14,943.719074257538
2016-01-15,934.076403375562
2016-01-18,829.3317931111789
2016-01-19,853.8231695964355
2016-01-20,822.5301873360864
2016-01-21,825.3188001870037
2016-01-22,825.2652172149026
2016-01-25,845.153026688461
2016-01-26,838.8590800792961
2016-01-27,865.4020746429605
2016-01-28,866.2809620745995
2016-01-29,875.9162677578603
2016-02-01,897.2326812547548
2016-02-02,916.9262084615099
2016-02-03,893.7341051051566
2016-02-04,898.491725542815
2016-02-05,900.554192673701
2016-02-08,929.8197227380001
2016-02-09,916.4504165012524
2016-02-10,927.1681467451086
2016-02-11,888.8149662495738
2016-02-12,896.8403263342877
2016-02-15,916.844616764827
2016-02-16,922.0096372067151
2016-02-17,901.8123281338013
2016-02-18,905.8745887223189
2016-02-19,905.2415066351521
2016-02-22,967.7698394128337
2016-02-23,1009.4658737768916
2016-02-24,1006.4608179935428
2016-02-25,1004.2672738604068
2016-02-26,1013.8330346403027
2016-02-29,1050.583084411083
2016-03-01,1062.7742563470972
2016-03-02,1077.0274464218342
2016-03-03,1071.1243637641742
2016-03-04,1063.8258875869856
2016-03-07,1081.636447643364
2016-03-08,1076.5869546841561
2016-03-09,1077.3843741183894
2016-03-10,1061.8756554916156
2016-03-11,1060.5842250089484
2016-03-14,1064.7565589565165
2016-03-15,1074.9860523120399
2016-03-16,1082.515324404619
2016-03-17,1069.132329639349
2016-03-18,1071.4847350927841
2016-03-21,1075.7109814971564
2016-03-22,1072.969500460657
2016-03-23,1121.3751140741972
2016-03-24,1100.2386391980262
2016-03-25,1100.2386391980262
2016-03-28,1163.5266167007169
2016-03-29,1206.7379137988269
2016-03-30,1187.1589930458695
2016-03-31,1223.9728939261647
2016-04-01,1229.4042837019133
2016-04-04,1213.752020607767
2016-04-05,1215.560159923471
2016-04-06,1201.2769055355604
2016-04-07,1183.0628577770444
2016-04-08,1180.4182728221185
2016-04-11,1195.358240172986
2016-04-12,1204.9073236640154
2016-04-13,1190.1602686217395
2016-04-14,1195.0896833843403
2016-04-15,1191.4401508260967
2016-04-18,1162.953191961393
2016-04-19,1176.0452301322216
2016-04-20,1196.9428632491129
2016-04-21,1179.668403457731
2016-04-22,1184.8271258599066
2016-04-25,1157.265475754841
2016-04-26,1167.665815628904
2016-04-27,1159.4970807051566
2016-04-28,1155.462215753644
2016-04-29,1141.3644931631254
2016-05-02,1144.352072893496
2016-05-03,1129.3425418945562
2016-05-04,1104.8780898874013
2016-05-05,1113.3777367106916
2016-05-06,1111.08723712103
2016-05-09,1147.574463283835
2016-05-10,1178.4525769209258
2016-05-11,1181.7178205200382
2016-05-12,1191.9262731651324
2016-05-13,1203.1054875725968
2016-05-16,1160.0782416355462
2016-05-17,1161.8203858533482
2016-05-18,1171.2780784684116
2016-05-19,1171.0493021357088
2016-05-20,1170.229880496837
2016-05-23,1155.0383418714762
2016-05-24,1153.756710031068
2016-05-25,1161.6471102793737
2016-05-26,1158.076659192231
2016-05-27,1163.7024382508391
2016-05-30,1144.402326468208
2016-05-31,1124.6163635829182
2016-06-01,1118.7263913786178
2016-06-02,1110.8483177796
2016-06-03,1094.0595276983752
2016-06-06,1087.75372285541
2016-06-07,1103.1839120110824
2016-06-08,1103.0828037571193
2016-06-09,1104.5294869825689
2016-06-10,1107.2821891403885
2016-06-13,1095.1429622426854
2016-06-14,1099.3050964609401
2016-06-15,1108.875961277408
2016-06-16,1111.2767769038724
2016-06-17,1101.2452350723343
2016-06-20,1096.472852674971
2016-06-21,1114.791111096382
2016-06-22,1107.1135804285184
2016-06-23,1099.967531610536
2016-06-24,1123.1455306071932
2016-06-27,1106.6341705595112
2016-06-28,1097.44845174757
2016-06-29,1090.6306699575407
2016-06-30,1099.6320609676459
2016-07-01,1097.4245536192348
2016-07-04,1100.188297546361
2016-07-05,1123.4733483689195
2016-07-06,1127.2941158412445
2016-07-07,1127.1768279097153
2016-07-08,1130.9964174242314
2016-07-11,1128.3797135042093
2016-07-12,1120.7859335026158
2016-07-13,1126.4417681733016
2016-07-14,1133.4072850754314
2016-07-15,1136.919451564247
2016-07-18,1158.4343416567544
2016-07-19,1171.8808188657965
2016-07-20,1170.8762733673443
2016-07-21,1181.2805533609176
2016-07-22,1183.2103084022222
2016-07-25,1173.533264333359
2016-07-26,1160.8224492235058
2016-07-27,1161.8349243107089
2016-07-28,1157.966607450223
2016-07-29,1147.714991609617
2016-08-01,1153.6296369565425
2016-08-02,1136.7759607332796
2016-08-03,1128.9175323903166
2016-08-04,1139.2010093581787
2016-08-05,1146.1512826450962
2016-08-08,1151.8889730158903
2016-08-09,1166.1329870643017
2016-08-10,1165.0010137594156
2016-08-11,1156.6242724029842
2016-08-12,1156.6995978803714
2016-08-15,1157.9586542625852
2016-08-16,1150.486988221606
2016-08-17,1154.0827954611261
2016-08-18,1143.1257678226855
2016-08-19,1143.4633623498837
2016-08-22,1149.9892683533574
2016-08-23,1139.9012728987386
2016-08-24,1147.5252711825794
2016-08-25,1139.1825461739184
2016-08-26,1139.3340265000797
2016-08-29,1147.679274094782
2016-08-30,1159.9801195055043
2016-08-31,1150.3569925002116
2016-09-01,1115.766456110786
2016-09-02,1118.8151348934405
2016-09-05,1115.1446630316022
2016-09-06,1084.5742371160045
2016-09-07,1098.488265529937
2016-09-08,1096.1602511540516
2016-09-09,1102.3198280012805
2016-09-12,1101.5452409089132
2016-09-13,1099.329189791528
2016-09-14,1098.923855750222
2016-09-15,1099.1940237458205
2016-09-16,1107.2915461326254
2016-09-19,1104.4579915514657
2016-09-20,1078.82247558064
2016-09-21,1092.8710721555622
2016-09-22,1086.6974772642568
2016-09-23,1088.7350744211847
2016-09-26,1086.3720323122116
2016-09-27,1101.3970832905472
2016-09-28,1096.2045539064434
2016-09-29,1090.14113853931
2016-09-30,1089.3165968345954
2016-10-03,1078.1845504494938
2016-10-04,1090.2471119694417
2016-10-05,1093.3476000215949
2016-10-06,1099.0049743086174
2016-10-07,1098.218320186623
2016-10-10,1102.3422145890331
2016-10-11,1117.5873350462398
2016-10-12,1116.3844070279763
2016-10-13,1108.2479726595034
2016-10-14,1110.7842938320523
2016-10-17,1107.6761244525849
2016-10-18,1106.578541676373
2016-10-19,1097.2069664531718
2016-10-20,1097.8325907396622
2016-10-21,1103.2505389500798
2016-10-24,1098.5715329505872
2016-10-25,1095.6441750869117
2016-10-26,1107.55673927266
2016-10-27,1121.7475263066822
2016-10-28,1120.7005869381162
2016-10-31,1057.313146565544
2016-11-01,1039.2526086105847
2016-11-02,978.8432056082802
2016-11-03,955.3278577458469
2016-11-04,952.9454916120792
2016-11-07,1035.5834484059217
2016-11-08,1017.0532927472632
2016-11-09,1018.8303605581187
2016-11-10,1040.0228592745748
2016-11-11,1042.3509395562708
2016-11-14,1024.8042879771933
2016-11-15,1012.8491417830091
2016-11-16,1007.2587082548363
2016-11-17,1015.0604691999696
2016-11-18,1024.6116079474652
2016-11-21,1014.3550251578705
2016-11-22,1026.6190759356641
2016-11-23,1026.4073958179656
2016-11-24,1025.9264273211452
2016-11-25,1021.8897426612374
2016-11-28,1009.9656172750904
2016-11-29,1008.0823199685418
2016-11-30,1012.5084452994621
2016-12-01,1052.8428660162233
2016-12-02,1047.9604028051167
2016-12-05,1065.1314848611867
2016-12-06,1065.3752151608646
2016-12-07,1056.7668796930338
2016-12-08,1071.7039779062898
2016-12-09,1079.2812718565615
2016-12-12,1102.9005198650593
2016-12-13,1088.3355541987896
2016-12-14,1078.7932734724873
2016-12-15,1099.170418751651
2016-12-16,1099.9928340615058
2016-12-19,1124.3098090635417
2016-12-20,1116.57169118592
2016-12-21,1109.202238874954
2016-12-22,1100.8677209537177
2016-12-23,1100.3113527084904
2016-12-26,1098.8508621807548
2016-12-27,1089.3580049010247
2016-12-28,1100.679389516169
2016-12-29,1098.7834127436624
2016-12-30,1092.7112671168943
2017-01-02,1099.1826294134032
2017-01-03,1127.8489907559097
2017-01-04,1120.4104478525148
2017-01-05,1114.2097175774152
2017-01-06,1116.6324851032275
2017-01-09,1109.5656239423315
2017-01-10,1111.037723134919
2017-01-11,1121.042810128921
2017-01-12,1102.4033169491006
2017-01-13,1105.3451715436709
2017-01-16,1110.448320246495
2017-01-17,1107.216866542052
2017-01-18,1111.8878224621378
2017-01-19,1106.7833101905874
2017-01-20,1099.9900770007823
2017-01-23,1090.210353884894
2017-01-24,1093.204754580335
2017-01-25,1088.1237364339127
2017-01-26,1090.4315514923928
2017-01-27,1086.7374473872958
2017-01-30,1076.2908163718373
2017-01-31,1051.5119605653415
2017-02-01,1058.0068278964907
2017-02-02,1053.9791049381345
2017-02-03,1055.6886826873624
2017-02-06,1044.7013177935278
2017-02-07,1037.3119193531563
2017-02-08,1032.0439640636407
2017-02-09,1040.156391258856
2017-02-10,1044.0130212233494
2017-02-13,1046.8581830139428
2017-02-14,1050.9706985946964
2017-02-15,1063.2529980836098
2017-02-16,1059.5158138671688
2017-02-17,1063.6816168062956
2017-02-20,1085.2609193328694
2017-02-21,1099.0478514598435
2017-02-22,1114.697062000942
2017-02-23,1126.915133377757
2017-02-24,1129.4673369797251
2017-02-27,1144.9927436948715
2017-02-28,1116.950971990052
2017-03-01,1119.6804048881277
2017-03-02,1127.6651744788783
2017-03-03,1123.7291816749134
2017-03-06,1127.7366131706362
2017-03-07,1138.8167493427013
2017-03-08,1122.78724323461
2017-03-09,1114.775862443528
2017-03-10,1106.8930106499204
2017-03-13,1139.624488964131
2017-03-14,1132.956187427611
2017-03-15,1117.7024152587114
2017-03-16,1123.7052444091833
2017-03-17,1123.1821772191217
2017-03-20,1126.5441131383325
2017-03-21,1129.005441405814
2017-03-22,1114.855913237081
2017-03-23,1124.332637362113
2017-03-24,1122.4385031367813
2017-03-27,1123.579853908872
2017-03-28,1148.034043450519
2017-03-29,1157.6087232031575
2017-03-30,1147.066964227217
2017-03-31,1151.3032453816256
2017-04-03,1163.4556881316878
2017-04-04,1154.2178652436455
2017-04-05,1169.6137977974251
2017-04-06,1162.2977631494643
2017-04-07,1167.0519937000709
2017-04-10,1162.9054148524033
2017-04-11,1159.7912364621814
2017-04-12,1163.632342221289
2017-04-13,1170.545062857301
2017-04-14,1170.545062857301
2017-04-17,1167.3147217690641
2017-04-18,1178.2694115542024
2017-04-19,1172.2771800067053
2017-04-20,1153.6652189720335
2017-04-21,1162.170441495754
2017-04-24,1125.657473462416
2017-04-25,1128.81442636114
2017-04-26,1126.8077213593822
2017-04-27,1109.0864123964736
2017-04-28,1106.8046701423025
2017-05-01,1105.7736477449237
2017-05-02,1107.601884286914
2017-05-03,1099.0185428346385
2017-05-04,1078.5701202451485
2017-05-05,1074.4963400412648
2017-05-08,1059.754911813233
2017-05-09,1061.4857656122051
2017-05-10,1074.898440308744
2017-05-11,1077.7022962013732
2017-05-12,1072.290522844148
2017-05-15,1074.0045301879893
2017-05-16,1054.4825993648187
2017-05-17,1047.249495436075
2017-05-18,1032.1927752308281
2017-05-19,1025.876990942904
2017-05-22,1023.9856814676822
2017-05-23,1024.25976720507
2017-05-24,1015.9082786031505
2017-05-25,1002.6493550529478
2017-05-26,1005.2768193925411
2017-05-29,1002.4616733134312
2017-05-30,996.7964338487454
2017-05-31,986.4483648924951
2017-06-01,984.2134405260331
2017-06-02,979.7579786140815
2017-06-05,890.0169599833345
2017-06-06,852.0444994523671
2017-06-07,828.325192528065
2017-06-08,881.5387989279133
2017-06-09,882.5950427173984
2017-06-12,874.982124492213
2017-06-13,891.3434134908595
2017-06-14,899.0415777557978
2017-06-15,929.6880962976967
2017-06-16,924.4005561074998
2017-06-19,922.4962948378666
2017-06-20,915.7351881404874
2017-06-21,897.0027520200395
2017-06-22,921.0697041320931
2017-06-23,913.9561435442105
2017-06-26,913.7929662288124
2017-06-27,906.9515622819439
2017-06-28,910.0316756859255
2017-06-29,909.2020925736857
2017-06-30,910.8761308836282
2017-07-03,872.0490403814559
2017-07-04,881.7695836699605
2017-07-05,873.2911504883161
2017-07-06,880.6310078761823
2017-07-07,881.7641023597313
2017-07-10,883.9536186092904
2017-07-11,885.4078417243434
2017-07-12,902.5880526438737
2017-07-13,922.2613702760937
2017-07-14,918.4414834628244
2017-07-17,923.4603225851345
2017-07-18,923.7822592797266
2017-07-19,944.2059797530087
2017-07-20,937.7874303154974
2017-07-21,935.7443779782036
2017-07-24,944.438825200662
2017-07-25,943.6601754153984
2017-07-26,948.6488285841637
2017-07-27,942.6815858917955
2017-07-28,936.3228673007814
2017-07-31,943.4785612755777
2017-08-01,922.0255389136167
2017-08-02,913.5467692725966
2017-08-03,908.6442064337317
2017-08-04,918.5910035588403
2017-08-07,904.660714677406
2017-08-08,911.1056137894815
2017-08-09,904.7060836245015
2017-08-10,901.9873349223478
2017-08-11,898.7745572378515
2017-08-14,893.454284432536
2017-08-15,894.0502721030316
2017-08-16,887.4822992866157
2017-08-17,886.8141725312707
2017-08-18,885.9062464753575
2017-08-21,872.5864267956912
2017-08-22,868.195899837739
2017-08-23,855.9766897222653
2017-08-24,842.2255108608688
2017-08-25,837.702412518909
2017-08-28,829.8921680011392
2017-08-29,815.0468468326382
2017-08-30,822.9441799354308
2017-08-31,824.891737151397
2017-09-01,825.4161352955665
2017-09-04,823.1294720597746
2017-09-05,822.6869129631451
2017-09-06,819.6875073365726
2017-09-07,810.7250350093137
2017-09-08,809.7704201386626
2017-09-11,811.3054805956742
2017-09-12,805.6284060358466
2017-09-13,815.5146871604009
2017-09-14,816.7745465841625
2017-09-15,810.2724523559539
2017-09-18,799.1563796078824
2017-09-19,798.3593147516027
2017-09-20,797.341014608329
2017-09-21,813.102202141974
2017-09-22,809.876554542671
2017-09-25,814.1265155863961
2017-09-26,848.3491194916992
2017-09-27,842.9079455304236
2017-09-28,834.9564254386405
2017-09-29,832.3785274917186
2017-10-02,822.3172403078482
2017-10-03,816.3116480642133
2017-10-04,804.1641554275178
2017-10-05,806.5463750388714
2017-10-06,805.3089716934037
2017-10-09,791.0007322160827
2017-10-10,795.5394361364798
2017-10-11,796.8666672991396
2017-10-12,792.4324761665447
2017-10-13,792.9177020959188
2017-10-16,786.93259599413
2017-10-17,777.8867358687015
2017-10-18,763.8473849260049
2017-10-19,767.6779285161856
2017-10-20,772.009020587648
2017-10-23,760.0347031814324
2017-10-24,748.1746301466407
2017-10-25,740.5418109118855
2017-10-26,744.0446491178684
2017-10-27,751.8175308397127
2017-10-30,742.4026707475527
2017-10-31,741.0297063721928
2017-11-01,743.515764214891
2017-11-02,740.1466446743916
2017-11-03,743.7143840418769
2017-11-06,699.8861032961573
2017-11-07,665.551287986242
2017-11-08,656.7144680516485
2017-11-09,664.0156950397048
2017-11-10,661.8805963418281
2017-11-13,640.7065076531436
2017-11-14,631.3269654817299
2017-11-15,624.2029685034303
2017-11-16,612.573727247211
2017-11-17,612.0798000354602
2017-11-20,602.827455686804
2017-11-21,607.4245263068685
2017-11-22,636.013117298892
2017-11-23,639.295454089207
2017-11-24,634.2344320224039
2017-11-27,697.4606679836038
2017-11-28,683.0564123682371
2017-11-29,696.2810253380678
2017-11-30,680.3787680167547
2017-12-01,683.6469254158997
2017-12-04,710.3487960902687
2017-12-05,695.9855977110033
2017-12-06,674.6176825389705
2017-12-07,675.3164704448575
2017-12-08,677.528927076958
2017-12-11,702.0443576109351
2017-12-12,715.0243513817605
2017-12-13,746.6424139383746
2017-12-14,740.6271289235318
2017-12-15,741.2566194925035
2017-12-18,738.3072809853164
2017-12-19,765.7496677726807
2017-12-20,762.189617185916
2017-12-21,780.1728400015323
2017-12-22,781.8869260113378
2017-12-25,786.880505089055
2017-12-26,765.7487198313105
2017-12-27,762.9490201118165
2017-12-28,763.349414287783
2017-12-29,758.6911349229943
2018-01-01,779.2647788152894
2018-01-02,801.3605649497921
2018-01-03,802.1498981792301
2018-01-04,803.1900445945299
2018-01-05,805.7924964484065
2018-01-08,815.6815632683509
2018-01-09,815.42666344795
2018-01-10,816.8545808654947
2018-01-11,821.098517508763
2018-01-12,814.3047579064388
2018-01-15,763.3022121123838
2018-01-16,782.7051398498929
2018-01-17,782.8872224090713
2018-01-18,782.7785341050617
2018-01-19,783.739037848493
2018-01-22,751.4654906112165
2018-01-23,744.2302869330322
2018-01-24,752.4549846346787
2018-01-25,748.57043654014
2018-01-26,752.7547487080363
2018-01-29,745.7133972904923
2018-01-30,731.2913889398335
2018-01-31,716.5906586805762
2018-02-01,717.9681899198492
2018-02-02,719.9020915329644
2018-02-05,695.3711731952824
2018-02-06,698.9614696085075
2018-02-07,715.3194532278156
2018-02-08,711.1873873940198
2018-02-09,711.9054274138409
2018-02-12,737.2352131518875
2018-02-13,732.4619194442027
2018-02-14,741.8998000677403
2018-02-15,740.5589101685755
2018-02-16,742.4030943044332
2018-02-19,745.0046797412907
2018-02-20,750.3187497831217
2018-02-21,741.709371100539
2018-02-22,736.742082452987
2018-02-23,738.0900553625369
2018-02-26,736.6811620039532
2018-02-27,769.9705065371701
2018-02-28,793.7337221078445
2018-03-01,805.7282520329675
2018-03-02,797.0887874077811
2018-03-05,783.7824997637397
2018-03-06,767.4578447522276
2018-03-07,740.968869418425
2018-03-08,737.3791751953636
2018-03-09,737.9178669098617
2018-03-12,745.2221797117796
2018-03-13,739.1319643912465
2018-03-14,731.7163381040796
2018-03-15,736.3790373170341
2018-03-16,738.8076489629087
2018-03-19,785.7242659185375
2018-03-20,807.7828384405939
2018-03-21,808.6250808454737
2018-03-22,796.814478824971
2018-03-23,793.4944184965339
2018-03-26,771.8674352763511
2018-03-27,773.2481032246674
2018-03-28,768.1473350600918
2018-03-29,784.056253820467
2018-03-30,784.056253820467
2018-04-02,791.727283184124
2018-04-03,803.8323285957744
2018-04-04,814.0128143313268
2018-04-05,825.3630836146511
2018-04-06,823.1417418734868
2018-04-09,816.2009545707496
2018-04-10,803.3449830710156
2018-04-11,802.4954606972693
2018-04-12,810.7947231516641
2018-04-13,810.169871211213
2018-04-16,800.7467133105454
2018-04-17,804.4921645773264
2018-04-18,811.9370759152783
2018-04-19,819.043997668397
2018-04-20,824.7806742819479
2018-04-23,845.3101707735127
2018-04-24,839.8177668251684
2018-04-25,828.451849507958
2018-04-26,828.5663023287381
2018-04-27,829.3536850892867
2018-04-30,834.3346229825377
2018-05-01,830.2365510292207
2018-05-02,811.9833800294994
2018-05-03,790.9458907208858
2018-05-04,792.4044054181626
2018-05-07,821.1023507806228
2018-05-08,818.9889032727892
2018-05-09,812.9217407976945
2018-05-10,811.5371197778701
2018-05-11,807.1546562626597
2018-05-14,802.3687328129696
2018-05-15,791.1104643856296
2018-05-16,807.5847886743168
2018-05-17,797.8859775375026
2018-05-18,799.3773531964513
2018-05-21,786.674639895129
2018-05-22,781.4292213965731
2018-05-23,788.9031202787532
2018-05-24,782.3143228864881
2018-05-25,786.9795462285977
2018-05-28,790.1753704523064
2018-05-29,792.6524274166745
2018-05-30,773.8263840259533
2018-05-31,775.6869545607865
2018-06-01,776.3520381195284
2018-06-04,789.0694495736284
2018-06-05,809.0822179435902
2018-06-06,810.1125675959249
2018-06-07,789.7182150165659
2018-06-08,793.6782162647369
2018-06-11,796.8509872039907
2018-06-12,792.0392884863156
2018-06-13,800.2849651152529
2018-06-14,821.3246745686785
2018-06-15,823.6577824502975
2018-06-18,823.9060109979854
2018-06-19,827.4327619098153
2018-06-20,806.4632941023284
2018-06-21,802.8365226473222
2018-06-22,800.6980167011058
2018-06-25,809.1110441345886
2018-06-26,804.2680736314886
2018-06-27,817.102087648434
2018-06-28,816.4958931020508
2018-06-29,809.6774827917901
2018-07-02,819.1519758752881
2018-07-03,825.7207551693597
2018-07-04,831.7865375880317
2018-07-05,826.108026140595
2018-07-06,822.2787352688398
2018-07-09,818.2189993841462
2018-07-10,823.4265445562617
2018-07-11,822.5481000328793
2018-07-12,824.0935206760599
2018-07-13,825.2942568964578
2018-07-16,830.0247061412427
2018-07-17,829.3892467298402
2018-07-18,832.1173158558252
2018-07-19,834.7413468075923
2018-07-20,827.967874422649
2018-07-23,822.655179545465
2018-07-24,833.5353528712159
2018-07-25,836.376378406124
2018-07-26,836.610501170764
2018-07-27,837.1130777430186
2018-07-30,837.8040450418722
2018-07-31,838.7904163246985
2018-08-01,845.0914198205893
2018-08-02,849.7314825754262
2018-08-03,851.3444327580543
2018-08-06,854.6634008106496
2018-08-07,858.4305057885693
2018-08-08,855.993621547858
2018-08-09,855.1542781794532
2018-08-10,865.5074625883083
2018-08-13,849.8607434871415
2018-08-14,852.485085306991
2018-08-15,851.4716483902838
2018-08-16,839.7266874785854
2018-08-17,838.4386502245862
2018-08-20,836.7152031849818
2018-08-21,830.4320305940017
2018-08-22,824.739971583593
2018-08-23,826.4143896684498
2018-08-24,822.6829981003918
2018-08-27,833.2141226504049
2018-08-28,836.763387298708
2018-08-29,836.5464169783249
2018-08-30,843.7266480605485
2018-08-31,845.5323969611069
2018-09-03,841.7863896490875
2018-09-04,846.9902893814708
2018-09-05,830.9286540097632
2018-09-06,831.0319476309405
2018-09-07,834.4755988146316
2018-09-10,838.2099796145561
2018-09-11,844.4139190754543
2018-09-12,846.9171155263391
2018-09-13,846.3586087311958
2018-09-14,846.9389772110181
2018-09-17,834.7354344936168
2018-09-18,833.1624305282818
2018-09-19,832.9906548471546
2018-09-20,835.1174079111372
2018-09-21,834.4783146182328
2018-09-24,825.7396935846834
2018-09-25,824.139359839787
2018-09-26,826.4565346009681
2018-09-27,828.7504529355903
2018-09-28,833.1742607773471
2018-10-01,848.1977336133116
2018-10-02,855.5543937250463
2018-10-03,862.5848163110363
2018-10-04,863.572041556468
2018-10-05,864.2767204118501
2018-10-08,871.3248894167701
2018-10-09,873.0692992853991
2018-10-10,872.1093870728628
2018-10-11,856.5897099057628
2018-10-12,856.4785751425524
2018-10-15,846.4381889023829
2018-10-16,865.049977646012
2018-10-17,871.8712955197698
2018-10-18,866.2145167123147
2018-10-19,865.7624214530703
2018-10-22,868.9304700003291
2018-10-23,871.8705263708079
2018-10-24,867.6449263959028
2018-10-25,863.6691796065667
2018-10-26,864.3527926945102
2018-10-29,856.6423362555067
2018-10-30,849.4554526291487
2018-10-31,844.6270841177778
2018-11-01,844.0826414033825
2018-11-02,845.455012881694
2018-11-05,841.361940125066
2018-11-06,846.3524965181298
2018-11-07,840.7747198494046
2018-11-08,845.0941427863053
2018-11-09,850.5278744482072
2018-11-12,862.1929044028551
2018-11-13,860.6559214805925
2018-11-14,849.1040112997005
2018-11-15,849.9837483865325
2018-11-16,844.3517528620968
2018-11-19,848.4724878658841
2018-11-20,848.4000601091725
2018-11-21,849.382382699481
2018-11-22,851.2383168083404
2018-11-23,855.9069823681064
2018-11-26,863.1598109650258
2018-11-27,863.0392443244422
2018-11-28,861.9790705367835
2018-11-29,859.3304227949934
2018-11-30,864.1877552797697
2018-12-03,866.4308768511617
2018-12-04,877.6596910283093
2018-12-05,880.3067646927426
2018-12-06,878.0788965567591
2018-12-07,877.423671324494
2018-12-10,874.5927520980576
2018-12-11,871.0181722348598
2018-12-12,868.6400616113929
2018-12-13,872.0148373927541
2018-12-14,875.8741639578913
2018-12-17,862.8327391909601
2018-12-18,860.7826240012597
2018-12-19,855.5564590151403
2018-12-20,849.8753662630429
2018-12-21,850.0615219922809
2018-12-24,843.3074744724871
2018-12-25,835.9994417477393
2018-12-26,836.7070634581241
2018-12-27,838.7539098268776
2018-12-28,836.3491907487733
2018-12-31,829.6987336060486
2019-01-01,829.6987336060486
2019-01-02,833.4317776706737
2019-01-03,835.3667826300951
2019-01-04,834.0282226599752
2019-01-07,851.2052673774244
2019-01-08,855.3972100443982
2019-01-09,852.3745115737089
2019-01-10,852.926674993124
2019-01-11,856.2552325434388
2019-01-14,861.8911584679913
2019-01-15,865.7289572860531
2019-01-16,880.617337365873
2019-01-17,898.3879488431297
2019-01-18,899.4154457273916
2019-01-21,882.5488894221982
2019-01-22,876.40098280248
2019-01-23,864.0196065841924
2019-01-24,871.1197002929221
2019-01-25,867.6591046266941
2019-01-28,867.1851224775066
2019-01-29,881.5506472924735
2019-01-30,890.864737355424
2019-01-31,892.4131229023334
2019-02-01,892.9802478112866
2019-02-04,905.6782906674919
2019-02-05,908.2309789868096
2019-02-06,915.3324366963982
2019-02-07,894.3806427484876
2019-02-08,896.5913293654504
2019-02-11,883.2890664556097
2019-02-12,881.4520565824556
2019-02-13,893.9309809569834
2019-02-14,883.826306434237
2019-02-15,884.6679469909953
2019-02-18,862.9336069639738
2019-02-19,862.566611338479
2019-02-20,862.4106889002715
2019-02-21,864.4151061509591
2019-02-22,864.9061683751867
2019-02-25,879.9029961488392
2019-02-26,888.1578961176389
2019-02-27,886.7766961242401
2019-02-28,886.0405301763518
2019-03-01,885.9407952212903
2019-03-04,898.187175059331
2019-03-05,894.7100126086627
2019-03-06,892.2702371707527
2019-03-07,899.1129455185434
2019-03-08,898.9345700869175
2019-03-11,892.5105349660823
2019-03-12,890.3324978633857
2019-03-13,892.08938671395
2019-03-14,878.5073249967375
2019-03-15,876.8396658507522
2019-03-18,888.2127582565568
2019-03-19,883.9602260531328
2019-03-20,895.7440947977681
2019-03-21,901.4656940613547
2019-03-22,907.6576280584969
2019-03-25,899.0712716532921
2019-03-26,910.517449630841
2019-03-27,919.9685871799312
2019-03-28,937.7336370434425
2019-03-29,938.2764761262034
2019-04-01,944.0263640628039
2019-04-02,949.8571080781189
2019-04-03,952.2942956821727
2019-04-04,970.1745253102123
2019-04-05,969.612631483738
2019-04-08,963.7858947631421
2019-04-09,958.1154404661698
2019-04-10,950.2738530651727
2019-04-11,948.9549094961637
2019-04-12,945.5160592849791
2019-04-15,935.5908183902907
2019-04-16,948.1833400576242
2019-04-17,952.1982735353171
2019-04-18,960.6002551415154
2019-04-19,960.6002551415154
2019-04-22,962.8749370264248
2019-04-23,972.8187683291969
2019-04-24,977.7435697878269
2019-04-25,983.1440550182399
2019-04-26,981.4472629301915
2019-04-29,964.5144918644378
2019-04-30,957.3567370335797
2019-05-01,956.0642039309303
2019-05-02,984.936190589267
2019-05-03,984.4488360012546
2019-05-06,985.594260440229
2019-05-07,990.4949635623506
2019-05-08,977.2075265016667
2019-05-09,962.187816325576
2019-05-10,961.0789723947569
2019-05-13,904.5553481850186
2019-05-14,926.8095299113849
2019-05-15,936.0959177039027
2019-05-16,939.1060664110739
2019-05-17,940.8116450718463
2019-05-20,961.491635373846
2019-05-21,936.8661888902789
2019-05-22,942.3618024557717
2019-05-23,941.2825664899988
2019-05-24,936.8101793532351
2019-05-27,922.7674811397889
2019-05-28,921.0826476510497
2019-05-29,922.3659756147017
2019-05-30,945.3954309765835
2019-05-31,944.0309581682197
2019-06-03,946.1181811650496
2019-06-04,943.4650410683083
2019-06-05,941.0355892665876
2019-06-06,939.3257528314039
2019-06-07,934.768935507856
2019-06-10,943.5386649235686
2019-06-11,938.9988359927219
2019-06-12,936.686721886926
2019-06-13,939.2362937049588
2019-06-14,943.2107902707481
2019-06-17,938.256196370446
2019-06-18,944.2612601323077
2019-06-19,954.461511355542
2019-06-20,958.5976289970463
2019-06-21,956.1652752850865
2019-06-24,962.0616721412513
2019-06-25,958.4676115439546
2019-06-26,962.498804105566
2019-06-27,965.0064926447949
2019-06-28,963.3540842669782
2019-07-01,962.0305871690675
2019-07-02,965.748482754449
2019-07-03,959.4607422640647
2019-07-04,958.1423581315589
2019-07-05,963.222284200512
2019-07-08,951.2008464125028
2019-07-09,967.6972517445979
2019-07-10,961.1753581449772
2019-07-11,970.1502409297656
2019-07-12,970.1933491386495
2019-07-15,971.4861162424882
2019-07-16,986.1565728861457
2019-07-17,984.0381833934932
2019-07-18,984.9256893423616
2019-07-19,984.618503465272
2019-07-22,994.1379136814921
2019-07-23,991.5764821947403
2019-07-24,986.1722380679377
2019-07-25,988.9084744087244
2019-07-26,991.4802631365383
2019-07-29,971.1081540020407
2019-07-30,960.6326498180842
2019-07-31,957.0689064224069
2019-08-01,949.7416667599109
2019-08-02,946.0203766766775
2019-08-05,926.2754972964893
2019-08-06,886.434530706583
2019-08-07,897.065131605552
2019-08-08,888.5522188255643
2019-08-09,888.4728944298292
2019-08-12,887.0870065920075
2019-08-13,889.5449702320104
2019-08-14,884.4268540530525
2019-08-15,874.9754754060305
2019-08-16,875.2906541085044
2019-08-19,887.629095810719
2019-08-20,900.9086233330887
2019-08-21,900.248080595802
2019-08-22,903.0063808890196
2019-08-23,900.7302699231022
2019-08-26,888.3972721309451
2019-08-27,894.3702236960405
2019-08-28,895.6677247333101
2019-08-29,911.1447801025402
2019-08-30,915.6125955963463
2019-09-02,917.8813486910516
2019-09-03,917.2908338981954
2019-09-04,915.6417699708381
2019-09-05,923.3231050393723
2019-09-06,922.9887947954112
2019-09-09,936.4744652220913
2019-09-10,939.0934277987016
2019-09-11,942.8529731756073
2019-09-12,940.6445971355895
2019-09-13,936.1043151122446
2019-09-16,946.8926403465872
2019-09-17,937.6166536391139
2019-09-18,938.8745736417851
2019-09-19,929.5195725391782
2019-09-20,933.5104330897378
2019-09-23,927.8306713515975
2019-09-24,928.2829834177559
2019-09-25,954.2557125862256
2019-09-26,963.467759803142
2019-09-27,963.0058295095756
2019-09-30,989.7740593538854
2019-10-01,986.2516980160615
2019-10-02,970.3850140826986
2019-10-03,960.2561467613461
2019-10-04,960.7594053575376
2019-10-07,958.2732418904192
2019-10-08,952.2569839738208
2019-10-09,946.434049503649
2019-10-10,939.1771043671159
2019-10-11,937.2623268346534
2019-10-14,951.8126258076771
2019-10-15,958.7822652737038
2019-10-16,959.563206751818
2019-10-17,957.8916376246881
2019-10-18,955.8708598982034
2019-10-21,950.9309430168499
2019-10-22,945.6506211759303
2019-10-23,944.579972569206
2019-10-24,953.9865462381043
2019-10-25,955.1477416554893
2019-10-28,955.0640158821233
2019-10-29,949.1243690659112
2019-10-30,949.8548203546162
2019-10-31,944.9194038907617
2019-11-01,943.8196275130744
2019-11-04,938.8102963714557
2019-11-05,938.7112278168772
2019-11-06,942.5477865330873
2019-11-07,953.0614177168972
2019-11-08,955.0936238067571
2019-11-11,944.2152153328511
2019-11-12,950.6391426894149
2019-11-13,961.4833293544351
2019-11-14,964.9426963384933
2019-11-15,960.5335752594949
2019-11-18,952.9851049540401
2019-11-19,956.1100150872219
2019-11-20,959.2395523232098
2019-11-21,957.1584861366217
2019-11-22,960.845370231497
2019-11-25,968.028694377774
2019-11-26,964.2492437101653
2019-11-27,963.8281912774191
2019-11-28,970.100229733494
2019-11-29,968.5840367993166
2019-12-02,960.7676779037895
2019-12-03,960.3190373819334
2019-12-04,959.9078622096984
2019-12-05,958.265871568813
2019-12-06,962.0385718505797
2019-12-09,952.5951394373925
2019-12-10,954.1475607674597
2019-12-11,956.9278392208773
2019-12-12,946.238534057396
2019-12-13,944.6241550202583
2019-12-16,945.5903584947702
2019-12-17,941.0389309341999
2019-12-18,943.3648855091313
2019-12-19,944.1062468330057
2019-12-20,946.7890927306368
2019-12-23,956.1635317134879
2019-12-24,955.5560116815816
2019-12-25,956.8923727367024
2019-12-26,952.301838289693
2019-12-27,946.7994224006236
2019-12-30,938.4032222690425
2019-12-31,923.9424651553603
2020-01-01,923.9424651553603
2020-01-02,931.0367391508315
2020-01-03,934.2311386684754
2020-01-06,905.7968365508032
2020-01-07,918.6517394226611
2020-01-08,907.3296294235439
2020-01-09,922.1516477412974
2020-01-10,921.2389138478209
2020-01-13,932.2352272534778
2020-01-14,933.0357466754429
2020-01-15,929.3018886916906
2020-01-16,934.1940495573936
2020-01-17,938.1093288097071
2020-01-20,943.0105351366534
2020-01-21,942.032747119082
2020-01-22,945.8602626027173
2020-01-23,941.0773214227087
2020-01-24,942.8271704103882
2020-01-27,934.9393788319204
2020-01-28,935.8166225157005
2020-01-29,936.6305213090224
2020-01-30,930.9965750831383
2020-01-31,927.0481146040814
2020-02-03,907.7237740356585
2020-02-04,907.1341271211636
2020-02-05,907.1855165686939
2020-02-06,885.1677002150196
2020-02-07,886.1967609224207
2020-02-10,857.9503824581279
2020-02-11,858.6184762926654
2020-02-12,866.955278360449
2020-02-13,858.2239762920663
2020-02-14,858.4613717029623
2020-02-17,848.4794925437172
2020-02-18,859.7591719148506
2020-02-19,876.734979882715
2020-02-20,881.1681907691657
2020-02-21,877.2300542733767
2020-02-24,847.0653019796227
2020-02-25,844.6001521048016
2020-02-26,838.859126456003
2020-02-27,834.6027551080391
2020-02-28,834.716725168821
2020-03-02,811.0021729607262
2020-03-03,823.3746918559491
2020-03-04,819.8415156769795
2020-03-05,824.79228606518
2020-03-06,815.9321770729231
2020-03-09,713.4933363446966
2020-03-10,770.695432987469
2020-03-11,804.0900597705096
2020-03-12,764.5111224384033
2020-03-13,765.374469536649
2020-03-16,777.7419598615868
2020-03-17,788.1668170261419
2020-03-18,816.3707126227667
2020-03-19,821.9273341245224
2020-03-20,822.8885177410025
2020-03-23,797.2341097014058
2020-03-24,799.1054557863448
2020-03-25,809.4528608800221
2020-03-26,795.8045892841249
2020-03-27,793.357731259558
2020-03-30,781.3700130196457
2020-03-31,794.9600005931826
2020-04-01,795.1322783268299
2020-04-02,806.0698504614286
2020-04-03,810.9775543854798
2020-04-06,835.9893264134013
2020-04-07,858.2493404897178
2020-04-08,879.6676300372553
2020-04-09,882.258924574168
2020-04-10,882.258924574168
2020-04-13,867.9727331898367
2020-04-14,872.9901457946527
2020-04-15,865.0068460791013
2020-04-16,863.7289368776459
2020-04-17,860.5957480626336
2020-04-20,872.3423303732038
2020-04-21,865.9273609629095
2020-04-22,886.9953043729886
2020-04-23,914.0441301093649
2020-04-24,915.3544361455911
2020-04-27,925.235724214278
2020-04-28,950.3467315454276
2020-04-29,965.4317076657088
2020-04-30,948.6469159944752
2020-05-01,943.8642567913417
2020-05-04,973.8356826410699
2020-05-05,1009.1874808231593
2020-05-06,1002.5027714145767
2020-05-07,1017.0024103859056
2020-05-08,1008.1162085936166
2020-05-11,1012.4452853100693
2020-05-12,993.8222379805408
2020-05-13,939.0092114983847
2020-05-14,935.9978556338098
2020-05-15,935.5652643061609
2020-05-18,940.1720309347326
2020-05-19,939.4975227652541
2020-05-20,916.0115029932531
2020-05-21,923.3223946994193
2020-05-22,927.6462955423257
2020-05-25,927.3908277049336
2020-05-26,919.7079504395916
2020-05-27,920.6718291810532
2020-05-28,913.8014546247294
2020-05-29,908.2152183758434
2020-06-01,935.0257693829465
2020-06-02,940.7445431710205
2020-06-03,941.882164163169
2020-06-04,930.5209585432094
2020-06-05,933.0295446779659
2020-06-08,953.1879495971198
2020-06-09,937.5275128572869
2020-06-10,937.7830379662672
2020-06-11,935.5804835768365
2020-06-12,946.769349005289
2020-06-15,930.8553227480435
2020-06-16,949.2533565341764
2020-06-17,962.2089492491332
2020-06-18,961.9874681108172
2020-06-19,965.0841327374537
2020-06-22,953.0713182105691
2020-06-23,945.1831409979594
2020-06-24,952.1198690066135
2020-06-25,952.4426913679638
2020-06-26,953.4204713135748
2020-06-29,941.0642492889466
2020-06-30,947.804278610105
2020-07-01,963.5812081261589
2020-07-02,973.2661882181941
2020-07-03,972.0542045281735
2020-07-06,1002.5312393158829
2020-07-07,1005.0723496627617
2020-07-08,996.6756497146785
2020-07-09,1011.2989504240139
2020-07-10,1009.2730750442288
2020-07-13,1035.821378940753
2020-07-14,1055.6717192784577
2020-07-15,1063.9889829281806
2020-07-16,1067.7948454146365
2020-07-17,1068.6829605460878
2020-07-20,1058.376469264349
2020-07-21,1042.9250197939543
2020-07-22,1031.9269732666476
2020-07-23,1029.2882793829729
2020-07-24,1026.6762096817556
2020-07-27,1021.1082172108412
2020-07-28,1024.7710882003623
2020-07-29,1021.1539893301117
2020-07-30,1019.6324009036566
2020-07-31,1017.0024822374781
2020-08-03,1024.5403265001005
2020-08-04,1023.0151292976208
2020-08-05,1022.6165026860092
2020-08-06,1038.196263761903
2020-08-07,1043.2967820848573
2020-08-10,1054.7450218053602
2020-08-11,1062.2717326369034
2020-08-12,1059.6514168903252
2020-08-13,1065.3157661212292
2020-08-14,1066.081273265707
2020-08-17,1059.5721607173339
2020-08-18,1059.8941546822514
2020-08-19,1063.4298890543794
2020-08-20,1062.8799532451437
2020-08-21,1068.7824248013917
2020-08-24,1069.8965877535304
2020-08-25,1075.687544337032
2020-08-26,1069.9634753367193
2020-08-27,1075.5890847471353
2020-08-28,1065.8257950217453
2020-08-31,1061.6595858222997
2020-09-01,1059.6687524132765
2020-09-02,1064.5847140883777
2020-09-03,1065.2404024586979
2020-09-04,1068.8521520750023
2020-09-07,1054.9904921568514
2020-09-08,1059.3240138668534
2020-09-09,1051.8521420349743
2020-09-10,1041.303548764091
2020-09-11,1044.78013486638
2020-09-14,1053.5508152342486
2020-09-15,1065.1418689251877
2020-09-16,1078.6390368125117
2020-09-17,1078.5640420838695
2020-09-18,1073.7896228419302
2020-09-21,1059.9591673926136
2020-09-22,1087.4148759774384
2020-09-23,1071.2251805855965
2020-09-24,1081.6468738370393
2020-09-25,1083.425200151044
2020-09-28,1103.0172590304496
2020-09-29,1093.0085936731987
2020-09-30,1091.7420871818265
2020-10-01,1103.324229242684
2020-10-02,1105.3021035705763
2020-10-05,1104.4645103862852
2020-10-06,1120.6124076873637
2020-10-07,1116.6264031737774
2020-10-08,1118.9653957184605
2020-10-09,1112.7144569468312
2020-10-12,1126.3904130580506
2020-10-13,1142.130135250668
2020-10-14,1134.5010768920356
2020-10-15,1136.4979383501961
2020-10-16,1134.5100366662218
2020-10-19,1132.9333762579522
2020-10-20,1121.7525921504669
2020-10-21,1110.5934982857718
2020-10-22,1100.0887684729378
2020-10-23,1099.345182638137
2020-10-26,1068.3685703248748
2020-10-27,1065.3002168387
2020-10-28,1066.4383663133829
2020-10-29,1064.2173670063464
2020-10-30,1065.2297484582195
2020-11-02,1038.604703370809
2020-11-03,1059.4463050097727
2020-11-04,1060.1685399936468
2020-11-05,1058.6097172556301
2020-11-06,1054.330525169372
2020-11-09,1086.2652232912926
2020-11-10,1084.1010799258372
2020-11-11,1087.3933274298001
2020-11-12,1080.186655346197
2020-11-13,1079.3184850225261
2020-11-16,1078.9152736000176
2020-11-17,1070.1522800032837
2020-11-18,1070.3529993291497
2020-11-19,1066.3259055787025
2020-11-20,1064.8471912951654
2020-11-23,1076.7057990093274
2020-11-24,1070.223460230092
2020-11-25,1075.9804946457175
2020-11-26,1072.3334447683058
2020-11-27,1068.1602426775216
2020-11-30,1061.0522678438106
2020-12-01,1062.2144289594844
2020-12-02,1071.1814836696974
2020-12-03,1063.3475440354648
2020-12-04,1064.967766377404
2020-12-07,1065.1771788871547
2020-12-08,1059.7370406033356
2020-12-09,1067.2745857897123
2020-12-10,1060.7981694851517
2020-12-11,1062.5068356956126
2020-12-14,1051.0229186547851
2020-12-15,1043.4070709971284
2020-12-16,1047.2212854327079
2020-12-17,1042.218227433703
2020-12-18,1043.112689110768
2020-12-21,1046.5108232455486
2020-12-22,1050.8887949653267
2020-12-23,1045.7139884473947
2020-12-24,1046.5901792498912
2020-12-25,1046.590179249891
2020-12-28,1041.0989589717074
2020-12-29,1037.6886625486113
2020-12-30,1035.4641004309058
2020-12-31,1039.3055524427164
2021-01-01,1039.3055524427161
2021-01-04,1044.649601446717
2021-01-05,1044.8752910706014
2021-01-06,1039.9566689693816
2021-01-07,1048.4467536004986
2021-01-08,1048.7461631662302
2021-01-11,1062.3676425597512
2021-01-12,1067.2480808375826
2021-01-13,1064.3797797155605
2021-01-14,1068.088882953477
2021-01-15,1071.8427615993753
2021-01-18,1066.6328057801795
2021-01-19,1060.426024944174
2021-01-20,1061.1642966749544
2021-01-21,1056.390755855778
2021-01-22,1054.4814852352133
2021-01-25,1066.0751579010184
2021-01-26,1064.62932575913
2021-01-27,1066.7276219160694
2021-01-28,1052.518298206177
2021-01-29,1050.222493209678
2021-02-01,1049.317731720944
2021-02-02,1056.8116723663302
2021-02-03,1067.1295551346177
2021-02-04,1064.3343362996814
2021-02-05,1060.1745330643826
2021-02-08,1058.8559104383653
2021-02-09,1054.4795685890645
2021-02-10,1052.329748253359
2021-02-11,1055.2794658763628
2021-02-12,1056.4550464176286
2021-02-15,1047.7906857135486
2021-02-16,1052.0723051344808
2021-02-17,1064.7792188877388
2021-02-18,1062.1647120058726
2021-02-19,1057.4350266386496
2021-02-22,1043.1325810849567
2021-02-23,1037.937278198382
2021-02-24,1045.7773012313642
2021-02-25,1050.830099171298
2021-02-26,1058.0574804723567
2021-03-01,1090.0707882380327
2021-03-02,1085.9182460880218
2021-03-03,1086.2528750444267
2021-03-04,1090.6087905914196
2021-03-05,1102.8637279704956
2021-03-08,1108.5182034820966
2021-03-09,1108.5884796919051
2021-03-10,1118.3048749378847
2021-03-11,1120.3293161448958
2021-03-12,1122.4408431689587
2021-03-15,1119.7629966696768
2021-03-16,1129.187276920521
2021-03-17,1136.1687809217678
2021-03-18,1156.3149402224074
2021-03-19,1158.0583595792584
2021-03-22,1150.2337711783155
2021-03-23,1156.4526980597898
2021-03-24,1159.1556026395233
2021-03-25,1167.5922353562364
2021-03-26,1165.4643017239441
2021-03-29,1170.6356992722165
2021-03-30,1174.4281353162405
2021-03-31,1164.985477686028
2021-04-01,1181.0726997172549
2021-04-02,1181.072699717255
2021-04-05,1184.5827466452236
2021-04-06,1195.7197013567134
2021-04-07,1209.4621497516948
2021-04-08,1229.0888224951389
2021-04-09,1229.915830408
2021-04-12,1218.3660342160154
2021-04-13,1216.2132320106962
2021-04-14,1225.6575979178244
2021-04-15,1220.486379810255
2021-04-16,1219.5185079785258
2021-04-19,1216.1559149001741
2021-04-20,1210.8295092100507
2021-04-21,1219.6748599431783
2021-04-22,1235.2213707768342
2021-04-23,1232.453539994563
2021-04-26,1233.0936173102589
2021-04-27,1243.7414838213506
2021-04-28,1242.1534261050588
2021-04-29,1258.3182527348777
2021-04-30,1266.0533873670738
2021-05-03,1244.4592730118213
2021-05-04,1247.1905306433766
2021-05-05,1244.4931000668864
2021-05-06,1236.5548550260517
2021-05-07,1228.1020422302056
2021-05-10,1261.8163147910568
2021-05-11,1265.9880314939714
2021-05-12,1274.9514280402395
2021-05-13,1275.1626176092373
2021-05-14,1268.909502205788
2021-05-17,1273.186491882565
2021-05-18,1279.8017655157869
2021-05-19,1273.6784667402228
2021-05-20,1272.643186792739
2021-05-21,1275.4623496137106
2021-05-24,1251.143883341346
2021-05-25,1256.087466476916
2021-05-26,1260.8232865606099
2021-05-27,1265.8629861417771
2021-05-28,1267.9413229412544
2021-05-31,1264.6793003113703
2021-06-01,1260.0668049883257
2021-06-02,1266.6977187598231
2021-06-03,1271.9368052431332
2021-06-04,1269.165701092277
2021-06-07,1257.305521504349
2021-06-08,1237.8398997337215
2021-06-09,1250.2654180030277
2021-06-10,1253.3675766950782
2021-06-11,1259.7324754165797
2021-06-14,1254.4839264983573
2021-06-15,1250.2795898304119
2021-06-16,1237.6274560460688
2021-06-17,1256.2841200785956
2021-06-18,1265.396842272148
2021-06-21,1250.2656452653544
2021-06-22,1258.8155565573272
2021-06-23,1251.2435537343963
2021-06-24,1249.9335908933163
2021-06-25,1247.3711799672942
2021-06-28,1232.2253376321876
2021-06-29,1239.3928264961105
2021-06-30,1258.8033967676233
2021-07-01,1260.4807892352826
2021-07-02,1263.1416031955025
2021-07-05,1256.5943876892118
2021-07-06,1258.3512089005965
2021-07-07,1265.8352084695923
2021-07-08,1259.688672222868
2021-07-09,1258.6269429698673
2021-07-12,1253.0718754261866
2021-07-13,1258.7071701691752
2021-07-14,1260.9337762563728
2021-07-15,1259.5203344722374
2021-07-16,1260.5335822643858
2021-07-19,1261.1323953319434
2021-07-20,1265.742698668757
2021-07-21,1262.9510534072401
2021-07-22,1262.522662123489
2021-07-23,1265.8503161238998
2021-07-26,1253.5845468297446
2021-07-27,1246.986376592828
2021-07-28,1248.8782620494296
2021-07-29,1243.4678397067375
2021-07-30,1246.2467145382632
2021-08-02,1280.4238227213339
2021-08-03,1290.9737545307237
2021-08-04,1297.2044969263602
2021-08-05,1299.994398050118
2021-08-06,1308.672081744585
2021-08-09,1313.683869054039
2021-08-10,1308.959992379203
2021-08-11,1311.864216688545
2021-08-12,1299.6335713416986
2021-08-13,1292.6356291912537
2021-08-16,1298.8808291533385
2021-08-17,1303.828439145415
2021-08-18,1301.8414841650367
2021-08-19,1300.1975754324358
2021-08-20,1300.531544585764
2021-08-23,1291.827190153135
2021-08-24,1293.7450169878289
2021-08-25,1288.2237571651046
2021-08-26,1283.9655558654129
2021-08-27,1280.5339492974713
2021-08-30,1283.3104043082153
2021-08-31,1294.9475042120844
2021-09-01,1286.8857874586856
2021-09-02,1284.7799670660083
2021-09-03,1283.3201127140694
2021-09-06,1284.3012251325597
2021-09-07,1286.5768368736315
2021-09-08,1290.51406096497
2021-09-09,1309.1598550571555
2021-09-10,1307.2792756042027
2021-09-13,1311.4079560668247
2021-09-14,1322.4836568030123
2021-09-15,1324.3990587044593
2021-09-16,1321.1944622196374
2021-09-17,1324.1774777473552
2021-09-20,1324.4754864164913
2021-09-21,1320.6583949275948
2021-09-22,1326.3459841389208
2021-09-23,1334.7227854627129
2021-09-24,1338.8248916032055
2021-09-27,1356.104331716351
2021-09-28,1365.0698941114786
2021-09-29,1368.2487880971225
2021-09-30,1364.814225556489
2021-10-01,1363.9903821917756
2021-10-04,1371.1001743525355
2021-10-05,1387.1984448241014
2021-10-06,1395.4628286513548
2021-10-07,1392.2492531706534
2021-10-08,1390.6253232486038
2021-10-11,1414.1748517706674
2021-10-12,1413.8170881784756
2021-10-13,1413.8238853398261
2021-10-14,1428.8793498206303
2021-10-15,1426.6155509925677
2021-10-18,1418.4860195347972
2021-10-19,1424.3135342783694
2021-10-20,1423.6161087962466
2021-10-21,1419.5235549982897
2021-10-22,1419.8719608426868
2021-10-25,1420.427236121794
2021-10-26,1412.7096335640047
2021-10-27,1406.2385121518034
2021-10-28,1377.7724402060985
2021-10-29,1390.1542361690656
2021-11-01,1379.4379891418962
2021-11-02,1392.6045080599813
2021-11-03,1398.1459233897147
2021-11-04,1400.9158917129785
2021-11-05,1399.824694082149
2021-11-08,1413.8115686516592
2021-11-09,1417.5156078793077
2021-11-10,1432.8719895733943
2021-11-11,1436.990275613169
2021-11-12,1440.31765927377
2021-11-15,1445.7835236068656
2021-11-16,1451.113729141684
2021-11-17,1457.4023530889162
2021-11-18,1450.9601781245294
2021-11-19,1454.9345333727617
2021-11-22,1447.8357179142872
2021-11-23,1442.1529920191167
2021-11-24,1454.0844503154358
2021-11-25,1445.9589198951228
2021-11-26,1432.4775301157113
2021-11-29,1417.4076222848685
2021-11-30,1399.0911295571343
2021-12-01,1415.7026788856058
2021-12-02,1411.6975849253836
2021-12-03,1416.3907284922896
2021-12-06,1411.9892006597715
2021-12-07,1415.3829943079147
2021-12-08,1401.1689148766618
2021-12-09,1404.3836329430906
2021-12-10,1402.0232199194347
2021-12-13,1386.6553441495598
2021-12-14,1391.840552601014
2021-12-15,1391.744535671351
2021-12-16,1389.2553343727088
2021-12-17,1393.260017362386
2021-12-20,1371.3131389064142
2021-12-21,1378.5262464553155
2021-12-22,1371.0685600776696
2021-12-23,1378.3442094839238
2021-12-24,1375.8500744062987
2021-12-27,1369.5953406885594
2021-12-28,1380.3881975216193
2021-12-29,1375.7565049297832
2021-12-30,1388.6691050146162
2021-12-31,1383.9474887539368
2022-01-03,1381.0195717193028
2022-01-04,1377.860286293394
2022-01-05,1397.0971790560238
2022-01-06,1406.2093538963136
2022-01-07,1399.7656733885053
2022-01-10,1431.7817637461972
2022-01-11,1429.752849672161
2022-01-12,1437.7168466735015
2022-01-13,1429.6763887611628
2022-01-14,1433.0525432629825
2022-01-17,1441.8014290224733
2022-01-18,1451.3805546210629
2022-01-19,1456.2377175619083
2022-01-20,1458.9995363386408
2022-01-21,1459.1281165392522
2022-01-24,1467.148542350487
2022-01-25,1459.684820435158
2022-01-26,1448.0746071334531
2022-01-27,1462.9209834795593
2022-01-28,1460.759128101169
2022-01-31,1456.1764273667127
2022-02-01,1469.434564900632
2022-02-02,1460.6581396185595
2022-02-03,1447.313435571914
2022-02-04,1444.0881893421592
2022-02-07,1431.8958481340023
2022-02-08,1435.0931637318504
2022-02-09,1458.8341418729212
2022-02-10,1448.0788171014378
2022-02-11,1456.2058872373157
2022-02-14,1461.5313093010377
2022-02-15,1457.025960455335
2022-02-16,1467.4709297562108
2022-02-17,1463.681881389231
2022-02-18,1467.1663773375192
2022-02-21,1456.2527941522778
2022-02-22,1444.0323255966978
2022-02-23,1457.9303927656867
2022-02-24,1457.880846208749
2022-02-25,1440.8330198536332
2022-02-28,1495.706260503231
2022-03-01,1512.8147420829798
2022-03-02,1524.68435228152
2022-03-03,1552.6095250490139
2022-03-04,1572.5323967406705
2022-03-07,1645.549821360962
2022-03-08,1690.0908360847159
2022-03-09,1658.1806000792592
2022-03-10,1650.9439406915592
2022-03-11,1658.7722436976198
2022-03-14,1634.281280950189
2022-03-15,1583.2054095252727
2022-03-16,1575.8201707065994
2022-03-17,1582.1328401792102
2022-03-18,1590.8679719392621
2022-03-21,1568.829956705472
2022-03-22,1587.4593484197844
2022-03-23,1601.7015417407774
2022-03-24,1625.6905777258057
2022-03-25,1629.0945454337298
2022-03-28,1645.95390912922
2022-03-29,1617.7348226098964
2022-03-30,1588.6203899764082
2022-03-31,1586.0758445529732
2022-04-01,1599.0099111510583
2022-04-04,1596.7990941212545
2022-04-05,1628.5901127469238
2022-04-06,1642.5676336723232
2022-04-07,1663.7428116934757
2022-04-08,1669.5571517720475
2022-04-11,1669.5261812719666
2022-04-12,1667.4216408528112
2022-04-13,1674.365469159787
2022-04-14,1685.9831215189624
2022-04-15,1685.9831215189633
2022-04-18,1671.5874473233816
2022-04-19,1661.709549650588
2022-04-20,1634.14083205127
2022-04-21,1639.2694749168204
2022-04-22,1649.76639791522
2022-04-25,1626.5662160046654
2022-04-26,1613.5190708843859
2022-04-27,1616.2146990435913
2022-04-28,1649.459925084278
2022-04-29,1644.3002324421832
2022-05-02,1648.362740737284
2022-05-03,1646.0165395595964
2022-05-04,1644.4561124471545
2022-05-05,1647.2670150656486
2022-05-06,1639.0952756447898
2022-05-09,1615.181662578038
2022-05-10,1589.000115340705
2022-05-11,1597.0465759533224
2022-05-12,1574.464338572
2022-05-13,1577.190814890659
2022-05-16,1565.4096238262212
2022-05-17,1554.7795092036963
2022-05-18,1581.5866520678096
2022-05-19,1544.5373323139656
2022-05-20,1549.1454897271012
2022-05-23,1530.6364272124665
2022-05-24,1516.5887596518735
2022-05-25,1519.3446694081006
2022-05-26,1528.036701055445
2022-05-27,1529.106754767669
2022-05-30,1540.3413179728218
2022-05-31,1561.89040500468
2022-06-01,1560.5084953159514
2022-06-02,1553.4418614843885
2022-06-03,1552.645001734513
2022-06-06,1567.1282438620065
2022-06-07,1600.265863110562
2022-06-08,1600.268665731317
2022-06-09,1620.0758565257613
2022-06-10,1638.5373828334477
2022-06-13,1622.1092774747965
2022-06-14,1608.6722259055855
2022-06-15,1590.7933195056569
2022-06-16,1572.0018501976551
2022-06-17,1577.7892823021364
2022-06-20,1476.7051851997824
2022-06-21,1479.5811725388555
2022-06-22,1391.9882355641273
2022-06-23,1361.8034164910696
2022-06-24,1359.7370449548314
2022-06-27,1430.3440789232732
2022-06-28,1456.854372442863
2022-06-29,1465.8269355075508
2022-06-30,1483.0984158687288
2022-07-01,1492.0899185584017
2022-07-04,1481.6244973558717
2022-07-05,1480.74292446945
2022-07-06,1452.6211533539067
2022-07-07,1473.5731005390105
2022-07-08,1473.0661456216387
2022-07-11,1486.2139567096485
2022-07-12,1491.242194385964
2022-07-13,1444.6313980894179
2022-07-14,1428.140828429285
2022-07-15,1416.380752159665
2022-07-18,1433.271779973623
2022-07-19,1436.8972805317946
2022-07-20,1516.5315533779813
2022-07-21,1498.2337380247773
2022-07-22,1492.595499530671
2022-07-25,1499.0151085696632
2022-07-26,1512.1460330640246
2022-07-27,1513.4916247483948
2022-07-28,1536.6133801173203
2022-07-29,1530.4346767794289
2022-08-01,1555.400903072574
2022-08-02,1564.7100260564073
2022-08-03,1602.999215337476
2022-08-04,1596.9528042106228
2022-08-05,1604.1791904182553
2022-08-08,1618.2789254897802
2022-08-09,1626.514446627354
2022-08-10,1591.7785831096983
2022-08-11,1617.082618071433
2022-08-12,1633.0253526534248
2022-08-15,1617.3936675904838
2022-08-16,1633.4911676183222
2022-08-17,1630.123244410727
2022-08-18,1629.0262507543844
2022-08-19,1643.3024355939388
2022-08-22,1659.6372248520615
2022-08-23,1644.8637880240615
2022-08-24,1650.5686068824577
2022-08-25,1663.4501380290194
2022-08-26,1657.6376531459744
2022-08-29,1647.7980780122211
2022-08-30,1640.420668460257
2022-08-31,1625.232429182469
2022-09-01,1638.691910275595
2022-09-02,1623.7389998003807
2022-09-05,1605.145436798547
2022-09-06,1603.9439417009082
2022-09-07,1560.4305268062021
2022-09-08,1574.6740685707052
2022-09-09,1561.1891823474464
2022-09-12,1559.7207234459042
2022-09-13,1590.9395291541618
2022-09-14,1573.2468928697654
2022-09-15,1569.340410160222
2022-09-16,1563.8644204931456
2022-09-19,1533.4322756081458
2022-09-20,1541.1059203652435
2022-09-21,1557.061528080542
2022-09-22,1552.1440679668126
2022-09-23,1569.7357270751893
2022-09-26,1531.009620664885
2022-09-27,1555.6872022975078
2022-09-28,1562.8502370766482
2022-09-29,1538.5832111386894
2022-09-30,1533.8715798076873
2022-10-03,1521.3991454571888
2022-10-04,1541.36530265441
2022-10-05,1570.4282585489627
2022-10-06,1585.3780396287102
2022-10-07,1594.450766645133
2022-10-10,1609.2658226315536
2022-10-11,1588.957186077467
2022-10-12,1591.3095811800436
2022-10-13,1587.2727590220954
2022-10-14,1581.2514239030286
2022-10-17,1563.4965587655838
2022-10-18,1569.730916095297
2022-10-19,1567.8092086686188
2022-10-20,1556.5907529252668
2022-10-21,1564.0587022324162
2022-10-24,1541.9188428916393
2022-10-25,1500.4388308260177
2022-10-26,1475.5542441056136
2022-10-27,1487.1356506117058
2022-10-28,1494.3101328700468
2022-10-31,1515.0351145256627
2022-11-01,1513.4277173034734
2022-11-02,1499.4543893372481
2022-11-03,1513.787408680658
2022-11-04,1492.829511152564
2022-11-07,1495.1831224818523
2022-11-08,1508.3026786933615
2022-11-09,1514.9017193526477
2022-11-10,1480.5096040394003
2022-11-11,1459.7209638819697
2022-11-14,1471.3054644251552
2022-11-15,1462.7589729969193
2022-11-16,1446.1200646837472
2022-11-17,1449.1343975394702
2022-11-18,1444.6589547250837
2022-11-21,1440.986843040078
2022-11-22,1438.0111214141707
2022-11-23,1422.436562796212
2022-11-24,1407.259049624947
2022-11-25,1407.6647361813182
2022-11-28,1383.8556064649845
2022-11-29,1387.748114772552
2022-11-30,1403.0923655874428
2022-12-01,1400.998861842087
2022-12-02,1402.7378206623423
2022-12-05,1398.278957557616
2022-12-06,1379.1462555847982
2022-12-07,1379.043483347779
2022-12-08,1370.5701163058068
2022-12-09,1371.2202610410213
2022-12-12,1364.7454115325818
2022-12-13,1351.7706398489352
2022-12-14,1349.2839755730129
2022-12-15,1349.0535962122883
2022-12-16,1353.5015144325723
2022-12-19,1343.0582721056471
2022-12-20,1330.130489910492
2022-12-21,1336.980087252707
2022-12-22,1344.6511035111926
2022-12-23,1343.0041006991469
2022-12-26,1324.473670309073
2022-12-27,1315.8726065629457
2022-12-28,1313.1465683100794
2022-12-29,1297.8956477496024
2022-12-30,1297.1659804845287
2023-01-02,1298.1520048866107
2023-01-03,1321.193499888007
2023-01-04,1317.8651616402938
2023-01-05,1336.637537760887
2023-01-06,1326.1738814879182
2023-01-09,1348.7099568551505
2023-01-10,1353.7818212827194
2023-01-11,1343.550549148523
2023-01-12,1316.7441632428186
2023-01-13,1313.9476245517815
2023-01-16,1332.1241598537492
2023-01-17,1333.152472126082
2023-01-18,1321.8444545032971
2023-01-19,1327.3388031279826
2023-01-20,1322.2529790738959
2023-01-23,1349.1845876675557
2023-01-24,1349.13099432402
2023-01-25,1356.984662409136
2023-01-26,1354.5974743101917
2023-01-27,1356.2843951997434
2023-01-30,1350.539175055383
2023-01-31,1336.6626380494145
2023-02-01,1312.9929945486053
2023-02-02,1296.9082619380756
2023-02-03,1306.822458184068
2023-02-06,1290.5267147259178
2023-02-07,1301.8851645868447
2023-02-08,1295.0213497654768
2023-02-09,1282.9043893172545
2023-02-10,1293.1781986449018
2023-02-13,1272.0515277886302
2023-02-14,1272.1702059178263
2023-02-15,1283.8370936448332
2023-02-16,1318.278516788735
2023-02-17,1319.4529572547633
2023-02-20,1344.3323984216725
2023-02-21,1330.5403089296365
2023-02-22,1330.2106570838566
2023-02-23,1328.0000809247952
2023-02-24,1334.9288865455196
2023-02-27,1337.8927379713864
2023-02-28,1338.577164646852
2023-03-01,1335.0140529609396
2023-03-02,1359.8088568583023
2023-03-03,1361.476940381695
2023-03-06,1364.4299241774681
2023-03-07,1375.8561867894468
2023-03-08,1383.4139648827204
2023-03-09,1373.3005760789451
2023-03-10,1358.0738047792627
2023-03-13,1342.91380026423
2023-03-14,1308.1685441188727
2023-03-15,1326.111862535421
2023-03-16,1293.1569846938994
2023-03-17,1290.120121736091
2023-03-20,1256.4521798968353
2023-03-21,1269.6414860682762
2023-03-22,1282.6160912502824
2023-03-23,1270.0103732548164
2023-03-24,1285.0557923107967
2023-03-27,1304.4707420819925
2023-03-28,1318.0273552023186
2023-03-29,1315.8593203304765
2023-03-30,1302.9571229180076
2023-03-31,1308.7736280918784
2023-04-03,1303.121822983457
2023-04-04,1317.8785503461856
2023-04-05,1326.8550596271107
2023-04-06,1330.8101677026548
2023-04-07,1330.8101677026548
2023-04-10,1317.7371988088717
2023-04-11,1316.401198430312
2023-04-12,1311.0294304669014
2023-04-13,1294.365128210581
2023-04-14,1299.0687035118233
2023-04-17,1305.4708700571052
2023-04-18,1297.8304610482824
2023-04-19,1302.7837530868858
2023-04-20,1302.6923953586606
2023-04-21,1303.285958212517
2023-04-24,1296.668793911334
2023-04-25,1302.8110646727448
2023-04-26,1319.0458842069772
2023-04-27,1335.3452042181984
2023-04-28,1331.7770263627235
2023-05-01,1364.0586995809892
2023-05-02,1376.025217236111
2023-05-03,1365.8103661594728
2023-05-04,1379.9042553819081
2023-05-05,1379.1520248333875
2023-05-08,1383.4104711556033
2023-05-09,1389.5281516573261
2023-05-10,1405.9064113165102
2023-05-11,1408.9958861827477
2023-05-12,1416.1948985356269
2023-05-15,1422.276514832519
2023-05-16,1410.490375119693
2023-05-17,1423.8795565153803
2023-05-18,1437.8213638632192
2023-05-19,1435.48875295494
2023-05-22,1447.7481971438149
2023-05-23,1449.1709375204427
2023-05-24,1437.162926255324
2023-05-25,1440.6555579659012
2023-05-26,1443.7507032494673
2023-05-29,1450.9771578020082
2023-05-30,1427.1893340832116
2023-05-31,1423.3280587783954
2023-06-01,1420.1389646774674
2023-06-02,1420.9334109772262
2023-06-05,1421.2117493229493
2023-06-06,1416.7923911595399
2023-06-07,1409.333499730335
2023-06-08,1395.6498739142805
2023-06-09,1397.4014099650235
2023-06-12,1387.9065994415057
2023-06-13,1390.9025335313227
2023-06-14,1387.9264695980219
2023-06-15,1370.8723963608684
2023-06-16,1369.1157524041564
2023-06-19,1377.0465719438948
2023-06-20,1380.28592420448
2023-06-21,1347.924207947585
2023-06-22,1321.7497975707565
2023-06-23,1331.1019440823993
2023-06-26,1312.1086822069294
2023-06-27,1307.1957638534604
2023-06-28,1313.1318392913522
2023-06-29,1314.5790158603468
2023-06-30,1311.9884155999432
2023-07-03,1334.1174137636804
2023-07-04,1337.5885595587492
2023-07-05,1339.2382297533823
2023-07-06,1325.9023298143877
2023-07-07,1315.9727448064166
2023-07-10,1300.3483322310822
2023-07-11,1299.2117887551462
2023-07-12,1286.9864339976887
2023-07-13,1298.3422895533158
2023-07-14,1292.7990002583583
2023-07-17,1300.515634580149
2023-07-18,1302.610228370973
2023-07-19,1312.2919800476616
2023-07-20,1319.5976613983235
2023-07-21,1323.6347622655157
2023-07-24,1318.0243240623975
2023-07-25,1328.8771033718144
2023-07-26,1331.690958195356
2023-07-27,1347.488259933215
2023-07-28,1342.115645784598
2023-07-31,1354.4016558915941
2023-08-01,1365.603590176295
2023-08-02,1365.8464355304734
2023-08-03,1356.2102812887733
2023-08-04,1345.0756509289226
2023-08-07,1335.1757078351989
2023-08-08,1336.0808367504703
2023-08-09,1325.1108532963622
2023-08-10,1321.0794428146974
2023-08-11,1326.678257442011
2023-08-14,1374.0092186999575
2023-08-15,1359.1719209882167
2023-08-16,1366.4215812031978
2023-08-17,1363.6288387657617
2023-08-18,1365.6353740506524
2023-08-21,1340.1422700039914
2023-08-22,1343.4878850322532
2023-08-23,1339.6615921694272
2023-08-24,1343.2843533004213
2023-08-25,1351.8899538182925
2023-08-28,1354.6455219039492
2023-08-29,1370.1505888852264
2023-08-30,1374.8441052539044
2023-08-31,1378.0624816375043
2023-09-01,1383.9279337915941
2023-09-04,1374.9409651003841
2023-09-05,1379.935949107618
2023-09-06,1386.4865366819688
2023-09-07,1405.1669596539155
2023-09-08,1403.8555579183546
2023-09-11,1413.5235951362529
2023-09-12,1416.871634754549
2023-09-13,1420.9344924568204
2023-09-14,1417.725763855114
2023-09-15,1417.592849987973
2023-09-18,1404.597414380099
2023-09-19,1419.1731188689876
2023-09-20,1403.0500673830006
2023-09-21,1422.0741785622533
2023-09-22,1422.3410342910136
2023-09-25,1432.7080047644572
2023-09-26,1446.8955902247003
2023-09-27,1454.3827139255145
2023-09-28,1440.5560383137788
2023-09-29,1437.2225202085901
2023-10-02,1459.1809177117257
2023-10-03,1455.7843416284793
2023-10-04,1446.9798637135855
2023-10-05,1423.7967954785786
2023-10-06,1422.7159609799467
2023-10-09,1384.4146285410748
2023-10-10,1381.6523571841608
2023-10-11,1386.8044955359928
2023-10-12,1400.7360476620959
2023-10-13,1407.6707146281956
2023-10-16,1393.7720855439647
2023-10-17,1385.3717264181541
2023-10-18,1378.4440605213695
2023-10-19,1347.125541769158
2023-10-20,1344.581034914043
2023-10-23,1326.9037783347137
2023-10-24,1296.1606773441067
2023-10-25,1312.9393494563028
2023-10-26,1298.208163630773
2023-10-27,1293.790402605089
2023-10-30,1341.548451508085
2023-10-31,1336.3921754606959
2023-11-01,1350.3744570712583
2023-11-02,1351.4875303888255
2023-11-03,1337.0075316936457
2023-11-06,1366.7991010048447
2023-11-07,1361.6147034114965
2023-11-08,1349.6365596848068
2023-11-09,1339.2788084961292
2023-11-10,1344.9268612005317
2023-11-13,1350.3966402081285
2023-11-14,1331.6423713771894
2023-11-15,1334.0413983114977
2023-11-16,1336.0560430424118
2023-11-17,1334.8288962749791
2023-11-20,1331.1336269120914
2023-11-21,1333.5402170818911
2023-11-22,1340.5097338381524
2023-11-23,1334.891927679748
2023-11-24,1331.2313465252332
2023-11-27,1310.697530700151
2023-11-28,1301.4120631405922
2023-11-29,1307.8975977756602
2023-11-30,1326.3906150933267
2023-12-01,1335.6326889652798
2023-12-04,1320.3470263266559
2023-12-05,1320.3257351370114
2023-12-06,1310.9658879940196
2023-12-07,1308.3960555510428
2023-12-08,1310.340090178783
2023-12-11,1309.4274330875878
2023-12-12,1303.1972812650472
2023-12-13,1316.4004733743727
2023-12-14,1310.1312397305226
2023-12-15,1319.6132028049321
2023-12-18,1319.6736523332331
2023-12-19,1327.775854571722
2023-12-20,1331.8014512635796
2023-12-21,1337.827394034158
2023-12-22,1335.0940349998089
2023-12-25,1347.1516976876596
2023-12-26,1341.6206850785452
2023-12-27,1333.6089105279384
2023-12-28,1342.6472927689815
2023-12-29,1349.8184501738942
2024-01-01,1364.0840378594776
2024-01-02,1372.8317502990656
2024-01-03,1350.1800796429943
2024-01-04,1343.4393268639155
2024-01-05,1340.6248162734094
2024-01-08,1358.193174193373
2024-01-09,1350.1474630554203
2024-01-10,1345.8237962356125
2024-01-11,1370.3847240741604
2024-01-12,1368.0102486961646
2024-01-15,1384.9094562053313
2024-01-16,1380.0496195104513
2024-01-17,1384.9256444087016
2024-01-18,1380.3377960764192
2024-01-19,1376.3425153104165
2024-01-22,1356.8095572562688
2024-01-23,1359.1679858888251
2024-01-24,1362.8933734141501
2024-01-25,1367.2331792174068
2024-01-26,1363.2054266986536
2024-01-29,1361.7033076212176
2024-01-30,1365.9473657454716
2024-01-31,1359.2418433814767
2024-02-01,1355.7686444511976
2024-02-02,1359.1574385078702
2024-02-05,1343.2478577336603
2024-02-06,1334.5647011637186
2024-02-07,1336.418972367727
2024-02-08,1335.834706288791
2024-02-09,1332.8005478218115
2024-02-12,1377.4304373065097
2024-02-13,1383.8565181896752
2024-02-14,1396.9655444399039
2024-02-15,1372.7256252321752
2024-02-16,1371.5149402356842
2024-02-19,1386.6833507015695
2024-02-20,1370.4075462956537
2024-02-21,1369.5359976444183
2024-02-22,1368.1627202862896
2024-02-23,1366.7719898031635
2024-02-26,1387.9532259043528
2024-02-27,1395.5260122869634
2024-02-28,1408.2949332337348
2024-02-29,1398.9151792599644
2024-03-01,1397.1077119063916
2024-03-04,1403.649365344469
2024-03-05,1402.7485172479194
2024-03-06,1389.943899989747
2024-03-07,1390.6844185379334
2024-03-08,1386.8143569717463
2024-03-11,1384.701034495305
