Date,EM GCC COUNTRIES IMI
2014-06-02,984.2008027599632
2014-06-03,961.9938168170354
2014-06-04,949.0017769279182
2014-06-05,960.6142026953174
2014-06-06,958.9118110794305
2014-06-09,923.0248714475197
2014-06-10,916.7856713214925
2014-06-11,910.444110017945
2014-06-12,922.570124340512
2014-06-13,924.1327424046846
2014-06-16,873.566534605602
2014-06-17,865.9704322951212
2014-06-18,874.5865865839639
2014-06-19,874.20929208352
2014-06-20,877.8476718855693
2014-06-23,851.1151748693133
2014-06-24,826.8055902268981
2014-06-25,830.0427009083141
2014-06-26,820.3222818057726
2014-06-27,817.2500461177156
2014-06-30,773.9069820823739
2014-07-01,805.9473380859624
2014-07-02,848.8340545743357
2014-07-03,848.824217486649
2014-07-04,850.1414246502862
2014-07-07,865.1898649381965
2014-07-08,866.761993562421
2014-07-09,870.935414492246
2014-07-10,888.3580415377219
2014-07-11,888.4886920328373
2014-07-14,891.4418368723688
2014-07-15,906.6004700644959
2014-07-16,920.1315818098292
2014-07-17,926.0932166246639
2014-07-18,926.6759023155709
2014-07-21,903.4162294484138
2014-07-22,909.7690862706245
2014-07-23,902.8181161294073
2014-07-24,890.3526634342912
2014-07-25,892.7387794086555
2014-07-28,896.4436491959216
2014-07-29,898.365954962852
2014-07-30,900.5483291853951
2014-07-31,912.378599943599
2014-08-01,909.0494949173695
2014-08-04,909.4190035358504
2014-08-05,917.7777349614148
2014-08-06,904.8907611478024
2014-08-07,907.4932933826065
2014-08-08,903.2313322597095
2014-08-11,915.7179740487948
2014-08-12,921.7329583700235
2014-08-13,932.063451798063
2014-08-14,933.3023731173
2014-08-15,933.1100729730019
2014-08-18,938.2105092505655
2014-08-19,946.9649023108688
2014-08-20,948.3264534123475
2014-08-21,953.4073673688383
2014-08-22,957.2311492747104
2014-08-25,962.3608332837249
2014-08-26,967.2782225162349
2014-08-27,965.7486072837409
2014-08-28,934.8838846405433
2014-08-29,935.1502677032036
2014-09-01,969.1180732789752
2014-09-02,972.5519510633717
2014-09-03,983.0771136576163
2014-09-04,997.7972415427108
2014-09-05,998.4132370616629
2014-09-08,1000.4877030329293
2014-09-09,1000.9444355485995
2014-09-10,988.3147139598251
2014-09-11,996.0192038750372
2014-09-12,996.2501559241657
2014-09-15,1003.2179402686533
2014-09-16,1000.5759248023179
2014-09-17,1001.4808140475735
2014-09-18,1026.6602431305732
2014-09-19,1033.1765633529278
2014-09-22,1016.8676523003683
2014-09-23,1010.0718554257265
2014-09-24,1010.3934190140274
2014-09-25,1012.2038977966013
2014-09-26,1016.3156569310086
2014-09-29,1009.6799840475928
2014-09-30,1009.5649706531597
2014-10-01,1013.7564550848891
2014-10-02,1005.9567254180157
2014-10-03,1017.3665786323969
2014-10-06,1012.7007987472025
2014-10-07,1011.3052718949565
2014-10-08,997.514556473874
2014-10-09,999.2907521843247
2014-10-10,1006.1440803609319
2014-10-13,966.1240238783088
2014-10-14,961.4704191509928
2014-10-15,943.1398445217022
2014-10-16,913.4473804584254
2014-10-17,914.3707218336318
2014-10-20,912.8470393430923
2014-10-21,926.8476216699444
2014-10-22,947.0080060125682
2014-10-23,957.5813606889601
2014-10-24,956.0978393206206
2014-10-27,956.706018650961
2014-10-28,954.3655380936472
2014-10-29,961.6903860106532
2014-10-30,948.4823076232665
2014-10-31,955.4584084553563
2014-11-03,980.6459977947076
2014-11-04,972.497866870721
2014-11-05,952.2048766593015
2014-11-06,957.4460286542318
2014-11-07,959.1813706588009
2014-11-10,981.8933401220954
2014-11-11,985.1432285135468
2014-11-12,979.0082489667773
2014-11-13,987.747447347002
2014-11-14,987.3373484240859
2014-11-17,983.1474121800902
2014-11-18,985.8043170713638
2014-11-19,987.1644389623591
2014-11-20,988.391875903801
2014-11-21,998.5441327456388
2014-11-24,997.4270792169408
2014-11-25,970.6062794512486
2014-11-26,960.7629928774824
2014-11-27,962.8633051219595
2014-11-28,963.9967228825634
2014-12-01,930.2257691296701
2014-12-02,931.215481971226
2014-12-03,930.1787251066492
2014-12-04,919.3221692304065
2014-12-05,929.7607182346386
2014-12-08,918.3354727576865
2014-12-09,886.2183600482655
2014-12-10,888.1240446738376
2014-12-11,840.4534552825362
2014-12-12,835.0918720940462
2014-12-15,807.9652433000908
2014-12-16,760.6370461842555
2014-12-17,779.8354164155429
2014-12-18,823.4293635297237
2014-12-19,824.503679166897
2014-12-22,899.1346216188873
2014-12-23,883.8564527567336
2014-12-24,899.2728344736498
2014-12-25,904.6854944136068
2014-12-26,906.0978459516584
2014-12-29,912.1628731072693
2014-12-30,888.1668959889877
2014-12-31,896.7456118353206
2015-01-01,896.7456118353206
2015-01-02,901.9378209616507
2015-01-05,880.4574055745678
2015-01-06,860.8516976936461
2015-01-07,885.9520977719541
2015-01-08,912.3608983052361
2015-01-09,909.1229788554227
2015-01-12,893.7869183460957
2015-01-13,909.0154633761232
2015-01-14,904.3146886406403
2015-01-15,916.8766610608615
2015-01-16,924.0884521884499
2015-01-19,920.248998485968
2015-01-20,919.4364027831313
2015-01-21,915.1064382112476
2015-01-22,919.8671631140555
2015-01-23,933.481078411589
2015-01-26,930.1752828065108
2015-01-27,922.3006049996004
2015-01-28,926.5190863866085
2015-01-29,912.9166906542017
2015-01-30,917.1813227825677
2015-02-02,938.7464538660331
2015-02-03,948.5711277183356
2015-02-04,952.0186148431563
2015-02-05,953.4953491860139
2015-02-06,960.7235743197789
2015-02-09,967.7211445924568
2015-02-10,966.7845881551023
2015-02-11,968.4423103123017
2015-02-12,961.6358001121997
2015-02-13,959.1057344245554
2015-02-16,958.9586324566545
2015-02-17,960.3106207565957
2015-02-18,966.0040473133583
2015-02-19,963.5165737823633
2015-02-20,965.3811438332243
2015-02-23,966.190631852438
2015-02-24,969.2406861468698
2015-02-25,969.9782913122253
2015-02-26,981.5079904330045
2015-02-27,981.2219195061606
2015-03-02,982.7283826223803
2015-03-03,975.8203183301262
2015-03-04,974.2389890511637
2015-03-05,975.108501886255
2015-03-06,990.1909700828106
2015-03-09,994.8139550341308
2015-03-10,1007.9398114373045
2015-03-11,1006.8588140201724
2015-03-12,1001.2077863851331
2015-03-13,1010.2478224737698
2015-03-16,969.9025116411118
2015-03-17,959.7137860467395
2015-03-18,931.4479414921886
2015-03-19,948.9599605324452
2015-03-20,933.9271055367484
2015-03-23,929.2362797533531
2015-03-24,941.3541251478267
2015-03-25,918.4972962295095
2015-03-26,920.0241771724208
2015-03-27,922.3517854043091
2015-03-30,945.747209296136
2015-03-31,965.5738531668835
2015-04-01,957.4184306162449
2015-04-02,969.287292293068
2015-04-03,969.287292293068
2015-04-06,963.3197234870729
2015-04-07,988.6737332274727
2015-04-08,998.2418983489897
2015-04-09,1008.9429500130894
2015-04-10,1013.8326655286098
2015-04-13,1016.1949803108107
2015-04-14,1004.0868739732359
2015-04-15,1026.2158418423035
2015-04-16,1041.3700373578733
2015-04-17,1034.119572305288
2015-04-20,1031.459772023642
2015-04-21,1040.5276572069426
2015-04-22,1044.9060347052864
2015-04-23,1031.3211904339169
2015-04-24,1025.2686226763096
2015-04-27,1036.730146667219
2015-04-28,1029.4696666612135
2015-04-29,1017.1364279903158
2015-04-30,1007.4732688453078
2015-05-01,1005.9214902052411
2015-05-04,991.9629714836016
2015-05-05,993.8674356486592
2015-05-06,984.3707599344516
2015-05-07,989.3101149871652
2015-05-08,993.102095639164
2015-05-11,998.7824486995186
2015-05-12,988.5370032457267
2015-05-13,979.540081246659
2015-05-14,975.4599294402395
2015-05-15,970.2590680036645
2015-05-18,978.0998656191647
2015-05-19,1001.2078149576862
2015-05-20,1000.3814958976893
2015-05-21,999.2474557829589
2015-05-22,1008.1308640168894
2015-05-25,998.8473051576676
2015-05-26,1008.891958535854
2015-05-27,994.7733226791315
2015-05-28,970.4824168923226
2015-05-29,966.5341387485695
2015-06-01,987.1401329872313
2015-06-02,972.9733578131833
2015-06-03,963.4057927185331
2015-06-04,958.0510039997844
2015-06-05,972.9032405891479
2015-06-08,953.8268972573389
2015-06-09,960.3688285872045
2015-06-10,953.4611367487934
2015-06-11,953.7434333682585
2015-06-12,950.839480698588
2015-06-15,956.3823703569533
2015-06-16,952.2611897585347
2015-06-17,954.7851136708164
2015-06-18,940.0156351137277
2015-06-19,946.3021793755005
2015-06-22,956.9173542238776
2015-06-23,972.8882551886904
2015-06-24,978.85242577208
2015-06-25,972.8535141229039
2015-06-26,977.4069745127761
2015-06-29,959.8496785969409
2015-06-30,978.9316690420073
2015-07-01,973.8367720805495
2015-07-02,979.1205461706625
2015-07-03,979.4247643943866
2015-07-06,972.3218723814732
2015-07-07,980.2685584083325
2015-07-08,954.4318262953522
2015-07-09,965.417054959972
2015-07-10,954.3719946471392
2015-07-13,973.5786982429378
2015-07-14,978.0701357602637
2015-07-15,990.0436605268873
2015-07-16,994.8075558202656
2015-07-17,999.3904440858954
2015-07-20,1004.3682283654083
2015-07-21,999.0440406342276
2015-07-22,1002.6047114372479
2015-07-23,994.9880779803558
2015-07-24,996.174882935708
2015-07-27,976.738649233451
2015-07-28,973.0197808269419
2015-07-29,977.0394365227528
2015-07-30,987.5246651385784
2015-07-31,976.4759678856913
2015-08-03,983.7540379649215
2015-08-04,984.323362235058
2015-08-05,997.1170080755086
2015-08-06,990.447849036684
2015-08-07,988.1223328393017
2015-08-10,978.419867614611
2015-08-11,975.4437432066286
2015-08-12,956.9626717001661
2015-08-13,958.7179721778328
2015-08-14,960.1539854026304
2015-08-17,945.9841854120908
2015-08-18,932.0547283466703
2015-08-19,928.8343885693939
2015-08-20,891.952020852692
2015-08-21,882.8464473677632
2015-08-24,795.843554298508
2015-08-25,841.0641529572547
2015-08-26,838.5591316564057
2015-08-27,886.3895074342013
2015-08-28,885.9479127457354
2015-08-31,907.4463887102484
2015-09-01,884.8492502991205
2015-09-02,881.0357528345597
2015-09-03,893.1082446801763
2015-09-04,891.6206952420941
2015-09-07,884.5881416935173
2015-09-08,886.1026598185598
2015-09-09,899.7356468417573
2015-09-10,905.9722327887642
2015-09-11,900.8270208743423
2015-09-14,878.0938935863203
2015-09-15,880.1128374944172
2015-09-16,888.499943776973
2015-09-17,878.6483070990208
2015-09-18,873.9803267025518
2015-09-21,894.1398724472773
2015-09-22,896.0459519742986
2015-09-23,895.0642497915314
2015-09-24,883.831519096361
2015-09-25,892.9531598329519
2015-09-28,885.7043485389931
2015-09-29,874.6391304490116
2015-09-30,895.8930805264617
2015-10-01,892.4538443639647
2015-10-02,886.7900061741993
2015-10-05,901.5834729751251
2015-10-06,903.5866346809445
2015-10-07,914.4823365547024
2015-10-08,906.1256324150885
2015-10-09,899.9946581493913
2015-10-12,904.5208564904476
2015-10-13,902.5737233335531
2015-10-14,892.1637231378529
2015-10-15,896.8517026426819
2015-10-16,897.5216342545538
2015-10-19,904.5958558051736
2015-10-20,897.7046456368738
2015-10-21,887.1670033226477
2015-10-22,892.3308641556772
2015-10-23,902.7351755617561
2015-10-26,903.424402523607
2015-10-27,899.13844002263
2015-10-28,890.1415946485761
2015-10-29,895.28947003833
2015-10-30,888.3193985746723
2015-11-02,884.0062225084623
2015-11-03,893.9983022886933
2015-11-04,889.4216579808841
2015-11-05,888.4909461832043
2015-11-06,898.6235727972723
2015-11-09,877.6379102058387
2015-11-10,863.0666500101655
2015-11-11,856.054107545944
2015-11-12,848.3281834363019
2015-11-13,850.1988382193781
2015-11-16,837.6593161562331
2015-11-17,845.5523388253104
2015-11-18,847.0649101730867
2015-11-19,850.0493938736687
2015-11-20,855.2957856931702
2015-11-23,850.1848049568008
2015-11-24,841.2786058568554
2015-11-25,841.5883012044075
2015-11-26,839.5168426139694
2015-11-27,841.4582426464431
2015-11-30,817.2748882258161
2015-12-01,830.1579301911981
2015-12-02,834.4369106660913
2015-12-03,809.8571273687862
2015-12-04,806.9526369357055
2015-12-07,800.4299647388698
2015-12-08,775.2515430378463
2015-12-09,766.3236825642928
2015-12-10,763.6456191087614
2015-12-11,759.4728696695034
2015-12-14,746.1791374288563
2015-12-15,754.5861842342198
2015-12-16,763.6042900508178
2015-12-17,782.8025086403655
2015-12-18,782.0364950028621
2015-12-21,784.0952059479764
2015-12-22,794.3757988869436
2015-12-23,802.8028834065041
2015-12-24,797.8552951234261
2015-12-25,797.8552951234261
2015-12-28,800.7238606469184
2015-12-29,805.6169354290076
2015-12-30,809.51368863629
2015-12-31,815.942900104512
2016-01-01,815.942900104512
2016-01-04,796.2734652635961
2016-01-05,803.4219709398269
2016-01-06,805.272890177536
2016-01-07,772.1801837030077
2016-01-08,767.0605089775523
2016-01-11,759.8641005916032
2016-01-12,749.8886089610185
2016-01-13,745.2967444626445
2016-01-14,728.2628884764831
2016-01-15,720.8151531091996
2016-01-18,683.7843368235716
2016-01-19,708.7014128467122
2016-01-20,687.2901545381849
2016-01-21,684.6784063862665
2016-01-22,684.6536392192908
2016-01-25,704.84890838206
2016-01-26,697.5868860607441
2016-01-27,711.6869424425358
2016-01-28,731.1531785253959
2016-01-29,739.1910365536677
2016-02-01,757.965263645876
2016-02-02,761.859084046487
2016-02-03,745.6311720849343
2016-02-04,757.2134468073456
2016-02-05,758.9780770018829
2016-02-08,756.6936632941978
2016-02-09,742.7350502277777
2016-02-10,747.2401621102657
2016-02-11,725.9811597741785
2016-02-12,732.475821759311
2016-02-15,756.7735537769393
2016-02-16,762.9835919216206
2016-02-17,763.8312898776676
2016-02-18,778.1238054654002
2016-02-19,777.5874020556242
2016-02-22,789.2330245214372
2016-02-23,796.5054039831264
2016-02-24,791.8170220045284
2016-02-25,787.0866773337947
2016-02-26,794.6811298462873
2016-02-29,814.9213715534828
2016-03-01,823.3303525469826
2016-03-02,823.400533186919
2016-03-03,826.5927032351957
2016-03-04,820.9604280700607
2016-03-07,845.3469938000666
2016-03-08,844.5278707539471
2016-03-09,846.6799845672269
2016-03-10,836.3075020979943
2016-03-11,835.3310152631806
2016-03-14,833.4235735211986
2016-03-15,829.4193791560585
2016-03-16,832.2797724903877
2016-03-17,833.2351571874513
2016-03-18,835.0952504272419
2016-03-21,834.7161360263863
2016-03-22,837.0115031043043
2016-03-23,840.3422163816577
2016-03-24,831.0556907484782
2016-03-25,831.0556907484782
2016-03-28,816.1459586167869
2016-03-29,828.9362873541249
2016-03-30,822.9628659769909
2016-03-31,825.6617564294291
2016-04-01,829.3364888593936
2016-04-04,823.0179048044648
2016-04-05,811.953225671404
2016-04-06,810.5144947238504
2016-04-07,819.7345036340993
2016-04-08,817.9071997003861
2016-04-11,818.5712003659412
2016-04-12,829.6974851948021
2016-04-13,840.3257300378373
2016-04-14,851.344876157225
2016-04-15,848.7504980831408
2016-04-18,845.5420113557584
2016-04-19,845.7375399913797
2016-04-20,850.7230561071386
2016-04-21,860.2594455249733
2016-04-22,864.0097023978053
2016-04-25,852.4651982743247
2016-04-26,847.3122286993822
2016-04-27,846.9328373390179
2016-04-28,844.800398748322
2016-04-29,834.5349239383972
2016-05-02,814.3259308711887
2016-05-03,799.7011497118444
2016-05-04,800.2658613531725
2016-05-05,802.1050871032007
2016-05-06,800.4652344461904
2016-05-09,810.48804587456
2016-05-10,808.2905449451115
2016-05-11,802.8663304644352
2016-05-12,806.929466410714
2016-05-13,814.4806137580475
2016-05-16,809.235606702178
2016-05-17,810.2594261313473
2016-05-18,812.7644413204124
2016-05-19,801.6157213421699
2016-05-20,801.0542571107434
2016-05-23,793.6213941435195
2016-05-24,797.1329079856779
2016-05-25,809.2691296623051
2016-05-26,807.4847196427509
2016-05-27,811.3620569676729
2016-05-30,799.6253432604956
2016-05-31,799.2404182935081
2016-06-01,801.9655073942876
2016-06-02,796.4979036742565
2016-06-03,784.4159073548642
2016-06-06,791.0343301753062
2016-06-07,806.9616897312728
2016-06-08,812.0018194775047
2016-06-09,813.04099649914
2016-06-10,815.0614939826754
2016-06-13,804.5031341814437
2016-06-14,814.4032160217419
2016-06-15,810.6182070969616
2016-06-16,814.5551815817844
2016-06-17,807.1851784153935
2016-06-20,810.2927100628433
2016-06-21,821.0418793051689
2016-06-22,822.6504127070282
2016-06-23,820.2059412307907
2016-06-24,837.523885488636
2016-06-27,833.2059890229889
2016-06-28,826.8513068655387
2016-06-29,823.7657035429357
2016-06-30,827.8333338924432
2016-07-01,826.1974664440988
2016-07-04,837.243365927691
2016-07-05,838.8672562492845
2016-07-06,841.7087388987264
2016-07-07,841.6488327198542
2016-07-08,844.5247587804201
2016-07-11,850.1831721770983
2016-07-12,853.804779622966
2016-07-13,863.3114932112401
2016-07-14,867.6876846248376
2016-07-15,870.3865152018565
2016-07-18,882.5414492314549
2016-07-19,888.8750095333928
2016-07-20,889.8058583216332
2016-07-21,887.340926589985
2016-07-22,888.9190637414638
2016-07-25,891.2948438091468
2016-07-26,887.6290914987807
2016-07-27,889.9130254105213
2016-07-28,885.7178627899436
2016-07-29,877.8764974050832
2016-08-01,881.6022724769805
2016-08-02,868.9434623411604
2016-08-03,864.845220776173
2016-08-04,880.50756752687
2016-08-05,885.8755375219506
2016-08-08,900.3977509589515
2016-08-09,897.9060029620174
2016-08-10,897.2400994177324
2016-08-11,894.576517331267
2016-08-12,894.5912801377262
2016-08-15,911.6505861286375
2016-08-16,914.148590316556
2016-08-17,910.9883099319087
2016-08-18,902.6885312982192
2016-08-19,902.9556835244208
2016-08-22,894.6478774178705
2016-08-23,891.3617654290448
2016-08-24,895.1177474274143
2016-08-25,891.024068984211
2016-08-26,891.1644808684167
2016-08-29,905.2743781088999
2016-08-30,910.4563345970472
2016-08-31,895.733200959433
2016-09-01,885.9953335726887
2016-09-02,888.4327312569268
2016-09-05,894.1427887698742
2016-09-06,879.9445889139737
2016-09-07,873.3686469104938
2016-09-08,868.1648799628152
2016-09-09,873.0377834721872
2016-09-12,872.4165533598205
2016-09-13,870.6746965967594
2016-09-14,870.2864716411199
2016-09-15,867.954452369469
2016-09-16,874.2999372815203
2016-09-19,856.9568986759107
2016-09-20,861.6513777133478
2016-09-21,862.3263884734588
2016-09-22,870.3271815878716
2016-09-23,871.9718647609486
2016-09-26,869.1068931118865
2016-09-27,869.8528302990917
2016-09-28,867.327235755337
2016-09-29,867.7668853537518
2016-09-30,867.1105391599891
2016-10-03,854.1646027148653
2016-10-04,863.943919240741
2016-10-05,857.4114194333106
2016-10-06,858.8520635494065
2016-10-07,858.2265910574238
2016-10-10,860.9298959375061
2016-10-11,871.9188829832749
2016-10-12,870.3289943484937
2016-10-13,866.4027529865581
2016-10-14,868.4678948725966
2016-10-17,861.2256880741947
2016-10-18,868.6151303393239
2016-10-19,870.5418372589938
2016-10-20,874.8136044816451
2016-10-21,879.1794453007227
2016-10-24,879.8176197509191
2016-10-25,879.9613365900744
2016-10-26,868.574056712139
2016-10-27,871.1142479028488
2016-10-28,870.2893478052276
2016-10-31,860.7612565983347
2016-11-01,855.4395907980881
2016-11-02,839.0557910472043
2016-11-03,836.3268694411568
2016-11-04,834.2019722598591
2016-11-07,839.015950908586
2016-11-08,844.8349902756571
2016-11-09,848.3769140448329
2016-11-10,847.1599682465742
2016-11-11,849.0552516470958
2016-11-14,837.0113157361874
2016-11-15,833.9833389262353
2016-11-16,851.7012088161902
2016-11-17,856.4648784227198
2016-11-18,864.5237233234773
2016-11-21,855.782058833249
2016-11-22,855.9268484018139
2016-11-23,867.3641070068368
2016-11-24,861.7516187836695
2016-11-25,858.3744763760106
2016-11-28,856.1861365003081
2016-11-29,850.6586033354714
2016-11-30,865.2448727845438
2016-12-01,869.9586003186223
2016-12-02,865.931171983801
2016-12-05,864.0660765933388
2016-12-06,872.3356638023849
2016-12-07,877.1840224580459
2016-12-08,902.0436141682183
2016-12-09,908.4098513973184
2016-12-12,923.6080775226693
2016-12-13,921.6129965085536
2016-12-14,913.112295484383
2016-12-15,922.1306453114684
2016-12-16,922.6963672027266
2016-12-19,922.7434603876536
2016-12-20,933.0100446763408
2016-12-21,926.7542347708915
2016-12-22,921.7718026740099
2016-12-23,921.3296672311316
2016-12-26,920.3072573850251
2016-12-27,920.6555058550977
2016-12-28,924.709317033574
2016-12-29,926.5660152042545
2016-12-30,921.4580795568327
2017-01-02,921.3395264964491
2017-01-03,954.0193924348993
2017-01-04,948.6021721352463
2017-01-05,939.8425630864816
2017-01-06,941.8977534731484
2017-01-09,950.772053219127
2017-01-10,948.5667069429431
2017-01-11,960.3025295635335
2017-01-12,944.5527387482323
2017-01-13,947.0680908803199
2017-01-16,946.966800225672
2017-01-17,946.5194155132133
2017-01-18,947.5533162326279
2017-01-19,957.3941088890167
2017-01-20,951.4532810130431
2017-01-23,945.1502644177784
2017-01-24,949.5370596603298
2017-01-25,942.3205635203735
2017-01-26,950.5555010820293
2017-01-27,947.3149428238089
2017-01-30,932.6713582167033
2017-01-31,910.8607250652296
2017-02-01,915.0883388178792
2017-02-02,903.2321728151261
2017-02-03,904.6862839915302
2017-02-06,919.8963000043095
2017-02-07,925.1313248128106
2017-02-08,929.2700712506463
2017-02-09,929.5181982322837
2017-02-10,933.0345861413335
2017-02-13,935.4103057874551
2017-02-14,939.9300494348095
2017-02-15,942.0144253879313
2017-02-16,941.4073227426054
2017-02-17,945.0959276799352
2017-02-20,942.710813237022
2017-02-21,953.7227825442917
2017-02-22,961.9425260061104
2017-02-23,957.0845472658115
2017-02-24,959.232731866578
2017-02-27,952.2132894874071
2017-02-28,933.831966390835
2017-03-01,945.9236534444187
2017-03-02,950.0292604033838
2017-03-03,946.7345345651345
2017-03-06,942.1609934825427
2017-03-07,930.9375876436992
2017-03-08,931.2389698940647
2017-03-09,931.9940917310489
2017-03-10,925.4030431795961
2017-03-13,915.6673508506036
2017-03-14,915.7157555865948
2017-03-15,913.105424011939
2017-03-16,915.9206703908884
2017-03-17,915.4998521906203
2017-03-20,915.7632601642949
2017-03-21,918.8201034030737
2017-03-22,913.0204849920141
2017-03-23,917.569519875104
2017-03-24,916.005819161388
2017-03-27,905.7512403314906
2017-03-28,908.9035900248715
2017-03-29,914.9224840191565
2017-03-30,917.6963588770242
2017-03-31,921.069220698653
2017-04-03,927.5103825164159
2017-04-04,934.7225357732732
2017-04-05,943.6389122522195
2017-04-06,941.2027531108197
2017-04-07,944.9259133719585
2017-04-10,945.6323113422123
2017-04-11,939.308860648941
2017-04-12,945.064449624333
2017-04-13,938.126363586723
2017-04-14,938.1263635867231
2017-04-17,927.2081655502328
2017-04-18,928.4154651474471
2017-04-19,929.1395743777315
2017-04-20,919.8972913327027
2017-04-21,926.6556725452384
2017-04-24,904.1614211238481
2017-04-25,901.2049024491482
2017-04-26,909.6894200499568
2017-04-27,900.911532396143
2017-04-28,899.023240639665
2017-05-01,901.5922272500214
2017-05-02,899.6537720259099
2017-05-03,897.587063925542
2017-05-04,895.3029361420342
2017-05-05,891.9213596369246
2017-05-08,890.5954558447638
2017-05-09,896.4681012347174
2017-05-10,905.7414550856665
2017-05-11,914.3107702202159
2017-05-12,909.7242501897501
2017-05-15,898.3332694519321
2017-05-16,889.9262236731076
2017-05-17,888.7194537731843
2017-05-18,886.1748915798253
2017-05-19,880.7472823014809
2017-05-22,877.2985466813157
2017-05-23,877.3101607328593
2017-05-24,878.4494033418
2017-05-25,876.3360218612786
2017-05-26,878.6310857538858
2017-05-29,881.9146749544113
2017-05-30,878.1421799960738
2017-05-31,858.662377950045
2017-06-01,866.740418820635
2017-06-02,862.8973771813615
2017-06-05,834.3580563363025
2017-06-06,825.5530794094268
2017-06-07,830.2861976027604
2017-06-08,845.7693964946816
2017-06-09,847.7656250883222
2017-06-12,843.8247533093744
2017-06-13,843.3951513790344
2017-06-14,842.6774578913535
2017-06-15,852.5380251987795
2017-06-16,848.2724295203986
2017-06-19,843.2187953073031
2017-06-20,839.5553996299808
2017-06-21,828.0555364667077
2017-06-22,834.355806791704
2017-06-23,829.635825301781
2017-06-26,829.4823121214578
2017-06-27,823.2667770374447
2017-06-28,820.7928426769607
2017-06-29,817.0651511374558
2017-06-30,818.5642721657551
2017-07-03,823.1757418132543
2017-07-04,821.0028958204383
2017-07-05,824.6011424306818
2017-07-06,816.1277279690252
2017-07-07,817.1718920196964
2017-07-10,821.1319040991774
2017-07-11,822.8283001721015
2017-07-12,837.9233594072497
2017-07-13,857.2549463637729
2017-07-14,853.8575796359145
2017-07-17,859.4629055139785
2017-07-18,847.6164082151597
2017-07-19,860.9539850701641
2017-07-20,849.485482481105
2017-07-21,847.7259046262153
2017-07-24,851.8526317527998
2017-07-25,851.3822188495052
2017-07-26,853.2976411803353
2017-07-27,852.6941606864435
2017-07-28,846.8701006334749
2017-07-31,838.6746488811194
2017-08-01,832.8157001442926
2017-08-02,837.0770562929239
2017-08-03,837.6969888512948
2017-08-04,846.8240449567604
2017-08-07,840.7814617713668
2017-08-08,845.937922969901
2017-08-09,839.7239365719838
2017-08-10,836.8619454461476
2017-08-11,833.8811370919316
2017-08-14,822.7543544041008
2017-08-15,823.7885236023316
2017-08-16,821.8512221110057
2017-08-17,822.9991882087489
2017-08-18,822.3069095635262
2017-08-21,813.4192946933181
2017-08-22,817.387955785935
2017-08-23,815.8826529052279
2017-08-24,812.1863928630038
2017-08-25,807.6887562596155
2017-08-28,804.4600916767406
2017-08-29,795.0154259156967
2017-08-30,801.5591852867067
2017-08-31,803.3961114026595
2017-09-01,803.9969345698412
2017-09-04,802.792486101628
2017-09-05,801.3490575918382
2017-09-06,794.9152081066468
2017-09-07,789.4577411258286
2017-09-08,788.5749607820956
2017-09-11,784.5240968748985
2017-09-12,786.3195197620842
2017-09-13,786.3756402500552
2017-09-14,793.629054416604
2017-09-15,787.4666444104114
2017-09-18,782.4813378157831
2017-09-19,782.0084496612523
2017-09-20,781.6216239116596
2017-09-21,786.5609387431165
2017-09-22,783.4817055587133
2017-09-25,786.2577452107777
2017-09-26,797.637083509721
2017-09-27,796.1622879146826
2017-09-28,783.616022146742
2017-09-29,781.2387751335465
2017-10-02,788.3216754263636
2017-10-03,787.1710227420632
2017-10-04,782.3104826871858
2017-10-05,782.9572544158332
2017-10-06,781.7399554221232
2017-10-09,785.263901842374
2017-10-10,782.5464113759863
2017-10-11,788.3436152341607
2017-10-12,790.5490603552795
2017-10-13,791.14955077424
2017-10-16,793.7577709176663
2017-10-17,789.6771514893576
2017-10-18,783.1690977529784
2017-10-19,781.8848442279834
2017-10-20,786.3069842598023
2017-10-23,784.1220163228539
2017-10-24,783.9563054582169
2017-10-25,783.6217921643168
2017-10-26,785.9910334580184
2017-10-27,794.2075887902507
2017-10-30,794.4134548437713
2017-10-31,790.907580137488
2017-11-01,794.229199683995
2017-11-02,788.8458043622838
2017-11-03,792.6320108172669
2017-11-06,780.5805265928279
2017-11-07,772.8035060695889
2017-11-08,761.1285092117193
2017-11-09,763.2101002211973
2017-11-10,760.7664260059507
2017-11-13,760.5036709711848
2017-11-14,754.666473425489
2017-11-15,744.0083163892026
2017-11-16,745.2047038703207
2017-11-17,744.59875071867
2017-11-20,738.0237759491152
2017-11-21,740.7553038928452
2017-11-22,738.881356951795
2017-11-23,732.9591066371312
2017-11-24,727.1715185195683
2017-11-27,729.9899653956609
2017-11-28,730.167331223322
2017-11-29,730.8231367311538
2017-11-30,723.8397460862994
2017-12-01,727.30654860097
2017-12-04,743.3604625635647
2017-12-05,741.616933804595
2017-12-06,740.9988408774655
2017-12-07,738.419447488085
2017-12-08,740.8386406743414
2017-12-11,751.3529351897342
2017-12-12,766.2419016728995
2017-12-13,766.2753253580848
2017-12-14,761.5088384554263
2017-12-15,762.1560772794928
2017-12-18,763.7788263548609
2017-12-19,777.5782816259955
2017-12-20,772.2813065712214
2017-12-21,774.6024886767775
2017-12-22,776.2639925550181
2017-12-25,771.6051773462915
2017-12-26,763.9078873234638
2017-12-27,766.4073956705504
2017-12-28,769.766470030572
2017-12-29,765.1831091480612
2018-01-01,763.6692711921264
2018-01-02,770.1033739849735
2018-01-03,776.4099175152327
2018-01-04,777.0047281152633
2018-01-05,779.5327042573152
2018-01-08,803.0679951042262
2018-01-09,809.4155905853002
2018-01-10,807.1201305880318
2018-01-11,805.2760416179475
2018-01-12,798.602887383873
2018-01-15,783.888662809767
2018-01-16,796.5010325456464
2018-01-17,795.9808999210067
2018-01-18,796.913690927655
2018-01-19,797.8967146644644
2018-01-22,794.1012528027186
2018-01-23,794.5113794287566
2018-01-24,790.8840402467953
2018-01-25,787.2772525600836
2018-01-26,791.6880582152611
2018-01-29,794.9641716042697
2018-01-30,784.8888770558642
2018-01-31,770.6128752080274
2018-02-01,771.8221466061129
2018-02-02,773.9011079240596
2018-02-05,754.5516440677723
2018-02-06,742.1214989081775
2018-02-07,761.4052927013951
2018-02-08,760.1223355313753
2018-02-09,760.7858339180517
2018-02-12,762.5142703715887
2018-02-13,759.4993682742152
2018-02-14,757.6175401247301
2018-02-15,749.5148121707248
2018-02-16,751.381298829944
2018-02-19,757.7150646919972
2018-02-20,759.4115229938307
2018-02-21,762.8257004114516
2018-02-22,763.7859371599513
2018-02-23,765.1735429286159
2018-02-26,759.4281251043723
2018-02-27,759.1116116518675
2018-02-28,750.0106433613661
2018-03-01,752.5230682495448
2018-03-02,744.4540990761608
2018-03-05,737.6596372076438
2018-03-06,733.7441364502879
2018-03-07,727.8225748249853
2018-03-08,729.4077829949513
2018-03-09,729.9455643244115
2018-03-12,748.2223474202178
2018-03-13,750.1180528513473
2018-03-14,746.7170009473225
2018-03-15,754.7917665138086
2018-03-16,757.271198436059
2018-03-19,759.436178548392
2018-03-20,768.6168085562422
2018-03-21,766.22991440685
2018-03-22,764.703810181449
2018-03-23,761.497915201796
2018-03-26,751.3840719487519
2018-03-27,749.627822554042
2018-03-28,743.0133438512613
2018-03-29,752.1887069413436
2018-03-30,752.1887069413436
2018-04-02,757.008030740787
2018-04-03,757.7911100424344
2018-04-04,753.602821447238
2018-04-05,768.1021264215093
2018-04-06,766.0447433382182
2018-04-09,768.0005365750397
2018-04-10,771.0114196655156
2018-04-11,772.847595694901
2018-04-12,769.4375019621806
2018-04-13,768.8297332969021
2018-04-16,769.944732975736
2018-04-17,772.3104775591205
2018-04-18,772.6431026218929
2018-04-19,782.021238860348
2018-04-20,787.4886933758597
2018-04-23,786.0146565877632
2018-04-24,778.5687676891961
2018-04-25,778.8892093230737
2018-04-26,786.5638608193203
2018-04-27,787.311328852161
2018-04-30,791.4897089813692
2018-05-01,793.4629765827924
2018-05-02,790.702249863036
2018-05-03,775.5208049804464
2018-05-04,776.9508756153378
2018-05-07,782.4309695963802
2018-05-08,777.2850116263136
2018-05-09,769.3752517655507
2018-05-10,761.8858963636025
2018-05-11,757.7715594316322
2018-05-14,770.0787463932261
2018-05-15,779.774247934522
2018-05-16,785.736283197419
2018-05-17,776.6792492148129
2018-05-18,778.1309861292332
2018-05-21,787.2052528465263
2018-05-22,792.0657864090145
2018-05-23,797.5888560659163
2018-05-24,799.5468347619903
2018-05-25,804.3148218069911
2018-05-28,807.9677319270039
2018-05-29,813.0461106464048
2018-05-30,797.2045849070336
2018-05-31,795.4877180013558
2018-06-01,796.1697789788071
2018-06-04,813.477649543072
2018-06-05,825.6231015527022
2018-06-06,820.4583717923718
2018-06-07,815.255478067518
2018-06-08,819.3435346038076
2018-06-11,818.3815122403134
2018-06-12,815.8132619286175
2018-06-13,807.9047480783875
2018-06-14,818.1437911053231
2018-06-15,820.4678631640712
2018-06-18,810.0118060149192
2018-06-19,809.465132647336
2018-06-20,792.7656555230118
2018-06-21,792.1908352672026
2018-06-22,790.0806861098489
2018-06-25,784.8784558570052
2018-06-26,781.5971166318739
2018-06-27,785.193465581301
2018-06-28,791.8697597797076
2018-06-29,785.2569978784169
2018-07-02,797.500096203267
2018-07-03,795.8359531142659
2018-07-04,800.6957871370092
2018-07-05,798.6649441639698
2018-07-06,794.9712125718439
2018-07-09,796.8196694648535
2018-07-10,810.3526861002276
2018-07-11,809.5244740703704
2018-07-12,806.754613589567
2018-07-13,807.9300863498861
2018-07-16,817.5705395781645
2018-07-17,818.133021391963
2018-07-18,819.8773235943672
2018-07-19,821.040666462737
2018-07-20,814.3783676530883
2018-07-23,817.858767708385
2018-07-24,825.5702632984821
2018-07-25,829.025896328124
2018-07-26,831.4568260038058
2018-07-27,831.9563066115747
2018-07-30,832.5243719360342
2018-07-31,847.8141156669227
2018-08-01,860.6151507932318
2018-08-02,865.4442844452117
2018-08-03,867.0914419361482
2018-08-06,866.5730276544354
2018-08-07,864.5149033556493
2018-08-08,865.0171855623797
2018-08-09,860.968917041434
2018-08-10,871.4418723935378
2018-08-13,843.4432038809452
2018-08-14,852.2893413929067
2018-08-15,855.035278247497
2018-08-16,842.6255415224202
2018-08-17,841.3330577835612
2018-08-20,837.3497465403981
2018-08-21,831.0618089524354
2018-08-22,825.3654332304264
2018-08-23,827.041121151024
2018-08-24,823.3068997912795
2018-08-27,841.7059302352664
2018-08-28,843.1564402568981
2018-08-29,845.5681910296945
2018-08-30,855.1422721429539
2018-08-31,856.8999423525022
2018-09-03,849.9856435395473
2018-09-04,861.7879538959451
2018-09-05,853.3746718187489
2018-09-06,851.7922661039007
2018-09-07,855.3219444198664
2018-09-10,858.5299218468555
2018-09-11,861.2001248400961
2018-09-12,856.3847668341367
2018-09-13,854.7214695538003
2018-09-14,855.3289240337623
2018-09-17,836.3085412910665
2018-09-18,836.5491942899813
2018-09-19,838.9217160942269
2018-09-20,832.0844806641683
2018-09-21,831.4435357941293
2018-09-24,827.4639233071719
2018-09-25,829.1079438401902
2018-09-26,832.1489610228266
2018-09-27,845.8185747494491
2018-09-28,850.3334909469924
2018-10-01,853.6904193777302
2018-10-02,857.5563766775755
2018-10-03,861.7109911004816
2018-10-04,863.3020823483273
2018-10-05,864.0401593140055
2018-10-08,858.0842648066006
2018-10-09,859.346125585889
2018-10-10,864.2616301455164
2018-10-11,853.5894037463066
2018-10-12,853.4786582456692
2018-10-15,843.091170175264
2018-10-16,854.6935132148706
2018-10-17,868.2264249689351
2018-10-18,875.3925165980248
2018-10-19,874.9312976736758
2018-10-22,880.797857851066
2018-10-23,885.0724366063488
2018-10-24,883.0267324364268
2018-10-25,884.5820293281155
2018-10-26,885.2821953950391
2018-10-29,885.8673462983197
2018-10-30,882.8642633840021
2018-10-31,905.5193623686549
2018-11-01,898.8210443909798
2018-11-02,900.2824135803486
2018-11-05,912.7201323017339
2018-11-06,903.3057623745098
2018-11-07,890.4306727673858
2018-11-08,903.5060826767776
2018-11-09,909.3153876519314
2018-11-12,910.4194675521752
2018-11-13,902.7852153899206
2018-11-14,896.31561660658
2018-11-15,905.711725141584
2018-11-16,899.7104758328655
2018-11-19,908.1596309003983
2018-11-20,895.4934720815202
2018-11-21,900.0052205032837
2018-11-22,903.2298469021414
2018-11-23,908.2078600066164
2018-11-26,906.1455095580257
2018-11-27,909.1629428677363
2018-11-28,906.2138410394276
2018-11-29,891.6848749984873
2018-11-30,896.7166697929149
2018-12-03,897.2045297218095
2018-12-04,910.8244438829506
2018-12-05,900.42103769299
2018-12-06,897.9504184991063
2018-12-07,897.2712893402971
2018-12-10,888.0602430262435
2018-12-11,892.4128758963589
2018-12-12,892.2197907627713
2018-12-13,899.205031444076
2018-12-14,903.1846952256385
2018-12-17,899.9997753615467
2018-12-18,893.9707350630902
2018-12-19,893.4380983596245
2018-12-20,885.3614256573908
2018-12-21,885.5733023944591
2018-12-24,881.8485193938188
2018-12-25,870.9880688480572
2018-12-26,872.4759821909114
2018-12-27,879.6664032049118
2018-12-28,877.1684996305165
2018-12-31,881.705193847226
2019-01-01,881.7051938472259
2019-01-02,881.5501429048871
2019-01-03,885.1335295435201
2019-01-04,883.7396043556729
2019-01-07,891.169217701636
2019-01-08,890.5169443932109
2019-01-09,889.62477671212
2019-01-10,894.6852629398105
2019-01-11,898.1523396012767
2019-01-14,898.8561549878244
2019-01-15,902.721248940431
2019-01-16,905.1969855295405
2019-01-17,908.425069091349
2019-01-18,909.4640455483224
2019-01-21,905.9428733948976
2019-01-22,906.4319549769749
2019-01-23,904.5817079637142
2019-01-24,912.6054918684474
2019-01-25,909.0276298176178
2019-01-28,909.792971384955
2019-01-29,911.5780663456692
2019-01-30,909.1262170837042
2019-01-31,910.9993402915694
2019-02-01,911.5393330977946
2019-02-04,915.3073978775531
2019-02-05,915.7910041520348
2019-02-06,916.6465020823562
2019-02-07,905.8439458433966
2019-02-08,908.0783169927055
2019-02-11,895.3743754387176
2019-02-12,891.411887528433
2019-02-13,884.1760189216425
2019-02-14,876.9195879202603
2019-02-15,877.7798705455599
2019-02-18,875.7959045795953
2019-02-19,871.5779776233967
2019-02-20,883.5334500921496
2019-02-21,894.7781431008575
2019-02-22,895.3577238244222
2019-02-25,898.1975676454659
2019-02-26,910.1707389058014
2019-02-27,905.4713670421634
2019-02-28,898.9158935149344
2019-03-01,898.8311190078268
2019-03-04,902.8828221964967
2019-03-05,893.1529270006524
2019-03-06,889.4570617118939
2019-03-07,885.2098488269829
2019-03-08,885.0084603546435
2019-03-11,880.7152701393629
2019-03-12,876.4538247957078
2019-03-13,871.1317486593395
2019-03-14,889.0876667464107
2019-03-15,887.3999230738832
2019-03-18,897.576243719553
2019-03-19,891.1741027694214
2019-03-20,895.7075192881399
2019-03-21,897.1733609749574
2019-03-22,903.3358120496326
2019-03-25,900.077051572077
2019-03-26,900.2723031026405
2019-03-27,907.2502472884897
2019-03-28,912.799768224862
2019-03-29,913.3331443937834
2019-04-01,912.9497531924792
2019-04-02,916.9453036989875
2019-04-03,910.6276970936198
2019-04-04,911.1934816071113
2019-04-05,910.6657477008073
2019-04-08,921.3688767409548
2019-04-09,920.6034290535796
2019-04-10,922.6582987830542
2019-04-11,919.9291493916786
2019-04-12,916.6053790381129
2019-04-15,921.2796378366564
2019-04-16,923.8496810511398
2019-04-17,928.2832206922089
2019-04-18,939.3368166358105
2019-04-19,939.3368166358105
2019-04-22,949.5798909447951
2019-04-23,957.789178416126
2019-04-24,965.2474373266032
2019-04-25,971.5624294577098
2019-04-26,969.9141280915896
2019-04-29,963.0281614326672
2019-04-30,956.4351097421835
2019-05-01,952.378583923324
2019-05-02,960.1916554198083
2019-05-03,959.7685497313475
2019-05-06,938.0920793337842
2019-05-07,932.2198306239072
2019-05-08,923.2735649636415
2019-05-09,903.6744413415386
2019-05-10,902.574285417334
2019-05-13,868.4035701886909
2019-05-14,872.2095416647892
2019-05-15,871.091557295542
2019-05-16,869.351044323408
2019-05-17,870.9090049122259
2019-05-20,861.9653488130913
2019-05-21,857.3832627841463
2019-05-22,862.8354591975244
2019-05-23,863.1603193757819
2019-05-24,859.0665555373021
2019-05-27,863.0281982769051
2019-05-28,872.9029969109895
2019-05-29,872.1007724840396
2019-05-30,893.3255070239084
2019-05-31,891.9630012452352
2019-06-03,887.4150303769907
2019-06-04,884.918715219077
2019-06-05,882.6400220259181
2019-06-06,881.0414610003237
2019-06-07,876.7363806277642
2019-06-10,903.0964207607261
2019-06-11,911.752198416523
2019-06-12,917.2037024613572
2019-06-13,905.3493663709288
2019-06-14,909.1830274512351
2019-06-17,906.7701345468616
2019-06-18,912.2434330688603
2019-06-19,910.8019270985286
2019-06-20,911.7263953963196
2019-06-21,909.3273727430405
2019-06-24,881.6501714007958
2019-06-25,881.6171190165709
2019-06-26,881.4678593579072
2019-06-27,888.4280659604584
2019-06-28,886.9227927570995
2019-07-01,898.0026158709064
2019-07-02,900.2837234857319
2019-07-03,902.5167767933764
2019-07-04,901.4143921091759
2019-07-05,906.2015811183111
2019-07-08,901.5891773864336
2019-07-09,905.7199886937558
2019-07-10,908.3802639421397
2019-07-11,913.1071624237541
2019-07-12,913.1972314514007
2019-07-15,916.6448216155903
2019-07-16,922.4036049587847
2019-07-17,923.1403539566434
2019-07-18,924.7267558125536
2019-07-19,924.4383452221645
2019-07-22,921.2207725302719
2019-07-23,924.1076277184895
2019-07-24,926.8473821271499
2019-07-25,932.3366448636978
2019-07-26,934.9244630020178
2019-07-29,928.5974702653116
2019-07-30,928.3992142448982
2019-07-31,925.3838020912825
2019-08-01,923.6380368090665
2019-08-02,920.0223569261234
2019-08-05,880.4023002710449
2019-08-06,874.564005258798
2019-08-07,880.8342601123309
2019-08-08,883.293610352006
2019-08-09,883.2281623274617
2019-08-12,881.8633730442092
2019-08-13,884.3068629051647
2019-08-14,879.6885969721982
2019-08-15,881.1162120300087
2019-08-16,881.4204404296927
2019-08-19,886.9504545874757
2019-08-20,894.0360488797517
2019-08-21,889.5557478576666
2019-08-22,887.9294459103909
2019-08-23,885.7125653654319
2019-08-26,867.8945181117349
2019-08-27,884.6640066986109
2019-08-28,877.197955993618
2019-08-29,873.8911976542167
2019-08-30,878.12032676884
2019-09-02,880.7898999232735
2019-09-03,876.2080426479317
2019-09-04,881.6831954690421
2019-09-05,877.5822328772086
2019-09-06,877.3645877550393
2019-09-09,875.4747460062249
2019-09-10,872.7676047813785
2019-09-11,870.2968356818997
2019-09-12,864.5450909246938
2019-09-13,860.4736332110671
2019-09-16,870.6220604260344
2019-09-17,861.9308775193891
2019-09-18,864.5434223186649
2019-09-19,873.4667731279678
2019-09-20,877.0797049540337
2019-09-23,874.2589769855921
2019-09-24,880.2200914833177
2019-09-25,883.3217323791299
2019-09-26,882.5906051858718
2019-09-27,882.1212329550636
2019-09-30,886.6528230623979
2019-10-01,883.0717266577992
2019-10-02,872.9264242441232
2019-10-03,864.194302239829
2019-10-04,864.6020554698407
2019-10-07,860.5854520023217
2019-10-08,861.5181926313338
2019-10-09,849.5270341031122
2019-10-10,846.7373267599745
2019-10-11,845.0110137976603
2019-10-14,842.8106425070032
2019-10-15,834.7716643687311
2019-10-16,836.6228616937863
2019-10-17,840.0297189607908
2019-10-18,838.2575839102429
2019-10-21,845.1501698815348
2019-10-22,854.6026822158906
2019-10-23,856.5910489585672
2019-10-24,860.2544697586286
2019-10-25,861.3015741984216
2019-10-28,848.1178201039355
2019-10-29,838.5120524567808
2019-10-30,848.284161856896
2019-10-31,839.6602227438458
2019-11-01,838.6924944166353
2019-11-04,834.077569345416
2019-11-05,853.7818325502996
2019-11-06,850.6574966523207
2019-11-07,856.2703390795361
2019-11-08,858.0690643765014
2019-11-11,863.7382904442537
2019-11-12,868.0418580559331
2019-11-13,864.4323260622591
2019-11-14,868.5172670481919
2019-11-15,864.5487435243111
2019-11-18,862.8733366886605
2019-11-19,868.8002796862199
2019-11-20,870.6708809346561
2019-11-21,867.2845067879917
2019-11-22,870.6482862595847
2019-11-25,871.2694049253703
2019-11-26,856.9863279273815
2019-11-27,856.0153877585899
2019-11-28,854.6362572213113
2019-11-29,853.1665554790535
2019-12-02,847.6832265871974
2019-12-03,850.7897347950901
2019-12-04,851.8454503943287
2019-12-05,855.0741181007527
2019-12-06,858.4405516365822
2019-12-09,869.2519972399366
2019-12-10,864.7706441113233
2019-12-11,869.8322283264324
2019-12-12,856.6689592955456
2019-12-13,855.1727349663174
2019-12-16,862.4958708336111
2019-12-17,869.7602187165471
2019-12-18,878.0320038903604
2019-12-19,882.7072705284443
2019-12-20,885.2304460409786
2019-12-23,898.7879727466131
2019-12-24,895.9675428868964
2019-12-25,890.4803773236839
2019-12-26,888.442235729745
2019-12-27,883.3088016883073
2019-12-30,879.840490688916
2019-12-31,879.7046833432664
2020-01-01,877.4780620487022
2020-01-02,883.2889776596157
2020-01-03,886.0485456871135
2020-01-06,866.2956594743189
2020-01-07,871.0856654961522
2020-01-08,866.2774458883066
2020-01-09,886.1393240971023
2020-01-10,885.2326552380217
2020-01-13,892.639826354487
2020-01-14,898.6872406729384
2020-01-15,893.6621772844562
2020-01-16,897.1473604990788
2020-01-17,900.9073742226668
2020-01-20,902.5480715788361
2020-01-21,898.2934843951244
2020-01-22,899.1020969555101
2020-01-23,896.4275475075594
2020-01-24,898.0645996812165
2020-01-27,877.9188734817798
2020-01-28,876.4236374868043
2020-01-29,877.8017740247817
2020-01-30,879.6408884434451
2020-01-31,875.8862201149499
2020-02-03,863.4422591741943
2020-02-04,867.9839593154063
2020-02-05,868.4279376269736
2020-02-06,865.6844141638147
2020-02-07,866.750974410376
2020-02-10,863.0512352914544
2020-02-11,856.6802251020233
2020-02-12,857.1636384328629
2020-02-13,855.5313243082485
2020-02-14,855.7679748981634
2020-02-17,854.716236686315
2020-02-18,856.5411259736701
2020-02-19,868.8117062401694
2020-02-20,870.1065747241826
2020-02-21,866.2035005050708
2020-02-24,841.8939110535142
2020-02-25,840.5527761753241
2020-02-26,830.9261995209991
2020-02-27,816.2472971428175
2020-02-28,816.5016310056716
2020-03-02,776.6056694551597
2020-03-03,789.75820204476
2020-03-04,789.6722146852542
2020-03-05,784.4266782176127
2020-03-06,775.9937394780042
2020-03-09,654.6949509273827
2020-03-10,699.9943922590743
2020-03-11,692.3333432651642
2020-03-12,675.86860054753
2020-03-13,676.6318454212173
2020-03-16,641.21593848813
2020-03-17,657.9077980911431
2020-03-18,676.6968627022381
2020-03-19,701.5866645126107
2020-03-20,702.3498016273649
2020-03-23,665.4690189400585
2020-03-24,682.2922836417861
2020-03-25,695.3039971294636
2020-03-26,687.2755811755303
2020-03-27,685.0496744664827
2020-03-30,684.7510595989779
2020-03-31,694.909409132135
2020-04-01,704.1327725461776
2020-04-02,729.6659260272962
2020-04-03,734.0688352772205
2020-04-06,746.8301924931051
2020-04-07,761.5343233019988
2020-04-08,763.8806834641546
2020-04-09,763.3241473521202
2020-04-10,763.3241473521202
2020-04-13,747.8705349517415
2020-04-14,752.171431007263
2020-04-15,748.8292047102594
2020-04-16,730.4157377120305
2020-04-17,727.8874955830684
2020-04-20,722.1105838618679
2020-04-21,710.2578935698293
2020-04-22,723.6769950922074
2020-04-23,729.9790300726693
2020-04-24,731.0242027262432
2020-04-27,749.0493227172702
2020-04-28,755.3648686482784
2020-04-29,762.7087963779917
2020-04-30,767.6185986284373
2020-05-01,763.6827782693123
2020-05-04,726.4776039280139
2020-05-05,743.397798445492
2020-05-06,739.0210172285099
2020-05-07,740.2869734526025
2020-05-08,733.8186117622831
2020-05-11,737.3983352930169
2020-05-12,741.6399554791211
2020-05-13,743.3364629745438
2020-05-14,745.2794688693529
2020-05-15,745.0593235640869
2020-05-18,757.3747573400966
2020-05-19,762.3027965933558
2020-05-20,762.5620148120775
2020-05-21,767.9210564056491
2020-05-22,771.5628600240391
2020-05-25,771.2200229636812
2020-05-26,764.8244653512505
2020-05-27,767.05247733584
2020-05-28,760.9983366904167
2020-05-29,755.9631371060949
2020-06-01,777.666989757142
2020-06-02,778.2006036518958
2020-06-03,774.0283318084764
2020-06-04,766.9616819591167
2020-06-05,769.0293295747754
2020-06-08,779.7100973398213
2020-06-09,775.1825855765876
2020-06-10,773.1913953283888
2020-06-11,769.6320495924562
2020-06-12,778.6335683249788
2020-06-15,769.5589702912163
2020-06-16,776.7524620719001
2020-06-17,781.1805529274374
2020-06-18,785.6156885967793
2020-06-19,788.1446075210413
2020-06-22,776.5450320977653
2020-06-23,771.2422097276601
2020-06-24,770.6434979757004
2020-06-25,774.2419757491335
2020-06-26,775.0435766802722
2020-06-29,772.9711471425823
2020-06-30,767.4600502758599
2020-07-01,768.7399362917306
2020-07-02,778.2712022702135
2020-07-03,777.3564839202371
2020-07-06,776.4081966875556
2020-07-07,779.6362761433505
2020-07-08,774.2141383013064
2020-07-09,780.1250783208317
2020-07-10,778.4362119612884
2020-07-13,773.7155570554942
2020-07-14,768.9034013289951
2020-07-15,769.9385468953813
2020-07-16,768.0714087546917
2020-07-17,768.7102354385623
2020-07-20,764.0975114263692
2020-07-21,764.1529326149713
2020-07-22,757.8648784868683
2020-07-23,756.6406916462927
2020-07-24,754.7866383187722
2020-07-27,748.0702071422703
2020-07-28,751.9933915714388
2020-07-29,748.2837240428918
2020-07-30,747.1330833478397
2020-07-31,745.2060170440674
2020-08-03,750.9654327778419
2020-08-04,750.220223206882
2020-08-05,741.5394853207029
2020-08-06,749.1054415653805
2020-08-07,752.6217628491779
2020-08-10,755.0134863569425
2020-08-11,762.0305986681681
2020-08-12,762.1334704813698
2020-08-13,765.0747789054591
2020-08-14,765.6178114359076
2020-08-17,770.8769052022494
2020-08-18,775.3121689315537
2020-08-19,778.6505726602854
2020-08-20,781.9249492601477
2020-08-21,786.0886182842538
2020-08-24,792.2737429933927
2020-08-25,790.548564468798
2020-08-26,791.1313971560413
2020-08-27,790.3521375377766
2020-08-28,783.1848510138555
2020-08-31,774.9973818262758
2020-09-01,771.6708541605726
2020-09-02,786.7174030316368
2020-09-03,789.758767288593
2020-09-04,792.4644782544616
2020-09-07,785.9365795419739
2020-09-08,790.9114090053154
2020-09-09,787.7509959969616
2020-09-10,788.1586394795019
2020-09-11,790.7406243120588
2020-09-14,795.6190254222366
2020-09-15,802.4056650660048
2020-09-16,805.1299745349755
2020-09-17,808.3339244813376
2020-09-18,804.7557178173183
2020-09-21,803.9941968770917
2020-09-22,804.3867573429413
2020-09-23,805.4851164012458
2020-09-24,804.7871207232598
2020-09-25,806.2580039563941
2020-09-28,812.2278698671794
2020-09-29,802.9989091374939
2020-09-30,806.0379298043011
2020-10-01,805.6236185845197
2020-10-02,807.0391262293306
2020-10-05,798.4874525976978
2020-10-06,806.9962710555815
2020-10-07,807.2747534152606
2020-10-08,815.7888089275808
2020-10-09,811.2605429290184
2020-10-12,822.7398185826127
2020-10-13,832.3460307647807
2020-10-14,829.9650309881741
2020-10-15,829.3592247809655
2020-10-16,827.9085537819886
2020-10-19,822.3509810511582
2020-10-20,816.5323274890582
2020-10-21,809.9587791229171
2020-10-22,816.4651757387124
2020-10-23,815.9133003294852
2020-10-26,795.8734134080038
2020-10-27,800.6875500796278
2020-10-28,800.7571695851542
2020-10-29,790.908714230469
2020-10-30,791.561974410047
2020-11-02,797.0537823228669
2020-11-03,789.5783489553297
2020-11-04,797.7913053880471
2020-11-05,794.6752336432005
2020-11-06,791.4489049337427
2020-11-09,816.938379634552
2020-11-10,821.9278290883744
2020-11-11,830.7825761470291
2020-11-12,827.631724328591
2020-11-13,826.9738722102904
2020-11-16,833.0187888954375
2020-11-17,832.546860429041
2020-11-18,836.5136475295955
2020-11-19,831.2614367948132
2020-11-20,830.2541068712126
2020-11-23,839.7720291862607
2020-11-24,835.2201393571503
2020-11-25,839.3888589342931
2020-11-26,838.9135345355351
2020-11-27,835.6487331499297
2020-11-30,836.6728607982101
2020-12-01,831.7723712283407
2020-12-02,827.4629497977234
2020-12-03,824.4279787610394
2020-12-04,825.7303585330501
2020-12-07,829.0750976414163
2020-12-08,828.7763350179315
2020-12-09,833.4858874054381
2020-12-10,828.5884395704177
2020-12-11,830.1107329555414
2020-12-14,830.5400296231518
2020-12-15,827.9398454084268
2020-12-16,829.4965354043204
2020-12-17,826.239940443833
2020-12-18,826.8547735541985
2020-12-21,818.9918131070439
2020-12-22,828.4132983507774
2020-12-23,829.7422192798779
2020-12-24,829.6198320738356
2020-12-25,829.6198320738355
2020-12-28,827.3526863915164
2020-12-29,827.4314628520038
2020-12-30,825.1634376557973
2020-12-31,822.2516147398535
2021-01-01,822.2516147398535
2021-01-04,822.4987726938925
2021-01-05,828.1801624166638
2021-01-06,826.1724937503981
2021-01-07,834.0907472748816
2021-01-08,834.376279455141
2021-01-11,854.6954675747277
2021-01-12,855.5683989455825
2021-01-13,858.7023815801368
2021-01-14,859.1005122780018
2021-01-15,862.102650965979
2021-01-18,869.6930338501073
2021-01-19,865.7506391054757
2021-01-20,867.431024904045
2021-01-21,860.8566914947177
2021-01-22,859.3576377575286
2021-01-25,859.8851373272488
2021-01-26,851.9625519745438
2021-01-27,859.2748060536146
2021-01-28,856.9449103553286
2021-01-29,855.0952609497576
2021-02-01,849.6879468187842
2021-02-02,854.8111121427356
2021-02-03,850.0411303568347
2021-02-04,855.7380136545535
2021-02-05,852.3934802345905
2021-02-08,858.9361375357494
2021-02-09,860.7075870503573
2021-02-10,860.2285907780445
2021-02-11,862.4685821229316
2021-02-12,863.4360415124346
2021-02-15,869.0033296121284
2021-02-16,870.4415125557142
2021-02-17,873.1967056183171
2021-02-18,863.4942239171579
2021-02-19,859.7450244509607
2021-02-22,859.351398157284
2021-02-23,862.4288469502984
2021-02-24,861.278045179461
2021-02-25,862.1059118546481
2021-02-26,868.1297019396669
2021-03-01,873.2966463336326
2021-03-02,878.9535367502567
2021-03-03,881.3910458299567
2021-03-04,877.9198876770218
2021-03-05,887.4262467362825
2021-03-08,899.7323376500271
2021-03-09,906.4991254404536
2021-03-10,916.9627111063293
2021-03-11,912.2621624581793
2021-03-12,913.8666701164522
2021-03-15,921.4579118345621
2021-03-16,926.2769093075856
2021-03-17,920.6667469797114
2021-03-18,913.1989809884826
2021-03-19,914.4243890640397
2021-03-22,913.3693078129772
2021-03-23,914.1565042911534
2021-03-24,916.581119721929
2021-03-25,916.9562984951328
2021-03-26,915.2658880096344
2021-03-29,934.7552003078398
2021-03-30,942.7313127625762
2021-03-31,961.3516506196502
2021-04-01,963.6245539357275
2021-04-02,963.6245539357275
2021-04-05,965.1351657373084
2021-04-06,963.8498094287042
2021-04-07,960.6473442498598
2021-04-08,964.1118911799107
2021-04-09,964.772879422394
2021-04-12,957.176656362788
2021-04-13,949.1283207568176
2021-04-14,949.5572181213558
2021-04-15,963.1099995965346
2021-04-16,962.2086074202929
2021-04-19,966.0714286358649
2021-04-20,966.2888692245117
2021-04-21,963.4651195547211
2021-04-22,967.5802625280742
2021-04-23,965.3966398061871
2021-04-26,971.0548376218562
2021-04-27,974.1641233043697
2021-04-28,993.3866177208079
2021-04-29,981.546032902364
2021-04-30,987.456535844291
2021-05-03,977.7637444809844
2021-05-04,981.2322029628599
2021-05-05,980.415350170925
2021-05-06,976.1259127712254
2021-05-07,969.445605255542
2021-05-10,974.9174014268596
2021-05-11,974.5826797025005
2021-05-12,981.3652792970466
2021-05-13,981.4691155067255
2021-05-14,976.7341333695701
2021-05-17,982.2370578337382
2021-05-18,979.68351531468
2021-05-19,975.7404053043571
2021-05-20,973.6866297003522
2021-05-21,975.8435431024866
2021-05-24,970.4927889240247
2021-05-25,977.709380134614
2021-05-26,980.1481525623205
2021-05-27,985.1188902643462
2021-05-28,986.6763213184621
2021-05-31,984.550167383032
2021-06-01,988.8301181894599
2021-06-02,997.5178478397956
2021-06-03,1004.4219621571611
2021-06-04,1002.2941536043251
2021-06-07,1000.0738533824109
2021-06-08,1001.4233566002684
2021-06-09,1004.7220366073926
2021-06-10,1006.6613065171988
2021-06-11,1011.7814044871714
2021-06-14,1020.073317619088
2021-06-15,1014.7400623596567
2021-06-16,1014.4630553490023
2021-06-17,1028.155225921316
2021-06-18,1035.4772042282452
2021-06-21,1030.6795106112413
2021-06-22,1035.7742108877467
2021-06-23,1031.993507903759
2021-06-24,1033.814080179354
2021-06-25,1031.7183177466432
2021-06-28,1035.0515596504945
2021-06-29,1040.9712460725204
2021-06-30,1042.189280546856
2021-07-01,1043.2837398371205
2021-07-02,1045.4860613347082
2021-07-05,1044.7962183201207
2021-07-06,1043.8058786922606
2021-07-07,1047.9843203054118
2021-07-08,1034.6199842775618
2021-07-09,1033.772615953206
2021-07-12,1025.4668926303955
2021-07-13,1032.1636202898715
2021-07-14,1035.7811015550128
2021-07-15,1034.7127556763967
2021-07-16,1035.4637528032554
2021-07-19,1035.336120847993
2021-07-20,1039.1411571370695
2021-07-21,1036.796150471254
2021-07-22,1036.5616461485804
2021-07-23,1039.1359166823877
2021-07-26,1045.3851794689347
2021-07-27,1045.887281560941
2021-07-28,1049.5416404225614
2021-07-29,1050.7339481972992
2021-07-30,1053.0988727318907
2021-08-02,1062.2140084956209
2021-08-03,1069.134110817813
2021-08-04,1068.2759461650232
2021-08-05,1073.753779103911
2021-08-06,1080.749468926608
2021-08-09,1084.561788892197
2021-08-10,1093.796887740965
2021-08-11,1094.2877150373015
2021-08-12,1096.1792842858722
2021-08-13,1090.346242319904
2021-08-16,1093.47456117528
2021-08-17,1108.5651470436608
2021-08-18,1106.5454013960552
2021-08-19,1097.2809740197024
2021-08-20,1097.5803052066694
2021-08-23,1086.4897525769888
2021-08-24,1091.125199402322
2021-08-25,1094.2268823853701
2021-08-26,1091.5200408720668
2021-08-27,1088.6115734461487
2021-08-30,1096.4951828680644
2021-08-31,1100.291215689614
2021-09-01,1095.2170096851457
2021-09-02,1093.2821742973342
2021-09-03,1092.0961978640275
2021-09-06,1098.6322692359622
2021-09-07,1102.3060039617415
2021-09-08,1109.174105552007
2021-09-09,1109.676929018963
2021-09-10,1108.100523399285
2021-09-13,1107.047991642514
2021-09-14,1105.7958010648472
2021-09-15,1110.2303891391082
2021-09-16,1120.0656674714126
2021-09-17,1122.551381995972
2021-09-20,1115.4220017044215
2021-09-21,1112.627906386444
2021-09-22,1109.4972774569499
2021-09-23,1109.99465041455
2021-09-24,1113.344458782968
2021-09-27,1121.2413580484572
2021-09-28,1126.1996136785235
2021-09-29,1130.9792972480743
2021-09-30,1141.203046625889
2021-10-01,1140.602202316847
2021-10-04,1135.2350157138555
2021-10-05,1143.3384105412454
2021-10-06,1148.7548850926814
2021-10-07,1150.1204210531987
2021-10-08,1148.8485037979144
2021-10-11,1146.4513249031038
2021-10-12,1152.7450585662996
2021-10-13,1156.8139821386658
2021-10-14,1162.063034219646
2021-10-15,1160.4274242611505
2021-10-18,1164.8660718059689
2021-10-19,1163.197487449063
2021-10-20,1173.145994782499
2021-10-21,1175.7754504862073
2021-10-22,1175.7285402911102
2021-10-25,1177.0673716352874
2021-10-26,1174.0628399737755
2021-10-27,1171.1066687234509
2021-10-28,1163.1102025155194
2021-10-29,1173.5736637323696
2021-11-01,1170.281862794943
2021-11-02,1178.3461114051522
2021-11-03,1176.2102701142908
2021-11-04,1186.3470377879075
2021-11-05,1185.468780730409
2021-11-08,1193.1026699277666
2021-11-09,1190.6250778100248
2021-11-10,1206.0193262882938
2021-11-11,1217.3891926515655
2021-11-12,1220.1129640554473
2021-11-15,1217.4474316766023
2021-11-16,1228.47826973549
2021-11-17,1231.7699338982977
2021-11-18,1219.5454847683147
2021-11-19,1222.8192043380106
2021-11-22,1190.397721374079
2021-11-23,1192.4268949003688
2021-11-24,1205.323285462564
2021-11-25,1199.3558362098486
2021-11-26,1188.2012579628276
2021-11-29,1153.4082924409797
2021-11-30,1148.7283586121093
2021-12-01,1150.486683620416
2021-12-02,1156.6821461287066
2021-12-03,1160.4397359324557
2021-12-06,1183.0869293587227
2021-12-07,1190.7877085291839
2021-12-08,1173.0070392086645
2021-12-09,1172.7316109121427
2021-12-10,1170.6856955569522
2021-12-13,1179.2905733378823
2021-12-14,1181.3187658976574
2021-12-15,1188.1296747297465
2021-12-16,1194.292492214971
2021-12-17,1197.8202661752496
2021-12-20,1177.6482768148478
2021-12-21,1182.7645919969239
2021-12-22,1171.6779316597463
2021-12-23,1181.5652302041265
2021-12-24,1179.4187282454038
2021-12-27,1172.7401244402106
2021-12-28,1184.6678671120405
2021-12-29,1173.2876128200805
2021-12-30,1182.0311970000946
2021-12-31,1177.913494530825
2022-01-03,1190.3057494608759
2022-01-04,1189.323204749281
2022-01-05,1195.9778420910125
2022-01-06,1197.1888768791189
2022-01-07,1191.828296271064
2022-01-10,1210.7616462213246
2022-01-11,1219.8142186744521
2022-01-12,1223.559800190455
2022-01-13,1232.6195359643102
2022-01-14,1235.4795916604269
2022-01-17,1245.5000794482746
2022-01-18,1255.923569055041
2022-01-19,1264.2123054292347
2022-01-20,1266.5893143813926
2022-01-21,1269.4560705329811
2022-01-24,1258.1978167732568
2022-01-25,1265.3270272383586
2022-01-26,1267.6045557721172
2022-01-27,1284.1447177103937
2022-01-28,1284.174158796696
2022-01-31,1281.4243943530034
2022-02-01,1278.991952384212
2022-02-02,1267.9771237647892
2022-02-03,1250.5998243211623
2022-02-04,1247.7313005980989
2022-02-07,1254.9475931844718
2022-02-08,1258.4336487974786
2022-02-09,1257.2569037081325
2022-02-10,1258.1091942726496
2022-02-11,1266.5807587161103
2022-02-14,1274.1144634239877
2022-02-15,1279.1386275686323
2022-02-16,1292.5081055744724
2022-02-17,1290.8079094825755
2022-02-18,1292.2978847227087
2022-02-21,1293.496845843917
2022-02-22,1295.005634086673
2022-02-23,1295.7803520608131
2022-02-24,1304.6042132171833
2022-02-25,1291.1871785052206
2022-02-28,1322.6313651488547
2022-03-01,1351.650988352245
2022-03-02,1373.7008112236088
2022-03-03,1385.2207490616004
2022-03-04,1401.5396270285212
2022-03-07,1414.7796240804996
2022-03-08,1420.4935013412432
2022-03-09,1387.0694047451527
2022-03-10,1387.486146293559
2022-03-11,1394.7080878728682
2022-03-14,1374.132933286738
2022-03-15,1362.2397555917462
2022-03-16,1382.46404495441
2022-03-17,1375.8159573387657
2022-03-18,1382.1801677302665
2022-03-21,1385.7145202732445
2022-03-22,1397.019992372219
2022-03-23,1410.38145360547
2022-03-24,1414.2532354524487
2022-03-25,1419.093949116763
2022-03-28,1433.8663464919339
2022-03-29,1421.774082908416
2022-03-30,1407.4799533469431
2022-03-31,1415.1781088682897
2022-04-01,1426.738145324183
2022-04-04,1438.806636819961
2022-04-05,1451.1674797266955
2022-04-06,1462.8725027731887
2022-04-07,1471.3362863904433
2022-04-08,1478.2646451266974
2022-04-11,1495.4893074034308
2022-04-12,1496.9685585513676
2022-04-13,1495.7762489713532
2022-04-14,1506.4222192792113
2022-04-15,1506.6096139925264
2022-04-18,1506.4552669443522
2022-04-19,1492.5658946064302
2022-04-20,1492.6791558595999
2022-04-21,1487.2597129891067
2022-04-22,1498.427925560232
2022-04-25,1503.6917524753012
2022-04-26,1509.3897963332386
2022-04-27,1536.4005388176313
2022-04-28,1546.2932293637218
2022-04-29,1541.0776200744901
2022-05-02,1544.856849343607
2022-05-03,1542.5452225441488
2022-05-04,1541.1156335637827
2022-05-05,1545.0511259909424
2022-05-06,1535.978158509255
2022-05-09,1538.7588348659342
2022-05-10,1504.8964116287643
2022-05-11,1485.586264540626
2022-05-12,1440.4667782803524
2022-05-13,1452.7631509959756
2022-05-16,1440.6324927690114
2022-05-17,1421.0686801644158
2022-05-18,1430.3887425429577
2022-05-19,1391.8607644906203
2022-05-20,1395.8936034011156
2022-05-23,1359.8902232686346
2022-05-24,1344.1688801869075
2022-05-25,1372.0448054597314
2022-05-26,1363.8708013832118
2022-05-27,1367.6005820306102
2022-05-30,1394.4131488874502
2022-05-31,1412.012289126614
2022-06-01,1402.8090251923998
2022-06-02,1383.0430244028523
2022-06-03,1381.4267738045473
2022-06-06,1395.2542753119194
2022-06-07,1382.6570261753523
2022-06-08,1373.1457143615935
2022-06-09,1384.233172682239
2022-06-10,1398.7572729908102
2022-06-13,1362.78770028564
2022-06-14,1367.8492882418914
2022-06-15,1367.1164669265477
2022-06-16,1341.017747844945
2022-06-17,1343.3342381586065
2022-06-20,1289.5260378536416
2022-06-21,1312.6640460478484
2022-06-22,1278.982205728783
2022-06-23,1281.823862810103
2022-06-24,1279.8384643931802
2022-06-27,1288.5188697884523
2022-06-28,1321.1357946423755
2022-06-29,1327.6512480369167
2022-06-30,1313.2484813160397
2022-07-01,1319.4849173307155
2022-07-04,1304.5870456829848
2022-07-05,1325.1388231402689
2022-07-06,1330.9849180503747
2022-07-07,1333.8582640642778
2022-07-08,1333.399375390348
2022-07-11,1345.1148241581404
2022-07-12,1350.6843589365494
2022-07-13,1330.4705013658809
2022-07-14,1341.9571736966068
2022-07-15,1331.9242963096515
2022-07-18,1347.1180077822873
2022-07-19,1356.6220329329471
2022-07-20,1379.4648971668094
2022-07-21,1404.3123683972835
2022-07-22,1399.3412550199428
2022-07-25,1390.087752363555
2022-07-26,1407.4465056734061
2022-07-27,1420.4697027187722
2022-07-28,1421.9326718079722
2022-07-29,1419.506931274072
2022-08-01,1431.7519427957534
2022-08-02,1437.9959112418608
2022-08-03,1446.2096233424295
2022-08-04,1433.5299455193397
2022-08-05,1440.9014603929695
2022-08-08,1441.989022113536
2022-08-09,1444.0731836488055
2022-08-10,1434.7490056116194
2022-08-11,1447.8427162402463
2022-08-12,1462.2137464834298
2022-08-15,1469.5617714481818
2022-08-16,1474.2546702003124
2022-08-17,1489.852149283415
2022-08-18,1487.5407720297148
2022-08-19,1499.0330690958026
2022-08-22,1502.7981809754367
2022-08-23,1487.022861715738
2022-08-24,1485.5969423054757
2022-08-25,1501.069729302482
2022-08-26,1497.8310701133928
2022-08-29,1494.035113556993
2022-08-30,1486.771015974892
2022-08-31,1457.7203767363355
2022-09-01,1454.2374194922884
2022-09-02,1441.2621455904073
2022-09-05,1445.308667365428
2022-09-06,1442.7615045784196
2022-09-07,1423.6079199327917
2022-09-08,1416.935289500117
2022-09-09,1405.6108344355323
2022-09-12,1416.342550976576
2022-09-13,1441.9567585174918
2022-09-14,1423.6655590186815
2022-09-15,1425.191499641169
2022-09-16,1425.8306007209403
2022-09-19,1390.6091268802347
2022-09-20,1398.8124047399938
2022-09-21,1406.7497417920317
2022-09-22,1412.0986269549596
2022-09-23,1425.143639600171
2022-09-26,1374.8372989269442
2022-09-27,1385.4396842835038
2022-09-28,1396.1568492870038
2022-09-29,1399.8831875304093
2022-09-30,1394.4644219385787
2022-10-03,1402.1104076033323
2022-10-04,1413.0903408763033
2022-10-05,1428.0893446539399
2022-10-06,1428.246808989594
2022-10-07,1437.4321573466075
2022-10-10,1423.9958370727677
2022-10-11,1416.79244732403
2022-10-12,1422.0503461598119
2022-10-13,1405.7981287652815
2022-10-14,1403.0923502631108
2022-10-17,1400.8333428097787
2022-10-18,1423.1379582077927
2022-10-19,1429.771070959889
2022-10-20,1439.6529444461737
2022-10-21,1446.8539781569723
2022-10-24,1436.6295785417974
2022-10-25,1421.521650974762
2022-10-26,1393.048553729775
2022-10-27,1398.1079522144591
2022-10-28,1403.3063429867382
2022-10-31,1419.1799138969332
2022-11-01,1407.4261690695332
2022-11-02,1408.7858365659654
2022-11-03,1411.2951531054682
2022-11-04,1396.17289514459
2022-11-07,1405.8399813107058
2022-11-08,1389.9597417803561
2022-11-09,1392.4468826736043
2022-11-10,1353.853861736392
2022-11-11,1337.6345114498863
2022-11-14,1337.8694751816604
2022-11-15,1320.9247508474994
2022-11-16,1314.8045379789182
2022-11-17,1319.5627158678635
2022-11-18,1317.64858421996
2022-11-21,1310.6962576862973
2022-11-22,1307.2016284334313
2022-11-23,1298.4702120596207
2022-11-24,1294.5271609250694
2022-11-25,1293.2407564418381
2022-11-28,1274.6231487310101
2022-11-29,1282.1859236651856
2022-11-30,1310.1824312380877
2022-12-01,1282.4774992962832
2022-12-02,1284.1928218007847
2022-12-05,1247.1551071983595
2022-12-06,1241.1454371368902
2022-12-07,1216.9296876312374
2022-12-08,1216.6800680825136
2022-12-09,1216.9106780990303
2022-12-12,1202.8422421357172
2022-12-13,1194.7427920440136
2022-12-14,1195.4887332508922
2022-12-15,1196.4787843723373
2022-12-16,1205.0497522623566
2022-12-19,1202.0936981913426
2022-12-20,1199.3432507806008
2022-12-21,1201.8924608516018
2022-12-22,1197.7139700196192
2022-12-23,1196.4426426141342
2022-12-26,1193.4089557240434
2022-12-27,1199.7323495237263
2022-12-28,1214.3865628320166
2022-12-29,1205.688318773177
2022-12-30,1203.3889990463556
2023-01-02,1209.7955432138372
2023-01-03,1229.5168368085865
2023-01-04,1212.943310428813
2023-01-05,1228.1144831330564
2023-01-06,1217.1755871256544
2023-01-09,1217.16286872324
2023-01-10,1219.3565627725645
2023-01-11,1208.7470246567507
2023-01-12,1204.26962693871
2023-01-13,1204.077765838171
2023-01-16,1204.448045246309
2023-01-17,1200.6547019591826
2023-01-18,1193.9459339300993
2023-01-19,1203.7194578373333
2023-01-20,1199.143108455875
2023-01-23,1206.3177310520023
2023-01-24,1209.734593694294
2023-01-25,1207.7114998415443
2023-01-26,1207.6445605680979
2023-01-27,1202.3167174974978
2023-01-30,1199.2341560737236
2023-01-31,1194.7370342226864
2023-02-01,1189.116938309562
2023-02-02,1181.4133702563342
2023-02-03,1193.498944039127
2023-02-06,1202.558935929464
2023-02-07,1198.5069091003613
2023-02-08,1195.3099063964826
2023-02-09,1182.4666340667138
2023-02-10,1192.755750042694
2023-02-13,1193.0836864390565
2023-02-14,1192.144315534215
2023-02-15,1205.0836662744005
2023-02-16,1206.4217267123445
2023-02-17,1207.7795534774195
2023-02-20,1195.2158497769751
2023-02-21,1186.8160811195921
2023-02-22,1188.6442739866498
2023-02-23,1178.6850855425416
2023-02-24,1185.2492284291422
2023-02-27,1171.1158624554487
2023-02-28,1177.564915507355
2023-03-01,1175.992850220521
2023-03-02,1188.2042334504447
2023-03-03,1189.651175819992
2023-03-06,1196.56183347197
2023-03-07,1207.351071074571
2023-03-08,1208.2847886675327
2023-03-09,1207.4178334938201
2023-03-10,1193.6871100700937
2023-03-13,1167.492157204087
2023-03-14,1148.8832483414863
2023-03-15,1160.0753968497118
2023-03-16,1143.6510326654172
2023-03-17,1142.672969800925
2023-03-20,1150.4334733573921
2023-03-21,1159.468707857863
2023-03-22,1161.729806479494
2023-03-23,1156.0043985973703
2023-03-24,1167.7121169321465
2023-03-27,1166.161485663348
2023-03-28,1166.8799794812896
2023-03-29,1167.31669689188
2023-03-30,1166.6190440675807
2023-03-31,1169.176677074972
2023-04-03,1188.5635794352288
2023-04-04,1191.1700886124224
2023-04-05,1194.2212885564904
2023-04-06,1188.4527494817346
2023-04-07,1188.9355606331299
2023-04-10,1193.0653696085985
2023-04-11,1185.1814030513522
2023-04-12,1187.957701672679
2023-04-13,1179.7609066825937
2023-04-14,1185.1826564769976
2023-04-17,1208.5897067262147
2023-04-18,1203.0107433313433
2023-04-19,1202.8308317999436
2023-04-20,1201.0179965012087
2023-04-21,1201.5411340818641
2023-04-24,1198.023756943502
2023-04-25,1207.2805563273828
2023-04-26,1205.9417065014864
2023-04-27,1211.4263781057873
2023-04-28,1209.8419079830815
2023-05-01,1215.4029990948552
2023-05-02,1210.8426135559994
2023-05-03,1194.014483390334
2023-05-04,1208.3478130426827
2023-05-05,1208.8253254114677
2023-05-08,1216.9780976438863
2023-05-09,1223.0767441124465
2023-05-10,1222.541989794196
2023-05-11,1233.4422121877576
2023-05-12,1238.1147346183043
2023-05-15,1214.8240775141396
2023-05-16,1213.9126785798303
2023-05-17,1228.8040302379272
2023-05-18,1240.2107084983381
2023-05-19,1237.0769741542238
2023-05-22,1235.086195899708
2023-05-23,1230.935622935692
2023-05-24,1227.830496611053
2023-05-25,1224.5919171679702
2023-05-26,1229.071007850758
2023-05-29,1225.193839531827
2023-05-30,1227.0613454505403
2023-05-31,1219.1846582547782
2023-06-01,1208.0366448661734
2023-06-02,1211.1196691468247
2023-06-05,1236.825763845826
2023-06-06,1238.269557655585
2023-06-07,1241.540046300851
2023-06-08,1234.6761018285747
2023-06-09,1236.461659441618
2023-06-12,1238.835177883041
2023-06-13,1231.97310073958
2023-06-14,1236.8649861251552
2023-06-15,1230.0284346956932
2023-06-16,1231.92028454664
2023-06-19,1226.9566694956932
2023-06-20,1228.7764343680676
2023-06-21,1226.5333534855872
2023-06-22,1221.9654261483838
2023-06-23,1231.6824379712264
2023-06-26,1226.3677847637102
2023-06-27,1221.7759053869695
2023-06-28,1227.2043798742307
2023-06-29,1228.532913913144
2023-06-30,1226.1694869600826
2023-07-03,1237.6151786313035
2023-07-04,1247.0691071042995
2023-07-05,1250.1008784474075
2023-07-06,1250.5138755516296
2023-07-07,1240.8091182768221
2023-07-10,1235.8731578007937
2023-07-11,1240.303727662038
2023-07-12,1232.3018881387973
2023-07-13,1225.34141057429
2023-07-14,1221.7527924361377
2023-07-17,1227.1896564091974
2023-07-18,1228.6530865076063
2023-07-19,1231.8314687365842
2023-07-20,1236.2733294714924
2023-07-21,1239.9761722805742
2023-07-24,1250.0076537666785
2023-07-25,1260.1149017778469
2023-07-26,1263.912751031511
2023-07-27,1269.8989696980266
2023-07-28,1264.8192660943528
2023-07-31,1256.0692252905299
2023-08-01,1260.6807092082095
2023-08-02,1255.2137672482208
2023-08-03,1242.373036178567
2023-08-04,1233.1450185478488
2023-08-07,1229.4750212372187
2023-08-08,1229.9829597304079
2023-08-09,1228.295515701391
2023-08-10,1228.9742250278625
2023-08-11,1234.114168589896
2023-08-14,1244.9962250427864
2023-08-15,1234.897727010855
2023-08-16,1235.618560366487
2023-08-17,1238.8114920093858
2023-08-18,1241.5366967086557
2023-08-21,1234.9095219888789
2023-08-22,1237.1495237402255
2023-08-23,1234.8340889100875
2023-08-24,1239.823319784618
2023-08-25,1247.1435468999491
2023-08-28,1244.940235024579
2023-08-29,1242.0428944924029
2023-08-30,1237.9025145343749
2023-08-31,1236.6181696556514
2023-09-01,1241.8573989191539
2023-09-04,1235.6900081778667
2023-09-05,1240.6581647353712
2023-09-06,1233.3808046031857
2023-09-07,1232.3381882452936
2023-09-08,1232.4417321300527
2023-09-11,1234.2632099147681
2023-09-12,1233.3407082506894
2023-09-13,1228.0385210910824
2023-09-14,1237.029718345087
2023-09-15,1238.466300539973
2023-09-18,1226.707489145371
2023-09-19,1228.243791349962
2023-09-20,1224.7955549158326
2023-09-21,1227.2726084174637
2023-09-22,1227.0540665305878
2023-09-25,1230.482469472167
2023-09-26,1231.8980713377957
2023-09-27,1249.6006518111233
2023-09-28,1242.7854327998195
2023-09-29,1239.9504328392038
2023-10-02,1250.1786295079553
2023-10-03,1250.3441606564666
2023-10-04,1237.231911890473
2023-10-05,1223.2934302056801
2023-10-06,1222.4454898443232
2023-10-09,1195.13775019945
2023-10-10,1194.689382565364
2023-10-11,1191.4178604086605
2023-10-12,1199.8215529571823
2023-10-13,1200.8587562477653
2023-10-16,1194.654713312144
2023-10-17,1206.023047789113
2023-10-18,1202.2136343580494
2023-10-19,1188.7592925837348
2023-10-20,1180.752398174346
2023-10-23,1148.1629292686728
2023-10-24,1154.1809703294314
2023-10-25,1168.3481228369906
2023-10-26,1155.2288821806153
2023-10-27,1150.2972151407355
2023-10-30,1160.6507084317373
2023-10-31,1181.5356295522574
2023-11-01,1196.7965176794821
2023-11-02,1198.2669428572215
2023-11-03,1187.2736162740039
2023-11-06,1203.7787690699565
2023-11-07,1209.698839792567
2023-11-08,1203.7262681783443
2023-11-09,1195.7473537779085
2023-11-10,1202.0826582400732
2023-11-13,1194.4434442325037
2023-11-14,1181.3419512920436
2023-11-15,1198.7284526655828
2023-11-16,1202.4956687374197
2023-11-17,1201.3446371742702
2023-11-20,1195.8072829491384
2023-11-21,1195.2775717494612
2023-11-22,1200.442410146203
2023-11-23,1193.5896084847159
2023-11-24,1191.0381260125441
2023-11-27,1186.0992318161902
2023-11-28,1185.026509555273
2023-11-29,1185.1884859618037
2023-11-30,1199.7224676486824
2023-12-01,1207.7289654197077
2023-12-04,1208.8981093608766
2023-12-05,1207.608159310925
2023-12-06,1208.5270694971557
2023-12-07,1210.7918828999336
2023-12-08,1209.5603138846304
2023-12-11,1220.5300035923835
2023-12-12,1217.656287638744
2023-12-13,1217.270758758665
2023-12-14,1209.1336157008093
2023-12-15,1219.1829935029793
2023-12-18,1228.5888494837359
2023-12-19,1227.1525344337635
2023-12-20,1230.0223503646819
2023-12-21,1224.9692022652625
2023-12-22,1223.8145244834675
2023-12-25,1236.255075750818
2023-12-26,1238.748012051485
2023-12-27,1234.8705345429098
2023-12-28,1241.090860415896
2023-12-29,1248.0548720211016
2024-01-01,1260.5431182472767
2024-01-02,1280.99852346399
2024-01-03,1266.351485054661
2024-01-04,1275.131868960501
2024-01-05,1272.9017876223004
2024-01-08,1285.645944005913
2024-01-09,1291.9829804953329
2024-01-10,1282.9597164598672
2024-01-11,1286.6658419517428
2024-01-12,1283.6299868147298
2024-01-15,1288.7233362396576
2024-01-16,1290.9878729557186
2024-01-17,1291.935537064914
2024-01-18,1280.439171198743
2024-01-19,1278.940975479435
2024-01-22,1292.7894456063016
2024-01-23,1299.7197031723556
2024-01-24,1299.3546570735086
2024-01-25,1305.779763044264
2024-01-26,1299.2486518224212
2024-01-29,1308.4202575661634
2024-01-30,1285.4836352339614
2024-01-31,1268.7160474170878
2024-02-01,1277.9967378135434
2024-02-02,1280.744795796829
2024-02-05,1295.2994590755977
2024-02-06,1292.5214243134767
2024-02-07,1299.1691866916722
2024-02-08,1300.4771301430271
2024-02-09,1297.8146366333199
2024-02-12,1310.6764980085684
2024-02-13,1323.6491841472464
2024-02-14,1328.661099784387
2024-02-15,1327.1466158684912
2024-02-16,1327.2207058113916
2024-02-19,1337.4531385071098
2024-02-20,1333.2122535335907
2024-02-21,1336.4466221768334
2024-02-22,1331.4483434158883
2024-02-23,1328.795883871509
2024-02-26,1321.1480295758736
2024-02-27,1330.3154635506442
2024-02-28,1330.9456812645446
2024-02-29,1333.451970331766
2024-03-01,1333.5365714011523
2024-03-04,1316.8553850426745
2024-03-05,1309.39182276882
2024-03-06,1309.7247943892523
2024-03-07,1309.5739410306044
2024-03-08,1307.0282991683928
2024-03-11,1308.960924857397
