Date,FM GCC COUNTRIES DOMESTIC IMI
2014-05-30,1000.0
2014-06-02,1001.9158116351763
2014-06-03,1004.6730640606705
2014-06-04,1004.4661866157608
2014-06-05,1002.6475235178636
2014-06-06,1001.0195555298535
2014-06-09,995.3135941011604
2014-06-10,1000.9708360911627
2014-06-11,1001.6757990183404
2014-06-12,997.9572682148564
2014-06-13,999.2461384125965
2014-06-16,984.1690166217547
2014-06-17,979.0803588058081
2014-06-18,971.2659771579753
2014-06-19,966.2956484361957
2014-06-20,969.4012546988877
2014-06-23,964.92490176924
2014-06-24,960.8854583032879
2014-06-25,969.9371708880649
2014-06-26,963.488143727171
2014-06-27,960.4035001464262
2014-06-30,956.744946202595
2014-07-01,958.4235783683397
2014-07-02,974.9212765103989
2014-07-03,972.7149914669997
2014-07-04,974.2181936761983
2014-07-07,965.8371433537332
2014-07-08,972.418595007505
2014-07-09,972.7867503487895
2014-07-10,984.0810507530972
2014-07-11,984.0934243418961
2014-07-14,990.5813976762137
2014-07-15,987.2313275957856
2014-07-16,993.4002465491328
2014-07-17,987.8894758508752
2014-07-18,988.5110429366097
2014-07-21,991.2727004479241
2014-07-22,999.1607260052712
2014-07-23,996.9209722708891
2014-07-24,997.8328093242352
2014-07-25,999.9702452320516
2014-07-28,998.6064541455006
2014-07-29,999.923062653055
2014-07-30,1001.5463477998499
2014-07-31,1001.9377665737219
2014-08-01,998.549722253661
2014-08-04,1012.6551264429012
2014-08-05,1018.1561641151161
2014-08-06,1017.5379853217953
2014-08-07,1025.502667337178
2014-08-08,1021.2339188413362
2014-08-11,1017.5388467093486
2014-08-12,1020.5394284998066
2014-08-13,1023.3910197905559
2014-08-14,1023.9211701426414
2014-08-15,1023.729897414153
2014-08-18,1023.3022311958952
2014-08-19,1030.4995585616962
2014-08-20,1038.258024655276
2014-08-21,1037.2610934112786
2014-08-22,1041.1704777672226
2014-08-25,1032.7287566941682
2014-08-26,1034.246288512555
2014-08-27,1034.7764920440804
2014-08-28,1035.8298012247044
2014-08-29,1036.105036899187
2014-09-01,1039.17459330104
2014-09-02,1044.3632874326192
2014-09-03,1046.4794843425766
2014-09-04,1059.0707524990532
2014-09-05,1059.7245755511035
2014-09-08,1058.2012342839514
2014-09-09,1062.3926032394477
2014-09-10,1064.5035559919281
2014-09-11,1059.1502206517328
2014-09-12,1059.1166708635283
2014-09-15,1060.514562289541
2014-09-16,1063.0823935694882
2014-09-17,1065.5337364732916
2014-09-18,1065.837276486169
2014-09-19,1071.4728631229593
2014-09-22,1076.1365917025132
2014-09-23,1069.4047665457167
2014-09-24,1073.0921515971568
2014-09-25,1079.0912489903383
2014-09-26,1082.7571539248918
2014-09-29,1078.828705575687
2014-09-30,1083.8769673923123
2014-10-01,1089.477542749046
2014-10-02,1091.2100138193064
2014-10-03,1100.7111118811831
2014-10-06,1096.6780389691123
2014-10-07,1093.040365144595
2014-10-08,1088.271697882576
2014-10-09,1085.1447617729984
2014-10-10,1091.291147575552
2014-10-13,1065.0397042741972
2014-10-14,1066.0923546108936
2014-10-15,1054.0002466287033
2014-10-16,1043.6557632473236
2014-10-17,1044.9952284327153
2014-10-20,1036.300574815201
2014-10-21,1034.404759878322
2014-10-22,1035.137957944708
2014-10-23,1052.2443300351813
2014-10-24,1050.5831320558862
2014-10-27,1028.6156340667749
2014-10-28,1025.5060122953155
2014-10-29,1027.6623899355195
2014-10-30,1038.3385971714595
2014-10-31,1043.5449791024914
2014-11-03,1049.8733622568625
2014-11-04,1040.7804186178141
2014-11-05,1035.48245809317
2014-11-06,1028.6650210967277
2014-11-07,1029.462910510466
2014-11-10,1029.4891187846686
2014-11-11,1038.2035871399657
2014-11-12,1031.6526274793425
2014-11-13,1032.2222307452735
2014-11-14,1031.5409344387574
2014-11-17,1028.1182674867462
2014-11-18,1021.4595898755912
2014-11-19,1015.2050306154445
2014-11-20,1012.9808196327143
2014-11-21,1022.7268536010829
2014-11-24,1027.886486332861
2014-11-25,1010.9323675344132
2014-11-26,1013.9701398005534
2014-11-27,1008.8995945825978
2014-11-28,1009.2023073014967
2014-12-01,985.462286979565
2014-12-02,989.8241466843529
2014-12-03,1000.2740034023933
2014-12-04,993.8280254614467
2014-12-05,1003.0695201707473
2014-12-08,981.4179495988557
2014-12-09,954.5573401821719
2014-12-10,963.3822725137446
2014-12-11,937.5676977173944
2014-12-12,932.8052182087706
2014-12-15,890.1725397321302
2014-12-16,855.6650222176977
2014-12-17,853.5071751129931
2014-12-18,883.79734353803
2014-12-19,884.7219150397722
2014-12-22,960.78344053906
2014-12-23,972.8781113993799
2014-12-24,981.6834974946113
2014-12-25,973.6619660918639
2014-12-26,974.6826034276822
2014-12-29,970.3830585020341
2014-12-30,963.3880411642309
2014-12-31,970.2329352439192
2015-01-01,970.4375044534846
2015-01-02,974.4574653689062
2015-01-05,975.6854885168754
2015-01-06,959.5380295258595
2015-01-07,965.3823558971683
2015-01-08,976.1461102676958
2015-01-09,973.6743134580588
2015-01-12,998.2985948393016
2015-01-13,1002.0533830315252
2015-01-14,1010.2715790234745
2015-01-15,1026.712422951422
2015-01-16,1035.276791771353
2015-01-19,1024.6233153466535
2015-01-20,1025.6854146052883
2015-01-21,1033.0108190843105
2015-01-22,1050.0840449018704
2015-01-23,1063.8644729538814
2015-01-26,1060.8072995316888
2015-01-27,1038.940948249074
2015-01-28,1047.1140320389595
2015-01-29,1044.0008087698413
2015-01-30,1048.153886849378
2015-02-02,1053.566679021576
2015-02-03,1043.208791702464
2015-02-04,1051.4549522129842
2015-02-05,1050.643355800163
2015-02-06,1057.00283750175
2015-02-09,1062.4987667907862
2015-02-10,1066.8712212528192
2015-02-11,1066.5286262305017
2015-02-12,1062.451104566396
2015-02-13,1060.0587604175028
2015-02-16,1060.7820781772316
2015-02-17,1058.7089372508408
2015-02-18,1065.7047040102798
2015-02-19,1063.6527830330685
2015-02-20,1065.7111338468721
2015-02-23,1076.0347546248545
2015-02-24,1078.520698346135
2015-02-25,1076.5549692526868
2015-02-26,1083.836526657353
2015-02-27,1084.3145333266584
2015-03-02,1081.9874222090305
2015-03-03,1080.9648096069118
2015-03-04,1091.447301517114
2015-03-05,1090.7695975638017
2015-03-06,1104.5858257532243
2015-03-09,1103.6492647755192
2015-03-10,1112.4853640703561
2015-03-11,1126.8095485331883
2015-03-12,1119.8141373952453
2015-03-13,1128.239015887815
2015-03-16,1110.046436937047
2015-03-17,1102.2293852708897
2015-03-18,1096.0732810927943
2015-03-19,1097.4043366894725
2015-03-20,1081.7723667010266
2015-03-23,1063.2269087301866
2015-03-24,1067.761475448751
2015-03-25,1051.6149724608265
2015-03-26,1032.6568748867392
2015-03-27,1035.0553736992538
2015-03-30,1056.0248726661252
2015-03-31,1060.4527413554742
2015-04-01,1054.5934134738789
2015-04-02,1047.724099647409
2015-04-03,1047.724099647409
2015-04-06,1035.8117375096872
2015-04-07,1058.4185412043807
2015-04-08,1066.0390438201082
2015-04-09,1069.4653072726999
2015-04-10,1074.677576622305
2015-04-13,1087.6325037303075
2015-04-14,1079.9886758321522
2015-04-15,1094.6862348788327
2015-04-16,1096.5061403917575
2015-04-17,1090.481978586128
2015-04-20,1088.9560114981573
2015-04-21,1085.914907829935
2015-04-22,1094.9992069327132
2015-04-23,1086.9042567947715
2015-04-24,1082.2552530111889
2015-04-27,1078.8823919936833
2015-04-28,1064.9825541074008
2015-04-29,1051.7628283345332
2015-04-30,1050.4049915415364
2015-05-01,1049.099788951995
2015-05-04,1049.3303975412077
2015-05-05,1043.7840495340486
2015-05-06,1029.259567492002
2015-05-07,1030.639071434766
2015-05-08,1034.5894640961465
2015-05-11,1041.1793024579342
2015-05-12,1032.3914587370994
2015-05-13,1018.1766656899649
2015-05-14,1017.0064555552453
2015-05-15,1012.0788264582197
2015-05-18,1020.243149571091
2015-05-19,1032.0417724460822
2015-05-20,1029.1932796479064
2015-05-21,1023.3120987232666
2015-05-22,1031.3828217484997
2015-05-25,1024.016749567612
2015-05-26,1033.5593681475027
2015-05-27,1036.9468607323674
2015-05-28,1035.3292000277577
2015-05-29,1031.2036141705269
2015-06-01,1046.3913313102353
2015-06-02,1034.6119511074478
2015-06-03,1025.8907978400662
2015-06-04,1015.7991150009544
2015-06-05,1030.8164904284135
2015-06-08,1016.8166082470489
2015-06-09,1022.2910308131345
2015-06-10,1021.5845201808205
2015-06-11,1024.3862079614569
2015-06-12,1021.697664047595
2015-06-15,1018.6110148647255
2015-06-16,1022.6037395917991
2015-06-17,1017.9585845290486
2015-06-18,1005.1306995730376
2015-06-19,1011.0780497345368
2015-06-22,996.3370679642552
2015-06-23,1021.5434492886451
2015-06-24,1016.1079808803256
2015-06-25,1020.5912537763394
2015-06-26,1025.7294636024517
2015-06-29,1024.3350792430322
2015-06-30,1020.3390791188913
2015-07-01,1023.3045321456012
2015-07-02,1021.9912879688686
2015-07-03,1022.8562707960979
2015-07-06,1024.2757171207402
2015-07-07,1031.0655845638444
2015-07-08,1023.0231646528281
2015-07-09,1026.6368296104317
2015-07-10,1015.5378528582211
2015-07-13,1032.8707963118663
2015-07-14,1040.8845007034429
2015-07-15,1053.4122990844135
2015-07-16,1049.5626266856448
2015-07-17,1054.3977610970587
2015-07-20,1053.1424356397997
2015-07-21,1048.8032505140936
2015-07-22,1052.79194463618
2015-07-23,1045.0956921752056
2015-07-24,1045.642842123978
2015-07-27,1031.5326116586198
2015-07-28,1029.8985301293278
2015-07-29,1029.094185925914
2015-07-30,1038.2408363936095
2015-07-31,1027.5809526264534
2015-08-03,1024.386500557987
2015-08-04,1025.7762242976917
2015-08-05,1033.8780119813332
2015-08-06,1031.5216239449946
2015-08-07,1028.9937223673967
2015-08-10,1025.7422358710892
2015-08-11,1023.5265874987255
2015-08-12,1005.9086940252515
2015-08-13,1004.1183862471546
2015-08-14,1007.1498392390342
2015-08-17,996.2909775141023
2015-08-18,1000.94907311836
2015-08-19,990.0293836457276
2015-08-20,963.5207659204883
2015-08-21,954.8447924031855
2015-08-24,897.2484120882011
2015-08-25,914.039263533077
2015-08-26,914.7230674077379
2015-08-27,938.935197700868
2015-08-28,938.3762699854811
2015-08-31,926.1081793737787
2015-09-01,922.5670114442216
2015-09-02,916.2972240992909
2015-09-03,932.5160104715882
2015-09-04,931.3218912530574
2015-09-07,928.9572015392536
2015-09-08,918.3786774017731
2015-09-09,936.8197991578119
2015-09-10,925.0355797701797
2015-09-11,920.0074924744857
2015-09-14,915.2247725881176
2015-09-15,917.6893506811216
2015-09-16,916.948243567725
2015-09-17,913.0118470213346
2015-09-18,909.2654999957498
2015-09-21,933.7183746198845
2015-09-22,943.1056893996708
2015-09-23,940.3129511593894
2015-09-24,928.9779041889384
2015-09-25,938.7788667614316
2015-09-28,927.9599636767988
2015-09-29,933.4366425672355
2015-09-30,936.1224283692727
2015-10-01,926.9988267015065
2015-10-02,921.273955132457
2015-10-05,929.7768663779216
2015-10-06,928.7772189625186
2015-10-07,932.6626453416853
2015-10-08,923.7349863044001
2015-10-09,917.7238967386999
2015-10-12,921.6909203201415
2015-10-13,918.6423124731733
2015-10-14,913.203800592625
2015-10-15,917.9261154792664
2015-10-16,917.8705172207247
2015-10-19,928.36013687411
2015-10-20,931.5808612272366
2015-10-21,926.521372019278
2015-10-22,942.4384922334638
2015-10-23,952.6562794219885
2015-10-26,956.2864473396563
2015-10-27,954.6170459058848
2015-10-28,946.5295610764251
2015-10-29,953.3055348104314
2015-10-30,946.0625663783247
2015-11-02,946.7303874477512
2015-11-03,952.1868962814185
2015-11-04,958.4382071894673
2015-11-05,964.6223814640676
2015-11-06,974.7031571430396
2015-11-09,988.1732707609989
2015-11-10,987.818539542842
2015-11-11,986.8137473820045
2015-11-12,986.5112011078392
2015-11-13,988.5807779297761
2015-11-16,981.4809990158684
2015-11-17,978.0929183496703
2015-11-18,971.0913356970763
2015-11-19,971.9327911463615
2015-11-20,977.7049825738083
2015-11-23,994.4465343331698
2015-11-24,983.9940899971849
2015-11-25,983.9033129124073
2015-11-26,986.6000277168737
2015-11-27,987.1009646959637
2015-11-30,973.4259408645578
2015-12-01,970.6034619347248
2015-12-02,972.5721330669778
2015-12-03,959.734865848471
2015-12-04,956.6978198094764
2015-12-07,947.1820180957772
2015-12-08,944.2719425724212
2015-12-09,936.5204146946753
2015-12-10,931.117553264169
2015-12-11,926.336403343977
2015-12-14,911.1691837155356
2015-12-15,922.0113107191921
2015-12-16,919.1516046290453
2015-12-17,928.0940500372197
2015-12-18,927.190899695256
2015-12-21,926.511750085963
2015-12-22,917.2510535570697
2015-12-23,926.2317945004289
2015-12-24,920.5393800616599
2015-12-25,920.53938006166
2015-12-28,916.3978888619163
2015-12-29,919.4640673017032
2015-12-30,922.4771991333297
2015-12-31,923.6774615855544
2016-01-01,923.6774615855545
2016-01-04,920.9440374363174
2016-01-05,924.4588344743175
2016-01-06,921.3484037759772
2016-01-07,902.0735372466438
2016-01-08,896.8849873130831
2016-01-11,884.5947326373109
2016-01-12,879.2892172228708
2016-01-13,873.0968079420754
2016-01-14,853.5794026328525
2016-01-15,845.3321513744071
2016-01-18,815.1408610249238
2016-01-19,815.9299912752357
2016-01-20,797.4491762118788
2016-01-21,794.3357606479141
2016-01-22,794.051798011323
2016-01-25,807.9690423780111
2016-01-26,808.1785133872153
2016-01-27,815.6643176310461
2016-01-28,830.0782893789991
2016-01-29,838.2048429887138
2016-02-01,853.3916297074005
2016-02-02,859.1971089092822
2016-02-03,835.0590375560487
2016-02-04,850.013676227005
2016-02-05,852.7565357149434
2016-02-08,855.3959172093142
2016-02-09,840.0232930089048
2016-02-10,838.3772698761863
2016-02-11,825.7161572185984
2016-02-12,832.608278969894
2016-02-15,840.8543902298288
2016-02-16,847.9882916792473
2016-02-17,846.1027110636156
2016-02-18,846.8550878737101
2016-02-19,846.3263384421406
2016-02-22,855.8398089391625
2016-02-23,865.2147519811391
2016-02-24,866.4928218779864
2016-02-25,864.0879513197906
2016-02-26,872.0781276674835
2016-02-29,876.2269477184578
2016-03-01,878.0173017107807
2016-03-02,891.5806596838428
2016-03-03,884.7055072198608
2016-03-04,879.2477773872505
2016-03-07,881.7753519201038
2016-03-08,874.8499558798034
2016-03-09,882.3332045213136
2016-03-10,872.2726183821254
2016-03-11,871.9557188331952
2016-03-14,864.0779986949002
2016-03-15,860.1301368150138
2016-03-16,864.0885257984339
2016-03-17,852.6195411592317
2016-03-18,854.5947928885665
2016-03-21,852.8206036831277
2016-03-22,856.8698891397925
2016-03-23,866.9936585775483
2016-03-24,873.291969864984
2016-03-25,873.2919698649843
2016-03-28,870.0086509663561
2016-03-29,871.6128902046587
2016-03-30,870.0272303436384
2016-03-31,871.2900545442768
2016-04-01,875.8234317688201
2016-04-04,863.5752346695128
2016-04-05,867.2915347447599
2016-04-06,869.2608105987636
2016-04-07,877.6755539526365
2016-04-08,875.601007112201
2016-04-11,877.7029704331098
2016-04-12,883.069497926194
2016-04-13,896.6651809745829
2016-04-14,901.0490500055088
2016-04-15,898.2126196372823
2016-04-18,888.6697851570666
2016-04-19,889.5084595792173
2016-04-20,895.2970578606386
2016-04-21,895.3416833765261
2016-04-22,899.3494848993704
2016-04-25,903.6449279029242
2016-04-26,903.858263165651
2016-04-27,900.6531237025873
2016-04-28,905.8994388429537
2016-04-29,896.2834034547592
2016-05-02,885.5189476842218
2016-05-03,884.8694864408939
2016-05-04,887.0690375245964
2016-05-05,895.8600781513892
2016-05-06,894.2354632770292
2016-05-09,896.3694404087205
2016-05-10,892.7703689686631
2016-05-11,890.1788905234438
2016-05-12,888.4014523972019
2016-05-13,896.4798105525929
2016-05-16,893.9622365160654
2016-05-17,889.9234515592857
2016-05-18,898.7433872744599
2016-05-19,890.2777136556402
2016-05-20,889.5683965457687
2016-05-23,885.6070475376933
2016-05-24,892.355802043434
2016-05-25,899.4515095200768
2016-05-26,891.1665065056771
2016-05-27,895.1979127597591
2016-05-30,889.0305675556391
2016-05-31,889.4840808845555
2016-06-01,884.2104736355913
2016-06-02,884.3550386119869
2016-06-03,870.8146161284398
2016-06-06,870.6642067936635
2016-06-07,872.7378969923587
2016-06-08,874.5794535118857
2016-06-09,874.7344649128027
2016-06-10,876.9073688064054
2016-06-13,873.0925507171085
2016-06-14,877.291552773285
2016-06-15,876.7856022856392
2016-06-16,880.2853888408285
2016-06-17,872.092673170895
2016-06-20,867.9226720172651
2016-06-21,875.0201958491608
2016-06-22,864.8295235933205
2016-06-23,860.2230798548451
2016-06-24,875.6632621647309
2016-06-27,880.2819520164927
2016-06-28,885.0004161196618
2016-06-29,875.5323768022622
2016-06-30,869.9177745019399
2016-07-01,867.8425628785308
2016-07-04,871.1112859525724
2016-07-05,873.6317833624752
2016-07-06,876.1983043645783
2016-07-07,876.1973135583446
2016-07-08,879.4249720850537
2016-07-11,874.4384976399635
2016-07-12,870.3082404950713
2016-07-13,868.9462073980654
2016-07-14,865.97958026496
2016-07-15,868.8508876793377
2016-07-18,875.9721669171223
2016-07-19,874.3765880321972
2016-07-20,883.6349291408161
2016-07-21,881.8548473025535
2016-07-22,884.1348970415542
2016-07-25,886.6911970984432
2016-07-26,886.1736349370034
2016-07-27,887.8775540645322
2016-07-28,883.0116556988487
2016-07-29,875.5084899967733
2016-08-01,877.4479660224256
2016-08-02,868.8035175104071
2016-08-03,881.2019959569743
2016-08-04,875.5145311127068
2016-08-05,881.0244210148
2016-08-08,886.6607271555891
2016-08-09,885.3071038738917
2016-08-10,875.8748652845804
2016-08-11,877.1074733947505
2016-08-12,878.0157488556785
2016-08-15,879.6182384401714
2016-08-16,878.1834684606499
2016-08-17,872.7673864253095
2016-08-18,866.5804956657738
2016-08-19,866.8483248621915
2016-08-22,860.8976720993194
2016-08-23,866.133197769588
2016-08-24,865.2548702341134
2016-08-25,860.4458654061717
2016-08-26,860.6379112354555
2016-08-29,860.4003383228269
2016-08-30,864.2423856645981
2016-08-31,859.8721156992866
2016-09-01,859.0129547741612
2016-09-02,862.6254822364857
2016-09-05,863.2147678460133
2016-09-06,857.8537988604178
2016-09-07,868.1971722281414
2016-09-08,865.2691766287264
2016-09-09,869.4266975157883
2016-09-12,868.689172781835
2016-09-13,866.984386981328
2016-09-14,866.8934403982569
2016-09-15,867.1128120413991
2016-09-16,873.5895259235989
2016-09-19,871.2105372801961
2016-09-20,870.5157594555805
2016-09-21,873.976562248508
2016-09-22,864.6603605847951
2016-09-23,866.2654366773124
2016-09-26,864.0372156135198
2016-09-27,873.8944577717314
2016-09-28,872.1158943833215
2016-09-29,866.1072782697777
2016-09-30,865.2383689057772
2016-10-03,858.9945078616154
2016-10-04,859.0033468705288
2016-10-05,864.3470923330817
2016-10-06,863.3655196323696
2016-10-07,861.7590660520751
2016-10-10,861.5625387421968
2016-10-11,873.4370995551556
2016-10-12,873.1332485822942
2016-10-13,868.8049742688855
2016-10-14,870.5246210124396
2016-10-17,862.4470319807193
2016-10-18,863.1224790915467
2016-10-19,869.3154548991484
2016-10-20,878.9653031918607
2016-10-21,882.1359589699547
2016-10-24,887.8622279603741
2016-10-25,907.7227232868207
2016-10-26,915.7324755243707
2016-10-27,909.6855299164553
2016-10-28,908.9226249645145
2016-10-31,892.0257146765165
2016-11-01,888.657232581137
2016-11-02,887.9212321140399
2016-11-03,884.978803459536
2016-11-04,884.8163198030318
2016-11-07,901.1976876851293
2016-11-08,904.3961715254109
2016-11-09,910.2954368996911
2016-11-10,924.2795599319433
2016-11-11,926.3027925502687
2016-11-14,939.4611927404751
2016-11-15,958.023010176812
2016-11-16,958.2471632818485
2016-11-17,958.7809994065193
2016-11-18,967.5695031976448
2016-11-21,961.491104989703
2016-11-22,970.3893114578852
2016-11-23,967.5114492509383
2016-11-24,959.6990161037901
2016-11-25,955.9885479383646
2016-11-28,957.6977817103912
2016-11-29,953.0814059526684
2016-11-30,948.2151613241184
2016-12-01,959.2032199189919
2016-12-02,954.7943312387207
2016-12-05,958.8461809591664
2016-12-06,963.5407966945029
2016-12-07,960.5909303544757
2016-12-08,976.6248598743017
2016-12-09,982.2331693505162
2016-12-12,992.7462032425475
2016-12-13,995.4794780148135
2016-12-14,984.5859687889817
2016-12-15,1007.2697241151891
2016-12-16,1008.282647079175
2016-12-19,1007.935598862127
2016-12-20,1003.6950348634654
2016-12-21,1001.7956648784901
2016-12-22,997.7129755917027
2016-12-23,996.9023751880721
2016-12-26,1007.491618380012
2016-12-27,1012.8740828014082
2016-12-28,1012.307892087147
2016-12-29,1004.6470537702547
2016-12-30,1000.2768185447298
2017-01-02,997.0285502777685
2017-01-03,1018.7374523165328
2017-01-04,1016.6409160293678
2017-01-05,1007.2026942896985
2017-01-06,1008.7913098574893
2017-01-09,1018.8931823531082
2017-01-10,1014.0707441345365
2017-01-11,1028.6292784666716
2017-01-12,1011.5109578523598
2017-01-13,1013.9889961033639
2017-01-16,1034.0470974122472
2017-01-17,1052.6931420218618
2017-01-18,1044.3734761478872
2017-01-19,1049.3953703042966
2017-01-20,1042.6849747758924
2017-01-23,1064.3060954610287
2017-01-24,1074.2119689966821
2017-01-25,1081.8885037595098
2017-01-26,1085.212114497942
2017-01-27,1081.3495119155305
2017-01-30,1089.825464714461
2017-01-31,1074.4944668141559
2017-02-01,1082.0790627253268
2017-02-02,1065.211131507466
2017-02-03,1066.2119618357176
2017-02-06,1078.2094910797261
2017-02-07,1077.0992839088476
2017-02-08,1078.3968160171012
2017-02-09,1064.657495747028
2017-02-10,1068.1373262658537
2017-02-13,1059.3772891474778
2017-02-14,1078.4370006829363
2017-02-15,1087.2290017625712
2017-02-16,1081.7205247222028
2017-02-17,1086.4670680768593
2017-02-20,1072.820372814828
2017-02-21,1079.1652715659854
2017-02-22,1076.8147206946019
2017-02-23,1081.7797545651697
2017-02-24,1084.8720319750403
2017-02-27,1076.1299668349768
2017-02-28,1068.8787528118603
2017-03-01,1070.1387151596432
2017-03-02,1082.771763673242
2017-03-03,1078.9296341641589
2017-03-06,1080.2589652973006
2017-03-07,1071.6196414742649
2017-03-08,1070.8057707093685
2017-03-09,1073.2587878501351
2017-03-10,1065.3958407648217
2017-03-13,1060.4863819667105
2017-03-14,1058.223620498659
2017-03-15,1065.1653185045236
2017-03-16,1063.1280489922328
2017-03-17,1063.2839482874012
2017-03-20,1071.8992479819874
2017-03-21,1074.2329524487423
2017-03-22,1064.2469737573874
2017-03-23,1073.8242446409297
2017-03-24,1071.7486861547034
2017-03-27,1051.1311664553061
2017-03-28,1044.0064207740563
2017-03-29,1042.1996190317843
2017-03-30,1047.8856764543455
2017-03-31,1051.5249510058627
2017-04-03,1071.1549711401406
2017-04-04,1077.290959397857
2017-04-05,1086.4252132467032
2017-04-06,1086.8450338964196
2017-04-07,1090.9909530706498
2017-04-10,1090.8043318433963
2017-04-11,1091.146446069341
2017-04-12,1087.2607014291054
2017-04-13,1078.6827718856434
2017-04-14,1078.6827718856437
2017-04-17,1073.7250641850587
2017-04-18,1063.6363373443048
2017-04-19,1051.5471549414701
2017-04-20,1041.9221735124593
2017-04-21,1049.4732652019134
2017-04-24,1026.2957776386106
2017-04-25,1016.7460806777696
2017-04-26,1022.2869293296305
2017-04-27,1024.012324374082
2017-04-28,1022.1242829525703
2017-05-01,1021.7807893246238
2017-05-02,1023.1996979099962
2017-05-03,1020.6994947669199
2017-05-04,1008.4116679939468
2017-05-05,1004.8401277725451
2017-05-08,999.4112229100697
2017-05-09,1001.7473746880612
2017-05-10,1008.9270550613912
2017-05-11,1016.9684882981502
2017-05-12,1011.8478010458936
2017-05-15,1015.5353030197856
2017-05-16,1004.0921941208969
2017-05-17,1007.8591568268394
2017-05-18,1005.6391483389567
2017-05-19,999.511110233614
2017-05-22,986.9834944953366
2017-05-23,991.282975727546
2017-05-24,991.2060513976763
2017-05-25,988.2017105408648
2017-05-26,990.2977646795296
2017-05-29,990.0516686214854
2017-05-30,991.4265704206541
2017-05-31,986.2330564498357
2017-06-01,988.9121488974886
2017-06-02,985.0660871877753
2017-06-05,974.0566099112646
2017-06-06,975.6518345571506
2017-06-07,968.9782863241443
2017-06-08,974.6332869064056
2017-06-09,977.3977256704796
2017-06-12,969.0468916012992
2017-06-13,968.9040413670252
2017-06-14,964.8247796297949
2017-06-15,978.6124201257367
2017-06-16,973.5439659571974
2017-06-19,1004.6547262382845
2017-06-20,1010.3107642250847
2017-06-21,992.2312815156477
2017-06-22,991.6626601827912
2017-06-23,988.2858510289828
2017-06-26,987.7717880464653
2017-06-27,980.2335543805284
2017-06-28,974.2653266588575
2017-06-29,960.5735368783884
2017-06-30,960.8960636063838
2017-07-03,959.3667441711526
2017-07-04,964.2586606843983
2017-07-05,969.9917342889946
2017-07-06,962.1010135713835
2017-07-07,963.3416542248369
2017-07-10,975.6207574002741
2017-07-11,983.0633087742883
2017-07-12,983.8609530479497
2017-07-13,983.2482789668452
2017-07-14,979.5119784527537
2017-07-17,977.1027184054449
2017-07-18,971.392424150648
2017-07-19,976.8391961714707
2017-07-20,969.2745080066651
2017-07-21,967.4847005523164
2017-07-24,992.1706196916999
2017-07-25,996.6938074244367
2017-07-26,1000.4123025003983
2017-07-27,999.6463433941487
2017-07-28,992.4998540710552
2017-07-31,977.8794911583009
2017-08-01,977.6246748081267
2017-08-02,973.8595061240464
2017-08-03,970.6934011279291
2017-08-04,980.938005243808
2017-08-07,983.8354269093397
2017-08-08,997.6100430750688
2017-08-09,996.4141634758122
2017-08-10,1001.0601938868879
2017-08-11,997.5584456653113
2017-08-14,1011.8116688124619
2017-08-15,1015.6511120774933
2017-08-16,1015.3463975497856
2017-08-17,1013.3219151441926
2017-08-18,1012.6110149967278
2017-08-21,1016.8192965944484
2017-08-22,1025.6314621002052
2017-08-23,1018.8895153511551
2017-08-24,1018.123105105318
2017-08-25,1012.5214948474727
2017-08-28,1012.1280610820502
2017-08-29,1011.8871613549107
2017-08-30,1017.0905455574976
2017-08-31,1018.5455241235948
2017-09-01,1019.9096595420186
2017-09-04,1017.0900661512408
2017-09-05,1020.9396330227311
2017-09-06,1022.1236965901221
2017-09-07,1020.2971702795494
2017-09-08,1018.9717342186769
2017-09-11,1042.7524898836896
2017-09-12,1040.9751272356864
2017-09-13,1041.1462491010868
2017-09-14,1054.3695431026995
2017-09-15,1047.8488344764519
2017-09-18,1054.279976657408
2017-09-19,1047.4576058227224
2017-09-20,1039.9603489091478
2017-09-21,1046.4732924439563
2017-09-22,1043.4007889964037
2017-09-25,1026.4628654540863
2017-09-26,1038.45848343509
2017-09-27,1048.9035893012697
2017-09-28,1038.4605723016398
2017-09-29,1035.499105972695
2017-10-02,1060.040721107019
2017-10-03,1064.0358397626514
2017-10-04,1064.91815165702
2017-10-05,1071.5975181155188
2017-10-06,1070.1656441801304
2017-10-09,1060.806222025282
2017-10-10,1039.7020751623263
2017-10-11,1033.5207775431288
2017-10-12,1034.70025503647
2017-10-13,1035.8918504922642
2017-10-16,1040.7702319739467
2017-10-17,1045.0527526619446
2017-10-18,1041.3015326474351
2017-10-19,1031.559510336152
2017-10-20,1037.0101576746201
2017-10-23,1038.6190277856929
2017-10-24,1032.4774865860709
2017-10-25,1029.8309002006408
2017-10-26,1039.385885919316
2017-10-27,1048.8920300325583
2017-10-30,1030.3364262356986
2017-10-31,1020.0648187291446
2017-11-01,1024.288960352949
2017-11-02,1017.6428137920633
2017-11-03,1022.3082334292169
2017-11-06,989.5221731146423
2017-11-07,953.2637765684049
2017-11-08,964.3921307139525
2017-11-09,980.4964356364155
2017-11-10,977.0419346288951
2017-11-13,975.1373375363423
2017-11-14,972.2231447936545
2017-11-15,975.9450102401393
2017-11-16,980.0581174399315
2017-11-17,979.3934814826249
2017-11-20,974.9013846170593
2017-11-21,963.7738227767856
2017-11-22,958.3760015532894
2017-11-23,958.6218892827632
2017-11-24,950.5871594317364
2017-11-27,957.0948429051928
2017-11-28,963.8259074313103
2017-11-29,968.333838939797
2017-11-30,962.3978152274469
2017-12-01,967.038195365668
2017-12-04,976.6794620849072
2017-12-05,970.743869826348
2017-12-06,967.397463191408
2017-12-07,965.2559159191042
2017-12-08,968.5501435552288
2017-12-11,953.8573337162604
2017-12-12,968.5602569486646
2017-12-13,972.7725443382237
2017-12-14,979.1431380638942
2017-12-15,980.0151043008266
2017-12-18,975.3297553589888
2017-12-19,973.8165411970542
2017-12-20,969.8919276775152
2017-12-21,978.1560787157276
2017-12-22,980.1897652403967
2017-12-25,978.1839707321052
2017-12-26,972.9565329317486
2017-12-27,973.0766469173336
2017-12-28,972.6057183220038
2017-12-29,967.049791440201
2018-01-01,972.445093301772
2018-01-02,966.7569133166622
2018-01-03,987.6505343449688
2018-01-04,985.2516340913484
2018-01-05,988.2955023592326
2018-01-08,999.763185052762
2018-01-09,1007.0468698653283
2018-01-10,1008.5197141452475
2018-01-11,1002.9744384530431
2018-01-12,995.6242964405526
2018-01-15,999.734075713562
2018-01-16,1002.2968683359568
2018-01-17,999.8381036334594
2018-01-18,999.2503798944161
2018-01-19,1000.7158637547327
2018-01-22,1002.3176643529524
2018-01-23,995.6376001672708
2018-01-24,987.1337183416138
2018-01-25,978.3904423444324
2018-01-26,983.6055507621229
2018-01-29,981.878593068888
2018-01-30,975.8909532164976
2018-01-31,963.6508610720299
2018-02-01,965.2766944116408
2018-02-02,967.4176173923072
2018-02-05,961.6545029844641
2018-02-06,960.4429964581138
2018-02-07,972.3139568004683
2018-02-08,979.049490009064
2018-02-09,979.4011362922113
2018-02-12,969.7372687220542
2018-02-13,964.8800289799469
2018-02-14,962.5645807164309
2018-02-15,960.7528503432969
2018-02-16,963.1453746121358
2018-02-19,964.8432505254534
2018-02-20,969.3166875589005
2018-02-21,973.0737018453174
2018-02-22,974.6652623824012
2018-02-23,976.5468796025068
2018-02-26,978.4190122996522
2018-02-27,988.6092823187323
2018-02-28,992.3768791578173
2018-03-01,992.677014912711
2018-03-02,983.2270623193016
2018-03-05,981.357874000864
2018-03-06,974.4310848200349
2018-03-07,971.2351243552641
2018-03-08,974.3869098160193
2018-03-09,974.4030353551407
2018-03-12,969.163518579282
2018-03-13,964.3767411851653
2018-03-14,968.580133978646
2018-03-15,973.5849809806026
2018-03-16,976.7612875262171
2018-03-19,974.7357706663265
2018-03-20,972.0212137245661
2018-03-21,971.2746897834382
2018-03-22,972.1164165955628
2018-03-23,968.282776346084
2018-03-26,966.805558155168
2018-03-27,966.8225353038833
2018-03-28,978.9073114829575
2018-03-29,993.2233119654052
2018-03-30,993.2233119654052
2018-04-02,978.8283345428076
2018-04-03,979.9420170119321
2018-04-04,972.4400381861041
2018-04-05,980.1042403628611
2018-04-06,977.3487193488494
2018-04-09,977.6741760289998
2018-04-10,974.1216341669573
2018-04-11,973.6875785048791
2018-04-12,971.8879355397308
2018-04-13,971.1738996258612
2018-04-16,970.6384811700541
2018-04-17,972.2561826560866
2018-04-18,968.9603656765003
2018-04-19,968.3792955935336
2018-04-20,974.9274628792328
2018-04-23,978.8935109106123
2018-04-24,978.763579028515
2018-04-25,985.8164050697222
2018-04-26,988.4239845910549
2018-04-27,988.6655250656313
2018-04-30,986.9251540552378
2018-05-01,994.7899492231829
2018-05-02,998.0501172074283
2018-05-03,999.0738444501369
2018-05-04,1000.7045998754894
2018-05-07,1003.1925882596548
2018-05-08,1006.065750760268
2018-05-09,1004.267493959928
2018-05-10,1002.7749144947946
2018-05-11,997.8751200520073
2018-05-14,992.4802153135242
2018-05-15,1003.8374347911434
2018-05-16,1007.5960203210728
2018-05-17,1003.7288126675263
2018-05-18,1005.9326203448572
2018-05-21,1005.5522809892776
2018-05-22,1000.8576643981925
2018-05-23,1002.0675799172203
2018-05-24,994.5018955128877
2018-05-25,1000.2881796287896
2018-05-28,1004.9111068602612
2018-05-29,1012.390150969548
2018-05-30,1005.866694428435
2018-05-31,1001.7234107492226
2018-06-01,1002.4192524445047
2018-06-04,1002.626661171676
2018-06-05,1008.0191573501453
2018-06-06,1005.5374442081148
2018-06-07,1006.0409237845481
2018-06-08,1010.8186333198258
2018-06-11,1002.9964029309957
2018-06-12,1008.7623369380043
2018-06-13,1015.297991196716
2018-06-14,1029.5333896881705
2018-06-15,1031.4264323565242
2018-06-18,1031.751476251402
2018-06-19,1033.149973596871
2018-06-20,1031.1831657670384
2018-06-21,1028.9974602150166
2018-06-22,1026.5702902107437
2018-06-25,1029.731713585133
2018-06-26,1038.369944300065
2018-06-27,1044.9422730449974
2018-06-28,1042.4396807723815
2018-06-29,1034.148704369251
2018-07-02,1044.8022151907626
2018-07-03,1053.2917572629217
2018-07-04,1079.2923936177874
2018-07-05,1082.844544514894
2018-07-06,1078.2250590549388
2018-07-09,1090.7493681668623
2018-07-10,1103.521896613165
2018-07-11,1116.4436915272686
2018-07-12,1114.4955207928635
2018-07-13,1115.5932178952467
2018-07-16,1117.2876231288235
2018-07-17,1113.3189900361704
2018-07-18,1116.5948476935278
2018-07-19,1120.0471052785513
2018-07-20,1111.662427951451
2018-07-23,1111.9094762796233
2018-07-24,1113.8222790275017
2018-07-25,1113.4709138683515
2018-07-26,1118.182836215492
2018-07-27,1118.85456158374
2018-07-30,1111.21198354582
2018-07-31,1100.003532720125
2018-08-01,1102.4747398354093
2018-08-02,1114.0937040969766
2018-08-03,1116.1882976399893
2018-08-06,1135.0832402297929
2018-08-07,1135.632921241509
2018-08-08,1135.1554800516076
2018-08-09,1136.6146406917892
2018-08-10,1149.6461861064968
2018-08-13,1136.6177552629513
2018-08-14,1139.7649102483444
2018-08-15,1144.1776086319153
2018-08-16,1138.887343832814
2018-08-17,1137.1300451509844
2018-08-20,1135.1148056483537
2018-08-21,1126.8776092350672
2018-08-22,1120.019334057063
2018-08-23,1122.7637888033862
2018-08-24,1117.2361013966836
2018-08-27,1101.5763884757998
2018-08-28,1090.0483076336686
2018-08-29,1093.4092418790642
2018-08-30,1096.0777044208644
2018-08-31,1098.48663323836
2018-09-03,1090.8150628473525
2018-09-04,1108.0526473536152
2018-09-05,1102.7650938103143
2018-09-06,1105.5010483694527
2018-09-07,1109.6632557485025
2018-09-10,1116.3635116551204
2018-09-11,1117.8522599826583
2018-09-12,1113.8030187440115
2018-09-13,1111.2906766588335
2018-09-14,1112.4917028411182
2018-09-17,1108.268984334102
2018-09-18,1105.870030881581
2018-09-19,1103.2510004670123
2018-09-20,1104.2266537796986
2018-09-21,1103.1012784458778
2018-09-24,1088.0923824735507
2018-09-25,1099.516044649775
2018-09-26,1100.6620510392263
2018-09-27,1108.4200316181648
2018-09-28,1113.3735696330075
2018-10-01,1113.926672214571
2018-10-02,1113.8745621875041
2018-10-03,1116.7940813752364
2018-10-04,1115.4861365380348
2018-10-05,1116.2328060771665
2018-10-08,1117.2685502006525
2018-10-09,1115.9343073226848
2018-10-10,1108.0981403434887
2018-10-11,1098.7950522075284
2018-10-12,1098.2360784682849
2018-10-15,1085.6707630755325
2018-10-16,1082.126390256672
2018-10-17,1088.885109863319
2018-10-18,1091.5045294083473
2018-10-19,1090.3854810324167
2018-10-22,1087.2413625261531
2018-10-23,1092.354488863687
2018-10-24,1104.7896865523028
2018-10-25,1108.2337885007314
2018-10-26,1108.8428781068399
2018-10-29,1104.8578289291027
2018-10-30,1109.315463143517
2018-10-31,1113.5486185646014
2018-11-01,1113.9838448269547
2018-11-02,1116.1998221427507
2018-11-05,1114.3614905830918
2018-11-06,1113.3123250223582
2018-11-07,1113.414407438793
2018-11-08,1119.7943181433966
2018-11-09,1126.4144970803377
2018-11-12,1135.037277326632
2018-11-13,1131.4183577192068
2018-11-14,1129.0607048657441
2018-11-15,1127.5161419249364
2018-11-16,1120.045215713577
2018-11-19,1114.075048569405
2018-11-20,1114.9273844413246
2018-11-21,1114.8037410031104
2018-11-22,1114.4496110591554
2018-11-23,1120.3737795609775
2018-11-26,1122.3607481029233
2018-11-27,1131.180906765274
2018-11-28,1134.9859852486056
2018-11-29,1121.94928769491
2018-11-30,1127.8757832573808
2018-12-03,1127.6238185264492
2018-12-04,1136.6768048708873
2018-12-05,1140.3434866217501
2018-12-06,1142.9998904442873
2018-12-07,1142.5832350454104
2018-12-10,1136.9306251781434
2018-12-11,1142.7698729866638
2018-12-12,1136.9884716802553
2018-12-13,1137.6338957398527
2018-12-14,1141.7959250799197
2018-12-17,1141.625893933603
2018-12-18,1127.464104577854
2018-12-19,1122.6427388301834
2018-12-20,1111.278110084601
2018-12-21,1111.541781751147
2018-12-24,1113.4255195972794
2018-12-25,1107.7948973559278
2018-12-26,1106.334071847916
2018-12-27,1111.2163531888361
2018-12-28,1108.5369948172204
2018-12-31,1110.5060795380637
2019-01-01,1110.4853396697965
2019-01-02,1119.9019707555583
2019-01-03,1121.8942654775765
2019-01-04,1120.45486023531
2019-01-07,1128.1154469917344
2019-01-08,1127.9144108957282
2019-01-09,1120.4908536361816
2019-01-10,1131.5261812613955
2019-01-11,1135.4201779282143
2019-01-14,1138.6579511043253
2019-01-15,1141.360721977569
2019-01-16,1142.9456131383884
2019-01-17,1146.5017747453596
2019-01-18,1147.3776274728318
2019-01-21,1149.4741294209919
2019-01-22,1151.7942526366244
2019-01-23,1144.644556292415
2019-01-24,1151.0857443299533
2019-01-25,1146.4432555188027
2019-01-28,1124.364420427287
2019-01-29,1129.4284532822014
2019-01-30,1133.2337674072733
2019-01-31,1129.4870013624197
2019-02-01,1129.5443340497413
2019-02-04,1133.9675384597274
2019-02-05,1139.4987654516533
2019-02-06,1141.7404589263074
2019-02-07,1144.2502694628108
2019-02-08,1146.9320311059037
2019-02-11,1152.3409811635765
2019-02-12,1157.0574660521124
2019-02-13,1150.6252267030156
2019-02-14,1142.3470046125035
2019-02-15,1143.1710549205022
2019-02-18,1141.2601884669507
2019-02-19,1146.9307883575666
2019-02-20,1149.1564121727706
2019-02-21,1152.8388426793333
2019-02-22,1153.652168729109
2019-02-25,1152.7074723784901
2019-02-26,1152.9690933913307
2019-02-27,1157.3316081875178
2019-02-28,1148.7754150632584
2019-03-01,1148.1373740815457
2019-03-04,1166.537245868963
2019-03-05,1174.0282605655202
2019-03-06,1175.78494443638
2019-03-07,1184.59598357648
2019-03-08,1184.2796554843771
2019-03-11,1181.5027623125834
2019-03-12,1179.781038136097
2019-03-13,1175.8637581221546
2019-03-14,1187.4666913765448
2019-03-15,1185.0529687309706
2019-03-18,1190.1286948980737
2019-03-19,1201.1364119897078
2019-03-20,1212.504716916889
2019-03-21,1225.9931139011578
2019-03-22,1234.414142557308
2019-03-25,1239.0015947063168
2019-03-26,1245.4777728184804
2019-03-27,1258.0649263640803
2019-03-28,1259.7248129412903
2019-03-29,1260.2908104653648
2019-04-01,1282.2474441820132
2019-04-02,1302.8025231104543
2019-04-03,1314.5857737318415
2019-04-04,1316.1553837394815
2019-04-05,1315.2221584666295
2019-04-08,1326.957175354218
2019-04-09,1310.676369016488
2019-04-10,1316.839867567867
2019-04-11,1314.951029515419
2019-04-12,1310.5262610299073
2019-04-15,1315.1824550611957
2019-04-16,1324.7354312649788
2019-04-17,1324.4971642611952
2019-04-18,1345.1906470999709
2019-04-19,1345.1906470999709
2019-04-22,1331.2528675116666
2019-04-23,1331.1982702260266
2019-04-24,1336.5224632665108
2019-04-25,1339.3717033096714
2019-04-26,1337.3322475772684
2019-04-29,1318.3244755912708
2019-04-30,1313.3487773397349
2019-05-01,1310.0393563494908
2019-05-02,1332.9905075317952
2019-05-03,1332.5139075737948
2019-05-06,1342.9202192802416
2019-05-07,1366.3026794993004
2019-05-08,1375.18040654057
2019-05-09,1358.3832602654684
2019-05-10,1356.9868524001554
2019-05-13,1312.6366798707995
2019-05-14,1301.1254909886566
2019-05-15,1304.2493237045762
2019-05-16,1323.2126924197678
2019-05-17,1325.524861199927
2019-05-20,1304.6247974934238
2019-05-21,1314.573550257747
2019-05-22,1321.2861486311156
2019-05-23,1314.8654501944889
2019-05-24,1309.5529120077272
2019-05-27,1322.731161907774
2019-05-28,1339.0033074486762
2019-05-29,1354.0758063256653
2019-05-30,1363.0031930155628
2019-05-31,1361.283581126693
2019-06-03,1361.8203556241588
2019-06-04,1358.1554738560303
2019-06-05,1355.7444320311804
2019-06-06,1353.2982597544176
2019-06-07,1346.911814165072
2019-06-10,1380.1807448386037
2019-06-11,1390.251083768372
2019-06-12,1383.3176500869317
2019-06-13,1376.8573515333285
2019-06-14,1381.9495769333137
2019-06-17,1372.3011729460625
2019-06-18,1366.9316089795427
2019-06-19,1364.03256564363
2019-06-20,1368.6903384732914
2019-06-21,1365.1081725082818
2019-06-24,1358.3118791690176
2019-06-25,1363.8000332194629
2019-06-26,1355.7739348753526
2019-06-27,1361.3018132384882
2019-06-28,1359.3314453557364
2019-07-01,1372.4280034425406
2019-07-02,1387.6546672911047
2019-07-03,1398.0775852704132
2019-07-04,1406.124003257991
2019-07-05,1413.9532515502015
2019-07-08,1433.425334663225
2019-07-09,1452.7063038399792
2019-07-10,1456.5319828507154
2019-07-11,1458.3244845128747
2019-07-12,1458.7759901791935
2019-07-15,1446.6757748173984
2019-07-16,1458.20859941059
2019-07-17,1458.858162624485
2019-07-18,1456.9425654789345
2019-07-19,1456.8742523157832
2019-07-22,1440.0799965909325
2019-07-23,1443.3173141382326
2019-07-24,1448.0617712819565
2019-07-25,1455.5278627469756
2019-07-26,1458.9390212320118
2019-07-29,1470.7030828680768
2019-07-30,1464.5340990643183
2019-07-31,1466.740379220459
2019-08-01,1477.0262346330226
2019-08-02,1472.0241684606353
2019-08-05,1457.582603678234
2019-08-06,1452.9232416974883
2019-08-07,1457.5522750185105
2019-08-08,1457.6602410555672
2019-08-09,1457.7390102635056
2019-08-12,1455.642660398594
2019-08-13,1461.0209225241922
2019-08-14,1466.3104706156641
2019-08-15,1459.644158120131
2019-08-16,1460.1699428589736
2019-08-19,1447.0954191510314
2019-08-20,1455.0993142142668
2019-08-21,1447.2125790645002
2019-08-22,1450.625992724741
2019-08-23,1446.9619552604745
2019-08-26,1429.467286403434
2019-08-27,1433.3975366564175
2019-08-28,1438.332447679807
2019-08-29,1438.7270713693154
2019-08-30,1445.2034444566689
2019-09-02,1453.3944633793383
2019-09-03,1456.2044783184651
2019-09-04,1446.1379414688554
2019-09-05,1445.5155408382282
2019-09-06,1444.994235316232
2019-09-09,1419.756753529593
2019-09-10,1422.2302697959317
2019-09-11,1396.020790627096
2019-09-12,1389.6364558048544
2019-09-13,1383.295420068036
2019-09-16,1363.2586158581894
2019-09-17,1348.8667229854989
2019-09-18,1317.2518702726632
2019-09-19,1334.0719626583657
2019-09-20,1339.6984685634152
2019-09-23,1390.7086605185261
2019-09-24,1393.6121764721745
2019-09-25,1398.3296855496308
2019-09-26,1391.2444755336924
2019-09-27,1390.300832533048
2019-09-30,1386.9795151549627
2019-10-01,1381.8393748379556
2019-10-02,1371.1070636168186
2019-10-03,1367.3496507026712
2019-10-04,1367.9632744843195
2019-10-07,1387.0326420076822
2019-10-08,1393.1988690118467
2019-10-09,1381.761262870387
2019-10-10,1381.8128542492502
2019-10-11,1379.3549946220342
2019-10-14,1384.1765004335152
2019-10-15,1385.6993651538287
2019-10-16,1395.0839504605588
2019-10-17,1388.9351252595368
2019-10-18,1386.18632772024
2019-10-21,1380.7202094076588
2019-10-22,1387.742807868015
2019-10-23,1388.730517599108
2019-10-24,1389.5945549377225
2019-10-25,1391.2859737900949
2019-10-28,1389.9914130471377
2019-10-29,1385.6480729650284
2019-10-30,1376.4481791086914
2019-10-31,1369.598226927178
2019-11-01,1367.6466467736436
2019-11-04,1360.8663639112958
2019-11-05,1365.6959463719347
2019-11-06,1366.987033412046
2019-11-07,1375.2477578753246
2019-11-08,1377.8115674639846
2019-11-11,1393.592375405744
2019-11-12,1393.9248631475452
2019-11-13,1394.9105743685616
2019-11-14,1392.7863726847997
2019-11-15,1386.5960678382316
2019-11-18,1387.2786515119392
2019-11-19,1394.6191376343313
2019-11-20,1398.1505186047084
2019-11-21,1396.4853052043427
2019-11-22,1401.3197232783602
2019-11-25,1426.1850719924669
2019-11-26,1417.7621907563225
2019-11-27,1431.1553061324712
2019-11-28,1443.4359034868137
2019-11-29,1442.0212350596944
2019-12-02,1463.8674366858756
2019-12-03,1455.3344367685277
2019-12-04,1458.6733320105895
2019-12-05,1461.6008479414506
2019-12-06,1467.7235975147025
2019-12-09,1480.5993323549972
2019-12-10,1478.360411683339
2019-12-11,1480.590947884119
2019-12-12,1483.3221136482373
2019-12-13,1481.9634414170794
2019-12-16,1490.4084296348858
2019-12-17,1484.2773057302968
2019-12-18,1491.9146407816381
2019-12-19,1500.9255554814476
2019-12-20,1504.792912080784
2019-12-23,1526.4135379372108
2019-12-24,1527.784045439097
2019-12-25,1525.2489629811207
2019-12-26,1517.065738285683
2019-12-27,1508.878329625352
2019-12-30,1509.5376889413646
2019-12-31,1508.9607072187819
2020-01-01,1509.110456850817
2020-01-02,1512.8176105670248
2020-01-03,1518.5039932412858
2020-01-06,1459.7945077212037
2020-01-07,1484.0949035915855
2020-01-08,1485.5846918529128
2020-01-09,1513.2717030492568
2020-01-10,1510.1746964480747
2020-01-13,1509.8297980668503
2020-01-14,1537.0043857396035
2020-01-15,1542.006921162856
2020-01-16,1546.2484617784467
2020-01-17,1552.3293925772152
2020-01-20,1559.7122267753996
2020-01-21,1553.1307331128294
2020-01-22,1553.144026648985
2020-01-23,1560.2220097820023
2020-01-24,1563.5237285377416
2020-01-27,1544.7117746564177
2020-01-28,1550.042664810312
2020-01-29,1557.4276749216776
2020-01-30,1548.730799515164
2020-01-31,1542.5651177430557
2020-02-03,1536.2285437407954
2020-02-04,1541.1857653568804
2020-02-05,1541.9895008384783
2020-02-06,1548.4709455008278
2020-02-07,1550.5795192584962
2020-02-10,1537.906867068287
2020-02-11,1544.554212010049
2020-02-12,1542.0018676129005
2020-02-13,1545.905112862667
2020-02-14,1546.1325760482443
2020-02-17,1543.660389967495
2020-02-18,1531.1153909044467
2020-02-19,1528.2638104886175
2020-02-20,1541.2326872873482
2020-02-21,1534.3445758485873
2020-02-24,1508.0619378845288
2020-02-25,1507.2205844438927
2020-02-26,1507.02239762933
2020-02-27,1490.4978096637317
2020-02-28,1491.467998618443
2020-03-02,1403.3663096549474
2020-03-03,1421.9620390196912
2020-03-04,1413.4012242012618
2020-03-05,1395.1782916737038
2020-03-06,1381.9630747187862
2020-03-09,1120.1408804415928
2020-03-10,1133.212353158184
2020-03-11,1150.7717885404545
2020-03-12,1153.8475409375371
2020-03-13,1153.8354173117943
2020-03-16,1039.9352938208292
2020-03-17,1050.9126715688747
2020-03-18,1055.3698291524115
2020-03-19,1112.6049196765864
2020-03-20,1113.2442932668102
2020-03-23,1123.693777085505
2020-03-24,1159.5523746082429
2020-03-25,1195.6694867984006
2020-03-26,1169.5417871789857
2020-03-27,1165.9215728396475
2020-03-30,1135.539390353664
2020-03-31,1150.8205749803487
2020-04-01,1146.0316306450966
2020-04-02,1139.4463399191493
2020-04-03,1149.80692777295
2020-04-06,1162.1072279077907
2020-04-07,1157.0074779283634
2020-04-08,1151.2303513112613
2020-04-09,1113.6292388958043
2020-04-10,1113.6292388958043
2020-04-13,1142.2515633926462
2020-04-14,1177.503705143866
2020-04-15,1167.35683871162
2020-04-16,1167.3300272950448
2020-04-17,1162.791884521887
2020-04-20,1175.881535157366
2020-04-21,1150.410550892418
2020-04-22,1157.1451661353778
2020-04-23,1155.4819711271332
2020-04-24,1157.1464866926958
2020-04-27,1187.8092667491198
2020-04-28,1205.1851215558647
2020-04-29,1214.173414587158
2020-04-30,1223.0435832826547
2020-05-01,1215.933380488876
2020-05-04,1189.3079230534897
2020-05-05,1217.132883936088
2020-05-06,1224.1426079716816
2020-05-07,1218.9150965490628
2020-05-08,1208.2646542246516
2020-05-11,1186.2767153539405
2020-05-12,1179.7064692915847
2020-05-13,1167.3214919029706
2020-05-14,1167.0039216848568
2020-05-15,1167.0159055290796
2020-05-18,1198.5701880913612
2020-05-19,1206.4291955892163
2020-05-20,1201.5183980445997
2020-05-21,1213.1072211753362
2020-05-22,1218.1358463084105
2020-05-25,1217.800379512713
2020-05-26,1207.7196966370013
2020-05-27,1239.9921514281675
2020-05-28,1235.4116879833102
2020-05-29,1228.6654920093129
2020-06-01,1224.1887265479365
2020-06-02,1224.2302497964874
2020-06-03,1219.7562032149976
2020-06-04,1205.6518897319531
2020-06-05,1208.56979203625
2020-06-08,1230.8765152940682
2020-06-09,1238.0185623451846
2020-06-10,1239.407961723565
2020-06-11,1218.476269730303
2020-06-12,1231.7999662262228
2020-06-15,1207.7306471554084
2020-06-16,1228.265281416394
2020-06-17,1224.7443787529082
2020-06-18,1219.54668135263
2020-06-19,1223.1633306501835
2020-06-22,1227.7690060347982
2020-06-23,1235.3305386099764
2020-06-24,1256.016451285902
2020-06-25,1261.1443167329599
2020-06-26,1262.4390105057173
2020-06-29,1250.601327985149
2020-06-30,1250.2020492543038
2020-07-01,1238.0283240161434
2020-07-02,1246.926372586969
2020-07-03,1245.380702085919
2020-07-06,1242.8979195068182
2020-07-07,1248.4897983973588
2020-07-08,1239.5647625244846
2020-07-09,1241.2891008595561
2020-07-10,1238.842128022237
2020-07-13,1245.968474168333
2020-07-14,1222.7245626894965
2020-07-15,1218.6480656091994
2020-07-16,1208.323872789168
2020-07-17,1209.322268886785
2020-07-20,1192.4095792424196
2020-07-21,1186.0443815267506
2020-07-22,1147.858654946259
2020-07-23,1153.0564225693
2020-07-24,1150.56886161332
2020-07-27,1150.9071980139774
2020-07-28,1180.5305353993201
2020-07-29,1165.7717994968568
2020-07-30,1164.088988592341
2020-07-31,1162.1143163810925
2020-08-03,1169.1016184609596
2020-08-04,1175.171905494638
2020-08-05,1168.166762837497
2020-08-06,1169.9769844503971
2020-08-07,1174.7911259342688
2020-08-10,1189.0287699019643
2020-08-11,1199.9559591191228
2020-08-12,1209.1510983944445
2020-08-13,1201.094719835271
2020-08-14,1202.2620622051766
2020-08-17,1224.4501845981893
2020-08-18,1212.3144216517155
2020-08-19,1219.2727936264403
2020-08-20,1224.3456102145815
2020-08-21,1230.7898080016948
2020-08-24,1227.5369197608998
2020-08-25,1241.1512906902753
2020-08-26,1245.3771695883872
2020-08-27,1251.6558806562728
2020-08-28,1241.3841668621365
2020-08-31,1233.9865014084141
2020-09-01,1246.9630523310648
2020-09-02,1254.3504591916949
2020-09-03,1252.9106532277642
2020-09-04,1256.8452526392646
2020-09-07,1243.6141472537881
2020-09-08,1246.7833654811561
2020-09-09,1246.4248628048526
2020-09-10,1241.4939764398907
2020-09-11,1245.6389356208033
2020-09-14,1252.0817065779763
2020-09-15,1252.236061903582
2020-09-16,1265.9809124889969
2020-09-17,1281.6331449400375
2020-09-18,1275.9598110353706
2020-09-21,1309.2807371892957
2020-09-22,1323.2889290551911
2020-09-23,1339.0479297252698
2020-09-24,1338.5997282578383
2020-09-25,1341.055966903036
2020-09-28,1325.9024186434397
2020-09-29,1288.514164459155
2020-09-30,1290.097489413799
2020-10-01,1289.666443200868
2020-10-02,1292.302909429091
2020-10-05,1317.436592014607
2020-10-06,1328.8493676048859
2020-10-07,1342.217782983433
2020-10-08,1353.1742917630227
2020-10-09,1345.6149787784398
2020-10-12,1360.6687247997706
2020-10-13,1364.4354624934474
2020-10-14,1357.485294047861
2020-10-15,1362.334307091957
2020-10-16,1359.9443288167902
2020-10-19,1324.170060899626
2020-10-20,1321.480740675074
2020-10-21,1324.1686057188856
2020-10-22,1319.5694659224039
2020-10-23,1318.007835542767
2020-10-26,1283.9776897686381
2020-10-27,1271.1029635948653
2020-10-28,1283.8958246807415
2020-10-29,1294.2484909916989
2020-10-30,1294.5952204063005
2020-11-02,1276.3902742851085
2020-11-03,1292.4189410770744
2020-11-04,1292.95131825559
2020-11-05,1284.3225882598515
2020-11-06,1279.4534661649666
2020-11-09,1305.093041431266
2020-11-10,1317.3248117569171
2020-11-11,1308.4603144234902
2020-11-12,1298.9457076538308
2020-11-13,1298.2279415833061
2020-11-16,1279.5261902229684
2020-11-17,1283.951950373378
2020-11-18,1285.9926348022952
2020-11-19,1300.5519252221643
2020-11-20,1300.325446312663
2020-11-23,1314.5599094896431
2020-11-24,1310.1176824759132
2020-11-25,1304.10065273908
2020-11-26,1304.2361559343055
2020-11-27,1299.9660511178624
2020-11-30,1273.1484256994706
2020-12-01,1270.4710351023891
2020-12-02,1272.2794950332902
2020-12-03,1269.579324543932
2020-12-04,1271.4565915308428
2020-12-07,1276.4744279435781
2020-12-08,1275.7478742482162
2020-12-09,1268.4994120258898
2020-12-10,1264.8246849681843
2020-12-11,1267.0913966678243
2020-12-14,1264.119104319609
2020-12-15,1264.1095120247016
2020-12-16,1259.5404490995693
2020-12-17,1254.9074592904792
2020-12-18,1255.9844569873649
2020-12-21,1254.6816623194215
2020-12-22,1259.4849239102998
2020-12-23,1257.7616694548688
2020-12-24,1255.4381652521095
2020-12-25,1255.4381652521095
2020-12-28,1249.6410326205162
2020-12-29,1255.9119016524205
2020-12-30,1227.313347886878
2020-12-31,1248.2047999550425
2021-01-01,1248.2047999550425
2021-01-04,1245.2357606967505
2021-01-05,1220.4722051265162
2021-01-06,1220.327056919452
2021-01-07,1214.1270201991344
2021-01-08,1214.442208207183
2021-01-11,1230.906137197633
2021-01-12,1234.253267081243
2021-01-13,1225.398095629725
2021-01-14,1235.3698721228873
2021-01-15,1239.7692159841872
2021-01-18,1236.504183243969
2021-01-19,1231.1031694246326
2021-01-20,1233.7547625326872
2021-01-21,1236.459616042459
2021-01-22,1234.224897492208
2021-01-25,1244.8393126691137
2021-01-26,1237.9631752663406
2021-01-27,1250.5539277210576
2021-01-28,1241.9010796374787
2021-01-29,1239.1921835464098
2021-02-01,1259.4041710909837
2021-02-02,1262.2049489171413
2021-02-03,1263.6407872067336
2021-02-04,1262.250387521164
2021-02-05,1257.3488523744304
2021-02-08,1251.1444961982154
2021-02-09,1250.3827659153808
2021-02-10,1244.7068829777656
2021-02-11,1243.244683168058
2021-02-12,1244.6296568217915
2021-02-15,1242.1788227267236
2021-02-16,1253.7284042276103
2021-02-17,1265.0857595723767
2021-02-18,1263.6669167321463
2021-02-19,1258.0088728636003
2021-02-22,1263.4388751234496
2021-02-23,1232.1148430510466
2021-02-24,1241.2104534824562
2021-02-25,1233.4752499726962
2021-02-26,1242.1834850979544
2021-03-01,1257.0392589285807
2021-03-02,1253.16655540517
2021-03-03,1258.0812073485608
2021-03-04,1261.0170454809488
2021-03-05,1274.9942266047615
2021-03-08,1282.2899650298705
2021-03-09,1270.4275147956128
2021-03-10,1267.2737728924642
2021-03-11,1265.7637598807676
2021-03-12,1268.1493927001106
2021-03-15,1267.3376332239498
2021-03-16,1277.5124642006324
2021-03-17,1273.357778348492
2021-03-18,1276.5321737225297
2021-03-19,1278.1935573820201
2021-03-22,1283.7663660399721
2021-03-23,1285.421049402153
2021-03-24,1294.4077166990917
2021-03-25,1294.3228802765154
2021-03-26,1291.9921153737534
2021-03-29,1300.077511811597
2021-03-30,1301.4197529433577
2021-03-31,1302.161708419144
2021-04-01,1304.4402803991343
2021-04-02,1304.4402803991343
2021-04-05,1311.1413012823502
2021-04-06,1307.4212896263598
2021-04-07,1298.5317409037773
2021-04-08,1295.9520011454617
2021-04-09,1296.9508570672099
2021-04-12,1309.6413999858041
2021-04-13,1311.5647776161572
2021-04-14,1313.0387264005922
2021-04-15,1316.7653806868088
2021-04-16,1315.7211575458994
2021-04-19,1312.823367604854
2021-04-20,1313.570434686126
2021-04-21,1316.228507666051
2021-04-22,1318.0044452728066
2021-04-23,1315.0511177469864
2021-04-26,1309.6878237014757
2021-04-27,1302.7330575303781
2021-04-28,1304.3088413124306
2021-04-29,1299.7415786519678
2021-04-30,1307.7940249422973
2021-05-03,1310.0858389278285
2021-05-04,1315.2745247285698
2021-05-05,1330.9448811458494
2021-05-06,1333.2917671434807
2021-05-07,1324.1776824232609
2021-05-10,1330.2627240275813
2021-05-11,1337.3787054956363
2021-05-12,1345.4429746368583
2021-05-13,1345.665840791345
2021-05-14,1339.1304400544893
2021-05-17,1336.251091457801
2021-05-18,1336.2260737914053
2021-05-19,1335.008618623698
2021-05-20,1337.2285482515679
2021-05-21,1340.1568594450791
2021-05-24,1340.8118991078807
2021-05-25,1336.4767889876293
2021-05-26,1339.1717148237674
2021-05-27,1333.6153519900963
2021-05-28,1335.8746572575724
2021-05-31,1324.494525431862
2021-06-01,1316.4676523568332
2021-06-02,1328.625538602053
2021-06-03,1357.627269879766
2021-06-04,1354.5743448781523
2021-06-07,1361.7584281163586
2021-06-08,1368.1988127852924
2021-06-09,1376.078630969479
2021-06-10,1380.6073761823732
2021-06-11,1387.6184288750953
2021-06-14,1405.5422238538224
2021-06-15,1410.5684073488474
2021-06-16,1410.7215761601842
2021-06-17,1432.004874816832
2021-06-18,1442.3922246172915
2021-06-21,1431.6279895928321
2021-06-22,1444.1553303841672
2021-06-23,1446.0053184006688
2021-06-24,1447.9914850010853
2021-06-25,1445.0589187417966
2021-06-28,1457.9078908015363
2021-06-29,1470.3378749212386
2021-06-30,1466.5137465619525
2021-07-01,1468.7153997458054
2021-07-02,1471.8157868937956
2021-07-05,1460.1489193607827
2021-07-06,1458.0772042325436
2021-07-07,1461.2367020100437
2021-07-08,1460.0505473910132
2021-07-09,1458.754440950944
2021-07-12,1458.6164013251405
2021-07-13,1463.2499452174332
2021-07-14,1473.4594927308447
2021-07-15,1474.793759947772
2021-07-16,1475.9801890035346
2021-07-19,1478.5050967846596
2021-07-20,1483.8434202475264
2021-07-21,1480.5707452739134
2021-07-22,1480.0685376859465
2021-07-23,1483.9330690432378
2021-07-26,1486.9668451674916
2021-07-27,1483.6966792820622
2021-07-28,1483.4568561552142
2021-07-29,1472.9790448776114
2021-07-30,1476.3355889456902
2021-08-02,1472.1474436521112
2021-08-03,1491.021469553627
2021-08-04,1491.8094622271244
2021-08-05,1500.6817296211905
2021-08-06,1510.699035384393
2021-08-09,1507.13653639249
2021-08-10,1518.9058935172127
2021-08-11,1521.9006832043567
2021-08-12,1527.642727865857
2021-08-13,1519.417058975882
2021-08-16,1527.385414682481
2021-08-17,1538.3276536062476
2021-08-18,1536.3851662435034
2021-08-19,1538.7727583359763
2021-08-20,1539.06497865192
2021-08-23,1533.6878704030762
2021-08-24,1536.5934557541832
2021-08-25,1556.2282576355904
2021-08-26,1564.6984823595192
2021-08-27,1560.516571431781
2021-08-30,1549.5112555567719
2021-08-31,1533.0079087994143
2021-09-01,1543.633429078381
2021-09-02,1543.5642894919304
2021-09-03,1541.7743339503945
2021-09-06,1538.2295748987779
2021-09-07,1540.2613538124788
2021-09-08,1549.3788222310748
2021-09-09,1550.237133394392
2021-09-10,1548.0102517122166
2021-09-13,1547.8547660713757
2021-09-14,1552.1851173880032
2021-09-15,1551.2296496093813
2021-09-16,1563.463465766533
2021-09-17,1566.993480407652
2021-09-20,1582.6282453428782
2021-09-21,1577.5281220139768
2021-09-22,1582.9532158513528
2021-09-23,1596.4990291044005
2021-09-24,1601.40567229796
2021-09-27,1599.6618205135553
2021-09-28,1609.48754073041
2021-09-29,1614.6980120821063
2021-09-30,1619.0379714046098
2021-10-01,1618.060670857045
2021-10-04,1616.8729207776157
2021-10-05,1618.7972125378312
2021-10-06,1625.6120389753567
2021-10-07,1624.86692605503
2021-10-08,1622.9716691428353
2021-10-11,1618.4293112428898
2021-10-12,1629.033098085022
2021-10-13,1629.9077075962427
2021-10-14,1630.0113020603833
2021-10-15,1627.7640761043306
2021-10-18,1631.8915056307644
2021-10-19,1633.302257316559
2021-10-20,1638.0428284994987
2021-10-21,1641.1887532675273
2021-10-22,1641.1182948142034
2021-10-25,1669.2639550340646
2021-10-26,1666.4081410152357
2021-10-27,1672.308812793463
2021-10-28,1668.3526763867894
2021-10-29,1683.3458652694187
2021-11-01,1677.902485348858
2021-11-02,1693.3038005813855
2021-11-03,1701.7439323139122
2021-11-04,1712.8423318767896
2021-11-05,1711.5081693438462
2021-11-08,1706.9927422386636
2021-11-09,1712.8733070916826
2021-11-10,1722.7469205581112
2021-11-11,1728.5045714143778
2021-11-12,1732.5069630559944
2021-11-15,1735.12102886476
2021-11-16,1749.951865811715
2021-11-17,1758.236727481708
2021-11-18,1759.5433792621955
2021-11-19,1764.3629811846283
2021-11-22,1768.6554470213346
2021-11-23,1763.5068781154807
2021-11-24,1790.418210811999
2021-11-25,1775.7126716751195
2021-11-26,1759.0816407384748
2021-11-29,1738.7204301515653
2021-11-30,1690.2012957501152
2021-12-01,1709.4162858595403
2021-12-02,1724.9892011359382
2021-12-03,1731.061420387949
2021-12-06,1740.546856720444
2021-12-07,1740.7024582983636
2021-12-08,1737.7225448638706
2021-12-09,1754.804307623363
2021-12-10,1751.5538884329312
2021-12-13,1749.3678875764729
2021-12-14,1754.6660260486967
2021-12-15,1752.2450655246182
2021-12-16,1743.3733029093573
2021-12-17,1748.4383481763914
2021-12-20,1736.9794820697684
2021-12-21,1744.5343378552188
2021-12-22,1749.8636661711255
2021-12-23,1754.468898511884
2021-12-24,1751.2941600160332
2021-12-27,1750.3139522612732
2021-12-28,1763.7000707104057
2021-12-29,1756.0650535058205
2021-12-30,1753.8215255283187
2021-12-31,1747.498391291011
2022-01-03,1768.0322825836229
2022-01-04,1768.5490566569297
2022-01-05,1764.743152893245
2022-01-06,1764.214031336315
2022-01-07,1756.090252626933
2022-01-10,1774.169946811619
2022-01-11,1773.657193740003
2022-01-12,1759.5911854873298
2022-01-13,1766.8851368598282
2022-01-14,1771.05760361937
2022-01-17,1785.4566936947995
2022-01-18,1790.1330711325177
2022-01-19,1792.050729172651
2022-01-20,1786.8337388791363
2022-01-21,1786.9912107870307
2022-01-24,1782.016874554097
2022-01-25,1780.7968370368296
2022-01-26,1785.4234187550467
2022-01-27,1802.8884403990307
2022-01-28,1800.2241925582186
2022-01-31,1786.6825345691075
2022-02-01,1784.0968048813763
2022-02-02,1778.0500175742936
2022-02-03,1758.1542442792274
2022-02-04,1754.2740910053155
2022-02-07,1759.0062999345091
2022-02-08,1768.2169669463233
2022-02-09,1771.3689544678734
2022-02-10,1773.4715389733417
2022-02-11,1783.7024334190205
2022-02-14,1785.366038697924
2022-02-15,1789.8246292792057
2022-02-16,1814.1152870940227
2022-02-17,1821.4017880883546
2022-02-18,1825.5035862993018
2022-02-21,1824.6807966015188
2022-02-22,1818.7252761647849
2022-02-23,1861.4326213839618
2022-02-24,1874.8044092352616
2022-02-25,1852.8031681531759
2022-02-28,1876.3341447269527
2022-03-01,1893.5260702119813
2022-03-02,1905.0539163073324
2022-03-03,1924.7156866582006
2022-03-04,1949.9214509507158
2022-03-07,1991.3308446298563
2022-03-08,1996.3690565823845
2022-03-09,1974.3387988662919
2022-03-10,1995.676823196445
2022-03-11,2004.739962472828
2022-03-14,1970.592359227901
2022-03-15,1963.9032148853219
2022-03-16,1946.462180492343
2022-03-17,1923.85473505565
2022-03-18,1934.476551486695
2022-03-21,1925.8002588144911
2022-03-22,1955.5131818491127
2022-03-23,1975.9180461674605
2022-03-24,1989.3721120496778
2022-03-25,1993.6241973970596
2022-03-28,2055.5948537711997
2022-03-29,2029.970356328776
2022-03-30,2015.6831949731757
2022-03-31,2039.6661220095068
2022-04-01,2056.2141598603152
2022-04-04,2057.1412813615625
2022-04-05,2089.665301588679
2022-04-06,2134.9795668178613
2022-04-07,2150.872035710371
2022-04-08,2158.4771727047346
2022-04-11,2161.3196237290927
2022-04-12,2174.139800931119
2022-04-13,2180.5507810160666
2022-04-14,2186.9630130649657
2022-04-15,2186.9630130649657
2022-04-18,2180.1244438070794
2022-04-19,2183.193918946275
2022-04-20,2171.9209471863314
2022-04-21,2162.545934459186
2022-04-22,2176.3936138687427
2022-04-25,2166.9228529021007
2022-04-26,2178.7875041729803
2022-04-27,2189.244003797681
2022-04-28,2208.4607981343925
2022-04-29,2201.552489082927
2022-05-02,2207.263805441629
2022-05-03,2203.8504515424715
2022-05-04,2201.7263123927896
2022-05-05,2203.3976957563086
2022-05-06,2192.6124900961067
2022-05-09,2196.2021923394946
2022-05-10,2168.6302367747326
2022-05-11,2165.915460446007
2022-05-12,2134.1694282372355
2022-05-13,2137.865137478495
2022-05-16,2127.622664597645
2022-05-17,2101.4078318832794
2022-05-18,2113.965828841304
2022-05-19,2057.4280190463587
2022-05-20,2063.70494808636
2022-05-23,2006.621848406443
2022-05-24,1987.3294645858484
2022-05-25,1996.3664663944921
2022-05-26,1995.291554309672
2022-05-27,1996.6888173028863
2022-05-30,2014.5296100257585
2022-05-31,2033.4458110744877
2022-06-01,2034.049772186882
2022-06-02,2026.0798772912437
2022-06-03,2024.938290102536
2022-06-06,2018.6967556212535
2022-06-07,1999.9349515583203
2022-06-08,2004.324077322383
2022-06-09,2022.5012799929304
2022-06-10,2045.5486332619257
2022-06-13,2030.6078841372607
2022-06-14,2022.3053246734432
2022-06-15,2032.5946087302689
2022-06-16,2019.5797128803295
2022-06-17,2027.0149334345626
2022-06-20,1993.6302888380592
2022-06-21,1998.3408543462117
2022-06-22,1979.4840733404876
2022-06-23,1978.6620169372236
2022-06-24,1975.6596372823324
2022-06-27,1967.9675624958243
2022-06-28,1980.5209903075627
2022-06-29,2001.959509831946
2022-06-30,2015.4007462897696
2022-07-01,2027.6194102955683
2022-07-04,2061.6406341768193
2022-07-05,2100.831668117263
2022-07-06,2103.5791147979908
2022-07-07,2120.6097248761293
2022-07-08,2119.8801692623233
2022-07-11,2138.8011010056275
2022-07-12,2146.0961984173873
2022-07-13,2132.9491401198034
2022-07-14,2151.623799831119
2022-07-15,2134.0161285947975
2022-07-18,2109.471431747576
2022-07-19,2109.145037607549
2022-07-20,2142.299777893391
2022-07-21,2169.749511241173
2022-07-22,2161.4715667990436
2022-07-25,2179.618222599863
2022-07-26,2230.9016538754054
2022-07-27,2282.7223622769093
2022-07-28,2271.115775629926
2022-07-29,2261.983647272075
2022-08-01,2266.117695185898
2022-08-02,2296.831135686051
2022-08-03,2314.7819907238845
2022-08-04,2295.206251029622
2022-08-05,2305.6494038810733
2022-08-08,2288.6725612934983
2022-08-09,2282.348996981839
2022-08-10,2238.8253551843723
2022-08-11,2252.3685555882794
2022-08-12,2274.5175838838386
2022-08-15,2282.131025099447
2022-08-16,2285.6755709042695
2022-08-17,2288.714225054791
2022-08-18,2290.0228612068004
2022-08-19,2310.150401768709
2022-08-22,2330.4056850805955
2022-08-23,2319.5320647488597
2022-08-24,2308.0065014310085
2022-08-25,2308.891239969866
2022-08-26,2300.823432512276
2022-08-29,2325.018641826911
2022-08-30,2318.6183734650585
2022-08-31,2308.9109018615472
2022-09-01,2342.166812575445
2022-09-02,2320.854617046727
2022-09-05,2339.1668114846225
2022-09-06,2327.3072461382053
2022-09-07,2312.6165464627925
2022-09-08,2311.7103728592915
2022-09-09,2291.9811539650123
2022-09-12,2265.0645944984185
2022-09-13,2291.1037589292578
2022-09-14,2296.7740293992442
2022-09-15,2298.1200565930326
2022-09-16,2290.1010942301637
2022-09-19,2286.5496812052
2022-09-20,2291.8328990027485
2022-09-21,2324.743612468711
2022-09-22,2328.2514819416674
2022-09-23,2354.5108900119926
2022-09-26,2336.736717963408
2022-09-27,2351.9185328837953
2022-09-28,2345.009283027764
2022-09-29,2318.8289983932987
2022-09-30,2311.8455439449885
2022-10-03,2315.301724199098
2022-10-04,2284.2292500859826
2022-10-05,2306.6615244240083
2022-10-06,2318.734038468351
2022-10-07,2331.918095750517
2022-10-10,2339.9188174723813
2022-10-11,2335.5795148559923
2022-10-12,2339.991372043279
2022-10-13,2332.661724477626
2022-10-14,2323.9999045255495
2022-10-17,2307.235878786444
2022-10-18,2286.6157871224705
2022-10-19,2303.6545067780457
2022-10-20,2282.4988938133106
2022-10-21,2292.6446562811307
2022-10-24,2247.2293965882623
2022-10-25,2245.0407941781104
2022-10-26,2223.9448499484865
2022-10-27,2240.263340086774
2022-10-28,2250.892123789254
2022-10-31,2253.0560335517002
2022-11-01,2266.2907549900824
2022-11-02,2259.9106105321675
2022-11-03,2291.1693698124427
2022-11-04,2259.4488702253266
2022-11-07,2245.2937331774865
2022-11-08,2244.41731218934
2022-11-09,2254.9419482684257
2022-11-10,2211.220504441066
2022-11-11,2180.1715553156173
2022-11-14,2199.380795885788
2022-11-15,2172.4102142503148
2022-11-16,2170.8637548333827
2022-11-17,2195.254529591492
2022-11-18,2188.474802240536
2022-11-21,2207.3618326005776
2022-11-22,2194.4091595143577
2022-11-23,2189.216095654963
2022-11-24,2179.566336767848
2022-11-25,2180.19466512131
2022-11-28,2194.976350302194
2022-11-29,2207.8128297822605
2022-11-30,2221.5269538597763
2022-12-01,2179.82030489902
2022-12-02,2182.6908501900175
2022-12-05,2197.4493582825157
2022-12-06,2204.671418044411
2022-12-07,2220.8036697433304
2022-12-08,2217.0899152620127
2022-12-09,2218.1416158052803
2022-12-12,2239.2130317143706
2022-12-13,2210.874809284149
2022-12-14,2201.9995997079436
2022-12-15,2198.500255449316
2022-12-16,2205.2389460427603
2022-12-19,2203.343613329147
2022-12-20,2185.4966312748893
2022-12-21,2180.4069970571218
2022-12-22,2192.2182829376816
2022-12-23,2189.5331331116868
2022-12-26,2182.689516014689
2022-12-27,2187.3880509057226
2022-12-28,2195.7629205226103
2022-12-29,2183.091762493439
2022-12-30,2182.209224512653
2023-01-02,2177.8617232997
2023-01-03,2204.863842698315
2023-01-04,2202.994567339238
2023-01-05,2231.1205026974635
2023-01-06,2213.3053954962984
2023-01-09,2179.6793510170514
2023-01-10,2174.2531776114506
2023-01-11,2175.15706268822
2023-01-12,2163.055447741563
2023-01-13,2158.7908784814517
2023-01-16,2155.1803922983263
2023-01-17,2152.7377761699
2023-01-18,2161.309005334018
2023-01-19,2170.0075938157433
2023-01-20,2161.5294341235804
2023-01-23,2157.105838719317
2023-01-24,2161.7543293763206
2023-01-25,2142.3359758913184
2023-01-26,2154.227857191659
2023-01-27,2156.9105817958825
2023-01-30,2156.517262736286
2023-01-31,2148.25522243052
2023-02-01,2135.389541580616
2023-02-02,2138.8587197599836
2023-02-03,2155.534527744144
2023-02-06,2206.1298887179632
2023-02-07,2209.047517970367
2023-02-08,2206.107263623593
2023-02-09,2203.6096737283324
2023-02-10,2221.2567141539193
2023-02-13,2214.0325687711616
2023-02-14,2167.617865306016
2023-02-15,2189.1013074265074
2023-02-16,2191.4867491515474
2023-02-17,2193.4391216480954
2023-02-20,2199.1451043492875
2023-02-21,2187.131732476143
2023-02-22,2199.2020477853002
2023-02-23,2208.1748624848474
2023-02-24,2219.695956962547
2023-02-27,2214.0931558136754
2023-02-28,2228.0914118805513
2023-03-01,2210.9416115104955
2023-03-02,2231.4211200213226
2023-03-03,2234.158414152983
2023-03-06,2222.1651206021847
2023-03-07,2243.0115887700417
2023-03-08,2255.7842524506414
2023-03-09,2247.433985351052
2023-03-10,2222.515068180142
2023-03-13,2219.4787823633296
2023-03-14,2224.4211884070105
2023-03-15,2258.979237170409
2023-03-16,2234.7702856959
2023-03-17,2229.6191295444332
2023-03-20,2207.8685701394593
2023-03-21,2210.716279552994
2023-03-22,2226.2753409140787
2023-03-23,2206.005106518807
2023-03-24,2232.306233843016
2023-03-27,2229.0007817545848
2023-03-28,2229.8438310704314
2023-03-29,2240.1305929533005
2023-03-30,2226.0133362765037
2023-03-31,2236.116820741666
2023-04-03,2240.790452505711
2023-04-04,2250.129050096072
2023-04-05,2265.036541232703
2023-04-06,2253.5051407367732
2023-04-07,2253.5051407367732
2023-04-10,2254.666156553119
2023-04-11,2255.3603204925535
2023-04-12,2236.258888686285
2023-04-13,2242.447813682956
2023-04-14,2250.770734102624
2023-04-17,2282.7006372313713
2023-04-18,2250.8113675028467
2023-04-19,2251.948480732353
2023-04-20,2248.3075595427968
2023-04-21,2249.159626040222
2023-04-24,2237.9114685562
2023-04-25,2250.415216628163
2023-04-26,2240.689755420562
2023-04-27,2249.2402229877566
2023-04-28,2243.230024928142
2023-05-01,2276.6558748629477
2023-05-02,2273.1060950324427
2023-05-03,2254.967214159698
2023-05-04,2269.4055596917606
2023-05-05,2267.997336474713
2023-05-08,2260.6797542962922
2023-05-09,2270.700993848351
2023-05-10,2281.4482086212793
2023-05-11,2296.090180990125
2023-05-12,2307.65135663618
2023-05-15,2330.835446836819
2023-05-16,2325.9881963929433
2023-05-17,2331.881771868058
2023-05-18,2348.1640103361406
2023-05-19,2344.3545294627856
2023-05-22,2353.2114862752146
2023-05-23,2368.0045998703195
2023-05-24,2369.388974287745
2023-05-25,2360.5650267754477
2023-05-26,2365.636531666936
2023-05-29,2380.2444177318785
2023-05-30,2369.1107821173005
2023-05-31,2386.1305766970254
2023-06-01,2368.2971492154206
2023-06-02,2369.518122796061
2023-06-05,2384.8507290492976
2023-06-06,2384.188452098691
2023-06-07,2383.1591261242775
2023-06-08,2370.6774215375494
2023-06-09,2373.652613988117
2023-06-12,2389.0751307149008
2023-06-13,2381.200768080121
2023-06-14,2384.4707925838047
2023-06-15,2366.9499025144837
2023-06-16,2363.9168789791574
2023-06-19,2367.6851973424427
2023-06-20,2375.818554778713
2023-06-21,2373.7752113756706
2023-06-22,2381.1748198707196
2023-06-23,2398.0230129449264
2023-06-26,2397.9196892440386
2023-06-27,2388.9411771655905
2023-06-28,2399.789540843375
2023-06-29,2402.4343013237103
2023-06-30,2397.6998982551067
2023-07-03,2407.4700863549624
2023-07-04,2415.0424843880564
2023-07-05,2421.8393409103883
2023-07-06,2421.6564017793003
2023-07-07,2403.5207951355355
2023-07-10,2399.271932192783
2023-07-11,2405.223155142283
2023-07-12,2395.8479622848545
2023-07-13,2388.9981329864713
2023-07-14,2378.6250702917173
2023-07-17,2379.118388643197
2023-07-18,2400.9168056224794
2023-07-19,2407.703642709524
2023-07-20,2408.9628522016997
2023-07-21,2416.3326940134475
2023-07-24,2442.5255787035635
2023-07-25,2452.0690469847564
2023-07-26,2444.9620556808886
2023-07-27,2470.779464876936
2023-07-28,2460.928139929758
2023-07-31,2462.9448243379043
2023-08-01,2473.265418834015
2023-08-02,2485.09956171177
2023-08-03,2472.2412617428877
2023-08-04,2452.988256846262
2023-08-07,2460.665412599311
2023-08-08,2473.2348938867767
2023-08-09,2465.665015508665
2023-08-10,2454.853085964955
2023-08-11,2465.1459720221073
2023-08-14,2477.6402267461435
2023-08-15,2479.1612292364534
2023-08-16,2487.004338575583
2023-08-17,2498.3273806211223
2023-08-18,2502.0035877384216
2023-08-21,2503.406248572311
2023-08-22,2512.2682053820704
2023-08-23,2497.2533655668767
2023-08-24,2497.3342161981395
2023-08-25,2513.333107699711
2023-08-28,2508.63514454761
2023-08-29,2502.4775967016503
2023-08-30,2475.401692953485
2023-08-31,2503.6644419582767
2023-09-01,2514.3207976677445
2023-09-04,2505.091287014905
2023-09-05,2499.6481386863225
2023-09-06,2497.9316952988315
2023-09-07,2492.941196536236
2023-09-08,2490.4150414141304
2023-09-11,2489.2920582177303
2023-09-12,2489.1313082590455
2023-09-13,2485.6297877438815
2023-09-14,2505.5011008151155
2023-09-15,2505.2662064166893
2023-09-18,2488.6240061333915
2023-09-19,2480.172267781526
2023-09-20,2469.4971925632353
2023-09-21,2478.6734997622966
2023-09-22,2479.044931535489
2023-09-25,2497.424032039684
2023-09-26,2498.412156007925
2023-09-27,2512.4527441499013
2023-09-28,2502.5843998147416
2023-09-29,2496.793295418476
2023-10-02,2537.4467775359944
2023-10-03,2548.3208207864673
2023-10-04,2557.2492873837036
2023-10-05,2549.1567962532813
2023-10-06,2547.016919567385
2023-10-09,2535.0978821055787
2023-10-10,2530.422583733881
2023-10-11,2520.9881726967233
2023-10-12,2545.467239906931
2023-10-13,2557.8618451042084
2023-10-16,2513.3877017617037
2023-10-17,2513.515278082848
2023-10-18,2504.7867872408146
2023-10-19,2488.006009749272
2023-10-20,2482.318058782786
2023-10-23,2448.757614007475
2023-10-24,2447.8218974077195
2023-10-25,2453.533071181294
2023-10-26,2448.8940515771483
2023-10-27,2440.560543130529
2023-10-30,2419.0199184082403
2023-10-31,2444.0275038613026
2023-11-01,2428.6564480760894
2023-11-02,2408.5845742460033
2023-11-03,2382.8723505755784
2023-11-06,2394.3482798495215
2023-11-07,2404.9579432992864
2023-11-08,2402.898628267417
2023-11-09,2405.4414003128986
2023-11-10,2415.518309943376
2023-11-13,2435.031060527529
2023-11-14,2409.8833467579234
2023-11-15,2404.527512470691
2023-11-16,2419.8801302383304
2023-11-17,2417.7464163268446
2023-11-20,2408.5248884264947
2023-11-21,2417.398236643603
2023-11-22,2432.3906683639384
2023-11-23,2424.16556033459
2023-11-24,2417.517939968041
2023-11-27,2420.353199936988
2023-11-28,2407.027655365444
2023-11-29,2409.7833011710545
2023-11-30,2419.522559897871
2023-12-01,2436.3813992012983
2023-12-04,2457.1327633975225
2023-12-05,2435.74195022098
2023-12-06,2439.8889407275697
2023-12-07,2439.4059166109378
2023-12-08,2440.992361263277
2023-12-11,2443.712714790204
2023-12-12,2432.2137283051193
2023-12-13,2418.9131970268018
2023-12-14,2376.97754737225
2023-12-15,2393.5795432923223
2023-12-18,2393.689189629623
2023-12-19,2375.193011114722
2023-12-20,2390.147978215294
2023-12-21,2375.844354425575
2023-12-22,2371.1012512145658
2023-12-25,2371.7173455945103
2023-12-26,2358.272270482825
2023-12-27,2337.1646183135267
2023-12-28,2341.817182965755
2023-12-29,2354.6789641889286
2024-01-01,2377.9915895988797
2024-01-02,2399.3645438429094
2024-01-03,2404.081377922878
2024-01-04,2399.6955166010803
2024-01-05,2394.4697180756134
2024-01-08,2425.6668775413036
2024-01-09,2436.965765554443
2024-01-10,2430.7925867250315
2024-01-11,2431.8392921252025
2024-01-12,2427.4256557438507
2024-01-15,2433.781483405259
2024-01-16,2455.197002191854
2024-01-17,2462.8791688681135
2024-01-18,2466.764511342254
2024-01-19,2459.6246526537234
2024-01-22,2468.0363021766257
2024-01-23,2486.5252181014525
2024-01-24,2466.8927226672736
2024-01-25,2485.5470346861985
2024-01-26,2477.9278624532817
2024-01-29,2501.599722274928
2024-01-30,2495.360563411502
2024-01-31,2488.4824426584455
2024-02-01,2494.6464264919064
2024-02-02,2500.88188784307
2024-02-05,2512.172940469587
2024-02-06,2513.994096668098
2024-02-07,2502.093399183714
2024-02-08,2501.3766869785372
2024-02-09,2495.6951657407885
2024-02-12,2508.9497426436046
2024-02-13,2525.319304462012
2024-02-14,2531.0229288456762
2024-02-15,2515.5830861979794
2024-02-16,2513.3644500452733
2024-02-19,2509.390556962284
2024-02-20,2479.6934508282557
2024-02-21,2485.4569626215844
2024-02-22,2475.9198181190086
2024-02-23,2473.403058150491
2024-02-26,2468.8639800143237
2024-02-27,2463.6597779251324
2024-02-28,2451.1772245736984
2024-02-29,2450.605983278267
2024-03-01,2447.4396795760017
2024-03-04,2460.1084416671615
2024-03-05,2473.1398049954773
2024-03-06,2477.138106332234
2024-03-07,2479.9118048879554
2024-03-08,2473.0105904674183
2024-03-11,2477.872254768828
