Date,QATAR IMI GROWTH
2014-06-02,975.105819471141
2014-06-03,946.11390847418
2014-06-04,938.3755052219021
2014-06-05,949.3112827820078
2014-06-06,947.6147877255835
2014-06-09,911.3986914124375
2014-06-10,907.8445116175553
2014-06-11,903.9821512691242
2014-06-12,909.975744064241
2014-06-13,911.5102885774713
2014-06-16,875.1339924705416
2014-06-17,880.0720591880059
2014-06-18,882.2814246713056
2014-06-19,868.7520140516093
2014-06-20,872.3676811573451
2014-06-23,856.7883863815744
2014-06-24,858.6361974772146
2014-06-25,845.4500593200141
2014-06-26,814.5471120096213
2014-06-27,811.501629607034
2014-06-30,771.8709813182704
2014-07-01,831.8629010837092
2014-07-02,856.0820513340005
2014-07-03,851.8630395607075
2014-07-04,853.1911984878204
2014-07-07,848.2446520016069
2014-07-08,867.1583211754555
2014-07-09,878.0945202337092
2014-07-10,903.4175115826536
2014-07-11,903.5503768685691
2014-07-14,903.1550673720155
2014-07-15,909.6969798153926
2014-07-16,921.8108828178688
2014-07-17,926.1058389306579
2014-07-18,926.688532563354
2014-07-21,916.0548811466241
2014-07-22,934.2299299198389
2014-07-23,933.2824792800387
2014-07-24,906.5250646638034
2014-07-25,908.9545221437332
2014-07-28,901.4321832816437
2014-07-29,903.3850515452033
2014-07-30,905.5796185127421
2014-07-31,905.4780961339848
2014-08-01,902.1741698021235
2014-08-04,911.0881506554755
2014-08-05,928.1228587687369
2014-08-06,922.3346757997936
2014-08-07,925.4513256354304
2014-08-08,921.1050262194975
2014-08-11,924.5451254861446
2014-08-12,936.7249596926358
2014-08-13,967.3277150763632
2014-08-14,960.6925113753991
2014-08-15,960.486671722721
2014-08-18,974.9627048002254
2014-08-19,980.8228232702486
2014-08-20,985.0803355554908
2014-08-21,991.6376542997182
2014-08-22,995.5788673986981
2014-08-25,1002.3210746504651
2014-08-26,1004.4049534104171
2014-08-27,993.0953616515366
2014-08-28,944.9655207465063
2014-08-29,945.2555508019603
2014-09-01,984.0975178420749
2014-09-02,989.1857263801938
2014-09-03,990.0843574846579
2014-09-04,1015.2890745089886
2014-09-05,1015.9158687055449
2014-09-08,1011.3181723427709
2014-09-09,1018.8190230209716
2014-09-10,1013.9890361465999
2014-09-11,1019.6711579716433
2014-09-12,1019.9075943199132
2014-09-15,1022.6825737061625
2014-09-16,1019.8246149599886
2014-09-17,1022.9067870137792
2014-09-18,1041.7427655575198
2014-09-19,1048.3548161313247
2014-09-22,1030.6465800296983
2014-09-23,1019.1985457880536
2014-09-24,1018.0427532023228
2014-09-25,1019.2814966078762
2014-09-26,1023.4161057032845
2014-09-29,1022.7622190253685
2014-09-30,1023.9560676160329
2014-10-01,1030.3143736466027
2014-10-02,1036.0808863569503
2014-10-03,1047.8255600059383
2014-10-06,1043.0320227555335
2014-10-07,1038.0481040332336
2014-10-08,1033.3432787479373
2014-10-09,1031.2298529664272
2014-10-10,1038.3090050256385
2014-10-13,999.8572885399366
2014-10-14,1010.7424811247579
2014-10-15,995.8243810290977
2014-10-16,965.0253019965846
2014-10-17,965.9946371892601
2014-10-20,953.7438024078148
2014-10-21,969.5372117589332
2014-10-22,996.2311255292589
2014-10-23,1007.479718691451
2014-10-24,1005.9444380780831
2014-10-27,1003.3572988317984
2014-10-28,1006.1132611198483
2014-10-29,1011.9947169830239
2014-10-30,1004.5579327169778
2014-10-31,1011.9327705934219
2014-11-03,1040.011294875323
2014-11-04,1031.304390808486
2014-11-05,1009.7684224003003
2014-11-06,1017.7789166336668
2014-11-07,1019.623610175173
2014-11-10,1030.994778883129
2014-11-11,1031.7302942776084
2014-11-12,1024.330414001319
2014-11-13,1026.1945236277058
2014-11-14,1025.7552034354615
2014-11-17,1033.176845144399
2014-11-18,1030.2418945023196
2014-11-19,1040.039885203925
2014-11-20,1038.1913478047265
2014-11-21,1048.8551194026559
2014-11-24,1029.8310661234195
2014-11-25,1012.5415790340267
2014-11-26,1014.9276177399172
2014-11-27,1002.6686338449556
2014-11-28,1003.8474984207568
2014-12-01,960.9735467682293
2014-12-02,953.4548269408725
2014-12-03,937.8067974341212
2014-12-04,939.5791310828957
2014-12-05,950.2239481218651
2014-12-08,944.3904689957711
2014-12-09,917.3890255216877
2014-12-10,913.4875301303542
2014-12-11,883.7268362296284
2014-12-12,878.0891951222413
2014-12-15,870.9897520325595
2014-12-16,852.3292757813895
2014-12-17,881.6584800548816
2014-12-18,889.9153899621509
2014-12-19,891.0764488963371
2014-12-22,966.2666878827825
2014-12-23,936.8568592644033
2014-12-24,952.9138826283288
2014-12-25,958.1872200315515
2014-12-26,959.6830958937263
2014-12-29,962.6076739339028
2014-12-30,950.650816675384
2014-12-31,955.8080352864731
2015-01-01,955.8080352864731
2015-01-02,961.3298463505461
2015-01-05,937.2965774516442
2015-01-06,925.5447459036244
2015-01-07,938.1518722836144
2015-01-08,976.842562044043
2015-01-09,973.3758006594601
2015-01-12,960.7675196247776
2015-01-13,966.0593323306867
2015-01-14,957.3293087731537
2015-01-15,969.5499077668796
2015-01-16,977.206436923583
2015-01-19,969.622492702528
2015-01-20,964.6015421156706
2015-01-21,949.949278303393
2015-01-22,943.696672869442
2015-01-23,957.6270598731054
2015-01-26,984.0188194049921
2015-01-27,978.0598536736244
2015-01-28,990.2821441093349
2015-01-29,978.6180757583465
2015-01-30,983.1362303088823
2015-02-02,1009.1196008237441
2015-02-03,1016.8185878361509
2015-02-04,1024.2502940929346
2015-02-05,1029.4420311606182
2015-02-06,1037.2459903196655
2015-02-09,1043.7651195908484
2015-02-10,1044.7964157535391
2015-02-11,1058.483487829713
2015-02-12,1047.352053197227
2015-02-13,1044.5964678785758
2015-02-16,1043.5004246482265
2015-02-17,1038.7890254754543
2015-02-18,1049.3091954306253
2015-02-19,1046.4844312461605
2015-02-20,1048.5095583506527
2015-02-23,1059.187281614438
2015-02-24,1065.475375281999
2015-02-25,1061.9905401405306
2015-02-26,1065.8443821771189
2015-02-27,1065.4715234742443
2015-03-02,1073.0166779017618
2015-03-03,1072.1441670910444
2015-03-04,1057.4488668890774
2015-03-05,1064.2143760392967
2015-03-06,1080.6750872831028
2015-03-09,1094.6653688221152
2015-03-10,1113.9920511205094
2015-03-11,1120.2610855473129
2015-03-12,1112.5430292967164
2015-03-13,1122.5883258592967
2015-03-16,1089.4185190604803
2015-03-17,1076.9113564058864
2015-03-18,1047.925724347801
2015-03-19,1054.8921008341943
2015-03-20,1038.1811323555569
2015-03-23,1034.5204774339263
2015-03-24,1062.0818288170697
2015-03-25,1036.0876200139157
2015-03-26,1032.4358491595162
2015-03-27,1035.0618631051143
2015-03-30,1066.1457243535078
2015-03-31,1087.9596201089757
2015-04-01,1063.9617429738403
2015-04-02,1067.2182214985169
2015-04-03,1067.2182214985169
2015-04-06,1053.827252558295
2015-04-07,1071.1613959532617
2015-04-08,1078.774909326014
2015-04-09,1096.6106827839362
2015-04-10,1101.9252689753796
2015-04-13,1095.8349191977202
2015-04-14,1077.3228113730154
2015-04-15,1088.2266342316427
2015-04-16,1085.7546719925501
2015-04-17,1078.1820560095844
2015-04-20,1075.1787604712783
2015-04-21,1086.5004571153686
2015-04-22,1089.6087740341463
2015-04-23,1087.6118872188042
2015-04-24,1081.2501839929264
2015-04-27,1093.5812679116689
2015-04-28,1086.0643675366186
2015-04-29,1073.9369696266454
2015-04-30,1062.4997425663444
2015-05-01,1060.8611089565675
2015-05-04,1058.9094797671623
2015-05-05,1066.4354487556873
2015-05-06,1057.4784713503384
2015-05-07,1063.8962240891274
2015-05-08,1067.9740899032593
2015-05-11,1075.1429964442464
2015-05-12,1064.6721441751201
2015-05-13,1046.5439657893746
2015-05-14,1042.2361754623937
2015-05-15,1036.67928299642
2015-05-18,1048.278531776223
2015-05-19,1062.3664052783745
2015-05-20,1061.5819855053755
2015-05-21,1052.5415000122978
2015-05-22,1061.8986975449516
2015-05-25,1055.353250803117
2015-05-26,1067.1446956146976
2015-05-27,1051.98015501753
2015-05-28,1024.0558901768031
2015-05-29,1019.9226740191974
2015-06-01,1046.4317098432114
2015-06-02,1023.0683751985657
2015-06-03,1009.1197573147318
2015-06-04,1002.236685862079
2015-06-05,1017.7427508063658
2015-06-08,995.6265849293738
2015-06-09,995.488199243117
2015-06-10,981.5524782697828
2015-06-11,990.2090643189691
2015-06-12,987.1806712412458
2015-06-15,993.5839686833832
2015-06-16,991.4091053858666
2015-06-17,989.4130921477647
2015-06-18,978.2835036539703
2015-06-19,984.9170293176819
2015-06-22,998.9273657193615
2015-06-23,1014.9451249992575
2015-06-24,1020.7549358246115
2015-06-25,1018.7653273800001
2015-06-26,1023.5767926678548
2015-06-29,1008.2831270867356
2015-06-30,1024.9478105177452
2015-07-01,1015.7772390701408
2015-07-02,1022.3248481488797
2015-07-03,1022.6511085779226
2015-07-06,1014.7552129488213
2015-07-07,1024.0154919507445
2015-07-08,1003.4005698068072
2015-07-09,1014.0975966199039
2015-07-10,1002.4702226044736
2015-07-13,1022.248009065271
2015-07-14,1023.6555099796146
2015-07-15,1032.5292543474636
2015-07-16,1035.8908267835134
2015-07-17,1040.6629778259578
2015-07-20,1039.705033353342
2015-07-21,1033.062672100814
2015-07-22,1033.1699253192141
2015-07-23,1026.8174634130103
2015-07-24,1028.0489094581128
2015-07-27,1009.714491059964
2015-07-28,1007.6297654797822
2015-07-29,1005.1628190362636
2015-07-30,1009.9091916129304
2015-07-31,998.5884473507637
2015-08-03,1005.255882948238
2015-08-04,1007.8723845844694
2015-08-05,1018.4778183953343
2015-08-06,1005.2699616520365
2015-08-07,1002.9449512796159
2015-08-10,989.6575114155888
2015-08-11,995.0485466231695
2015-08-12,980.6213401629102
2015-08-13,992.0308369037463
2015-08-14,993.4767349794671
2015-08-17,988.1629120856613
2015-08-18,982.8034632481009
2015-08-19,975.8665992976149
2015-08-20,933.6605848545594
2015-08-21,924.1292256932813
2015-08-24,842.1988116943223
2015-08-25,882.9520846040094
2015-08-26,890.3235981033558
2015-08-27,938.9021676094703
2015-08-28,938.4259186697881
2015-08-31,963.0562893060339
2015-09-01,949.4048684895797
2015-09-02,951.9524993515073
2015-09-03,958.2457062620094
2015-09-04,956.6734586904923
2015-09-07,948.7912869981128
2015-09-08,956.3742741926945
2015-09-09,973.5601202725522
2015-09-10,982.5777645627334
2015-09-11,976.9627857539891
2015-09-14,949.3773525006326
2015-09-15,949.3662598383867
2015-09-16,953.8602321126006
2015-09-17,937.1316926900281
2015-09-18,932.1738602331492
2015-09-21,952.7678442879685
2015-09-22,956.9187459713163
2015-09-23,955.7869976707142
2015-09-24,943.8961319474611
2015-09-25,953.6763848103816
2015-09-28,950.3721362394709
2015-09-29,937.7032165311737
2015-09-30,960.8533626720989
2015-10-01,956.2918615550403
2015-10-02,950.2278406157305
2015-10-05,965.9739746981693
2015-10-06,974.5079358620543
2015-10-07,984.2676338052175
2015-10-08,979.3203752451589
2015-10-09,972.7058699601687
2015-10-12,981.4190607434205
2015-10-13,979.860074952395
2015-10-14,967.4315979402633
2015-10-15,972.0491829640804
2015-10-16,972.8074142610274
2015-10-19,979.3039958633474
2015-10-20,970.6344124101156
2015-10-21,963.5522827052773
2015-10-22,969.5409711499024
2015-10-23,980.8705075308544
2015-10-26,992.7012105749574
2015-10-27,993.8497041610955
2015-10-28,986.2746081489621
2015-10-29,987.4926551561093
2015-10-30,979.8047568767064
2015-11-02,975.5699841179082
2015-11-03,978.3139855917859
2015-11-04,986.9046457253708
2015-11-05,979.2450771831434
2015-11-06,990.3943748660972
2015-11-09,967.3766097517226
2015-11-10,950.5622536009737
2015-11-11,934.5038826208839
2015-11-12,928.467226501349
2015-11-13,930.508255316468
2015-11-16,923.3093816279754
2015-11-17,930.2528831982767
2015-11-18,931.1038116955706
2015-11-19,924.7477838015064
2015-11-20,930.4217742760459
2015-11-23,916.9028449575877
2015-11-24,914.1216649494306
2015-11-25,906.6820299539793
2015-11-26,906.0660517122028
2015-11-27,908.1613481647912
2015-11-30,870.2638994108685
2015-12-01,907.8841928394606
2015-12-02,905.2750745749323
2015-12-03,877.0513038202234
2015-12-04,873.7589346525738
2015-12-07,869.2571788896917
2015-12-08,839.6942679518655
2015-12-09,824.7582528008156
2015-12-10,827.4379238361506
2015-12-11,822.90079605128
2015-12-14,805.2062221846131
2015-12-15,813.3864446990814
2015-12-16,821.4450378197157
2015-12-17,834.9368796765227
2015-12-18,834.1513716841976
2015-12-21,831.1319881765046
2015-12-22,855.115169375966
2015-12-23,870.375288897613
2015-12-24,866.0309024439389
2015-12-25,866.0309024439389
2015-12-28,873.4320405772806
2015-12-29,877.0057094610899
2015-12-30,878.5801777901763
2015-12-31,877.915696199124
2016-01-01,877.9156961991239
2016-01-04,849.9133607015797
2016-01-05,848.3349989571789
2016-01-06,857.6788964292493
2016-01-07,825.6532357092749
2016-01-08,820.1642751307666
2016-01-11,814.9538501296208
2016-01-12,801.3067421328456
2016-01-13,793.0333410222066
2016-01-14,780.0930905170228
2016-01-15,772.1223064835671
2016-01-18,719.6615161148425
2016-01-19,757.676168047361
2016-01-20,730.0007011074011
2016-01-21,721.024868845724
2016-01-22,720.9780570495759
2016-01-25,740.9203633226518
2016-01-26,734.9923630560847
2016-01-27,752.2952303603141
2016-01-28,775.9690625057514
2016-01-29,784.599864110915
2016-02-01,800.0187429426868
2016-02-02,808.7194766789313
2016-02-03,790.8649216090606
2016-02-04,801.58064474751
2016-02-05,803.420654717048
2016-02-08,801.0183702302095
2016-02-09,789.50101946749
2016-02-10,788.3866164825075
2016-02-11,764.0046956523777
2016-02-12,770.9031087325427
2016-02-15,802.2663147434049
2016-02-16,807.6227087373488
2016-02-17,804.4415669521634
2016-02-18,822.6788724140432
2016-02-19,822.1039327213972
2016-02-22,825.3691050738473
2016-02-23,831.1841059966941
2016-02-24,833.5448241360208
2016-02-25,830.0607091894818
2016-02-26,837.9671324928871
2016-02-29,840.4903922819047
2016-03-01,853.9406308802755
2016-03-02,867.2166402585145
2016-03-03,870.9826712142217
2016-03-04,865.0479296551168
2016-03-07,886.8432223262397
2016-03-08,890.805852169295
2016-03-09,893.5993719453842
2016-03-10,884.4086597963026
2016-03-11,883.3330608817887
2016-03-14,886.067112056838
2016-03-15,879.67160537155
2016-03-16,895.449131573597
2016-03-17,888.8586104240914
2016-03-18,890.814360694219
2016-03-21,895.8991234647094
2016-03-22,898.5079024369022
2016-03-23,901.9868764360152
2016-03-24,886.2489710274778
2016-03-25,886.2489710274778
2016-03-28,877.073015208517
2016-03-29,897.9216360839954
2016-03-30,882.6496741691182
2016-03-31,886.5023764443663
2016-04-01,890.4362380253624
2016-04-04,877.1833180016291
2016-04-05,860.2531603660084
2016-04-06,864.4785794807748
2016-04-07,873.1837898574637
2016-04-08,871.2318997289195
2016-04-11,871.0856828028521
2016-04-12,887.3674968230699
2016-04-13,894.0571948919215
2016-04-14,895.0060081449699
2016-04-15,892.2728629994953
2016-04-18,890.2554734225039
2016-04-19,896.3204406572916
2016-04-20,906.4414118812931
2016-04-21,908.4119321623888
2016-04-22,912.3844425484544
2016-04-25,890.6905200903988
2016-04-26,886.3440882892924
2016-04-27,883.3003549361649
2016-04-28,885.2124054099648
2016-04-29,874.4119839379258
2016-05-02,859.6950606570448
2016-05-03,845.6915986199881
2016-05-04,839.4735462791984
2016-05-05,837.152306885305
2016-05-06,835.4300728651872
2016-05-09,850.2585537115641
2016-05-10,857.0433276560133
2016-05-11,851.1527707789875
2016-05-12,857.9622788882941
2016-05-13,866.0092063578422
2016-05-16,866.6636407831796
2016-05-17,865.7175167608333
2016-05-18,873.7699261684745
2016-05-19,859.6709079134363
2016-05-20,859.0693679586552
2016-05-23,851.582868426606
2016-05-24,847.5598692116257
2016-05-25,852.2896066434284
2016-05-26,850.6410111407445
2016-05-27,854.7733095934279
2016-05-30,842.4517852933964
2016-05-31,838.6851693626522
2016-06-01,839.2398166949027
2016-06-02,838.1946860759026
2016-06-03,825.5266427377675
2016-06-06,828.720415821116
2016-06-07,848.9334859284324
2016-06-08,852.4471027910807
2016-06-09,849.2732816541175
2016-06-10,851.3898357366837
2016-06-13,837.3962359643197
2016-06-14,848.4499412973826
2016-06-15,847.5915567588768
2016-06-16,854.352185417255
2016-06-17,846.6399125928763
2016-06-20,842.5952447694568
2016-06-21,856.2973371639254
2016-06-22,854.8424914104379
2016-06-23,854.2215178535887
2016-06-24,872.22127231429
2016-06-27,868.8758875275525
2016-06-28,868.322054958268
2016-06-29,867.0735355602046
2016-06-30,866.610567309726
2016-07-01,864.8708497592359
2016-07-04,873.0256472648075
2016-07-05,874.8000854422052
2016-07-06,877.7751517542787
2016-07-07,877.683824716862
2016-07-08,880.6579738041579
2016-07-11,896.2782996639554
2016-07-12,896.4656687114505
2016-07-13,913.1207146286238
2016-07-14,922.2629649227357
2016-07-15,925.1208440999122
2016-07-18,942.4333144173993
2016-07-19,951.7828140778669
2016-07-20,948.962579411202
2016-07-21,943.8224480584144
2016-07-22,945.364288497635
2016-07-25,948.0001802797505
2016-07-26,945.9556428229571
2016-07-27,950.7292925064907
2016-07-28,948.6589331457402
2016-07-29,940.2603429931422
2016-08-01,940.4862020975851
2016-08-02,932.7914755138052
2016-08-03,926.8673844285418
2016-08-04,942.7504262872303
2016-08-05,948.5021531995385
2016-08-08,971.9320803665515
2016-08-09,967.3050523520185
2016-08-10,966.3442901642724
2016-08-11,961.748825116723
2016-08-12,961.8114592764125
2016-08-15,972.2942581362283
2016-08-16,988.3184028216929
2016-08-17,992.3395781025906
2016-08-18,976.2800348178275
2016-08-19,976.5683554961336
2016-08-22,970.5156445214352
2016-08-23,964.6618704380979
2016-08-24,976.154713932774
2016-08-25,968.9434885681887
2016-08-26,969.0723317252167
2016-08-29,988.6683090095778
2016-08-30,993.5336742950609
2016-08-31,964.8079727520721
2016-09-01,945.2817192469279
2016-09-02,947.8645718728658
2016-09-05,950.0727497918934
2016-09-06,929.7239854987456
2016-09-07,926.3635054477153
2016-09-08,915.1064809482458
2016-09-09,920.2486749722159
2016-09-12,919.6020271234748
2016-09-13,917.7520031534424
2016-09-14,917.4136184986828
2016-09-15,917.6391626045347
2016-09-16,924.3992099680358
2016-09-19,888.9410298089481
2016-09-20,899.8507323002316
2016-09-21,900.4151973230228
2016-09-22,909.1543367062621
2016-09-23,910.8590340396403
2016-09-26,915.6869859497168
2016-09-27,918.9829747809143
2016-09-28,918.8382192639475
2016-09-29,910.3141767437224
2016-09-30,909.6256493809959
2016-10-03,903.153664007472
2016-10-04,914.128842633982
2016-10-05,908.7593133717198
2016-10-06,909.0992480563131
2016-10-07,908.4485260964464
2016-10-10,913.5148973406292
2016-10-11,923.3308240958518
2016-10-12,922.5756696115855
2016-10-13,919.7501617271657
2016-10-14,921.8550893843269
2016-10-17,930.38219862594
2016-10-18,936.7043325458762
2016-10-19,935.9008355705242
2016-10-20,940.1079015777731
2016-10-21,944.7474577049244
2016-10-24,939.66226022633
2016-10-25,942.7016245959607
2016-10-26,934.7893764398224
2016-10-27,931.8473728918827
2016-10-28,930.9776694360728
2016-10-31,909.759582580761
2016-11-01,910.7050089847125
2016-11-02,892.4467492394757
2016-11-03,886.2480034741685
2016-11-04,884.037906477125
2016-11-07,890.5945973013789
2016-11-08,892.1565044055018
2016-11-09,897.3760689584342
2016-11-10,899.883415856415
2016-11-11,901.8977954612456
2016-11-14,891.8057847083603
2016-11-15,881.946091871729
2016-11-16,894.416077720477
2016-11-17,895.1844248033184
2016-11-18,903.6075985011697
2016-11-21,898.4037965391825
2016-11-22,897.2237423914228
2016-11-23,901.2202950242128
2016-11-24,893.8575395715359
2016-11-25,890.3405027528693
2016-11-28,887.3920799664312
2016-11-29,876.0062402257687
2016-11-30,898.1501943400759
2016-12-01,908.0632863569837
2016-12-02,903.8522253030483
2016-12-05,900.6590409200049
2016-12-06,905.9114697644729
2016-12-07,902.794621891314
2016-12-08,919.4429440447891
2016-12-09,925.9437032107128
2016-12-12,948.2011123637479
2016-12-13,958.1013430656931
2016-12-14,954.853334221107
2016-12-15,962.2617960505942
2016-12-16,962.9817743357265
2016-12-19,961.8624551328031
2016-12-20,978.3134993289998
2016-12-21,978.245153105612
2016-12-22,975.9001184862481
2016-12-23,975.4069076979723
2016-12-26,959.4429979136243
2016-12-27,958.6668043319381
2016-12-28,965.1341459584789
2016-12-29,966.6319211684954
2016-12-30,961.2900769754148
2017-01-02,960.0129603403224
2017-01-03,994.7457126358687
2017-01-04,990.0265596673261
2017-01-05,979.2556414051645
2017-01-06,981.384961164306
2017-01-09,984.943673013154
2017-01-10,977.798016929011
2017-01-11,992.2175009057866
2017-01-12,975.4846423716218
2017-01-13,978.0878039668131
2017-01-16,983.2741683334714
2017-01-17,979.0831954822918
2017-01-18,972.1268922963676
2017-01-19,991.6237318810698
2017-01-20,985.5373270851276
2017-01-23,984.163663546705
2017-01-24,987.7349682325181
2017-01-25,984.3462487173422
2017-01-26,983.1250816547831
2017-01-27,979.7945045131055
2017-01-30,957.6480357080885
2017-01-31,935.0966884026868
2017-02-01,938.4302130070857
2017-02-02,935.8513561465986
2017-02-03,937.3693280376513
2017-02-06,941.0067795025701
2017-02-07,944.2810086226782
2017-02-08,941.813087997214
2017-02-09,943.4321792865142
2017-02-10,946.9301809742218
2017-02-13,957.5840568908201
2017-02-14,961.3458647629302
2017-02-15,964.971069230292
2017-02-16,960.6998736246294
2017-02-17,964.4771521746841
2017-02-20,982.4119141801532
2017-02-21,1002.4143601944719
2017-02-22,1010.0489762804273
2017-02-23,1007.4204666040032
2017-02-24,1009.7020422678742
2017-02-27,1006.5597411842433
2017-02-28,978.6631270094513
2017-03-01,996.2812384347452
2017-03-02,994.163296156035
2017-03-03,990.6932771573154
2017-03-06,983.8885012453081
2017-03-07,969.1517956136332
2017-03-08,969.0134094316177
2017-03-09,979.5860735055755
2017-03-10,972.6591816552261
2017-03-13,956.9198087357875
2017-03-14,957.5698977434389
2017-03-15,954.6575253380164
2017-03-16,953.5069986500109
2017-03-17,953.0631560774419
2017-03-20,955.0246053541077
2017-03-21,951.5300425722971
2017-03-22,942.8686409285001
2017-03-23,951.6204920410913
2017-03-24,950.0173215169917
2017-03-27,942.6936610609989
2017-03-28,950.2708549596919
2017-03-29,957.2864910245579
2017-03-30,955.2497921450687
2017-03-31,958.7776652496202
2017-04-03,962.1488296456617
2017-04-04,963.6705618484599
2017-04-05,969.2293326711942
2017-04-06,971.990539845729
2017-04-07,975.9663430055949
2017-04-10,983.5246749745588
2017-04-11,973.0165771940434
2017-04-12,980.0742816682957
2017-04-13,977.7630121551449
2017-04-14,977.763012155145
2017-04-17,962.3629279957875
2017-04-18,966.2209814993244
2017-04-19,962.7939724164431
2017-04-20,957.8101470369639
2017-04-21,964.8714576338856
2017-04-24,939.1547749140921
2017-04-25,935.1355677225174
2017-04-26,944.2130087735884
2017-04-27,929.9905452968405
2017-04-28,928.0772600023266
2017-05-01,927.1445386828036
2017-05-02,911.8914098566988
2017-05-03,907.200035201227
2017-05-04,907.5610599391932
2017-05-05,904.1331842634277
2017-05-08,900.1870519051666
2017-05-09,900.0956999383541
2017-05-10,915.2885941931514
2017-05-11,927.7735142993375
2017-05-12,923.1146210187704
2017-05-15,916.8118128808761
2017-05-16,901.8652250565583
2017-05-17,900.6796097169308
2017-05-18,895.8590652225652
2017-05-19,890.3774800534947
2017-05-22,887.9825231942771
2017-05-23,891.6681490047923
2017-05-24,895.4332217116311
2017-05-25,889.6755270358773
2017-05-26,892.0069410135707
2017-05-29,892.1477224088553
2017-05-30,874.6862402209975
2017-05-31,849.1368053852193
2017-06-01,857.9596637855612
2017-06-02,854.0757434420796
2017-06-05,801.1219417992166
2017-06-06,787.8426047210219
2017-06-07,783.3576298984839
2017-06-08,809.9424279924485
2017-06-09,810.912886309709
2017-06-12,803.5343440479817
2017-06-13,798.3405116876946
2017-06-14,807.8208506809528
2017-06-15,824.5634230109199
2017-06-16,819.8737725185675
2017-06-19,802.913685893572
2017-06-20,795.6224785476347
2017-06-21,776.4293923680201
2017-06-22,794.4917800724561
2017-06-23,788.3557999302737
2017-06-26,788.215047243266
2017-06-27,782.3138226393539
2017-06-28,784.9706517264212
2017-06-29,784.2550740012995
2017-06-30,785.6990577419533
2017-07-03,784.825602705598
2017-07-04,773.6107940105367
2017-07-05,779.0925331324746
2017-07-06,772.6806703490857
2017-07-07,773.6748667801531
2017-07-10,783.2536554263726
2017-07-11,784.8110067212071
2017-07-12,805.3879716926606
2017-07-13,829.0091746666299
2017-07-14,825.5755263360703
2017-07-17,826.8240889402751
2017-07-18,814.2005230273254
2017-07-19,835.9869615843322
2017-07-20,826.3653975388116
2017-07-21,824.5650878925919
2017-07-24,827.1030328366065
2017-07-25,831.6935706213926
2017-07-26,830.6938809110907
2017-07-27,825.21117591048
2017-07-28,819.6448365183613
2017-07-31,804.4794813423632
2017-08-01,795.0429518952208
2017-08-02,796.4697795722523
2017-08-03,794.6135087699072
2017-08-04,803.3120282879333
2017-08-07,796.7279981775667
2017-08-08,805.7928712872098
2017-08-09,796.7600766488442
2017-08-10,791.9605526876778
2017-08-11,789.139678056555
2017-08-14,783.7244860978639
2017-08-15,781.9076789078623
2017-08-16,768.7765071695386
2017-08-17,777.5218559634952
2017-08-18,776.7258240845096
2017-08-21,761.7430906398216
2017-08-22,763.432768779491
2017-08-23,758.9381786722158
2017-08-24,749.0386902115034
2017-08-25,745.0160435283169
2017-08-28,750.0536415511011
2017-08-29,738.2768587712088
2017-08-30,733.931599962996
2017-08-31,735.6685024387455
2017-09-01,736.1361798078208
2017-09-04,734.0968502297769
2017-09-05,733.7021599047381
2017-09-06,721.8545316637761
2017-09-07,715.4440702104819
2017-09-08,714.6016470472026
2017-09-11,705.9603636005369
2017-09-12,703.5986133198537
2017-09-13,701.1823168790231
2017-09-14,708.2839556563415
2017-09-15,702.6455220894952
2017-09-18,693.6453167069408
2017-09-19,689.9176991679748
2017-09-20,691.710481633611
2017-09-21,694.7027343226068
2017-09-22,691.9467877745668
2017-09-25,704.6400414136212
2017-09-26,723.8995424939251
2017-09-27,711.4149004547221
2017-09-28,694.0012612598265
2017-09-29,691.8585573149794
2017-10-02,694.0864923951302
2017-10-03,687.9785025826669
2017-10-04,676.1791614658749
2017-10-05,675.0853107428909
2017-10-06,674.0495949454588
2017-10-09,676.438304801258
2017-10-10,675.7159500965383
2017-10-11,679.7414461727273
2017-10-12,680.5389815884962
2017-10-13,680.9556923742708
2017-10-16,682.3673273305855
2017-10-17,676.902214262446
2017-10-18,663.4645885745563
2017-10-19,665.8192009787797
2017-10-20,669.5756255876784
2017-10-23,668.3614072992053
2017-10-24,664.6540202829636
2017-10-25,663.0563361409464
2017-10-26,665.1550720807402
2017-10-27,672.1038105846702
2017-10-30,678.9727067457852
2017-10-31,672.7085966762254
2017-11-01,672.7130478847139
2017-11-02,670.4230631802702
2017-11-03,673.6547129791163
2017-11-06,658.0845480718959
2017-11-07,652.0846685601431
2017-11-08,643.7706077849236
2017-11-09,642.4581618338237
2017-11-10,640.3923799629754
2017-11-13,632.7431297173335
2017-11-14,630.0168428096507
2017-11-15,618.052456641046
2017-11-16,618.4340696156708
2017-11-17,617.9354171236193
2017-11-20,606.3108440754428
2017-11-21,611.2267152043696
2017-11-22,614.8103349065359
2017-11-23,605.2517818996716
2017-11-24,600.4602686727708
2017-11-27,613.5434534170636
2017-11-28,609.1036004981964
2017-11-29,612.7086426072303
2017-11-30,603.3609075637806
2017-12-01,606.2591144260514
2017-12-04,633.3648796221439
2017-12-05,645.9523821675641
2017-12-06,634.6540481403197
2017-12-07,628.1498201633134
2017-12-08,630.2077504765746
2017-12-11,644.0767512209245
2017-12-12,666.5127263823797
2017-12-13,685.0402736011761
2017-12-14,689.1293050043548
2017-12-15,689.7150253774834
2017-12-18,686.9707624193677
2017-12-19,717.4786673852337
2017-12-20,709.614564698081
2017-12-21,712.0340932355333
2017-12-22,713.5984743766624
2017-12-25,713.3071235475032
2017-12-26,706.2306466036536
2017-12-27,702.5126427229688
2017-12-28,704.2026995611889
2017-12-29,699.9053583402552
2018-01-01,694.9434495884487
2018-01-02,700.4930498887912
2018-01-03,698.0134732688498
2018-01-04,695.2276085324007
2018-01-05,697.4802464863545
2018-01-08,729.9286054540995
2018-01-09,740.9134289228845
2018-01-10,741.4287037977055
2018-01-11,745.7691718768408
2018-01-12,739.5986864058307
2018-01-15,716.9031027231621
2018-01-16,733.7732210696765
2018-01-17,729.1500369774751
2018-01-18,730.9254677744146
2018-01-19,731.822345521285
2018-01-22,726.5600607951401
2018-01-23,726.9209210673577
2018-01-24,724.3969923221238
2018-01-25,719.9040088206518
2018-01-26,723.9280831853147
2018-01-29,728.3712673417538
2018-01-30,715.4074457137049
2018-01-31,698.9251402470414
2018-02-01,697.0981188922541
2018-02-02,698.975805390838
2018-02-05,668.7036365863045
2018-02-06,648.8522613248595
2018-02-07,672.2191499695684
2018-02-08,668.2006590374303
2018-02-09,668.8752981310985
2018-02-12,679.4731948039137
2018-02-13,675.073886323474
2018-02-14,679.5069980614464
2018-02-15,670.5373840379026
2018-02-16,672.2071963771542
2018-02-19,687.8290603004145
2018-02-20,693.9235301863367
2018-02-21,696.7305365677953
2018-02-22,699.4429687242459
2018-02-23,700.7226976769839
2018-02-26,690.3683867033427
2018-02-27,687.3882640303104
2018-02-28,671.5275637819441
2018-03-01,676.2384852667034
2018-03-02,668.9874816474182
2018-03-05,653.1884953217777
2018-03-06,647.8914573858223
2018-03-07,636.6420803569134
2018-03-08,636.6965965526565
2018-03-09,637.1617346969784
2018-03-12,682.8144249319399
2018-03-13,694.7445459087423
2018-03-14,685.3058794946086
2018-03-15,688.958271105497
2018-03-16,691.2304869018956
2018-03-19,711.5124713615944
2018-03-20,729.6244025907414
2018-03-21,725.1338686997757
2018-03-22,724.7570571632883
2018-03-23,721.7372360917748
2018-03-26,708.872081210543
2018-03-27,708.4073041520124
2018-03-28,698.0374039824278
2018-03-29,702.3055781356026
2018-03-30,702.3055781356026
2018-04-02,718.277686327451
2018-04-03,719.7628927732628
2018-04-04,718.6551562272111
2018-04-05,732.6177511681137
2018-04-06,730.6460196680077
2018-04-09,741.5021065852638
2018-04-10,745.3453028231997
2018-04-11,744.9043510847022
2018-04-12,741.108809813491
2018-04-13,740.5376624383609
2018-04-16,734.8769386375609
2018-04-17,739.0018010059644
2018-04-18,750.3211830322355
2018-04-19,767.8499720074035
2018-04-20,773.2280798864309
2018-04-23,770.8110175463597
2018-04-24,760.4295088832081
2018-04-25,760.8476941157422
2018-04-26,761.9251623550057
2018-04-27,762.6492163455921
2018-04-30,772.1755876422242
2018-05-01,767.7323900188705
2018-05-02,762.3965029987202
2018-05-03,747.3343317817175
2018-05-04,748.7124261867467
2018-05-07,765.8846338964723
2018-05-08,758.1111660796608
2018-05-09,755.2461213966408
2018-05-10,747.6884373171279
2018-05-11,743.6507695168136
2018-05-14,765.6886207126573
2018-05-15,771.3570943895909
2018-05-16,777.6365798882931
2018-05-17,766.3404031312086
2018-05-18,767.772815099678
2018-05-21,770.6979845942394
2018-05-22,769.8879171004743
2018-05-23,771.3913624273813
2018-05-24,769.5493250931887
2018-05-25,774.138426135188
2018-05-28,781.042848838501
2018-05-29,786.5208295176142
2018-05-30,764.369504690195
2018-05-31,754.2837037537822
2018-06-01,754.9304359013888
2018-06-04,780.210793235936
2018-06-05,796.565977850508
2018-06-06,790.5289992324989
2018-06-07,781.7366978788202
2018-06-08,785.6566762210649
2018-06-11,779.4792694856781
2018-06-12,776.1181670121939
2018-06-13,770.6161993653257
2018-06-14,775.9774916952339
2018-06-15,778.1817834423239
2018-06-18,778.4163067334974
2018-06-19,781.7483377939704
2018-06-20,759.9077408282399
2018-06-21,762.2166861907054
2018-06-22,760.1863788121258
2018-06-25,755.0083608124481
2018-06-26,752.3804780478591
2018-06-27,759.9212320778191
2018-06-28,767.306205386175
2018-06-29,760.898569308478
2018-07-02,775.7301031101945
2018-07-03,776.9072290817986
2018-07-04,780.0658334412755
2018-07-05,777.7161782088924
2018-07-06,774.1111999641649
2018-07-09,775.21244784617
2018-07-10,789.2377706393863
2018-07-11,786.5923508657452
2018-07-12,784.405600807353
2018-07-13,785.5485101892879
2018-07-16,799.1421937976074
2018-07-17,801.3796774946061
2018-07-18,802.2231239058001
2018-07-19,802.373908204726
2018-07-20,795.8630799937971
2018-07-23,802.4606737089155
2018-07-24,818.2263983157832
2018-07-25,820.2916296258628
2018-07-26,821.3434341400178
2018-07-27,821.8368393353821
2018-07-30,830.8128594841533
2018-07-31,851.0592688778772
2018-08-01,871.1256981193726
2018-08-02,877.2625715424442
2018-08-03,878.9277809103418
2018-08-06,876.8679943717407
2018-08-07,882.9932581947262
2018-08-08,879.6485607394382
2018-08-09,874.9824799755521
2018-08-10,885.5757205180535
2018-08-13,849.9390327345496
2018-08-14,860.9460767108606
2018-08-15,856.9919054923877
2018-08-16,836.4522104237351
2018-08-17,835.1691958140045
2018-08-20,833.4524692798581
2018-08-21,827.1937976423281
2018-08-22,821.5239345641227
2018-08-23,823.1918233297605
2018-08-24,819.4749821579857
2018-08-27,848.8991593603828
2018-08-28,851.9905438215012
2018-08-29,854.2696199279444
2018-08-30,867.7098980450802
2018-08-31,869.5669760430313
2018-09-03,859.5535127513983
2018-09-04,868.8989914845508
2018-09-05,865.9544853652319
2018-09-06,863.8354950809428
2018-09-07,867.4150784334602
2018-09-10,871.8873852579186
2018-09-11,878.0474993832852
2018-09-12,879.6247254648034
2018-09-13,879.5411394382596
2018-09-14,880.1442619784821
2018-09-17,857.6292283090991
2018-09-18,856.8520601722175
2018-09-19,859.8086067830334
2018-09-20,855.1340589765956
2018-09-21,854.4796474693645
2018-09-24,849.1761167170376
2018-09-25,847.8297749731065
2018-09-26,854.5535400151157
2018-09-27,866.7875524724539
2018-09-28,871.4143995024401
2018-10-01,875.371996139559
2018-10-02,879.0012433669307
2018-10-03,887.1429864141664
2018-10-04,890.8215599148166
2018-10-05,891.5484745055891
2018-10-08,886.1172578956542
2018-10-09,887.214218711324
2018-10-10,896.0629238779734
2018-10-11,886.3416607422739
2018-10-12,886.2266659326807
2018-10-15,880.732886189173
2018-10-16,900.7662028018499
2018-10-17,916.7808565816599
2018-10-18,922.2669609716324
2018-10-19,921.7856107832339
2018-10-22,932.855426732339
2018-10-23,932.8032488723117
2018-10-24,928.7013366368428
2018-10-25,931.4526782018602
2018-10-26,932.1899434148075
2018-10-29,936.586257139241
2018-10-30,928.857576038541
2018-10-31,952.717477814851
2018-11-01,943.9885180367904
2018-11-02,945.5233238181924
2018-11-05,961.3229634619327
2018-11-06,948.6473454062931
2018-11-07,928.6888434193909
2018-11-08,946.0420299369084
2018-11-09,952.1248297946966
2018-11-12,963.3156920175236
2018-11-13,950.4998393672316
2018-11-14,938.7982937093973
2018-11-15,948.9459169944038
2018-11-16,942.6581977673136
2018-11-19,958.584392031092
2018-11-20,947.3815876932257
2018-11-21,953.6358384086527
2018-11-22,957.0710014163765
2018-11-23,962.3201124283391
2018-11-26,962.4135242721943
2018-11-27,968.0154909492427
2018-11-28,972.4635859590721
2018-11-29,966.4595851345456
2018-11-30,971.9224611291238
2018-12-03,971.5788703965102
2018-12-04,980.6441316149651
2018-12-05,975.1747075128719
2018-12-06,974.0368185224042
2018-12-07,973.3099891871886
2018-12-10,973.1207838719275
2018-12-11,971.6159864146662
2018-12-12,962.3922113382912
2018-12-13,969.8462946174697
2018-12-14,974.1385995283679
2018-12-17,971.1356848006723
2018-12-18,968.8282387242326
2018-12-19,970.9311372747258
2018-12-20,963.7871289504853
2018-12-21,963.9982357820774
2018-12-24,959.3875720019054
2018-12-25,944.2320654342516
2018-12-26,943.1301735244992
2018-12-27,953.0390401622276
2018-12-28,950.3066640323455
2018-12-31,950.2113431677133
2019-01-01,950.2113431677133
2019-01-02,948.3354871559388
2019-01-03,956.0165962518785
2019-01-04,954.4847116077655
2019-01-07,974.9531529052081
2019-01-08,979.1188338171625
2019-01-09,979.4762503585499
2019-01-10,991.2989700597047
2019-01-11,995.1675273087062
2019-01-14,995.9458728595484
2019-01-15,1007.3667695130815
2019-01-16,1008.5861841232091
2019-01-17,1015.6783684713733
2019-01-18,1016.8400117907883
2019-01-21,1013.2887290547759
2019-01-22,1013.2425505183907
2019-01-23,1003.3210179802185
2019-01-24,1015.9125249731603
2019-01-25,1011.8767277342661
2019-01-28,1007.4205371645322
2019-01-29,1010.872641740204
2019-01-30,1010.3987069468898
2019-01-31,1005.6949658079942
2019-02-01,1006.3340808672441
2019-02-04,1015.3539280596588
2019-02-05,1013.3365962302612
2019-02-06,1015.5550640474819
2019-02-07,1002.7422634253362
2019-02-08,1005.2207930312602
2019-02-11,990.6432843223142
2019-02-12,988.5830057983468
2019-02-13,972.8980070545127
2019-02-14,939.1674873325437
2019-02-15,940.0618275905487
2019-02-18,936.8708752821897
2019-02-19,928.2781126471756
2019-02-20,940.7625869511236
2019-02-21,956.0720665432879
2019-02-22,956.6151978145693
2019-02-25,959.8459256914084
2019-02-26,974.7459748548231
2019-02-27,964.5313112832747
2019-02-28,955.6538810808674
2019-03-01,955.5463102715894
2019-03-04,961.1285757264253
2019-03-05,945.6046072083311
2019-03-06,941.6687179260117
2019-03-07,937.0417376991011
2019-03-08,936.8558375569147
2019-03-11,928.3815433634685
2019-03-12,923.6295526696225
2019-03-13,917.9979722146763
2019-03-14,929.039688575471
2019-03-15,927.2761044942091
2019-03-18,944.0897222386743
2019-03-19,929.2196556832398
2019-03-20,937.8843527410742
2019-03-21,937.8542245946182
2019-03-22,944.2961019681966
2019-03-25,942.4239984017798
2019-03-26,942.2134109151173
2019-03-27,948.161011471044
2019-03-28,944.3013635875178
2019-03-29,944.8480046226802
2019-04-01,943.6342740400157
2019-04-02,946.024705007992
2019-04-03,944.3329869004842
2019-04-04,946.3137519429853
2019-04-05,945.7656775076618
2019-04-08,964.6232592630416
2019-04-09,965.9521988544452
2019-04-10,968.6123769926365
2019-04-11,967.3459853192053
2019-04-12,963.8404889962349
2019-04-15,963.372714047163
2019-04-16,966.9291678307446
2019-04-17,970.6935725206274
2019-04-18,981.6149597022827
2019-04-19,981.614959702283
2019-04-22,986.0477064376981
2019-04-23,991.3814604421814
2019-04-24,1003.1830945110618
2019-04-25,1006.0051896192072
2019-04-26,1004.2689418765001
2019-04-29,993.2992375172169
2019-04-30,995.0791243256796
2019-05-01,992.7115352879018
2019-05-02,1000.2461865144734
2019-05-03,999.7512564136227
2019-05-06,974.5495282516416
2019-05-07,971.2838413255838
2019-05-08,955.6762253840363
2019-05-09,937.037271500186
2019-05-10,935.9574115457933
2019-05-13,903.6626244985712
2019-05-14,899.9008354697206
2019-05-15,905.65273479699
2019-05-16,906.2180894431775
2019-05-17,907.8639378629061
2019-05-20,899.6455046083806
2019-05-21,878.3609959300853
2019-05-22,886.3632573056907
2019-05-23,883.234842092887
2019-05-24,879.0382615047135
2019-05-27,895.2760915893801
2019-05-28,900.7705250130643
2019-05-29,912.1473294513189
2019-05-30,944.2235567562062
2019-05-31,942.8607752935543
2019-06-03,936.4137390003389
2019-06-04,933.7878124643726
2019-06-05,931.3832798270552
2019-06-06,929.6909813793305
2019-06-07,925.1809038511398
2019-06-10,950.105319979755
2019-06-11,959.8325117848337
2019-06-12,963.0659612761286
2019-06-13,948.8951769600611
2019-06-14,952.9105463057718
2019-06-17,951.5841938678684
2019-06-18,956.6217901872707
2019-06-19,955.9187226074249
2019-06-20,972.2184777825962
2019-06-21,969.7515624140025
2019-06-24,943.0528360501107
2019-06-25,937.9812499859178
2019-06-26,934.4138876076989
2019-06-27,937.4062873872743
2019-06-28,935.8011396348987
2019-07-01,951.6014171345196
2019-07-02,953.3684078771444
2019-07-03,956.0745128769073
2019-07-04,954.2322656312808
2019-07-05,959.2914609803618
2019-07-08,946.403059359532
2019-07-09,951.0382522932149
2019-07-10,953.7778240534193
2019-07-11,958.2475438206682
2019-07-12,958.2901231383231
2019-07-15,954.7018984278719
2019-07-16,957.6857697629769
2019-07-17,955.6787690210542
2019-07-18,950.4264118825903
2019-07-19,950.1299858942112
2019-07-22,953.8800510505696
2019-07-23,956.4796846551691
2019-07-24,961.878679082798
2019-07-25,968.8365040377855
2019-07-26,971.356092922559
2019-07-29,965.1905944069463
2019-07-30,962.0690617349686
2019-07-31,955.7559038842464
2019-08-01,950.4948588532286
2019-08-02,946.7706176029927
2019-08-05,892.6278478017862
2019-08-06,885.9046084578937
2019-08-07,892.1933765952617
2019-08-08,886.951211796853
2019-08-09,886.872030329032
2019-08-12,885.4886396051922
2019-08-13,887.9421744485746
2019-08-14,871.7410330003358
2019-08-15,872.3583234692964
2019-08-16,872.6725594361455
2019-08-19,889.5695152015326
2019-08-20,901.7536268653436
2019-08-21,900.977518068082
2019-08-22,907.0840053983607
2019-08-23,904.7976164033429
2019-08-26,886.2207174235084
2019-08-27,909.4577355373372
2019-08-28,911.6979857434563
2019-08-29,933.4017454252989
2019-08-30,937.9786983654095
2019-09-02,946.729567587138
2019-09-03,953.6614355827642
2019-09-04,949.3246406185517
2019-09-05,943.8340091600227
2019-09-06,943.4922724741988
2019-09-09,944.661640884952
2019-09-10,952.4996840480931
2019-09-11,964.2224595683832
2019-09-12,960.6994925467461
2019-09-13,956.0624100087408
2019-09-16,970.4764324801001
2019-09-17,962.5863344700613
2019-09-18,965.1568172518275
2019-09-19,969.8128838047738
2019-09-20,973.976742311624
2019-09-23,957.6549768915477
2019-09-24,952.0800925083149
2019-09-25,967.2234928003691
2019-09-26,965.5274726453346
2019-09-27,965.0645548316896
2019-09-30,967.7829753443405
2019-10-01,971.4629796832924
2019-10-02,962.6066228592069
2019-10-03,952.7832344801732
2019-10-04,953.2825766137037
2019-10-07,950.1557702860805
2019-10-08,948.4103954913737
2019-10-09,938.4557035054642
2019-10-10,942.1358711920216
2019-10-11,940.2150613785187
2019-10-14,950.1662981193839
2019-10-15,950.3901247324125
2019-10-16,951.8797597516236
2019-10-17,945.9110199763705
2019-10-18,943.9155166800431
2019-10-21,940.1635798118267
2019-10-22,942.9827138025836
2019-10-23,942.848332384868
2019-10-24,948.1812166994476
2019-10-25,949.3353458515029
2019-10-28,934.34019463429
2019-10-29,931.9286222449837
2019-10-30,938.4054687260426
2019-10-31,921.8190030532422
2019-11-01,920.7461128576477
2019-11-04,921.8324859858686
2019-11-05,941.0309910536979
2019-11-06,937.5281386386096
2019-11-07,936.6359598390064
2019-11-08,938.6331420417299
2019-11-11,939.0765267522282
2019-11-12,931.5131995193503
2019-11-13,934.9826892745499
2019-11-14,946.3083637091729
2019-11-15,941.984388648794
2019-11-18,933.1378586846192
2019-11-19,936.7125527474476
2019-11-20,940.1117000898578
2019-11-21,932.9040782633197
2019-11-22,936.4975366696451
2019-11-25,941.2820161693105
2019-11-26,925.2592705323436
2019-11-27,927.9391741661457
2019-11-28,928.3503637120411
2019-11-29,926.8994226455825
2019-12-02,928.3474558173107
2019-12-03,928.9466207857416
2019-12-04,935.1523998813567
2019-12-05,943.2130123917027
2019-12-06,946.9264494483629
2019-12-09,927.8123610842924
2019-12-10,931.954634251603
2019-12-11,933.28339146859
2019-12-12,923.5159028362808
2019-12-13,921.9402909156696
2019-12-16,921.8212517103848
2019-12-17,947.7006169815504
2019-12-18,950.0430371655333
2019-12-19,950.7896466425128
2019-12-20,953.491484609968
2019-12-23,986.452298199449
2019-12-24,972.6965741440912
2019-12-25,978.1421794805652
2019-12-26,973.003008428693
2019-12-27,967.3809808336332
2019-12-30,966.8725277624329
2019-12-31,960.3991013772055
2020-01-01,960.3991013772054
2020-01-02,963.2503092199337
2020-01-03,966.5552339277906
2020-01-06,957.4591662482079
2020-01-07,963.2346088431418
2020-01-08,961.6149778483215
2020-01-09,972.0809988664055
2020-01-10,971.1188455404931
2020-01-13,981.4772018200794
2020-01-14,986.4256067874459
2020-01-15,983.1638153361812
2020-01-16,985.1523560449559
2020-01-17,989.2812054866948
2020-01-20,989.8345717483339
2020-01-21,988.3020126069547
2020-01-22,993.2920087965342
2020-01-23,988.1256263631706
2020-01-24,989.9629574598098
2020-01-27,979.0215573856494
2020-01-28,968.6556590771656
2020-01-29,977.5109245374409
2020-01-30,975.6285012035313
2020-01-31,971.4907517398458
2020-02-03,963.6658782029558
2020-02-04,977.5980850002142
2020-02-05,978.6899413045678
2020-02-06,967.9606612753201
2020-02-07,969.0859737811724
2020-02-10,964.322759445402
2020-02-11,965.0736864258688
2020-02-12,962.4164094250534
2020-02-13,960.9077837218869
2020-02-14,961.1735827492404
2020-02-17,950.0982628127558
2020-02-18,965.9089635418424
2020-02-19,974.397532781955
2020-02-20,975.2666106884648
2020-02-21,970.9079274394426
2020-02-24,957.1943718788423
2020-02-25,956.9163654718725
2020-02-26,932.0912909362089
2020-02-27,924.6327299245413
2020-02-28,924.7589941236295
2020-03-02,882.40298234342
2020-03-03,887.3324800001342
2020-03-04,909.0550462877304
2020-03-05,922.2203664862213
2020-03-06,912.3136625802865
2020-03-09,780.7675460167234
2020-03-10,829.8492507666487
2020-03-11,838.0580393463741
2020-03-12,806.862495575293
2020-03-13,807.7736692309705
2020-03-16,822.558559423986
2020-03-17,853.5902304479996
2020-03-18,905.9188291280293
2020-03-19,935.9450689485573
2020-03-20,937.0395879271201
2020-03-23,873.9652492456489
2020-03-24,871.5660069816082
2020-03-25,905.8699058562386
2020-03-26,864.96270433883
2020-03-27,862.3032060617888
2020-03-30,847.0217565774118
2020-03-31,833.7413686692375
2020-04-01,843.9847995207127
2020-04-02,892.7840643424777
2020-04-03,898.2197221249835
2020-04-06,905.9596380604609
2020-04-07,936.8783120174705
2020-04-08,948.1190252345958
2020-04-09,940.731868563061
2020-04-10,940.731868563061
2020-04-13,913.3682720285861
2020-04-14,918.6361713642378
2020-04-15,914.2070017022517
2020-04-16,891.5121774287354
2020-04-17,888.2782045195211
2020-04-20,860.3572225552448
2020-04-21,844.368242963462
2020-04-22,866.8587888618898
2020-04-23,871.3242083034052
2020-04-24,872.5732742205108
2020-04-27,873.7959701323509
2020-04-28,879.997577984781
2020-04-29,884.6339120407365
2020-04-30,877.18670636636
2020-05-01,872.7643180116039
2020-05-04,872.2831231821651
2020-05-05,895.0003576198369
2020-05-06,889.9570118203576
2020-05-07,895.8710639243576
2020-05-08,888.0432643315489
2020-05-11,885.5091733427518
2020-05-12,890.0921429999861
2020-05-13,875.5950082021637
2020-05-14,879.3936962456374
2020-05-15,878.9872657348244
2020-05-18,871.8691081488994
2020-05-19,868.6021315906619
2020-05-20,867.7617596208362
2020-05-21,891.0651140501814
2020-05-22,895.2379546742627
2020-05-25,894.9914118859921
2020-05-26,887.5769443652466
2020-05-27,888.5071489455986
2020-05-28,881.8767984604995
2020-05-29,876.485723502499
2020-06-01,878.6381643771209
2020-06-02,881.693208411777
2020-06-03,889.3667777347829
2020-06-04,886.615207063761
2020-06-05,889.0054279339995
2020-06-08,892.438375404294
2020-06-09,881.1889004564766
2020-06-10,872.9668841268084
2020-06-11,879.4218106899702
2020-06-12,889.9390590372609
2020-06-15,876.8209633524535
2020-06-16,885.0729528789951
2020-06-17,896.2979137631952
2020-06-18,901.471940023891
2020-06-19,904.373803469222
2020-06-22,896.0432996269195
2020-06-23,897.4671309462387
2020-06-24,900.6308100219153
2020-06-25,897.1867996132157
2020-06-26,898.1078537281551
2020-06-29,878.3639502987802
2020-06-30,871.7379911493267
2020-07-01,876.1336888450238
2020-07-02,893.1857819274369
2020-07-03,892.0735203355327
2020-07-06,879.6957725893793
2020-07-07,884.9296397064909
2020-07-08,881.8848673326644
2020-07-09,899.2056140388934
2020-07-10,897.4042886107578
2020-07-13,893.5305318699234
2020-07-14,892.1733021609517
2020-07-15,898.411583425009
2020-07-16,892.1154127618848
2020-07-17,892.8574103473546
2020-07-20,893.1025092827687
2020-07-21,889.695096487402
2020-07-22,880.6124348077929
2020-07-23,879.6554140262128
2020-07-24,877.4230741652489
2020-07-27,867.2971193042538
2020-07-28,872.9425569283878
2020-07-29,866.9934698025411
2020-07-30,865.7015909642382
2020-07-31,863.4687031397639
2020-08-03,869.8685819243235
2020-08-04,868.5736391159636
2020-08-05,858.0276042236635
2020-08-06,870.1762486260399
2020-08-07,874.4513072592063
2020-08-10,873.0852771085496
2020-08-11,875.8737241998653
2020-08-12,876.9849258883773
2020-08-13,876.9794784221098
2020-08-14,877.6096521955975
2020-08-17,884.8019092264728
2020-08-18,884.9581373284183
2020-08-19,889.4718429162252
2020-08-20,889.7879125414267
2020-08-21,894.7291552742809
2020-08-24,887.6327267566513
2020-08-25,889.7584097012951
2020-08-26,889.9295298825568
2020-08-27,892.9983007199892
2020-08-28,884.8924159933329
2020-08-31,870.1371132627138
2020-09-01,865.3093588872679
2020-09-02,871.4991194800635
2020-09-03,875.581534027045
2020-09-04,878.5502359860263
2020-09-07,866.190553681913
2020-09-08,868.4989910810941
2020-09-09,863.1793872703778
2020-09-10,860.1799245542941
2020-09-11,863.0517956573194
2020-09-14,860.1112130582886
2020-09-15,866.7307669962502
2020-09-16,875.872028636705
2020-09-17,876.0972661242852
2020-09-18,872.2190952582208
2020-09-21,869.5613076762875
2020-09-22,875.398564389779
2020-09-23,869.5701452790418
2020-09-24,868.1392862456514
2020-09-25,869.5665865728604
2020-09-28,880.3774717473618
2020-09-29,882.4957517282173
2020-09-30,894.9140328724039
2020-10-01,893.2431381263538
2020-10-02,894.8444105580115
2020-10-05,884.5964160968642
2020-10-06,890.8273926838355
2020-10-07,889.7116674449628
2020-10-08,897.4295590068592
2020-10-09,892.4161982303177
2020-10-12,893.6493105076975
2020-10-13,898.9713167888021
2020-10-14,895.1297328932951
2020-10-15,894.2730678642572
2020-10-16,892.7088530271228
2020-10-19,885.3468031416578
2020-10-20,880.3208446717304
2020-10-21,873.6789111543095
2020-10-22,878.7373277391233
2020-10-23,878.1433605537984
2020-10-26,872.863133394775
2020-10-27,876.2176032000008
2020-10-28,880.2438742618692
2020-10-29,878.5424124499752
2020-10-30,879.378162805704
2020-11-02,878.8148803420587
2020-11-03,874.4908774564922
2020-11-04,877.3286011295295
2020-11-05,885.3907814482593
2020-11-06,881.8117880161556
2020-11-09,891.9584863056341
2020-11-10,894.8416474850925
2020-11-11,902.7939487215104
2020-11-12,915.2096173830716
2020-11-13,914.4740428174932
2020-11-16,912.194321291774
2020-11-17,901.6801763066437
2020-11-18,905.5075153910767
2020-11-19,887.2555814417595
2020-11-20,886.0251907192213
2020-11-23,913.3096587517612
2020-11-24,891.285336057879
2020-11-25,891.0781429341517
2020-11-26,888.3562790976241
2020-11-27,884.8990612896948
2020-11-30,871.5508955759948
2020-12-01,878.1523362667356
2020-12-02,870.7569977951258
2020-12-03,872.1063373724413
2020-12-04,873.4351655437042
2020-12-07,880.8180615396655
2020-12-08,876.4272236279531
2020-12-09,876.3020324928531
2020-12-10,866.6867292410826
2020-12-11,868.0827330916809
2020-12-14,872.7089009515843
2020-12-15,869.5716293827358
2020-12-16,865.753387226555
2020-12-17,861.6172848865997
2020-12-18,862.3567496372073
2020-12-21,867.8133581088621
2020-12-22,869.0688735733809
2020-12-23,866.3449757316696
2020-12-24,868.3739102938638
2020-12-25,868.3739102938636
2020-12-28,866.4883025396816
2020-12-29,859.5742737906439
2020-12-30,860.055817316828
2020-12-31,855.3521430817733
2021-01-01,855.3521430817733
2021-01-04,858.3174457160056
2021-01-05,872.0015546093598
2021-01-06,870.4852161132798
2021-01-07,879.7487825886132
2021-01-08,880.0000163303774
2021-01-11,898.16461470317
2021-01-12,895.9675714604567
2021-01-13,897.2738110284611
2021-01-14,900.5998127404332
2021-01-15,903.765038462283
2021-01-18,900.8294248195642
2021-01-19,891.1894096827697
2021-01-20,895.2374803238213
2021-01-21,886.0819448864561
2021-01-22,884.4804823448663
2021-01-25,880.3737065363678
2021-01-26,873.1329626452679
2021-01-27,882.7171236824073
2021-01-28,873.5697396341671
2021-01-29,871.664266088994
2021-02-01,872.9678066646123
2021-02-02,878.7286660186921
2021-02-03,876.8073832581641
2021-02-04,875.8133100632285
2021-02-05,872.3903151297147
2021-02-08,869.0912054474514
2021-02-09,865.4991773199563
2021-02-10,867.4673653854129
2021-02-11,867.4413945025948
2021-02-12,868.4077235718515
2021-02-15,866.1331416225449
2021-02-16,866.5449265592006
2021-02-17,860.9447677036101
2021-02-18,852.7119895208392
2021-02-19,848.9149706840187
2021-02-22,835.4498456314261
2021-02-23,836.3499761176296
2021-02-24,835.1557859959316
2021-02-25,842.015583255816
2021-02-26,847.8067836472231
2021-03-01,860.6277881959442
2021-03-02,853.1922997441287
2021-03-03,851.5052268547691
2021-03-04,849.9374175472007
2021-03-05,859.4879822575093
2021-03-08,867.8646578443756
2021-03-09,876.173595632733
2021-03-10,890.5997266599941
2021-03-11,882.7124522795428
2021-03-12,884.3761338155028
2021-03-15,885.8696530714487
2021-03-16,890.5022486003348
2021-03-17,883.0875021738152
2021-03-18,891.5380713535036
2021-03-19,892.8822767052636
2021-03-22,882.6914459268589
2021-03-23,885.7037661185503
2021-03-24,892.0461460404849
2021-03-25,893.3520871092826
2021-03-26,891.7239553916554
2021-03-29,908.3653175180362
2021-03-30,915.5422478962065
2021-03-31,916.216953855337
2021-04-01,921.9068680516257
2021-04-02,921.9068680516259
2021-04-05,913.7733381715848
2021-04-06,913.2878175467359
2021-04-07,913.9950796950875
2021-04-08,920.278853649681
2021-04-09,920.8980748809523
2021-04-12,918.694869206982
2021-04-13,914.8848852613991
2021-04-14,921.5937505905506
2021-04-15,936.8329031662926
2021-04-16,936.0899746150108
2021-04-19,934.5524258865687
2021-04-20,931.3949043937187
2021-04-21,926.7806872326382
2021-04-22,930.2726106590394
2021-04-23,928.1880959084026
2021-04-26,931.2094062422065
2021-04-27,938.0358214317835
2021-04-28,935.2007076990087
2021-04-29,931.6906278664163
2021-04-30,937.4179169893696
2021-05-03,935.770230218407
2021-05-04,934.8538345246668
2021-05-05,936.0830374326378
2021-05-06,932.7732633307085
2021-05-07,926.3970336439645
2021-05-10,931.7982622990127
2021-05-11,929.3069278350804
2021-05-12,935.88656863749
2021-05-13,936.0415937441054
2021-05-14,931.4514528261694
2021-05-17,919.9913312841019
2021-05-18,917.1649359086445
2021-05-19,909.4868774293271
2021-05-20,907.132424132032
2021-05-21,909.1419064679692
2021-05-24,892.5986706455207
2021-05-25,896.8876013224701
2021-05-26,899.5902960397788
2021-05-27,913.4195045508603
2021-05-28,914.9191876843837
2021-05-31,910.6104848230812
2021-06-01,910.8687039047068
2021-06-02,916.9172170010539
2021-06-03,916.8398914072374
2021-06-04,914.8424188769385
2021-06-07,908.9171676322436
2021-06-08,903.1011652523301
2021-06-09,906.914616398267
2021-06-10,913.0122503990513
2021-06-11,917.6487438055613
2021-06-14,924.8489944887475
2021-06-15,922.6125800649756
2021-06-16,920.1749486311413
2021-06-17,929.628543432553
2021-06-18,936.3718004108933
2021-06-21,931.2003248179018
2021-06-22,934.7087323292177
2021-06-23,931.4485752365845
2021-06-24,932.2920373421432
2021-06-25,930.3808035612976
2021-06-28,925.9264768489124
2021-06-29,933.9450552051771
2021-06-30,937.337414214719
2021-07-01,941.6410653065777
2021-07-02,943.6288240360101
2021-07-05,940.7238521594314
2021-07-06,942.4509326412905
2021-07-07,953.7247994413458
2021-07-08,947.1602857166714
2021-07-09,946.3619711768962
2021-07-12,939.169501085294
2021-07-13,942.4922517168295
2021-07-14,944.4380650577008
2021-07-15,936.4375004881654
2021-07-16,937.190837456125
2021-07-19,937.6360474276484
2021-07-20,941.0637498752052
2021-07-21,938.9881967940875
2021-07-22,938.6696932717488
2021-07-23,941.1437620972753
2021-07-26,937.1498862136423
2021-07-27,936.5855809071074
2021-07-28,944.4665408431115
2021-07-29,944.0687031243613
2021-07-30,946.1784872897177
2021-08-02,947.4032436591795
2021-08-03,951.5047688550833
2021-08-04,954.788603694902
2021-08-05,959.7278526738459
2021-08-06,966.1341993094663
2021-08-09,971.7599188542913
2021-08-10,972.2081214963806
2021-08-11,972.7296156782788
2021-08-12,975.3114388688842
2021-08-13,970.0598255077232
2021-08-16,972.4846801254992
2021-08-17,982.0928858617026
2021-08-18,984.2657428765136
2021-08-19,988.0777847872647
2021-08-20,988.3315827541611
2021-08-23,993.2310119454667
2021-08-24,992.6539378604592
2021-08-25,990.918165034948
2021-08-26,987.2217214535124
2021-08-27,984.5832109982448
2021-08-30,984.4228414266629
2021-08-31,984.5256835364443
2021-09-01,980.2190641450788
2021-09-02,975.5843101983255
2021-09-03,974.4757849742135
2021-09-06,975.2140106731156
2021-09-07,976.0863496129078
2021-09-08,980.6803911192338
2021-09-09,984.2649628035917
2021-09-10,982.8510877461193
2021-09-13,983.7951091792204
2021-09-14,989.746060553963
2021-09-15,989.6541986313918
2021-09-16,1003.315874103754
2021-09-17,1005.5811779006141
2021-09-20,1006.1827195832055
2021-09-21,1002.2377598741762
2021-09-22,1004.189822704255
2021-09-23,1009.6340259390973
2021-09-24,1012.7370118044497
2021-09-27,1021.8556465581447
2021-09-28,1031.7938913486666
2021-09-29,1040.7747676816202
2021-09-30,1047.6136840204845
2021-10-01,1046.981312547355
2021-10-04,1047.8740684114866
2021-10-05,1052.8087545312108
2021-10-06,1064.9743011913995
2021-10-07,1056.4676275625536
2021-10-08,1055.2353558352256
2021-10-11,1060.1288372737604
2021-10-12,1064.5910338182478
2021-10-13,1064.4455461948949
2021-10-14,1071.111798759042
2021-10-15,1069.4148173903498
2021-10-18,1075.9047881759789
2021-10-19,1075.7208963073983
2021-10-20,1080.7044988386947
2021-10-21,1080.8776748076039
2021-10-22,1081.1429638883342
2021-10-25,1081.3426520066882
2021-10-26,1072.2788815509346
2021-10-27,1067.1999085459927
2021-10-28,1074.8382038477816
2021-10-29,1084.4975836879346
2021-11-01,1077.1064398356357
2021-11-02,1083.7313515506405
2021-11-03,1086.6305158704138
2021-11-04,1094.003071122422
2021-11-05,1093.1509331986606
2021-11-08,1093.4893975777686
2021-11-09,1096.8367622237213
2021-11-10,1106.1119513695853
2021-11-11,1113.4812321524842
2021-11-12,1116.059523266298
2021-11-15,1114.2819955456634
2021-11-16,1122.0610671036231
2021-11-17,1124.1133403739414
2021-11-18,1118.5697194509355
2021-11-19,1121.6336170699315
2021-11-22,1115.2138100293312
2021-11-23,1113.6009876783364
2021-11-24,1119.0112679523525
2021-11-25,1115.8453997247868
2021-11-26,1105.4418214762818
2021-11-29,1076.3369318141406
2021-11-30,1064.9760530225396
2021-12-01,1072.616754646018
2021-12-02,1087.700250858447
2021-12-03,1091.3162756285878
2021-12-06,1089.760914261651
2021-12-07,1094.5995172319533
2021-12-08,1085.3125999237247
2021-12-09,1091.5370980638786
2021-12-10,1089.7025007917118
2021-12-13,1094.6573894208764
2021-12-14,1102.0297051853945
2021-12-15,1094.018337140171
2021-12-16,1093.2020493476805
2021-12-17,1096.3533258214754
2021-12-20,1093.7873814597328
2021-12-21,1096.595694425904
2021-12-22,1095.6129131211978
2021-12-23,1099.162262322708
2021-12-24,1097.173311278696
2021-12-27,1089.850985498594
2021-12-28,1098.5609398063705
2021-12-29,1095.877983153656
2021-12-30,1098.2685803601676
2021-12-31,1094.5343554329352
2022-01-03,1099.1899438661121
2022-01-04,1101.5408381200407
2022-01-05,1118.937908649863
2022-01-06,1124.6841501205736
2022-01-07,1119.5305040326048
2022-01-10,1133.4717753359091
2022-01-11,1130.515505878754
2022-01-12,1137.6812688750626
2022-01-13,1149.9880884292847
2022-01-14,1152.7037641530435
2022-01-17,1175.159981624221
2022-01-18,1186.4280483543992
2022-01-19,1190.126977871137
2022-01-20,1177.2830216862233
2022-01-21,1177.3867744862312
2022-01-24,1180.7683713873403
2022-01-25,1186.6693564418194
2022-01-26,1181.3145885363685
2022-01-27,1199.5543641086776
2022-01-28,1197.7817030538395
2022-01-31,1194.9351630862345
2022-02-01,1194.7559981782263
2022-02-02,1191.501532485992
2022-02-03,1184.4531806734026
2022-02-04,1181.8137018560321
2022-02-07,1186.1072900270553
2022-02-08,1188.7557782841209
2022-02-09,1209.6087967864564
2022-02-10,1202.1685880045707
2022-02-11,1208.915533208437
2022-02-14,1213.3544426719
2022-02-15,1210.8383582222853
2022-02-16,1212.2143563629509
2022-02-17,1208.6389714971451
2022-02-18,1211.5163027346732
2022-02-21,1201.5888150814412
2022-02-22,1202.600012642993
2022-02-23,1214.3939728296857
2022-02-24,1227.4883982061501
2022-02-25,1213.1346812203235
2022-02-28,1252.8384900665053
2022-03-01,1304.3802386010116
2022-03-02,1333.2869729217473
2022-03-03,1340.4352473082365
2022-03-04,1357.635527876046
2022-03-07,1396.467625110234
2022-03-08,1409.966720552962
2022-03-09,1381.8667434312822
2022-03-10,1383.9234681253658
2022-03-11,1390.4856365786118
2022-03-14,1372.2293973422902
2022-03-15,1348.7221253731163
2022-03-16,1352.444591202023
2022-03-17,1349.919959748867
2022-03-18,1357.3730183128969
2022-03-21,1358.9069330397072
2022-03-22,1366.852255153126
2022-03-23,1389.4072910168381
2022-03-24,1401.3727985209446
2022-03-25,1404.3070763092808
2022-03-28,1413.6429309092848
2022-03-29,1385.0386367305912
2022-03-30,1368.2979301219582
2022-03-31,1371.1556978511696
2022-04-01,1382.3371424039356
2022-04-04,1388.2691522239227
2022-04-05,1406.430760852664
2022-04-06,1429.1367427306272
2022-04-07,1454.212596994046
2022-04-08,1459.2946845174536
2022-04-11,1498.969996381077
2022-04-12,1453.8608469452709
2022-04-13,1468.6384016856869
2022-04-14,1473.1211965806112
2022-04-15,1473.1211965806117
2022-04-18,1447.1786902677036
2022-04-19,1453.1505832556852
2022-04-20,1436.4439981114908
2022-04-21,1442.618604639164
2022-04-22,1451.8562904746332
2022-04-25,1429.252194675124
2022-04-26,1434.355065149862
2022-04-27,1435.4188560680075
2022-04-28,1446.755786560547
2022-04-29,1442.2301748295174
2022-05-02,1445.793436533852
2022-05-03,1443.7355628755506
2022-05-04,1442.3668985508834
2022-05-05,1444.8323659241246
2022-05-06,1437.664861510346
2022-05-09,1421.0556730387682
2022-05-10,1415.3084615091498
2022-05-11,1422.7924528133817
2022-05-12,1405.429314020697
2022-05-13,1407.8630749185154
2022-05-16,1364.2943764355591
2022-05-17,1371.7456042050858
2022-05-18,1389.182217585571
2022-05-19,1339.9285470792486
2022-05-20,1343.9262501700794
2022-05-23,1345.5589194047038
2022-05-24,1334.467319842432
2022-05-25,1341.7140931122558
2022-05-26,1327.8929756978655
2022-05-27,1328.822872739671
2022-05-30,1331.5023726963025
2022-05-31,1353.7886455962605
2022-06-01,1343.7611224135371
2022-06-02,1327.3987277568253
2022-06-03,1326.7178199968307
2022-06-06,1332.7823326181108
2022-06-07,1320.468121282935
2022-06-08,1314.2939918206957
2022-06-09,1334.3953379941463
2022-06-10,1349.6014004374583
2022-06-13,1322.7125279550487
2022-06-14,1331.353848964615
2022-06-15,1329.4350390007473
2022-06-16,1306.0100228497024
2022-06-17,1310.818187887208
2022-06-20,1263.5117479785115
2022-06-21,1258.6407194848928
2022-06-22,1256.6238624924151
2022-06-23,1256.2544775301476
2022-06-24,1254.3482637086784
2022-06-27,1272.4375308702183
2022-06-28,1304.0823351711592
2022-06-29,1299.0778039234233
2022-06-30,1297.2094814969373
2022-07-01,1305.0740051301286
2022-07-04,1305.5140662393069
2022-07-05,1334.2372489191046
2022-07-06,1322.5412052451209
2022-07-07,1321.4175670625114
2022-07-08,1320.9629583747715
2022-07-11,1332.7531766773177
2022-07-12,1337.2622177248352
2022-07-13,1289.0004558942942
2022-07-14,1316.5301746313005
2022-07-15,1305.6891602462222
2022-07-18,1310.371321714719
2022-07-19,1299.6150608063915
2022-07-20,1355.4634229962714
2022-07-21,1386.9831660116415
2022-07-22,1381.7635920033874
2022-07-25,1395.409756948559
2022-07-26,1403.5464138395998
2022-07-27,1429.1227868604515
2022-07-28,1415.1356068098303
2022-07-29,1409.4453640913289
2022-08-01,1440.5930513432208
2022-08-02,1436.6665484174355
2022-08-03,1459.023304790903
2022-08-04,1454.7212476571126
2022-08-05,1461.3040205056914
2022-08-08,1476.3349771437108
2022-08-09,1472.5198187736921
2022-08-10,1466.92931479125
2022-08-11,1490.1183492508517
2022-08-12,1504.8093496192773
2022-08-15,1503.8337142248101
2022-08-16,1507.263348171985
2022-08-17,1547.7624887228767
2022-08-18,1545.464595379281
2022-08-19,1559.0084767110916
2022-08-22,1535.9940750838382
2022-08-23,1496.5148571821524
2022-08-24,1496.2499294317436
2022-08-25,1505.4640508368473
2022-08-26,1500.2036063922515
2022-08-29,1491.806404562106
2022-08-30,1483.399956354461
2022-08-31,1458.666074927129
2022-09-01,1442.2359973445746
2022-09-02,1429.075728707624
2022-09-05,1418.3891314669436
2022-09-06,1424.603538333518
2022-09-07,1414.28634393371
2022-09-08,1405.503833634273
2022-09-09,1393.467654426651
2022-09-12,1418.795212509223
2022-09-13,1467.7281124905687
2022-09-14,1436.1073180756996
2022-09-15,1469.337004826042
2022-09-16,1464.2099627873686
2022-09-19,1418.5140665100594
2022-09-20,1423.3536557130126
2022-09-21,1413.3983447581784
2022-09-22,1414.8633618859394
2022-09-23,1430.8991116986695
2022-09-26,1393.7246958570624
2022-09-27,1400.4130112853575
2022-09-28,1421.516383490587
2022-09-29,1429.2451026167555
2022-09-30,1424.8682993626853
2022-10-03,1412.3392541355674
2022-10-04,1436.0936683926711
2022-10-05,1452.555871199107
2022-10-06,1458.7384299761452
2022-10-07,1467.0864297797998
2022-10-10,1461.908716497475
2022-10-11,1441.0932314238007
2022-10-12,1454.1276431711947
2022-10-13,1433.0217912477663
2022-10-14,1427.5856087208615
2022-10-17,1402.8205875647038
2022-10-18,1408.6259922546142
2022-10-19,1411.1144450968138
2022-10-20,1401.8511151596865
2022-10-21,1408.5766806588447
2022-10-24,1383.4489649577959
2022-10-25,1358.302642318816
2022-10-26,1334.8085869174345
2022-10-27,1349.696163298569
2022-10-28,1356.2075875749981
2022-10-31,1390.9751767930975
2022-11-01,1389.237547221085
2022-11-02,1392.3737240190449
2022-11-03,1398.2995418669143
2022-11-04,1378.9405365376467
2022-11-07,1402.1294143076075
2022-11-08,1394.878254644619
2022-11-09,1404.6898278478266
2022-11-10,1368.3874205171885
2022-11-11,1349.1731488883709
2022-11-14,1349.5815645010186
2022-11-15,1327.4374629581484
2022-11-16,1305.7228897508726
2022-11-17,1304.378921444211
2022-11-18,1300.350535063261
2022-11-21,1280.435464372756
2022-11-22,1276.1112041153738
2022-11-23,1270.5783063890656
2022-11-24,1263.8647340307684
2022-11-25,1264.2290826784497
2022-11-28,1243.7245760480384
2022-11-29,1270.580127208094
2022-11-30,1301.2317374170366
2022-12-01,1275.8551770907345
2022-12-02,1277.4388040828742
2022-12-05,1266.4684631279288
2022-12-06,1229.1196762729292
2022-12-07,1201.0856682126966
2022-12-08,1202.9251217862163
2022-12-09,1203.4957423079118
2022-12-12,1193.8568495187594
2022-12-13,1155.7016814438648
2022-12-14,1144.2732770727528
2022-12-15,1128.8451155686703
2022-12-16,1132.5669919800405
2022-12-19,1142.6603003921693
2022-12-20,1134.1374585235728
2022-12-21,1139.5848627541006
2022-12-22,1136.7733627929597
2022-12-23,1135.380980099568
2022-12-26,1116.6154950404314
2022-12-27,1113.548842271554
2022-12-28,1112.8991335223716
2022-12-29,1096.5090656570446
2022-12-30,1095.8926164282846
2023-01-02,1115.2679544543732
2023-01-03,1134.165280732588
2023-01-04,1121.943729944025
2023-01-05,1178.1153711873726
2023-01-06,1168.8926807079054
2023-01-09,1185.7166135260106
2023-01-10,1180.2222514664413
2023-01-11,1159.291207821803
2023-01-12,1119.589117781484
2023-01-13,1117.211302581431
2023-01-16,1093.8109197495853
2023-01-17,1072.4983462743087
2023-01-18,1065.3640354140691
2023-01-19,1094.626455119219
2023-01-20,1090.432290417211
2023-01-23,1125.7837985619701
2023-01-24,1133.6097434174949
2023-01-25,1142.603055432553
2023-01-26,1142.028034546033
2023-01-27,1143.4502363325164
2023-01-30,1151.6063860699712
2023-01-31,1130.0274411554158
2023-02-01,1109.91793943129
2023-02-02,1092.1912169932516
2023-02-03,1100.540456782378
2023-02-06,1114.7348838033358
2023-02-07,1095.7604960521403
2023-02-08,1082.3373763676336
2023-02-09,1072.4509821723045
2023-02-10,1081.0394296013062
2023-02-13,1069.5650251253965
2023-02-14,1069.664811944926
2023-02-15,1100.6863756681391
2023-02-16,1120.0855993009784
2023-02-17,1121.0834717812486
2023-02-20,1139.6329702761855
2023-02-21,1140.0282872644862
2023-02-22,1144.8807722568242
2023-02-23,1117.0772991487322
2023-02-24,1122.9056206829714
2023-02-27,1127.8551813899312
2023-02-28,1139.0598535477955
2023-03-01,1126.8821656329608
2023-03-02,1131.802488797085
2023-03-03,1133.1908759029457
2023-03-06,1126.2335609362904
2023-03-07,1143.9696963862698
2023-03-08,1158.3693910561815
2023-03-09,1154.3145467605748
2023-03-10,1141.5158310842119
2023-03-13,1094.5034535904301
2023-03-14,1075.5528665640197
2023-03-15,1091.3310256185223
2023-03-16,1084.1261173116025
2023-03-17,1081.5801445594734
2023-03-20,1055.958105973794
2023-03-21,1066.9752893008445
2023-03-22,1068.44459571816
2023-03-23,1062.048626363774
2023-03-24,1074.6303870942163
2023-03-27,1090.0420376085526
2023-03-28,1099.8166574166696
2023-03-29,1084.4302616519851
2023-03-30,1074.587153561747
2023-03-31,1079.3841968631177
2023-04-03,1093.320793906887
2023-04-04,1097.6113044035785
2023-04-05,1102.1803818972658
2023-04-06,1094.4849560084297
2023-04-07,1094.4849560084294
2023-04-10,1090.5414344076823
2023-04-11,1088.0427128464185
2023-04-12,1068.4349274770468
2023-04-13,1046.3539569110249
2023-04-14,1050.1562878923053
2023-04-17,1054.670713988654
2023-04-18,1046.3918420235839
2023-04-19,1047.9617020461478
2023-04-20,1048.6435913450844
2023-04-21,1049.1213986040923
2023-04-24,1043.794702169818
2023-04-25,1048.7391179760423
2023-04-26,1062.239834791263
2023-04-27,1070.3001174525766
2023-04-28,1067.4401669575716
2023-05-01,1077.4525361178928
2023-05-02,1079.7175856391007
2023-05-03,1090.1808070621466
2023-05-04,1124.2733290755825
2023-05-05,1123.660451232994
2023-05-08,1140.0781762329152
2023-05-09,1144.2026485565357
2023-05-10,1132.9214651833652
2023-05-11,1137.2561915105682
2023-05-12,1143.0667985189766
2023-05-15,1112.292986482398
2023-05-16,1107.2877214179762
2023-05-17,1145.6239664529253
2023-05-18,1148.7223059173002
2023-05-19,1146.85870710822
2023-05-22,1145.1603665857313
2023-05-23,1140.144182364077
2023-05-24,1131.021549274818
2023-05-25,1130.8746826716153
2023-05-26,1133.304285931757
2023-05-29,1125.2126910635188
2023-05-30,1121.2244109858468
2023-05-31,1111.5637360325952
2023-06-01,1111.2248426290416
2023-06-02,1111.846477896001
2023-06-05,1137.5948201924336
2023-06-06,1121.0479180799045
2023-06-07,1124.1116356572027
2023-06-08,1114.6498062789306
2023-06-09,1116.04868815908
2023-06-12,1104.4253879148987
2023-06-13,1109.4266074613622
2023-06-14,1113.0449840357237
2023-06-15,1102.620913037682
2023-06-16,1101.2080081104448
2023-06-19,1102.4883374338253
2023-06-20,1103.0482071591607
2023-06-21,1092.1380307575148
2023-06-22,1074.0803442278286
2023-06-23,1081.680085693994
2023-06-26,1074.693218910695
2023-06-27,1070.6692534334948
2023-06-28,1075.5312439885108
2023-06-29,1076.7165656515372
2023-06-30,1074.594713574405
2023-07-03,1085.5508810723038
2023-07-04,1093.3810134991552
2023-07-05,1099.4473288811982
2023-07-06,1097.988388798061
2023-07-07,1089.7656345278713
2023-07-10,1069.2701946689851
2023-07-11,1070.5594231652226
2023-07-12,1056.5636689558605
2023-07-13,1054.933509207407
2023-07-14,1050.4294568665614
2023-07-17,1060.922398191303
2023-07-18,1061.7948026357813
2023-07-19,1074.635301232675
2023-07-20,1088.8605020795408
2023-07-21,1092.1916990085645
2023-07-24,1098.80390625397
2023-07-25,1104.9119671335243
2023-07-26,1130.3147391922867
2023-07-27,1147.2897181311478
2023-07-28,1142.7153220822354
2023-07-31,1158.0091429632812
2023-08-01,1175.6362012223653
2023-08-02,1167.0117292220684
2023-08-03,1138.6466440017432
2023-08-04,1129.2982341965942
2023-08-07,1138.295440448676
2023-08-08,1133.5655522481638
2023-08-09,1130.5869939487477
2023-08-10,1124.6261269276517
2023-08-11,1129.3923605133366
2023-08-14,1134.8080163087754
2023-08-15,1130.0110232792683
2023-08-16,1131.2605713424691
2023-08-17,1123.962687912423
2023-08-18,1125.616562286507
2023-08-21,1110.6104323345826
2023-08-22,1115.3266156972459
2023-08-23,1105.0384229128913
2023-08-24,1106.9437432793386
2023-08-25,1114.0352541921354
2023-08-28,1107.7682054867362
2023-08-29,1111.1293780392682
2023-08-30,1100.9157967051917
2023-08-31,1089.8573032657036
2023-09-01,1094.4960667124046
2023-09-04,1083.9381821044865
2023-09-05,1081.0206013382785
2023-09-06,1086.3971545848144
2023-09-07,1092.0246398046597
2023-09-08,1091.0054847511794
2023-09-11,1098.7585890840276
2023-09-12,1098.849439528841
2023-09-13,1096.0011657057964
2023-09-14,1102.8933928398753
2023-09-15,1102.7899949687048
2023-09-18,1090.8925135859379
2023-09-19,1092.073351408725
2023-09-20,1084.3927978854185
2023-09-21,1091.2998793215381
2023-09-22,1091.504664436817
2023-09-25,1096.1421450942933
2023-09-26,1110.603622085647
2023-09-27,1113.2847050361731
2023-09-28,1103.0043406846064
2023-09-29,1100.451933945832
2023-10-02,1111.0738985745195
2023-10-03,1116.4155275072237
2023-10-04,1109.8027788013533
2023-10-05,1090.6844347787924
2023-10-06,1089.8564729741493
2023-10-09,1066.0568807600541
2023-10-10,1061.0158361881058
2023-10-11,1084.3069400770191
2023-10-12,1101.4914449347614
2023-10-13,1106.9446324566934
2023-10-16,1091.2386355670278
2023-10-17,1082.039184476771
2023-10-18,1078.197892586631
2023-10-19,1060.8364915989612
2023-10-20,1058.832739430856
2023-10-23,1049.4274888706918
2023-10-24,1028.1950369251426
2023-10-25,1031.1621885448164
2023-10-26,1013.074605780034
2023-10-27,1009.6271451686262
2023-10-30,1028.124053801017
2023-10-31,1038.0302952847787
2023-11-01,1046.9085368238036
2023-11-02,1052.831806981598
2023-11-03,1041.5516413503613
2023-11-06,1077.1407092745744
2023-11-07,1084.5468232783219
2023-11-08,1074.9947520068638
2023-11-09,1067.740726004489
2023-11-10,1072.2436389579775
2023-11-13,1076.641222383348
2023-11-14,1056.3054057133854
2023-11-15,1071.5439605611514
2023-11-16,1070.983363849922
2023-11-17,1069.999682229853
2023-11-20,1063.5220350315765
2023-11-21,1066.276197983403
2023-11-22,1070.8581259041653
2023-11-23,1065.8899150497812
2023-11-24,1062.966999377798
2023-11-27,1047.8145265612861
2023-11-28,1047.0737320235203
2023-11-29,1048.969458809116
2023-11-30,1063.852941155029
2023-12-01,1071.265695255643
2023-12-04,1069.343412228183
2023-12-05,1068.9398730855453
2023-12-06,1061.0562269218583
2023-12-07,1059.9163206770977
2023-12-08,1061.491160360511
2023-12-11,1049.4201850897828
2023-12-12,1041.987263135144
2023-12-13,1040.1689518129326
2023-12-14,1044.456043017906
2023-12-15,1052.0152045220439
2023-12-18,1052.0633957819853
2023-12-19,1065.3684298046219
2023-12-20,1077.624153216485
2023-12-21,1089.5432311475934
2023-12-22,1087.3171496310601
2023-12-25,1101.040898462584
2023-12-26,1101.4339545132634
2023-12-27,1097.0366432424332
2023-12-28,1102.967399805141
2023-12-29,1108.8584129394824
2024-01-01,1134.0368552295747
2024-01-02,1136.6781894317846
2024-01-03,1111.4641648763484
2024-01-04,1108.9288374528899
2024-01-05,1106.6056272455373
2024-01-08,1118.71781518972
2024-01-09,1115.579325809619
2024-01-10,1112.2295216600241
2024-01-11,1116.934635104367
2024-01-12,1114.9993145018423
2024-01-15,1119.42869738735
2024-01-16,1124.845211721953
2024-01-17,1120.0625008995112
2024-01-18,1111.3981654173717
2024-01-19,1108.1813095678222
2024-01-22,1115.7368503020507
2024-01-23,1115.620808384747
2024-01-24,1110.6965079477723
2024-01-25,1118.0439345697232
2024-01-26,1114.7502723459045
2024-01-29,1093.8838249986413
2024-01-30,1086.9943650093019
2024-01-31,1083.2870446846061
2024-02-01,1081.8315036447605
2024-02-02,1084.535581648686
2024-02-05,1074.5069237520195
2024-02-06,1075.4627483616905
2024-02-07,1085.6131736724265
2024-02-08,1086.7986317436105
2024-02-09,1084.3301232860274
2024-02-12,1105.7195809114774
2024-02-13,1110.8780580792472
2024-02-14,1124.487899756195
2024-02-15,1118.50332999469
2024-02-16,1117.5168581351581
2024-02-19,1133.074570257576
2024-02-20,1127.2486069818765
2024-02-21,1133.5601343307942
2024-02-22,1134.6507643069713
2024-02-23,1133.497397545674
2024-02-26,1138.4945693320037
2024-02-27,1145.215517144631
2024-02-28,1144.4186000142604
2024-02-29,1148.1077835233755
2024-03-01,1146.6243716854979
2024-03-04,1135.8469106375255
2024-03-05,1127.5762739570782
2024-03-06,1119.7804021018253
2024-03-07,1123.9474791502219
2024-03-08,1120.819705599667
2024-03-11,1122.4078112813934
